Company name,Website URL,Country,City,LinkedIn,Industry,Type,Lead score,Lead rating,Lifecycle stage,Buying need,Notes,Pitch,Next step,Owner
"NT SERVICE"" UAB",http://ntservice.eu/,Lituanie,Kaunas,https://www.linkedin.com/company/nt-service-uab,Counter-UAV,Bureau d'ingénierie,75.0,A,New,Energy / batteries,"Fournisseur de RF, radars, optronique et embarqués pour stacks anti-drone.","Hi — I noticed NT SERVICE"" UAB builds UAV / drones, Robotics / UGV (+3) for Counter-UAV.",Contact sales team and qualify need,
2H ENERGY,http://www.2henergy.fr/,France,FECAMP,https://www.linkedin.com/company/8532886,Radar / sensors,OEM,74.5,B,New,Engines / propulsion,"Front-ends RF, processeurs, mécanique de précision pour fabricants radars.","Hi — I noticed 2H ENERGY builds Vehicles, Radars (+3) for Radar / sensors.",Review website and validate opportunity,
2oneLab,http://www.2onelab.com/,Allemagne,DARMSTADT,https://www.linkedin.com/company/2onelab-gmbh/,Soldier systems,OEM,70.5,B,New,Cloud / data services,"Vend des sous-systèmes / composants à un OEM construisant Software / Platforms, Logistics equipment.","Hi — 2oneLab ships Software / Platforms, Logistics equipment (+2) to defense customers.",Review website and validate opportunity,
3M Svenska AB,http://www.3m.com/,Suède,VARNAMO,,Other,À vérifier,,D,New,To enrich,Qualifier l'activité avant tout pitch ciblé.,To enrich,No immediate action,
4 Flutes Machining,https://www.4flutesmachining.com/,États-Unis,Vicksburg,,Other,À vérifier,,D,New,To enrich,Qualifier l'activité avant tout pitch ciblé.,To enrich,No immediate action,
4C Strategies,http://www.4cstrategies.com/,Royaume-Uni,LONDON,https://www.linkedin.com/company/4c-strategies,Other,À vérifier,17.6,D,New,Industrial subcontracting / machining,Qualifier l'activité avant tout pitch ciblé.,Hi — I noticed 4C Strategies at Eurosatory.,No immediate action,
4D CONCEPT,http://www.4dconcept.fr/,France,MONTIGNY LE BRETONNEUX,https://www.linkedin.com/company/4dconcept/,Radar / sensors,Distributeur,76.0,A,New,Mechanical parts,"Front-ends RF, processeurs, mécanique de précision pour fabricants radars.","Hi — I noticed 4D CONCEPT builds Logistics equipment, Sensors (+1) for Radar / sensors.",Contact sales team and qualify need,
4iG Space and Defence Technologies Plc.,https://4igsdt.hu/,Hongrie,BUDAPEST,,UAV / drones,OEM,51.4,C,New,Energy / batteries,Sub-system / payload pour OEM drones tactiques.,Hi — 4iG Space and Defence Technologies Plc.,Keep in watchlist,
4M Tactical,https://4msystems.cz/,République tchèque,Praha - Břevnov,,Soldier systems,OEM,59.8,C,New,Electronic components,"Vend des sous-systèmes / composants à un OEM construisant Optronics / Optics, Soldier equipment.","Hi — 4M Tactical ships Optronics / Optics, Soldier equipment (+1) to Police / law enforcement.",Keep in watchlist,
4Security Tecnologia da Informação,https://www.4secglobal.com/,Brésil,PINHAIS - PR,https://www.linkedin.com/company/4SecGlobal,Other,OEM,46.6,C,New,RF / microwave components,"Vend des sous-systèmes / composants à un OEM construisant Communications networks, Software / Platforms.","Hi — 4Security Tecnologia da Informação ships Communications networks, Software / Platforms to defense customers.",Keep in watchlist,
5.0 ROBOTICS,http://www.50robotics.com/,Estonie,TALLINN,https://linkedin.com/company/50robotics,UAV / drones,OEM,80.5,A,New,Engines / propulsion,"Fournisseur de batteries, moteurs, optronique, RF, composites pour fabricants UAV.","Hi — I noticed 5.0 ROBOTICS builds Vehicles, UAV / drones (+8) for UAV / drones.",Contact sales team and qualify need,
"7STARLACK CO., LTD.",http://7starlake.com/,Taïwan,NEW TAIPEI CITY,https://www.linkedin.com/company/7starlake/,Other,À vérifier,17.6,D,New,Industrial subcontracting / machining,Qualifier l'activité avant tout pitch ciblé.,"Hi — I noticed 7STARLACK CO., LTD.",No immediate action,
8Devices,http://8devices.com/,Lituanie,Vilnius,https://lt.linkedin.com/company/8devices,UAV / drones,Bureau d'ingénierie,78.0,A,New,Energy / batteries,"Fournisseur de batteries, moteurs, optronique, RF, composites pour fabricants UAV.","Hi — I noticed 8Devices builds UAV / drones, Software / Platforms (+4) for UAV / drones.",Contact sales team and qualify need,
A.C.S.A. STEEL FORGINGS,http://acsa.it/en/,Italie,OGGIONA CON SANTO STEFANO,https://www.linkedin.com/company/a-c-s-a-steel-forgings-s-p-a/mycompany/?viewAsMember=true,Other,Sous-traitant industriel,57.9,C,New,Cloud / data services,Activité à qualifier — discovery call avant pitch précis.,Hi — I noticed A.C.S.A.,Keep in watchlist,
A2V SAS,https://a2v.fr/,France,VENDOME,https://www.linkedin.com/company/a2v/,Intelligence / ISR,OEM,77.0,A,New,Electronic components,"Capteurs, payloads optroniques, communications pour plateformes ISR.","Hi — I noticed A2V SAS builds Robotics / UGV, Logistics equipment (+6) for Intelligence / ISR.",Contact sales team and qualify need,
AADS,http://www.aads-gib.com/,Gibraltar,GIBRALTAR,https://www.linkedin.com/company/africaautomotivedistributionservices,Export / distribution,Distributeur,37.6,D,New,Industrial subcontracting / machining,Canal de distribution / représentation pour notre portefeuille.,Hi — we're scouting an exclusive distributor for your region.,No immediate action,
AAE - Advanced Armour Engineering,http://www.armoureng.com/,Émirats arabes unis,SHARJAH,https://www.linkedin.com/company/advanced-armour-engineering/,Land defense,OEM,72.0,B,New,Engines / propulsion,"Sous-systèmes, composites, certification pour primes terrestres.","Hi — I noticed AAE - Advanced Armour Engineering builds Vehicles, Ballistic protection (+6) for Land defense.",Review website and validate opportunity,
Aage Christensen Defence,,Danemark,København C,,Other,À vérifier,,D,New,To enrich,Qualifier l'activité avant tout pitch ciblé.,To enrich,No immediate action,
Aalberts Surface Technologies,https://www.aalberts-st.com/,France,VILLERS-COTTERÊTS,https://www.linkedin.com/company/aalberts-surface-treatment-gmbh/?lipi=urn%3Ali%3Apage%3Ad_flagship3_search_srp_all%3BZyHZAJL6R%2Be0Vv03w7BGTg%3D%3D,Electronic warfare,OEM,80.5,A,New,Engines / propulsion,"Amplis RF, processeurs signal, embarqué, antennes pour EW.","Hi — I noticed Aalberts Surface Technologies builds Vehicles, Electronic components (+9) for Electronic warfare.",Contact sales team and qualify need,
Aalborg University,,Danemark,Aalborg East,,Other,À vérifier,,D,New,To enrich,Qualifier l'activité avant tout pitch ciblé.,To enrich,No immediate action,
Aaronia AG,http://www.aaronia.de/,Allemagne,STRICKSCHEID,,Other,À vérifier,18.6,D,New,Industrial subcontracting / machining,Qualifier l'activité avant tout pitch ciblé.,Hi — I noticed Aaronia AG at Eurosatory.,No immediate action,
AART ELECTRONICS,https://www.aart-electronics.com/,France,CROISSY-SUR-SEINE,,Armored vehicles,OEM,66.4,B,New,Engines / propulsion,"Moteurs, composites, plaques balistiques, optronique, comms pour OEM blindés.","Hi — I noticed AART ELECTRONICS builds Vehicles, Logistics equipment for Armored vehicles.",Review website and validate opportunity,
AB Giraites Ginkluotes Gamykla (GGG),http://www.ggg-ammo.lt/,Lituanie,Giraitė,https://www.linkedin.com/company/ab-giraites-ginkluotes-gamykla/,Ammunition,OEM,68.4,B,New,Energetic materials,"Matériaux énergétiques, mécanique, packaging, certification.",Hi — I noticed AB Giraites Ginkluotes Gamykla (GGG) builds Ammunition for Ammunition.,Review website and validate opportunity,
ABIMDE,https://abimde.org.br/pt-br/,Brésil,SAO PAULO,https://www.linkedin.com/company/abimde/?originalSubdomain=br,Other,À vérifier,17.6,D,New,Industrial subcontracting / machining,Qualifier l'activité avant tout pitch ciblé.,Hi — I noticed ABIMDE at Eurosatory.,No immediate action,
ABMI,http://abmi-groupe.com/,France,NANTERRE,https://www.linkedin.com/company/abmi-engineering/,Engineering services,OEM,66.4,B,New,Mechanical parts,"Outils CAD, simulation, certification pour bureau d'études.",Hi — I noticed ABMI builds Logistics equipment for Engineering services.,Review website and validate opportunity,
ABRIS Design Group,https://abris-dg.com/,Pologne,WARSZAWA,https://www.linkedin.com/company/abrisdesigngroup/posts/?feedView=all,Intelligence / ISR,OEM,75.0,A,New,Engines / propulsion,"Capteurs, payloads optroniques, communications pour plateformes ISR.","Hi — I noticed ABRIS Design Group builds Vehicles, UAV / drones (+10) for Intelligence / ISR.",Contact sales team and qualify need,
Accurate Nordic,http://www.accuratenordic.com/,Suède,Kista,,Other,À vérifier,19.6,D,New,Industrial subcontracting / machining,Qualifier l'activité avant tout pitch ciblé.,Hi — I noticed Accurate Nordic at Eurosatory.,No immediate action,
ACCURISION GMBH,,Autriche,LUSTENAU,,Other,À vérifier,,D,New,To enrich,Qualifier l'activité avant tout pitch ciblé.,To enrich,No immediate action,
ACCUWATT TECHNOLOGIES,https://www.accuwatt-technologies.com/,France,AITON,https://www.linkedin.com/company/accuwatt-technologies-france,UAV / drones,OEM,72.0,B,New,Energy / batteries,"Fournisseur de batteries, moteurs, optronique, RF, composites pour fabricants UAV.","Hi — I noticed ACCUWATT TECHNOLOGIES builds UAV / drones, Sensors (+3) for UAV / drones.",Review website and validate opportunity,
ACGB – OTS,https://www.acgb.com/,France,BAVENT,https://www.linkedin.com/company/635770/,Radar / sensors,OEM,70.5,B,New,Engines / propulsion,"Front-ends RF, processeurs, mécanique de précision pour fabricants radars.","Hi — I noticed ACGB – OTS builds Vehicles, Sensors for Radar / sensors.",Review website and validate opportunity,
ACOME GROUP,http://www.acome.com/fr,France,LANNION,https://www.linkedin.com/company/acome/,Intelligence / ISR,OEM,76.5,A,New,RF / microwave components,"Capteurs, payloads optroniques, communications pour plateformes ISR.","Hi — I noticed ACOME GROUP builds Communications networks, Engines / propulsion (+4) for Intelligence / ISR.",Contact sales team and qualify need,
ACS Armoured Car Systems,http://www.acs-armoured-cars.com/,Allemagne,FRIEDBERG / DERCHING,https://www.linkedin.com/company/acs-armoured-car-systems-gmbh,Ballistic protection,OEM,50.0,C,New,Engines / propulsion,"Vend des sous-systèmes / composants à un OEM construisant Vehicles, Ballistic protection.","Hi — ACS Armoured Car Systems ships Vehicles, Ballistic protection to defense customers.",Keep in watchlist,
Actemium Bonnétage Automation (AC Automation),http://acautomation.fr/,France,LE RUSSEY,,Other,À vérifier,,D,New,To enrich,Qualifier l'activité avant tout pitch ciblé.,To enrich,No immediate action,
Actemium Maintenance Auxerre,https://www.actemium.fr/implantations/actemium-maintenance-auxerre,France,SAINT Bris Le Vineux,https://www.linkedin.com/company/actemium-france,Intelligence / ISR,OEM,80.0,A,New,Energy / batteries,"Capteurs, payloads optroniques, communications pour plateformes ISR.","Hi — I noticed Actemium Maintenance Auxerre builds UAV / drones, Software / Platforms (+4) for Intelligence / ISR.",Contact sales team and qualify need,
ACTIA AEROSPACE,https://aerospace.actia.com/,France,TOULOUSE CEDEX 4,,Other,À vérifier,,D,New,To enrich,Qualifier l'activité avant tout pitch ciblé.,To enrich,No immediate action,
ACTinBlack Europe SARL,http://www.actinblack.com/,Luxembourg,FOETZ,,Soldier systems,OEM,65.3,B,New,Electronic components,"Textiles, composites, optronique, énergie pour kits soldat.","Hi — I noticed ACTinBlack Europe SARL builds Optronics / Optics, Soldier equipment (+1) for Soldier systems.",Review website and validate opportunity,
ADDEV Materials,http://addevmaterials.com/,France,PORTET-SUR-GARONNE,https://www.linkedin.com/company/addevmaterials-aerospace/,Space / satellite,OEM,77.0,A,New,Electronic components,"Composites, capteurs, comms, lancement pour primes spatiaux.","Hi — I noticed ADDEV Materials builds Sensors, Logistics equipment (+3) for Space / satellite.",Contact sales team and qualify need,
ADDITESS,https://additess.com/,Cyprus,NICOSIA,https://www.linkedin.com/company/4872752/admin/feed/posts/,Intelligence / ISR,Intégrateur,82.0,A,New,Energy / batteries,"Capteurs, payloads optroniques, communications pour plateformes ISR.","Hi — I noticed ADDITESS builds UAV / drones, Software / Platforms (+9) for Intelligence / ISR.",Contact sales team and qualify need,
ADDUP,https://addupsolutions.com/fr/,France,CEBAZAT,https://www.linkedin.com/company/addup/,Other,À vérifier,14.6,D,New,Industrial subcontracting / machining,Qualifier l'activité avant tout pitch ciblé.,Hi — I noticed ADDUP at Eurosatory.,No immediate action,
ADNEC - UAE National Pavilion,http://www.adnecgroup.ae/,Émirats arabes unis,ABU DHABI,https://www.linkedin.com/company/adnecgroup/,Intelligence / ISR,OEM,81.0,A,New,Engines / propulsion,"Vend des sous-systèmes / composants à un OEM construisant Vehicles, Communications networks.","Hi — ADNEC - UAE National Pavilion ships Vehicles, Communications networks (+7) to Defense ministries, Aerospace primes.",Contact sales team and qualify need,
ADR,http://adr-alcen.com/,France,THOMERY,https://fr.linkedin.com/company/adr-alcen,Soldier systems,OEM,76.0,A,New,RF / microwave components,"Textiles, composites, optronique, énergie pour kits soldat.","Hi — I noticed ADR builds Communications networks, Sensors (+6) for Soldier systems.",Contact sales team and qualify need,
ADS Group Limited,http://www.adsgroup.org.uk/,Royaume-Uni,HAMPSHIRE,https://www.linkedin.com/company/ads-group-ltd/,Cybersecurity,Intégrateur,84.5,A,New,Cloud / data services,"Threat intel, hardware appliances, cloud souverain, audits.","Hi — I noticed ADS Group Limited builds Cybersecurity solutions, Communications networks (+5) for Cybersecurity.",Contact sales team and qualify need,
ADV Defense,http://www.advdefense.lt/,Lituanie,Vilnius,,UAV / drones,OEM,69.5,B,New,Energy / batteries,"Fournisseur de batteries, moteurs, optronique, RF, composites pour fabricants UAV.","Hi — I noticed ADV Defense builds UAV / drones, Software / Platforms (+4) for UAV / drones.",Review website and validate opportunity,
ADVANCED DESIGN SOLUTION S.R.O.,http://www.ads-cz.com/,République tchèque,KOPRIVNICE,,Armored vehicles,OEM,70.6,B,New,Engines / propulsion,"Moteurs, composites, plaques balistiques, optronique, comms pour OEM blindés.",Hi — I noticed ADVANCED DESIGN SOLUTION S.R.O.,Review website and validate opportunity,
ADVANTAGE AUSTRIA,http://www.advantageaustria.org/,Autriche,VIENNA,https://at.linkedin.com/company/advantageaustria,Naval defense,Distributeur,82.0,A,New,RF / microwave components,"Radars, sonars, comms, armement, sustainment pour primes navals.","Hi — I noticed ADVANTAGE AUSTRIA builds Communications networks, Software / Platforms (+5) for Naval defense.",Contact sales team and qualify need,
ADVANTECH,http://www.advantech.com/en-eu,France,RUEIL MALMAISON,https://www.linkedin.com/company/advantech-europe/,Cybersecurity,OEM,85.0,A,New,Engines / propulsion,"Threat intel, hardware appliances, cloud souverain, audits.","Hi — I noticed ADVANTECH builds Vehicles, Sensors (+8) for Cybersecurity.",Contact sales team and qualify need,
Advent Atum Pty Ltd,http://adventatum.com/,Australie,SYDNEY,https://au.linkedin.com/company/adventatum,Intelligence / ISR,OEM,82.0,A,New,Energy / batteries,"Capteurs, payloads optroniques, communications pour plateformes ISR.","Hi — I noticed Advent Atum Pty Ltd builds UAV / drones, Software / Platforms (+10) for Intelligence / ISR.",Contact sales team and qualify need,
adwäisEO,https://adwaiseo.eu/en/,Luxembourg,BETZDORF,,Other,À vérifier,,D,New,To enrich,Qualifier l'activité avant tout pitch ciblé.,To enrich,No immediate action,
AEC Skyline,http://www.aec-skyline.com/,Pays-Bas,Bosschenhoofd,https://www.linkedin.com/company/aec-skyline/,Intelligence / ISR,OEM,81.5,A,New,Energy / batteries,"Capteurs, payloads optroniques, communications pour plateformes ISR.","Hi — I noticed AEC Skyline builds UAV / drones, Sensors (+16) for Intelligence / ISR.",Contact sales team and qualify need,
Aedus Space Ltd.,https://aedusspace.com/aedusspace.html,Hongrie,Budapest,,Other,À vérifier,16.6,D,New,Industrial subcontracting / machining,Qualifier l'activité avant tout pitch ciblé.,Hi — I noticed Aedus Space Ltd.,No immediate action,
Aeffe srl Keelcrab,https://www.keelcrab.com/,Italie,BULGAROGRASSO,https://www.linkedin.com/company/15155176/admin/dashboard/,UAV / drones,OEM,83.0,A,New,Energy / batteries,"Fournisseur de batteries, moteurs, optronique, RF, composites pour fabricants UAV.","Hi — I noticed Aeffe srl Keelcrab builds UAV / drones, Robotics / UGV (+7) for UAV / drones.",Contact sales team and qualify need,
AERIADES,http://aeriades.fr/,France,LUNÉVILLE,,Logistics / MRO,Distributeur,69.2,B,New,Mechanical parts,"Pièces de rechange, calibration, certification pour acteurs MRO.","Hi — I noticed AERIADES builds Logistics equipment, Communications networks for Logistics / MRO.",Review website and validate opportunity,
AERIX SYSTEMS,https://www.aerix-systems.com/,France,MÉRIGNAC,https://fr.linkedin.com/company/aerix-systems,Radar / sensors,Équipementier,56.1,C,New,Energy / batteries,"Front-ends RF, processeurs, mécanique de précision pour fabricants radars.","Hi — I noticed AERIX SYSTEMS builds UAV / drones, Radars (+3) for Radar / sensors.",Keep in watchlist,
AERO CONCEPT ENGINEERING,https://www.aero-ce.com/,France,MAGNY COURS,https://www.linkedin.com/company/aero-concept-engineering/,UAV / drones,OEM,71.5,B,New,Engines / propulsion,"Fournisseur de batteries, moteurs, optronique, RF, composites pour fabricants UAV.","Hi — I noticed AERO CONCEPT ENGINEERING builds Vehicles, UAV / drones (+5) for UAV / drones.",Review website and validate opportunity,
AEROCENTRE,https://aero-centre.fr/,France,DEOLS,https://www.linkedin.com/company/aerocentre/,UAV / drones,Sous-traitant industriel,63.5,B,New,Mechanical parts,"Fournisseur de batteries, moteurs, optronique, RF, composites pour fabricants UAV.","Hi — I noticed AEROCENTRE builds Logistics equipment, Engines / propulsion (+3) for UAV / drones.",Review website and validate opportunity,
AEROGLOW INTERNATIONAL,https://www.aeroglowinternational.com/,Royaume-Uni,SALISBURY,,Other,À vérifier,,D,New,To enrich,Qualifier l'activité avant tout pitch ciblé.,To enrich,No immediate action,
Aeron Systems Pvt Ltd,https://aeronsystems.com/,Inde,PUNE,https://www.linkedin.com/company/aeron-systems-pvt.-ltd./about/,Land defense,OEM,74.5,B,New,Engines / propulsion,"Sous-systèmes, composites, certification pour primes terrestres.","Hi — I noticed Aeron Systems Pvt Ltd builds Vehicles, UAV / drones (+4) for Land defense.",Review website and validate opportunity,
AERONAUTICS GROUP,http://www.aeronautics-sys.com/,Israël,YAVNE,https://www.linkedin.com/company/aeronautics/,UAV / drones,OEM,46.8,C,New,Energy / batteries,Sub-system / payload pour OEM drones tactiques.,Hi — AERONAUTICS GROUP ships UAV / drones to defense customers.,Keep in watchlist,
AEROSPACE & DEFENCE,https://www.acmh.fr/,France,HONFLEUR,,Space / satellite,OEM,69.0,B,New,Composite materials,"Composites, capteurs, comms, lancement pour primes spatiaux.","Hi — I noticed AEROSPACE & DEFENCE builds Satellites / Space, Engines / propulsion (+7) for Space / satellite.",Review website and validate opportunity,
AEROVIRONMENT (AV),http://www.avinc.com/,États-Unis,SIMI VALLEY,https://www.linkedin.com/company/aerovironment/,Intelligence / ISR,OEM,71.5,B,New,Energy / batteries,"Capteurs, payloads optroniques, communications pour plateformes ISR.","Hi — I noticed AEROVIRONMENT (AV) builds UAV / drones, Counter-UAV systems (+12) for Intelligence / ISR.",Review website and validate opportunity,
AERTEC,https://www.aertecsolutions.com/,Espagne,MALAGA,https://es.linkedin.com/company/aertec,UAV / drones,OEM,68.0,B,New,Energy / batteries,"Fournisseur de batteries, moteurs, optronique, RF, composites pour fabricants UAV.","Hi — I noticed AERTEC builds UAV / drones, Sensors (+2) for UAV / drones.",Review website and validate opportunity,
Africa Global Logistics,https://www.aglgroup.com/,France,PUTEAUX,https://www.linkedin.com/company/africagloballogistics/,Armored vehicles,OEM,74.5,B,New,RF / microwave components,"Moteurs, composites, plaques balistiques, optronique, comms pour OEM blindés.","Hi — I noticed Africa Global Logistics builds Communications networks, Naval systems (+3) for Armored vehicles.",Review website and validate opportunity,
AFRY,,Suède,SOLNA,,Other,À vérifier,,D,New,To enrich,Qualifier l'activité avant tout pitch ciblé.,To enrich,No immediate action,
AG Optics,https://www.agoptics.co.kr/en,Corée du Sud,CHEONAN,,Radar / sensors,Distributeur,66.0,B,New,Electronic components,"Front-ends RF, processeurs, mécanique de précision pour fabricants radars.","Hi — I noticed AG Optics builds Optronics / Optics, Sensors for Radar / sensors.",Review website and validate opportunity,
AGC Plasma Technology Solutions,http://www.agc-plasma.com/,Belgique,GOSSELIES,https://www.linkedin.com/showcase/agc-plasma-technology-solutions/?viewAsMember=true,Soldier systems,Bureau d'ingénierie,73.5,B,New,"Materials (Li-ion, electrolytes)","Textiles, composites, optronique, énergie pour kits soldat.","Hi — I noticed AGC Plasma Technology Solutions builds Energy / batteries, Communications networks (+4) for Soldier systems.",Review website and validate opportunity,
Agence Wallonne à l'Exportation et aux I.E.,https://www.awex.be/,Belgique,BRUXELLES,https://www.linkedin.com/company/wallonia-export-investment-agency/,Other,À vérifier,19.6,D,New,Industrial subcontracting / machining,Qualifier l'activité avant tout pitch ciblé.,Hi — I noticed Agence Wallonne à l'Exportation et aux I.E.,No immediate action,
AGENCIJA ALAN,https://www.aalan.hr/,Croatie,ZAGREB,https://hr.linkedin.com/company/agencija-alan-d.o.o.,Land defense,Distributeur,84.0,A,New,Engines / propulsion,"Sous-systèmes, composites, certification pour primes terrestres.","Hi — I noticed AGENCIJA ALAN builds Vehicles, UAV / drones (+8) for Land defense.",Contact sales team and qualify need,
AGM GLOBAL VISION,http://www.agmglobalvision.eu/,Bulgarie,SOFIA,,Soldier systems,OEM,83.5,A,New,Electronic components,"Textiles, composites, optronique, énergie pour kits soldat.","Hi — I noticed AGM GLOBAL VISION builds Sensors, Optronics / Optics (+5) for Soldier systems.",Contact sales team and qualify need,
AGM ORTHOPAEDICS LLC,http://www.trust-tq.com/,Lettonie,RIGA,https://www.linkedin.com/company/agm-orthopaedics-trust-tq/,Electronic warfare,OEM,70.5,B,New,Cloud / data services,"Vend des sous-systèmes / composants à un OEM construisant Software / Platforms, Soldier equipment.","Hi — AGM ORTHOPAEDICS LLC ships Software / Platforms, Soldier equipment (+5) to Border / customs.",Review website and validate opportunity,
AGON ELECTRONICS,http://www.agon-electronics.com/,France,LABEGE,https://www.linkedin.com/company/ag%C3%B4n-electronics/,Industrial subcontracting,Sous-traitant industriel,61.3,B,New,Mechanical parts,"Matières premières, outils coupants, services qualité pour sous-traitants.","Hi — I noticed AGON ELECTRONICS builds Logistics equipment, Embedded systems (+2) for Industrial subcontracting.",Review website and validate opportunity,
AGORAMECA,https://www.agorameca.com/,France,VINEUIL,,Industrial subcontracting,Distributeur,60.7,B,New,"Raw materials (steel, aluminium)","Matières premières, outils coupants, services qualité pour sous-traitants.",Hi — I noticed AGORAMECA builds Mechanical parts for Industrial subcontracting.,Review website and validate opportunity,
AGORIA VZW/ASBL,https://www.agoria.be/en/themes/businessgroups/safety-security-defence/belgian-security-defence-industry-defence-technologies-bsdidt/belgian-security-defence-industry-bsdi,Belgique,BRUXELLES,https://www.linkedin.com/company/agoria,Other,À vérifier,18.6,D,New,Industrial subcontracting / machining,Qualifier l'activité avant tout pitch ciblé.,Hi — I noticed AGORIA VZW/ASBL at Eurosatory.,No immediate action,
AGP S GLASS EUROPE GMBH,http://www.agpglass.com/,Allemagne,DÜSSELDORF,,Armored vehicles,OEM,70.0,B,New,Engines / propulsion,"Vend des sous-systèmes / composants à un OEM construisant Vehicles, Engines / propulsion.","Hi — AGP S GLASS EUROPE GMBH ships Vehicles, Engines / propulsion to Police / law enforcement.",Review website and validate opportunity,
AI Verse,http://www.ai-verse.com/,France,BIOT,https://www.linkedin.com/company/ai-verse/,Intelligence / ISR,OEM,75.5,A,New,Engines / propulsion,"Capteurs, payloads optroniques, communications pour plateformes ISR.","Hi — I noticed AI Verse builds Vehicles, UAV / drones (+6) for Intelligence / ISR.",Contact sales team and qualify need,
AIAD & M.O.D ITALIAN INDUSTRIES,http://www.aiad.it/,Italie,ROME,https://www.linkedin.com/company/aiad-federazione-aziende-italiane-aerospazio-difesa-sicurezza/about/,Dual-use technology,OEM,50.1,C,New,RF / microwave components,"Vend des sous-systèmes / composants à un OEM construisant Communications networks, Software / Platforms.","Hi — AIAD & M.O.D ITALIAN INDUSTRIES ships Communications networks, Software / Platforms to Aerospace primes.",Keep in watchlist,
AICOX SOLUCIONES,https://www.aicox.com/,Espagne,Madrid,,Other,À vérifier,,D,New,To enrich,Qualifier l'activité avant tout pitch ciblé.,To enrich,No immediate action,
AIM Infrarot-Module,https://www.aim-ir.com/,Allemagne,HEILBRONN,,Space / satellite,OEM,68.0,B,New,Composite materials,Vend des sous-systèmes / composants à un OEM construisant Satellites / Space.,Hi — AIM Infrarot-Module ships Satellites / Space to Aerospace primes.,Review website and validate opportunity,
Aimpoint AB,http://www.aimpoint.com/,Suède,MALMÖ,,Other,À vérifier,,D,New,To enrich,Qualifier l'activité avant tout pitch ciblé.,To enrich,No immediate action,
Air Target,http://www.airtarget.com/,Suède,Kista,https://www.linkedin.com/company/air-target-sweden/?viewAsMember=true,Radar / sensors,OEM,70.0,B,New,Engines / propulsion,"Front-ends RF, processeurs, mécanique de précision pour fabricants radars.","Hi — I noticed Air Target builds Vehicles, UAV / drones (+8) for Radar / sensors.",Review website and validate opportunity,
AIRBORNE SYSTEMS FRANCE,https://airborne-sys.com/,France,CUGNAUX,,Land defense,Distributeur,74.5,B,New,Engines / propulsion,"Sous-systèmes, composites, certification pour primes terrestres.","Hi — I noticed AIRBORNE SYSTEMS FRANCE builds Vehicles, UAV / drones (+9) for Land defense.",Review website and validate opportunity,
AIRBORNE TECHNOLOGIES GMBH,https://www.airbornetechnologies.at/,Autriche,WIENER NEUSTADT,https://www.linkedin.com/company/airborne-technologies-gmbh-austria/,Electronic warfare,OEM,84.5,A,New,Engines / propulsion,"Amplis RF, processeurs signal, embarqué, antennes pour EW.","Hi — I noticed AIRBORNE TECHNOLOGIES GMBH builds Vehicles, UAV / drones (+6) for Electronic warfare.",Contact sales team and qualify need,
AIRBUS,https://www.airbus.com/,France,BLAGNAC,https://www.linkedin.com/company/airbusgroup,Intelligence / ISR,Bureau d'ingénierie,77.0,A,New,Mechanical parts,"Capteurs, payloads optroniques, communications pour plateformes ISR.","Hi — I noticed AIRBUS builds Engines / propulsion, Communications networks (+10) for Intelligence / ISR.",Contact sales team and qualify need,
Airolit AB,,Suède,Mölndal,,Other,À vérifier,,D,New,To enrich,Qualifier l'activité avant tout pitch ciblé.,To enrich,No immediate action,
AIRSENSE Analytics,https://www.airsense.com/,Allemagne,SCHWERIN,https://www.linkedin.com/company/airsense-analytics-gmbh/,Intelligence / ISR,OEM,75.0,A,New,Electronic components,"Capteurs, payloads optroniques, communications pour plateformes ISR.","Hi — I noticed AIRSENSE Analytics builds Sensors, Soldier equipment (+9) for Intelligence / ISR.",Contact sales team and qualify need,
AIRTECH EUROPE Sarl,http://airtech.lu/,Luxembourg,Differdange,https://www.linkedin.com/company/airtech-advanced-materials-group/,Other,OEM,52.6,C,New,Industrial subcontracting / machining,Activité à qualifier — discovery call avant pitch précis.,Hi — I noticed AIRTECH EUROPE Sarl builds — for Other.,Keep in watchlist,
Airvolute,https://www.airvolute.com/,Slovaquie,Trnava,,Intelligence / ISR,Distributeur,74.0,B,New,Energy / batteries,"Capteurs, payloads optroniques, communications pour plateformes ISR.","Hi — I noticed Airvolute builds UAV / drones, Sensors (+7) for Intelligence / ISR.",Review website and validate opportunity,
Airwayz,https://www.airwayz.co/,Israël,TEL AVIV,https://www.linkedin.com/company/airwayz,UAV / drones,OEM,68.0,B,New,Cloud / data services,"Fournisseur de batteries, moteurs, optronique, RF, composites pour fabricants UAV.","Hi — I noticed Airwayz builds Software / Platforms, Logistics equipment (+2) for UAV / drones.",Review website and validate opportunity,
AKAER,https://www.akaer.com.br/,Brésil,SAO JOSE DOS CAMPOS,https://www.linkedin.com/company/akaer-engenharia-ltda/,Electronic warfare,Distributeur,74.5,B,New,Cloud / data services,"Amplis RF, processeurs signal, embarqué, antennes pour EW.","Hi — I noticed AKAER builds Software / Platforms, Robotics / UGV (+4) for Electronic warfare.",Review website and validate opportunity,
AKG Group,http://www.akg-group.com/,France,SARREGUEMINES,https://www.linkedin.com/company/akg-thermotechnik-international-gmbh,Radar / sensors,OEM,82.0,A,New,Engines / propulsion,"Front-ends RF, processeurs, mécanique de précision pour fabricants radars.","Hi — I noticed AKG Group builds Vehicles, Software / Platforms (+5) for Radar / sensors.",Contact sales team and qualify need,
AKIRA TECHNOLOGIES,https://www.akira.pro/,France,BAYONNE,https://fr.linkedin.com/company/akira-tech,Radar / sensors,OEM,68.1,B,New,Mechanical parts,"Front-ends RF, processeurs, mécanique de précision pour fabricants radars.","Hi — I noticed AKIRA TECHNOLOGIES builds Engines / propulsion, Sensors for Radar / sensors.",Review website and validate opportunity,
AKMON S.A.,https://www.akmonsa.gr/,Grèce,Ano Liosia - Industrial Park Athens,https://www.linkedin.com/company/akmon-s-a/,Logistics / MRO,Distributeur,76.5,A,New,Mechanical parts,"Pièces de rechange, calibration, certification pour acteurs MRO.",Hi — I noticed AKMON S.A.,Contact sales team and qualify need,
Aksum Armored,http://www.aksumarmored.com/,Émirats arabes unis,DUBAI,https://www.linkedin.com/company/aksumarmoredvehicles/,C4ISR,OEM,66.0,B,New,Engines / propulsion,"Vend des sous-systèmes / composants à un OEM construisant Vehicles, Software / Platforms.","Hi — Aksum Armored ships Vehicles, Software / Platforms (+3) to Critical infrastructure.",Review website and validate opportunity,
AKTYVUS PHOTONICS,https://www.aktyvusphotonics.com/,Lituanie,VILNIUS,https://www.linkedin.com/company/86300195,Intelligence / ISR,OEM,85.0,A,New,Mechanical parts,"Capteurs, payloads optroniques, communications pour plateformes ISR.","Hi — I noticed AKTYVUS PHOTONICS builds Logistics equipment, Communications networks (+5) for Intelligence / ISR.",Contact sales team and qualify need,
AL JUNDI JOURNAL - UAE MINISTRY OF DEFENCE,http://www.aljundi.ae/en/,Émirats arabes unis,ABU DHABI,,Other,À vérifier,19.6,D,New,Industrial subcontracting / machining,Qualifier l'activité avant tout pitch ciblé.,Hi — I noticed AL JUNDI JOURNAL - UAE MINISTRY OF DEFENCE at Eurosatory.,No immediate action,
ALA,http://www.alacorporation.com/,France,Toulouse,https://www.linkedin.com/company/a-l-a--spa/,Space / satellite,OEM,78.0,A,New,RF / microwave components,"Composites, capteurs, comms, lancement pour primes spatiaux.","Hi — I noticed ALA builds Communications networks, Satellites / Space (+1) for Space / satellite.",Contact sales team and qualify need,
ALCEN,http://alcen.com/,France,PARIS,https://www.linkedin.com/company/alcen,Intelligence / ISR,OEM,82.0,A,New,Energy / batteries,"Capteurs, payloads optroniques, communications pour plateformes ISR.","Hi — I noticed ALCEN builds UAV / drones, Sensors (+15) for Intelligence / ISR.",Contact sales team and qualify need,
ALFAPROJ s.r.o.,http://www.alfaproj.cz/,République tchèque,Brno,,Other,À vérifier,19.6,D,New,Industrial subcontracting / machining,Qualifier l'activité avant tout pitch ciblé.,Hi — I noticed ALFAPROJ s.r.o.,No immediate action,
"Aliter Technologies, a.s.",http://www.aliter.com/,Slovaquie,BRATISLAVA,https://www.linkedin.com/company/268928/,Intelligence / ISR,OEM,81.0,A,New,Engines / propulsion,"Capteurs, payloads optroniques, communications pour plateformes ISR.","Hi — I noticed Aliter Technologies, a.s.",Contact sales team and qualify need,
Allen-Vanguard,http://allenvanguard.com/,Canada,OTTAWA,https://www.linkedin.com/company/allen-vanguard/,Other,À vérifier,20.6,D,New,Industrial subcontracting / machining,Qualifier l'activité avant tout pitch ciblé.,Hi — I noticed Allen-Vanguard at Eurosatory.,No immediate action,
ALLEVIO GROUPE,https://www.allevio-groupe.com/,France,OYONNAX,https://www.linkedin.com/company/aeroplast-group/,Industrial subcontracting,Sous-traitant industriel,56.7,C,New,"Raw materials (steel, aluminium)","Matières premières, outils coupants, services qualité pour sous-traitants.",Hi — I noticed ALLEVIO GROUPE builds Mechanical parts for Industrial subcontracting.,Keep in watchlist,
ALLIANCE DEFENSE & SECURITY,http://www.alliance-groupe.com/,France,TOUOUGES,,Weapons,OEM,70.2,B,New,Mechanical parts,"Usinage de précision, matériaux, optronique, composants munitions ITAR-friendly.","Hi — I noticed ALLIANCE DEFENSE & SECURITY builds Weapons, Ammunition for Weapons.",Review website and validate opportunity,
Allianz Vie,http://www.allianz.fr/,France,PARIS LA DÉFENSE CEDEX,,Other,À vérifier,,D,New,To enrich,Qualifier l'activité avant tout pitch ciblé.,To enrich,No immediate action,
"ALLISON TRANSMISSION, INC.",http://www.allisontransmission.com/,États-Unis,INDIANAPOLIS,https://www.linkedin.com/company/allison-transmission,Land defense,Distributeur,81.0,A,New,Engines / propulsion,"Sous-systèmes, composites, certification pour primes terrestres.","Hi — I noticed ALLISON TRANSMISSION, INC.",Contact sales team and qualify need,
ALLWAN SECURITY,https://www.allwan.eu/,France,BEAUCOUZE,,Electronic warfare,OEM,78.0,A,New,Energy / batteries,"Amplis RF, processeurs signal, embarqué, antennes pour EW.","Hi — I noticed ALLWAN SECURITY builds UAV / drones, Sensors (+6) for Electronic warfare.",Contact sales team and qualify need,
AlmaDK,http://www.almadk.kz/,Kazakhstan,ALMATY,,Homeland security,À vérifier,22.6,D,New,Industrial subcontracting / machining,Qualifier l'activité avant tout pitch ciblé.,Hi — I noticed AlmaDK at Eurosatory.,No immediate action,
ALPES USINAGE - SAS DECOPREM,,France,MARNAZ,,Other,À vérifier,,D,New,To enrich,Qualifier l'activité avant tout pitch ciblé.,To enrich,No immediate action,
ALPHA AFFINITY GMBH,http://www.alpha-affinity.com/,Allemagne,MÜNCHEN,https://www.linkedin.com/company/alpha-affinity/,Intelligence / ISR,OEM,85.0,A,New,Energy / batteries,"Capteurs, payloads optroniques, communications pour plateformes ISR.","Hi — I noticed ALPHA AFFINITY GMBH builds UAV / drones, Counter-UAV systems (+9) for Intelligence / ISR.",Contact sales team and qualify need,
ALPHA INNOVATIONS·RIPENERGY,http://www.alphainnovations.eu/,Belgique,LOUVAIN LA NEUVE,https://www.linkedin.com/company/alpha-innovations-sa,Logistics / MRO,OEM,77.5,A,New,Cloud / data services,"Pièces de rechange, calibration, certification pour acteurs MRO.","Hi — I noticed ALPHA INNOVATIONS·RIPENERGY builds Software / Platforms, Energy / batteries (+5) for Logistics / MRO.",Contact sales team and qualify need,
ALPHA NUM,https://www.alpha-num.fr/,France,Lizy sur Ourcq,,Soldier systems,OEM,78.5,A,New,Engines / propulsion,"Textiles, composites, optronique, énergie pour kits soldat.","Hi — I noticed ALPHA NUM builds Vehicles, Software / Platforms (+8) for Soldier systems.",Contact sales team and qualify need,
Alpine Eagle,http://www.alpineeagle.com/,Allemagne,MUNICH,https://www.linkedin.com/company/alpineeagle,Intelligence / ISR,Distributeur,78.5,A,New,Energy / batteries,"Capteurs, payloads optroniques, communications pour plateformes ISR.","Hi — I noticed Alpine Eagle builds UAV / drones, Counter-UAV systems (+10) for Intelligence / ISR.",Contact sales team and qualify need,
ALSETEX,https://www.alsetex.fr/,France,PRECIGNE,https://fr.linkedin.com/company/sae-alsetex,Radar / sensors,Distributeur,68.1,B,New,Electronic components,"Front-ends RF, processeurs, mécanique de précision pour fabricants radars.","Hi — I noticed ALSETEX builds Sensors, Ammunition (+2) for Radar / sensors.",Review website and validate opportunity,
ALSONS GROUP,http://www.alsonsgroup.com./,Pakistan,KARACHI,https://www.linkedin.com/company/alsonsgroup/mycompany/,Other,À vérifier,19.6,D,New,Industrial subcontracting / machining,Qualifier l'activité avant tout pitch ciblé.,Hi — I noticed ALSONS GROUP at Eurosatory.,No immediate action,
ALSYMEX,https://alsymex-alcen.com/,France,Merignac,https://www.linkedin.com/company/alsymex-alcen/,Space / satellite,OEM,69.5,B,New,Engines / propulsion,"Composites, capteurs, comms, lancement pour primes spatiaux.","Hi — I noticed ALSYMEX builds Vehicles, Mechanical parts (+5) for Space / satellite.",Review website and validate opportunity,
Alta Ares,https://altaares.com/,France,PARIS,https://www.linkedin.com/company/alta-ares/,Intelligence / ISR,Distributeur,77.5,A,New,Engines / propulsion,"Capteurs, payloads optroniques, communications pour plateformes ISR.","Hi — I noticed Alta Ares builds Vehicles, UAV / drones (+12) for Intelligence / ISR.",Contact sales team and qualify need,
ALTER TECHNOLOGY FRANCE,http://www.altertechnology.fr/,France,RAMONVILLE ST AGNE,https://www.linkedin.com/company/alter-technology-france/posts/?feedView=all,Logistics / MRO,OEM,68.5,B,New,Industrial subcontracting / machining,"Pièces de rechange, calibration, certification pour acteurs MRO.","Hi — I noticed ALTER TECHNOLOGY FRANCE builds Electronic components, Logistics equipment (+4) for Logistics / MRO.",Review website and validate opportunity,
ALTINAY DEFENSE TECHNOLOGIES,http://www.altinaysavunma.com/,Turquie,ISTANBUL,https://www.linkedin.com/company/altinaysavunma/,Space / satellite,OEM,71.5,B,New,Industrial subcontracting / machining,"Composites, capteurs, comms, lancement pour primes spatiaux.","Hi — I noticed ALTINAY DEFENSE TECHNOLOGIES builds Electronic components, Satellites / Space (+6) for Space / satellite.",Review website and validate opportunity,
ALTRONICS,https://altronics.fr/,France,TASSIN,https://www.linkedin.com/company/altronicsfr/,Radar / sensors,OEM,74.5,B,New,Electronic components,"Front-ends RF, processeurs, mécanique de précision pour fabricants radars.","Hi — I noticed ALTRONICS builds Sensors, Software / Platforms (+3) for Radar / sensors.",Review website and validate opportunity,
ALTUS LSA S.A.,https://new.altus-lsa.gr/,Grèce,"CHANIA, CRETE",https://www.linkedin.com/company/altus-lsa,Intelligence / ISR,OEM,79.0,A,New,Energy / batteries,"Capteurs, payloads optroniques, communications pour plateformes ISR.",Hi — I noticed ALTUS LSA S.A.,Contact sales team and qualify need,
Alurib Oy,https://savodefence.com/network/alurib-oy/,Finlande,Pieksämäki,,UAV / drones,Distributeur,81.0,A,New,Engines / propulsion,"Fournisseur de batteries, moteurs, optronique, RF, composites pour fabricants UAV.","Hi — I noticed Alurib Oy builds Vehicles, Logistics equipment (+5) for UAV / drones.",Contact sales team and qualify need,
Alu-Stock,https://www.alu-stock.es/fr/,Espagne,VITORIA-GASTEIZ,,Other,À vérifier,,D,New,To enrich,Qualifier l'activité avant tout pitch ciblé.,To enrich,No immediate action,
Alva Industries,http://www.alvaindustries.com/,Norvège,TRONDHEIM,https://www.linkedin.com/company/alva-industries/?originalSubdomain=no,Space / satellite,OEM,76.0,A,New,Electronic components,"Composites, capteurs, comms, lancement pour primes spatiaux.","Hi — I noticed Alva Industries builds Tactical radios, Electronic components (+10) for Space / satellite.",Contact sales team and qualify need,
ALX SYSTEMS,https://www.alxsys.com/,Belgique,OUPEYE,,Other,À vérifier,,D,New,To enrich,Qualifier l'activité avant tout pitch ciblé.,To enrich,No immediate action,
ALYSOPHIL,,France,ILLKIRCH GRAFFENSTADEN,,Other,À vérifier,,D,New,To enrich,Qualifier l'activité avant tout pitch ciblé.,To enrich,No immediate action,
AM 4 M,http://www.am-4-am.com/,Luxembourg,FOETZ,https://www.linkedin.com/company/am-4-am/,Electronic warfare,Sous-traitant industriel,65.5,B,New,Engines / propulsion,"Amplis RF, processeurs signal, embarqué, antennes pour EW.","Hi — I noticed AM 4 M builds Vehicles, Software / Platforms (+4) for Electronic warfare.",Review website and validate opportunity,
AM GENERAL LLC,http://www.amgeneral.com/,États-Unis,SOUTH BEND,https://www.linkedin.com/company/am-general,Electronic warfare,OEM,74.5,B,New,Engines / propulsion,"Amplis RF, processeurs signal, embarqué, antennes pour EW.","Hi — I noticed AM GENERAL LLC builds Vehicles, Logistics equipment (+7) for Electronic warfare.",Review website and validate opportunity,
AMA Spa,https://www.ama.it/,Italie,SAN MARTINO IN RIO (RE),https://www.linkedin.com/company/2393585/admin/dashboard/,Cybersecurity,OEM,79.0,A,New,Engines / propulsion,"Outils SOC/SIEM, brique de sécurité défensive pour vendeur cyber.","Hi — AMA Spa ships Vehicles, Robotics / UGV (+4) to defense customers.",Contact sales team and qualify need,
AmaDema - Advanced Materials Design & Manufacturing Ltd,https://www.amdmcomposites.com/,Cyprus,NICOSIA,https://www.linkedin.com/company/amdm---advanced-materials-design-,Logistics / MRO,Bureau d'ingénierie,56.8,C,New,"Raw materials (carbon fiber, resins)","Pièces de rechange, calibration, certification pour acteurs MRO.",Hi — I noticed AmaDema - Advanced Materials Design & Manufacturing Ltd builds Composite materials for Logistics / MRO.,Keep in watchlist,
AMAZON LEO,https://www.amazon.com/,États-Unis,ARLINGTON,https://www.linkedin.com/company/amazon/,Space / satellite,Distributeur,74.0,B,New,Engines / propulsion,"Composites, capteurs, comms, lancement pour primes spatiaux.","Hi — I noticed AMAZON LEO builds Vehicles, Optronics / Optics (+11) for Space / satellite.",Review website and validate opportunity,
AMD DECOLLETAGE,http://www.amd-decolletage.com/,France,MARNAZ,https://www.linkedin.com/company/amd-decolletage-savoy-international/,UAV / drones,OEM,74.0,B,New,Electronic components,"Fournisseur de batteries, moteurs, optronique, RF, composites pour fabricants UAV.","Hi — I noticed AMD DECOLLETAGE builds Embedded systems, Mechanical parts (+5) for UAV / drones.",Review website and validate opportunity,
AMEFO,https://amefo.fr/,France,CHAMBILLY,https://www.linkedin.com/in/amefo,Radar / sensors,OEM,79.0,A,New,Mechanical parts,"Front-ends RF, processeurs, mécanique de précision pour fabricants radars.","Hi — I noticed AMEFO builds Logistics equipment, Vehicles (+5) for Radar / sensors.",Contact sales team and qualify need,
AMETEK,https://www.ametek-airtechnology.com/,Royaume-Uni,SUNBURY ON THAMES,,Other,À vérifier,,D,New,To enrich,Qualifier l'activité avant tout pitch ciblé.,To enrich,No immediate action,
AMETRA INTEGRATION,,France,PARIS,,Other,À vérifier,,D,New,To enrich,Qualifier l'activité avant tout pitch ciblé.,To enrich,No immediate action,
AMEXCI,,Suède,Örebro,,Other,À vérifier,,D,New,To enrich,Qualifier l'activité avant tout pitch ciblé.,To enrich,No immediate action,
AMGPRO,https://www.amgpro.fr/,France,OSNY,,Other,À vérifier,,D,New,To enrich,Qualifier l'activité avant tout pitch ciblé.,To enrich,No immediate action,
Amicell - Amit Industries Ltd,http://www.amicell.co.il/,Israël,ASHDOD,https://www.linkedin.com/company/amit-industries/,UAV / drones,OEM,82.0,A,New,Energy / batteries,"Fournisseur de batteries, moteurs, optronique, RF, composites pour fabricants UAV.","Hi — I noticed Amicell - Amit Industries Ltd builds UAV / drones, Software / Platforms (+6) for UAV / drones.",Contact sales team and qualify need,
AMMUNITY SIA,http://ammunity.com/,Lettonie,Mārupes novads,https://www.linkedin.com/company/ammunityeu/,Ammunition,OEM,65.1,B,New,Energetic materials,"Matériaux énergétiques, mécanique, packaging, certification.","Hi — I noticed AMMUNITY SIA builds Ammunition, Composite materials for Ammunition.",Review website and validate opportunity,
AMPHENOL,http://amphenol.com/products/,France,THYEZ,https://www.linkedin.com/company/amphenol,Other,À vérifier,,D,New,To enrich,Qualifier l'activité avant tout pitch ciblé.,To enrich,No immediate action,
AMPHINICY TECHNOLOGIES,https://amphinicy.com/,Luxembourg,Contern,,Communications,Éditeur logiciel,64.1,B,New,Cloud / data services,"RF, crypto, certification interopérabilité pour radios tactiques.","Hi — I noticed AMPHINICY TECHNOLOGIES builds Software / Platforms, Satellites / Space (+3) for Communications.",Review website and validate opportunity,
Amprius Technologies,https://amprius.com/,États-Unis,Fremond,,Other,À vérifier,,D,New,To enrich,Qualifier l'activité avant tout pitch ciblé.,To enrich,No immediate action,
AMZ-KUTNO S.A.,https://www.amz.pl/,Pologne,KUTNO,,Other,À vérifier,19.6,D,New,Industrial subcontracting / machining,Qualifier l'activité avant tout pitch ciblé.,Hi — I noticed AMZ-KUTNO S.A.,No immediate action,
ANDAR ELECTROMECHANICAL SYSTEMS,https://www.andar.com.tr/,Turquie,ANKARA,https://www.linkedin.com/company/15195916,Radar / sensors,OEM,83.0,A,New,Engines / propulsion,"Front-ends RF, processeurs, mécanique de précision pour fabricants radars.","Hi — I noticed ANDAR ELECTROMECHANICAL SYSTEMS builds Vehicles, Sensors (+2) for Radar / sensors.",Contact sales team and qualify need,
ANDRITZ Schuler Pressen GmbH,http://www.schulergroup.com/,Allemagne,GÖPPINGEN,https://www.linkedin.com/company/andritz-schuler,Cybersecurity,OEM,71.0,B,New,Mechanical parts,"Outils SOC/SIEM, brique de sécurité défensive pour vendeur cyber.","Hi — ANDRITZ Schuler Pressen GmbH ships Engines / propulsion, Communications networks (+4) to Aerospace primes.",Review website and validate opportunity,
ANELLO Photonics,https://anellophotonics.com/,États-Unis,SANTA CLARA,https://www.linkedin.com/company/anellophotonics,Intelligence / ISR,Distributeur,66.0,B,New,Engines / propulsion,"Capteurs, payloads optroniques, communications pour plateformes ISR.","Hi — I noticed ANELLO Photonics builds Vehicles, UAV / drones (+10) for Intelligence / ISR.",Review website and validate opportunity,
ANG SARL,http://www.ang.lu/,Luxembourg,Ellange-Gare,https://www.linkedin.com/company/108560243,Electronic warfare,OEM,70.5,B,New,Cloud / data services,"Amplis RF, processeurs signal, embarqué, antennes pour EW.","Hi — I noticed ANG SARL builds Software / Platforms, Robotics / UGV (+3) for Electronic warfare.",Review website and validate opportunity,
"ANHUI YAOFENG RADAR TECHNOLOGY CO., LTD",http://www.yaofengradar.com/,Chine,HEFEI,,Counter-UAV,OEM,70.0,B,New,Energy / batteries,Vend une brique du chain detection-effector aux primes anti-drone.,"Hi — ANHUI YAOFENG RADAR TECHNOLOGY CO., LTD ships UAV / drones, Counter-UAV systems (+4) to Border / customs.",Review website and validate opportunity,
ANMOPYC,http://www.anmopyc.es/,Espagne,ZARAGOZA,https://www.linkedin.com/company/anmopyces/posts/?feedView=all,C4ISR,Distributeur,64.8,B,New,Mechanical parts,"Composants, sous-systèmes, software, services pour primes C4ISR.","Hi — I noticed ANMOPYC builds Logistics equipment, Engines / propulsion (+1) for C4ISR.",Review website and validate opportunity,
ANOVA R&D TECHNOLOGIES,http://www.anova.com.tr/,Turquie,ANKARA,https://www.linkedin.com/company/anova-arge,Radar / sensors,OEM,57.2,C,New,Electronic components,"Vend des sous-systèmes / composants à un OEM construisant Radars, Logistics equipment.","Hi — ANOVA R&D TECHNOLOGIES ships Radars, Logistics equipment to defense customers.",Keep in watchlist,
A-NSE,https://www.a-nse.com/,France,POURRIÈRES,http://fr.linkedin.com/company/a-nse,Intelligence / ISR,OEM,76.5,A,New,Energy / batteries,"Capteurs, payloads optroniques, communications pour plateformes ISR.","Hi — I noticed A-NSE builds UAV / drones, Counter-UAV systems (+4) for Intelligence / ISR.",Contact sales team and qualify need,
Ansys,https://www.ansys.com/,France,MONTIGNY LE BRETONNEUX,https://www.linkedin.com/company/ansys-inc,Naval defense,Bureau d'ingénierie,72.5,B,New,Engines / propulsion,"Radars, sonars, comms, armement, sustainment pour primes navals.","Hi — I noticed Ansys builds Vehicles, Sensors (+14) for Naval defense.",Review website and validate opportunity,
ANTARES FRANCE,http://www.antares-france.com/,France,MER,,Industrial subcontracting,Sous-traitant industriel,52.7,C,New,"Raw materials (steel, aluminium)","Matières premières, outils coupants, services qualité pour sous-traitants.",Hi — I noticed ANTARES FRANCE builds Mechanical parts for Industrial subcontracting.,Keep in watchlist,
ANY-SHAPE,https://www.any-shape.com/,Belgique,VILLERS LE BOUILLET,https://www.linkedin.com/company/any-shape/,Soldier systems,OEM,79.5,A,New,Mechanical parts,"Textiles, composites, optronique, énergie pour kits soldat.","Hi — I noticed ANY-SHAPE builds Engines / propulsion, Software / Platforms (+4) for Soldier systems.",Contact sales team and qualify need,
AP LUX,http://www.ap-lux.com/,Luxembourg,Luxembourg,,UAV / drones,OEM,80.5,A,New,Energy / batteries,"Fournisseur de batteries, moteurs, optronique, RF, composites pour fabricants UAV.","Hi — I noticed AP LUX builds UAV / drones, Engines / propulsion (+3) for UAV / drones.",Contact sales team and qualify need,
APAVE,,France,COURBEVOIE,,Other,À vérifier,,D,New,To enrich,Qualifier l'activité avant tout pitch ciblé.,To enrich,No immediate action,
APEM,https://www.apem.com/,France,BOULOGNE-BILLANCOURT,https://www.linkedin.com/company/apem-group,C4ISR,Distributeur,75.0,A,New,Cloud / data services,"Composants, sous-systèmes, software, services pour primes C4ISR.","Hi — I noticed APEM builds Software / Platforms, Electronic components (+9) for C4ISR.",Contact sales team and qualify need,
AP-FLYER MADDOS,http://www.maddos.com/,Pologne,WARSAW,https://www.linkedin.com/company/ap-flyer/,Electronic warfare,Distributeur,79.0,A,New,Energy / batteries,"Amplis RF, processeurs signal, embarqué, antennes pour EW.","Hi — I noticed AP-FLYER MADDOS builds UAV / drones, Counter-UAV systems (+6) for Electronic warfare.",Contact sales team and qualify need,
APPI -TECHNOLOGY SAS,https://www.appi-technology.com/,France,NÎMES,https://www.linkedin.com/company/appi-technology/,Communications,OEM,79.0,A,New,Mechanical parts,"RF, crypto, certification interopérabilité pour radios tactiques.","Hi — I noticed APPI -TECHNOLOGY SAS builds Logistics equipment, Communications networks (+4) for Communications.",Contact sales team and qualify need,
Appian,http://appian.com/,France,BOULOGNE-BILLANCOURT,https://www.linkedin.com/company/appian/,Cybersecurity,Distributeur,75.4,A,New,Cloud / data services,"Threat intel, hardware appliances, cloud souverain, audits.","Hi — I noticed Appian builds Software / Platforms, Logistics equipment (+1) for Cybersecurity.",Contact sales team and qualify need,
APPLICATIONS COMPOSITES,https://www.applicationscomposites.fr/,France,AUBIGNY,,Industrial subcontracting,Sous-traitant industriel,54.4,C,New,"Raw materials (steel, aluminium)","Matières premières, outils coupants, services qualité pour sous-traitants.","Hi — I noticed APPLICATIONS COMPOSITES builds Mechanical parts, Composite materials for Industrial subcontracting.",Keep in watchlist,
"APPLIED RESEARCH ASSOCIATES, INC.",http://ara.com/,États-Unis,"ALBUQUERQUE, NM",https://www.linkedin.com/company/ara,Space / satellite,Sous-traitant industriel,68.5,B,New,Engines / propulsion,"Composites, capteurs, comms, lancement pour primes spatiaux.","Hi — I noticed APPLIED RESEARCH ASSOCIATES, INC.",Review website and validate opportunity,
AQ TECH,https://www.aq-tech.fr/fr/contact/,France,Sillingy,https://www.linkedin.com/company/aq-tech/,Radar / sensors,OEM,70.9,B,New,Electronic components,"Front-ends RF, processeurs, mécanique de précision pour fabricants radars.","Hi — I noticed AQ TECH builds Sensors, Soldier equipment (+2) for Radar / sensors.",Review website and validate opportunity,
AQLE,https://www.aqle.fr/,France,SAINT-JUST-EN-CHAUSSÉE,https://www.linkedin.com/company/aqle,Logistics / MRO,Distributeur,62.9,B,New,Mechanical parts,Canal de distribution / représentation pour notre portefeuille.,Hi — we're scouting an exclusive distributor for France.,Review website and validate opportunity,
AQUA MANIA,https://www.top-star.fr/,France,MARCHEPRIME,,Soldier systems,Bureau d'ingénierie,57.3,C,New,Cloud / data services,"Textiles, composites, optronique, énergie pour kits soldat.","Hi — I noticed AQUA MANIA builds Software / Platforms, Soldier equipment for Soldier systems.",Keep in watchlist,
AQUITAINE ELECTRONIQUE (AECEGROUP),https://www.aece-group.com/,France,Serres-Castet,http://www.linkedin.com/company/aquitaineelectronique,Naval defense,Sous-traitant industriel,62.9,B,New,Electronic components,"Radars, sonars, comms, armement, sustainment pour primes navals.","Hi — I noticed AQUITAINE ELECTRONIQUE (AECEGROUP) builds Sensors, Engines / propulsion (+1) for Naval defense.",Review website and validate opportunity,
ARAGON HUB DEFENSE,http://www.aragonexterior.es/,Espagne,ZARAGOZA,https://www.linkedin.com/company/aragon-exterior/posts/?feedView=all,Other,OEM,54.7,C,New,Mechanical parts,"Vend des sous-systèmes / composants à un OEM construisant Logistics equipment, Software / Platforms.","Hi — ARAGON HUB DEFENSE ships Logistics equipment, Software / Platforms to defense customers.",Keep in watchlist,
ARAGON PHOTONICS LABS,https://www.aragonphotonics.com/,Espagne,Zaragoza,https://www.linkedin.com/company/aragon-photonics/,Soldier systems,OEM,71.5,B,New,Electronic components,"Textiles, composites, optronique, énergie pour kits soldat.","Hi — I noticed ARAGON PHOTONICS LABS builds Sensors, Optronics / Optics (+7) for Soldier systems.",Review website and validate opportunity,
Arbit Cyber Defence Systems,http://arbitcds.com/,Danemark,Hvidovre,https://www.linkedin.com/company/3032697,C4ISR,OEM,77.6,A,New,Electronic components,"Composants, sous-systèmes, software, services pour primes C4ISR.","Hi — I noticed Arbit Cyber Defence Systems builds Optronics / Optics, Software / Platforms (+3) for C4ISR.",Contact sales team and qualify need,
ArcelorMittal Commercial Sections S.A.,https://www.arcelormittal.com/,Luxembourg,Esch-sur-Alzette,,Other,À vérifier,,D,New,To enrich,Qualifier l'activité avant tout pitch ciblé.,To enrich,No immediate action,
Arctus Technologies,https://www.arctus.ai/,Pays-Bas,SON EN BREUGEL,https://www.linkedin.com/company/arctus-technologies/posts,UAV / drones,OEM,67.0,B,New,Energy / batteries,"Fournisseur de batteries, moteurs, optronique, RF, composites pour fabricants UAV.","Hi — I noticed Arctus Technologies builds UAV / drones, Logistics equipment (+3) for UAV / drones.",Review website and validate opportunity,
Ares Shield AI,https://aresshield.ai/about-us/,Pologne,WROCLAW,,Intelligence / ISR,OEM,76.0,A,New,Energy / batteries,"Capteurs, payloads optroniques, communications pour plateformes ISR.","Hi — I noticed Ares Shield AI builds UAV / drones, Sensors (+10) for Intelligence / ISR.",Contact sales team and qualify need,
ARESIA,http://www.aresia.com/,France,VILLENEUVE LA GARENNE,https://www.linkedin.com/company/aresia/,UAV / drones,Équipementier,74.0,B,New,Electronic components,"Fournisseur de batteries, moteurs, optronique, RF, composites pour fabricants UAV.","Hi — I noticed ARESIA builds Radars, UAV / drones (+6) for UAV / drones.",Review website and validate opportunity,
Arge Robotik,http://www.argerobotik.com/,Turquie,ÇEKMEKÖY,https://www.linkedin.com/company/arge-robotik,Ammunition,OEM,69.0,B,New,Electronic components,"Vend des sous-systèmes / composants à un OEM construisant Robotics / UGV, Software / Platforms.","Hi — Arge Robotik ships Robotics / UGV, Software / Platforms (+2) to defense customers.",Review website and validate opportunity,
Argus Interception,https://www.argus-interception.com/,Allemagne,ROTENBURG/WÜMME,https://www.linkedin.com/company/argus-interception/,Intelligence / ISR,OEM,67.5,B,New,Energy / batteries,"Capteurs, payloads optroniques, communications pour plateformes ISR.","Hi — I noticed Argus Interception builds UAV / drones, Counter-UAV systems (+4) for Intelligence / ISR.",Review website and validate opportunity,
ARIA SEPROLEC GROUP,http://www.aria-seprolec.fr/,France,VIRE,https://www.linkedin.com/company/aria-seprolec/,Logistics / MRO,Sous-traitant industriel,67.4,B,New,Mechanical parts,"Pièces de rechange, calibration, certification pour acteurs MRO.","Hi — I noticed ARIA SEPROLEC GROUP builds Logistics equipment, Robotics / UGV for Logistics / MRO.",Review website and validate opportunity,
ArianeGroup,https://www.ariane.group/,France,LES MUREAUX,https://www.linkedin.com/company/arianegroup/,Space / satellite,OEM,77.0,A,New,Mechanical parts,"Composites, capteurs, comms, lancement pour primes spatiaux.","Hi — I noticed ArianeGroup builds Engines / propulsion, Satellites / Space (+9) for Space / satellite.",Contact sales team and qualify need,
Ark Robotics,http://ark-robotics.com/,Estonie,TALLINN,https://www.linkedin.com/company/arkrobotics,Electronic warfare,OEM,80.0,A,New,Engines / propulsion,"Amplis RF, processeurs signal, embarqué, antennes pour EW.","Hi — I noticed Ark Robotics builds Vehicles, UAV / drones (+12) for Electronic warfare.",Contact sales team and qualify need,
ARMATAN,http://armatan.com/,France,Sainte-Hélène-du-Lac,https://www.linkedin.com/company/armatan-sas,Radar / sensors,OEM,75.0,A,New,Electronic components,"Front-ends RF, processeurs, mécanique de précision pour fabricants radars.","Hi — I noticed ARMATAN builds Sensors, Engines / propulsion (+3) for Radar / sensors.",Contact sales team and qualify need,
ARMMO,https://www.armmo.es/,Espagne,MADRID,,Intelligence / ISR,OEM,74.0,B,New,Engines / propulsion,"Capteurs, payloads optroniques, communications pour plateformes ISR.","Hi — I noticed ARMMO builds Vehicles, UAV / drones (+3) for Intelligence / ISR.",Review website and validate opportunity,
ARMOUR PLATE PROCESSING,http://www.mtladv.com/,Royaume-Uni,ROTHERHAM,,Dual-use technology,OEM,43.8,C,New,Engines / propulsion,Vend des sous-systèmes / composants à un OEM construisant Vehicles.,Hi — ARMOUR PLATE PROCESSING ships Vehicles to defense customers.,Keep in watchlist,
ARMOURED VEHICLES NIGAM LIMITED,https://avnl.co.in/,Inde,Chennai,https://www.linkedin.com/in/armoured-vehicles-nigam-limited-careers-page-88744337b/,Land defense,OEM,64.5,B,New,Engines / propulsion,"Vend des sous-systèmes / composants à un OEM construisant Vehicles, Engines / propulsion.","Hi — ARMOURED VEHICLES NIGAM LIMITED ships Vehicles, Engines / propulsion (+2) to Land forces, Defense ministries.",Review website and validate opportunity,
Armsto,http://www.armsto.com.tr/,Turquie,ANKARA,https://tr.linkedin.com/company/armsto,Export / distribution,Distributeur,35.6,D,New,Industrial subcontracting / machining,Canal de distribution / représentation pour notre portefeuille.,Hi — we're scouting an exclusive distributor for your region.,No immediate action,
ARMTEK,https://armtek.fr/,France,STRASBOURG,https://www.linkedin.com/company/38084632/admin/feed/posts/,Cybersecurity,Distributeur,68.6,B,New,Cloud / data services,"Threat intel, hardware appliances, cloud souverain, audits.","Hi — I noticed ARMTEK builds Software / Platforms, Communications networks (+2) for Cybersecurity.",Review website and validate opportunity,
ARMY RECOGNITION GROUP,http://www.armyrecognition.com/,Belgique,ANDENNE,,Electronic warfare,Distributeur,81.0,A,New,Engines / propulsion,"Amplis RF, processeurs signal, embarqué, antennes pour EW.","Hi — I noticed ARMY RECOGNITION GROUP builds Vehicles, UAV / drones (+12) for Electronic warfare.",Contact sales team and qualify need,
ARNOLD MAGNETIC TECHNOLOGIES,https://www.arnoldmagnetics.com/,États-Unis,ROCHESTER,https://www.linkedin.com/company/87842,Space / satellite,OEM,83.0,A,New,Engines / propulsion,"Composites, capteurs, comms, lancement pour primes spatiaux.","Hi — I noticed ARNOLD MAGNETIC TECHNOLOGIES builds Vehicles, UAV / drones (+11) for Space / satellite.",Contact sales team and qualify need,
ARQUIMEA,https://www.arquimea.com/,Espagne,Torrejón de Ardoz,https://www.linkedin.com/company/arquimea-group/,Space / satellite,OEM,81.0,A,New,Electronic components,"Composites, capteurs, comms, lancement pour primes spatiaux.","Hi — I noticed ARQUIMEA builds Tactical radios, Ammunition (+8) for Space / satellite.",Contact sales team and qualify need,
ARQUUS,http://www.arquus-defense.com/,France,78000,https://www.linkedin.com/company/arquus-defense,Electronic warfare,OEM,83.0,A,New,Engines / propulsion,"Amplis RF, processeurs signal, embarqué, antennes pour EW.","Hi — I noticed ARQUUS builds Vehicles, Robotics / UGV (+8) for Electronic warfare.",Contact sales team and qualify need,
Arrow Electronics,https://arrow.com/,France,CLAMART,,Other,À vérifier,,D,New,To enrich,Qualifier l'activité avant tout pitch ciblé.,To enrich,No immediate action,
Arrow Switzerland S.à.r.l.,http://www.kevlar.com/,Suisse,MEYRIN,,Other,À vérifier,,D,New,To enrich,Qualifier l'activité avant tout pitch ciblé.,To enrich,No immediate action,
Arsenal 2000 JSCo,https://www.arsenal-bg.com/,Bulgarie,KAZANLAK,,Other,À vérifier,15.6,D,New,Industrial subcontracting / machining,Qualifier l'activité avant tout pitch ciblé.,Hi — I noticed Arsenal 2000 JSCo at Eurosatory.,No immediate action,
ART CONCEPT COMPOSITES,http://www.art-concept.fr/,France,LAVAL CEDEX 9,https://fr.linkedin.com/company/artconceptcomposites,Other,À vérifier,,D,New,To enrich,Qualifier l'activité avant tout pitch ciblé.,To enrich,No immediate action,
ART TECH,http://www.art-tech-france.fr/,France,VINEUIL,,Other,OEM,67.5,B,New,"Raw materials (steel, aluminium)",Activité à qualifier — discovery call avant pitch précis.,"Hi — I noticed ART TECH builds Mechanical parts, Software / Platforms (+2) for Other.",Review website and validate opportunity,
Artillerie Inrichtingen Armaments,https://ai-armaments.com/,Pays-Bas,TILBURG,https://www.linkedin.com/in/gerardzondervan/,Counter-UAV,OEM,80.0,A,New,Energy / batteries,"Fournisseur de RF, radars, optronique et embarqués pour stacks anti-drone.","Hi — I noticed Artillerie Inrichtingen Armaments builds UAV / drones, Counter-UAV systems (+4) for Counter-UAV.",Contact sales team and qualify need,
ARTLIGHT,https://www.powerondrone.com/index.php?route=product/category&path=17_59,Pologne,WARSAW,,UAV / drones,OEM,50.6,C,New,Energy / batteries,Sub-system / payload pour OEM drones tactiques.,"Hi — ARTLIGHT ships UAV / drones, Software / Platforms to Defense ministries.",Keep in watchlist,
ARX Robotics GmbH,https://www.arx-robotics.com/,Allemagne,Oberding,https://www.linkedin.com/company/arx-robotics/,Intelligence / ISR,OEM,82.0,A,New,Cloud / data services,"Capteurs, payloads optroniques, communications pour plateformes ISR.","Hi — I noticed ARX Robotics GmbH builds Software / Platforms, Robotics / UGV (+7) for Intelligence / ISR.",Contact sales team and qualify need,
ARX Robotics GmbH,http://www.arx-robotics.com/,Allemagne,Oberding,https://www.linkedin.com/company/arx-robotics/,Intelligence / ISR,OEM,82.0,A,New,Cloud / data services,"Capteurs, payloads optroniques, communications pour plateformes ISR.","Hi — I noticed ARX Robotics GmbH builds Software / Platforms, Robotics / UGV (+7) for Intelligence / ISR.",Contact sales team and qualify need,
ASB AEROSPATIALE BATTERIES,http://www.asb-group.com/,France,BOURGES CEDEX,,Other,À vérifier,,D,New,To enrich,Qualifier l'activité avant tout pitch ciblé.,To enrich,No immediate action,
ASCENDANCE FLIGHT TECHNOLOGIES,https://www.ascendance-ft.com/,France,TOULOUSE,https://www.linkedin.com/company/ascendance-ft/,UAV / drones,OEM,81.5,A,New,Engines / propulsion,Sub-system / payload pour OEM drones tactiques.,"Hi — ASCENDANCE FLIGHT TECHNOLOGIES ships Vehicles, UAV / drones (+5) to Aerospace primes, Critical infrastructure (+1).",Contact sales team and qualify need,
Ascent Lumina SIA,https://www.ascentlumina.com/,Lettonie,Riga,,Other,À vérifier,,D,New,To enrich,Qualifier l'activité avant tout pitch ciblé.,To enrich,No immediate action,
Aselsan,http://www.aselsan.com/,Turquie,ANKARA,,Other,À vérifier,17.6,D,New,Industrial subcontracting / machining,Qualifier l'activité avant tout pitch ciblé.,Hi — I noticed Aselsan at Eurosatory.,No immediate action,
ASGARD MOTORS,https://www.asgard-motors.fr/,France,SAINT JEAN LE BLANC,https://www.linkedin.com/company/asgard-motors/,Logistics / MRO,OEM,69.2,B,New,Mechanical parts,"Vend des sous-systèmes / composants à un OEM construisant Logistics equipment, Engines / propulsion.","Hi — ASGARD MOTORS ships Logistics equipment, Engines / propulsion (+1) to Land forces, Police / law enforcement (+2).",Review website and validate opportunity,
ASHOKA MANUFACTURING PVT LTD,https://www.notavailable.net/,Inde,KOLKATA,,Other,À vérifier,17.6,D,New,Industrial subcontracting / machining,Qualifier l'activité avant tout pitch ciblé.,Hi — I noticed ASHOKA MANUFACTURING PVT LTD at Eurosatory.,No immediate action,
ASMAN TECHNOLOGY,,France,CLICHY,,Other,À vérifier,,D,New,To enrich,Qualifier l'activité avant tout pitch ciblé.,To enrich,No immediate action,
"ASPEN WATER, INC.",https://www.aspenwater.com/,États-Unis,RICHARDSON,,Radar / sensors,OEM,74.0,B,New,Engines / propulsion,"Front-ends RF, processeurs, mécanique de précision pour fabricants radars.","Hi — I noticed ASPEN WATER, INC.",Review website and validate opportunity,
ASSEMBLICS,https://www.assemblics.com/,Belgique,HARELBEKE,https://www.linkedin.com/company/assemblics/,Radar / sensors,OEM,61.6,B,New,Industrial subcontracting / machining,"Front-ends RF, processeurs, mécanique de précision pour fabricants radars.","Hi — I noticed ASSEMBLICS builds Electronic components, Radars for Radar / sensors.",Review website and validate opportunity,
ASTECH PARIS REGION,http://www.pole-astech.org/,France,LE BOURGET,https://www.linkedin.com/company/18361791,Other,À vérifier,,D,New,To enrich,Qualifier l'activité avant tout pitch ciblé.,To enrich,No immediate action,
ASTERODYN,http://www.asterodyn.com/,France,HAUTEVILLE,https://www.linkedin.com/company/asterodyn/,Electronic warfare,OEM,70.6,B,New,Energy / batteries,"Amplis RF, processeurs signal, embarqué, antennes pour EW.","Hi — I noticed ASTERODYN builds UAV / drones, Sensors (+1) for Electronic warfare.",Review website and validate opportunity,
Astrolight,https://astrolightspace.com/,Lituanie,VILNIUS,https://lt.linkedin.com/in/laurynas-maciulis,Electronic warfare,OEM,77.0,A,New,Composite materials,"Amplis RF, processeurs signal, embarqué, antennes pour EW.","Hi — I noticed Astrolight builds Satellites / Space, Sensors (+9) for Electronic warfare.",Contact sales team and qualify need,
Astronics,https://www.astronics.com/,États-Unis,East Aurora,https://www.linkedin.com/company/astronics,Intelligence / ISR,Bureau d'ingénierie,73.5,B,New,Electronic components,"Capteurs, payloads optroniques, communications pour plateformes ISR.","Hi — I noticed Astronics builds Sensors, Optronics / Optics (+10) for Intelligence / ISR.",Review website and validate opportunity,
ASTURIAS HUB DEFENSA,https://www.asturiashubdefensa.com/,Espagne,"Gijón, Asturias",https://www.linkedin.com/company/asturiashubdefensa/,UAV / drones,OEM,68.0,B,New,Mechanical parts,Sub-system / payload pour OEM drones tactiques.,"Hi — ASTURIAS HUB DEFENSA ships Logistics equipment, Energy / batteries (+5) to Aerospace primes, Land forces.",Review website and validate opportunity,
ATDI,https://www.atdi.com/,Royaume-Uni,LONDON,https://www.linkedin.com/company/14433686,Intelligence / ISR,OEM,84.0,A,New,Electronic components,"Capteurs, payloads optroniques, communications pour plateformes ISR.","Hi — I noticed ATDI builds Radars, Software / Platforms (+10) for Intelligence / ISR.",Contact sales team and qualify need,
Atech - Embraer Group,http://www.atech.com.br/,Brésil,SAO PAULO SP,,Intelligence / ISR,OEM,78.0,A,New,Energy / batteries,"Capteurs, payloads optroniques, communications pour plateformes ISR.","Hi — I noticed Atech - Embraer Group builds UAV / drones, Counter-UAV systems (+6) for Intelligence / ISR.",Contact sales team and qualify need,
ATELIER BELGIUM COATINGS,https://www.belgium-coatings.be/,Belgique,GRACE-HOLLOGNE,https://www.linkedin.com/company/belgium-coatings-sa/,Engineering services,À vérifier,43.1,C,New,Industrial subcontracting / machining,"Outils CAD, simulation, certification pour bureau d'études.",Hi — I noticed ATELIER BELGIUM COATINGS builds — for Engineering services.,Keep in watchlist,
ATERMES SAS,https://www.atermes.fr/fr/,France,MONTIGNY LE BRETONNEUX,https://fr.linkedin.com/company/atermes,Intelligence / ISR,Sous-traitant industriel,65.5,B,New,Mechanical parts,"Capteurs, payloads optroniques, communications pour plateformes ISR.","Hi — I noticed ATERMES SAS builds Logistics equipment, Engines / propulsion (+5) for Intelligence / ISR.",Review website and validate opportunity,
ATEŞÇİ ENGINEERING,https://www.atesci.com/,Turquie,ANKARA,https://tr.linkedin.com/company/atesci,Logistics / MRO,OEM,55.5,C,New,Mechanical parts,"Pièces de rechange, calibration, certification pour acteurs MRO.","Hi — I noticed ATEŞÇİ ENGINEERING builds Logistics equipment, Mechanical parts for Logistics / MRO.",Keep in watchlist,
ATI DEFENSE,http://www.atimaterials.com/,États-Unis,ARLINGTON,https://www.linkedin.com/company/atimaterials,Cybersecurity,OEM,80.5,A,New,Engines / propulsion,"Threat intel, hardware appliances, cloud souverain, audits.","Hi — I noticed ATI DEFENSE builds Vehicles, Software / Platforms (+7) for Cybersecurity.",Contact sales team and qualify need,
ATL EUROPA,https://www.atleuropa.es/,Espagne,MADRID,https://www.linkedin.com/company/atleuropa/,UAV / drones,OEM,57.0,C,New,Energy / batteries,"Fournisseur de batteries, moteurs, optronique, RF, composites pour fabricants UAV.","Hi — I noticed ATL EUROPA builds UAV / drones, Sensors (+2) for UAV / drones.",Keep in watchlist,
Atlantic Data Center,https://atlanticdc.es/,Espagne,LAS PALMAS DE GRAN CANARIA,,Armored vehicles,OEM,75.5,A,New,Engines / propulsion,"Moteurs, composites, plaques balistiques, optronique, comms pour OEM blindés.","Hi — I noticed Atlantic Data Center builds Vehicles, Communications networks (+3) for Armored vehicles.",Contact sales team and qualify need,
Atlas Aerospace Ltd.,https://www.atlasuas.com/,Lettonie,RIGA,https://www.linkedin.com/company/atlasuas,Electronic warfare,OEM,81.0,A,New,Energy / batteries,"Amplis RF, processeurs signal, embarqué, antennes pour EW.",Hi — I noticed Atlas Aerospace Ltd.,Contact sales team and qualify need,
ATOS,http://atos.net/fr/,France,Bezons,https://www.linkedin.com/company/atos,Radar / sensors,Distributeur,69.1,B,New,"Materials (Li-ion, electrolytes)","Front-ends RF, processeurs, mécanique de précision pour fabricants radars.","Hi — I noticed ATOS builds Energy / batteries, Sensors (+1) for Radar / sensors.",Review website and validate opportunity,
ATREYD,https://www.atreyd.com/,France,BORMES-LES-MIMOSAS,https://www.linkedin.com/company/atreyd/,Intelligence / ISR,OEM,73.0,B,New,Engines / propulsion,"Capteurs, payloads optroniques, communications pour plateformes ISR.","Hi — I noticed ATREYD builds Vehicles, UAV / drones (+8) for Intelligence / ISR.",Review website and validate opportunity,
ATS - GROUPE AGS,https://www.groupe-ags.com/,France,SEZANNE,,Other,À vérifier,,D,New,To enrich,Qualifier l'activité avant tout pitch ciblé.,To enrich,No immediate action,
ATS GROUP,http://www.ats.com.mk/,Macedonia,SKOPJE,https://www.linkedin.com/company/atsgroup-mk/,Soldier systems,OEM,82.0,A,New,Energetic materials,"Textiles, composites, optronique, énergie pour kits soldat.","Hi — I noticed ATS GROUP builds Ammunition, Logistics equipment (+4) for Soldier systems.",Contact sales team and qualify need,
ATTAX,http://www.attax.com/,France,SAINT AOUSTRILLE,,Other,À vérifier,,D,New,To enrich,Qualifier l'activité avant tout pitch ciblé.,To enrich,No immediate action,
AUBE ELECTRONIQUE,,France,ST THIBAULT,,Other,À vérifier,,D,New,To enrich,Qualifier l'activité avant tout pitch ciblé.,To enrich,No immediate action,
AUBERT & DUVAL,http://www.aubertduval.com/,France,PARIS,https://www.linkedin.com/company/aubert-&-duval,Other,À vérifier,,D,New,To enrich,Qualifier l'activité avant tout pitch ciblé.,To enrich,No immediate action,
AUMOVIO France S.A.S,http://engineering-solutions.aumovio.com/,France,Toulouse,https://linkedin.com/company/aumovio-engineering-solutions,Radar / sensors,Bureau d'ingénierie,72.0,B,New,Engines / propulsion,"Front-ends RF, processeurs, mécanique de précision pour fabricants radars.","Hi — I noticed AUMOVIO France S.A.S builds Vehicles, Sensors (+7) for Radar / sensors.",Review website and validate opportunity,
AUNAV,https://www.aunav.com/,Espagne,Binefar,,Other,À vérifier,,D,New,To enrich,Qualifier l'activité avant tout pitch ciblé.,To enrich,No immediate action,
AURA AERO,http://www.aura-aero.com/,France,CUGNAUX,https://www.linkedin.com/company/aura-aero,C4ISR,Distributeur,74.0,B,New,Cloud / data services,"Composants, sous-systèmes, software, services pour primes C4ISR.","Hi — I noticed AURA AERO builds Software / Platforms, Robotics / UGV (+5) for C4ISR.",Review website and validate opportunity,
AUSA (Association of the US Army),http://www.ausa.org/,États-Unis,ARLINGTON,,Other,À vérifier,15.6,D,New,Industrial subcontracting / machining,Qualifier l'activité avant tout pitch ciblé.,Hi — I noticed AUSA (Association of the US Army) at Eurosatory.,No immediate action,
Australian Pavilion,https://www1.defence.gov.au/,Australie,ACT,,Other,À vérifier,4.0,D,New,To enrich,Qualifier l'activité avant tout pitch ciblé.,Hi — I noticed Australian Pavilion at Eurosatory.,No immediate action,
AUSTRIAN DEFENCE & SECURITY INDUSTRY GROUP,https://www.wko.at/asw,Autriche,VIENNE,,Other,À vérifier,,D,New,To enrich,Qualifier l'activité avant tout pitch ciblé.,To enrich,No immediate action,
"AUTEL ROBOTICS CO., LTD.",https://www.autelrobotics.com/,Chine,SHENZHEN,,Other,À vérifier,15.6,D,New,Industrial subcontracting / machining,Qualifier l'activité avant tout pitch ciblé.,"Hi — I noticed AUTEL ROBOTICS CO., LTD.",No immediate action,
AUTOFLUG,http://www.autoflug.de/,Allemagne,RELLINGEN,https://www.linkedin.com/company/autoflug-gmbh/,Radar / sensors,OEM,75.0,A,New,Engines / propulsion,"Front-ends RF, processeurs, mécanique de précision pour fabricants radars.","Hi — I noticed AUTOFLUG builds Vehicles, Sensors (+4) for Radar / sensors.",Contact sales team and qualify need,
AUTOLIFT,https://www.autolift.info/,Autriche,ELIXHAUSEN,,Logistics / MRO,OEM,65.0,B,New,Mechanical parts,"Vend des sous-systèmes / composants à un OEM construisant Logistics equipment, Vehicles.","Hi — AUTOLIFT ships Logistics equipment, Vehicles (+2) to defense customers.",Review website and validate opportunity,
AUTONOMOUS GUARD,http://www.aguard-sys.com/,Israël,KFAR SABA,https://www.linkedin.com/company/109766290/admin/dashboard/,Electronic warfare,OEM,79.0,A,New,Energy / batteries,"Amplis RF, processeurs signal, embarqué, antennes pour EW.","Hi — I noticed AUTONOMOUS GUARD builds UAV / drones, Counter-UAV systems (+3) for Electronic warfare.",Contact sales team and qualify need,
Auxsys GmbH,https://auxsys.com/,Allemagne,AACHEN,,AI / data,OEM,71.0,B,New,Cloud / data services,Module IA / fusion de données pour intégration dans la stack du client.,"Hi — Auxsys GmbH ships Software / Platforms, Robotics / UGV (+2) to defense customers.",Review website and validate opportunity,
AVANTIS,http://avantis-group.com/,France,GRASSE,https://www.linkedin.com/company/groupeavantis,Radar / sensors,OEM,64.3,B,New,Mechanical parts,"Front-ends RF, processeurs, mécanique de précision pour fabricants radars.","Hi — I noticed AVANTIS builds Logistics equipment, Radars (+1) for Radar / sensors.",Review website and validate opportunity,
AVANTIX,http://avantix.net/,France,AIX EN PROVENCE,,Other,À vérifier,,D,New,To enrich,Qualifier l'activité avant tout pitch ciblé.,To enrich,No immediate action,
AVEC CHEM S.R.O.,http://www.avec.cz/,République tchèque,PRELOUC,,Other,À vérifier,16.6,D,New,Industrial subcontracting / machining,Qualifier l'activité avant tout pitch ciblé.,Hi — I noticed AVEC CHEM S.R.O.,No immediate action,
"Aveo Engineering Group, s.r.o.",https://aveoengineering.com/,République tchèque,DRÁSOV,,Other,À vérifier,,D,New,To enrich,Qualifier l'activité avant tout pitch ciblé.,To enrich,No immediate action,
"AviaNera Technologies, a.s.",http://avianeratech.com/,République tchèque,Praha 8,https://linkedin.com/company/avianera-technologies/,Counter-UAV,Distributeur,73.0,B,New,Energy / batteries,Vend une brique du chain detection-effector aux primes anti-drone.,"Hi — AviaNera Technologies, a.s.",Review website and validate opportunity,
AVL LIST GMBH,http://www.avl.com/,Autriche,GRAZ,,Other,À vérifier,,D,New,To enrich,Qualifier l'activité avant tout pitch ciblé.,To enrich,No immediate action,
Avnon Enterprise Ltd,https://www.avnongroup.com/,Israël,KFAR SABA,,Intelligence / ISR,OEM,80.0,A,New,Energy / batteries,"Capteurs, payloads optroniques, communications pour plateformes ISR.","Hi — I noticed Avnon Enterprise Ltd builds UAV / drones, Counter-UAV systems (+8) for Intelligence / ISR.",Contact sales team and qualify need,
Avon Protection,https://www.avon-protection.com/,Royaume-Uni,WILTSHIRE,,Other,À vérifier,,D,New,To enrich,Qualifier l'activité avant tout pitch ciblé.,To enrich,No immediate action,
AVT EUROPE (NV),https://www.actemium.be/fr/segments-marche/solutions-de-manutention/solutions/,Belgique,ESSEN,,Other,À vérifier,,D,New,To enrich,Qualifier l'activité avant tout pitch ciblé.,To enrich,No immediate action,
AWG TECH,http://awgtech.fr/,France,Trappes,https://www.linkedin.com/in/frédéric-geoffroy-0888bb146,Engineering services,Bureau d'ingénierie,57.4,C,New,Mechanical parts,"Outils CAD, simulation, certification pour bureau d'études.",Hi — I noticed AWG TECH builds Logistics equipment for Engineering services.,Keep in watchlist,
AX Group,https://www.ax-group.com/fr/,France,Bailleul,,Other,À vérifier,,D,New,To enrich,Qualifier l'activité avant tout pitch ciblé.,To enrich,No immediate action,
AXNES AS,http://www.axnes.com/,Norvège,GRIMSTAD,https://www.linkedin.com/company/axnes/,Other,À vérifier,20.6,D,New,Industrial subcontracting / machining,Qualifier l'activité avant tout pitch ciblé.,Hi — I noticed AXNES AS at Eurosatory.,No immediate action,
AXON,http://www.axon.com/fr,France,PARIS,https://fr.linkedin.com/showcase/axon-france/,UAV / drones,Distributeur,74.0,B,New,Energy / batteries,"Fournisseur de batteries, moteurs, optronique, RF, composites pour fabricants UAV.","Hi — I noticed AXON builds UAV / drones, Sensors (+5) for UAV / drones.",Review website and validate opportunity,
Axon' Cable,http://www.axon-cable.com/,France,MONTMIRAIL,,Other,À vérifier,,D,New,To enrich,Qualifier l'activité avant tout pitch ciblé.,To enrich,No immediate action,
AZUR DRONES,https://www.azurdrones.com/,France,Mérigna,,UAV / drones,OEM,76.0,A,New,Energy / batteries,"Fournisseur de batteries, moteurs, optronique, RF, composites pour fabricants UAV.","Hi — I noticed AZUR DRONES builds UAV / drones, Sensors (+7) for UAV / drones.",Contact sales team and qualify need,
B Medical Systems,http://www.bmedicalsystems.com/,Luxembourg,Hosingen,https://www.linkedin.com/company/b-medical-systems/,Radar / sensors,Distributeur,76.5,A,New,Engines / propulsion,"Front-ends RF, processeurs, mécanique de précision pour fabricants radars.","Hi — I noticed B Medical Systems builds Vehicles, Sensors (+4) for Radar / sensors.",Contact sales team and qualify need,
B&T Composites,https://www.btcomposites.gr/,Grèce,FLORINA,https://www.linkedin.com/company/101398294,UAV / drones,Sous-traitant industriel,65.5,B,New,Mechanical parts,"Fournisseur de batteries, moteurs, optronique, RF, composites pour fabricants UAV.","Hi — I noticed B&T Composites builds Logistics equipment, Communications networks (+6) for UAV / drones.",Review website and validate opportunity,
B&TAG,https://www.bt-ag.ch/,Suisse,Thun,,Other,À vérifier,,D,New,To enrich,Qualifier l'activité avant tout pitch ciblé.,To enrich,No immediate action,
B.E. Meyers & Co. Inc,http://www.bemeyers.com/,États-Unis,Redmond,https://www.linkedin.com/company/be-meyers/,Soldier systems,OEM,68.0,B,New,Mechanical parts,"Textiles, composites, optronique, énergie pour kits soldat.",Hi — I noticed B.E. Meyers & Co.,Review website and validate opportunity,
B.R. PRECISION (nom commercial),https://www.brprecision.fr/,France,VILLERS COTTERETS,https://www.linkedin.com/company/bernard-ressorts02600/,Industrial subcontracting,Sous-traitant industriel,62.8,B,New,Cloud / data services,"Matières premières, outils coupants, services qualité pour sous-traitants.","Hi — I noticed B.R. PRECISION (nom commercial) builds Software / Platforms, Logistics equipment (+1) for Industrial subcontracting.",Review website and validate opportunity,
B.R.C,https://brc.bzh/,France,Le Pertre,,Other,À vérifier,,D,New,To enrich,Qualifier l'activité avant tout pitch ciblé.,To enrich,No immediate action,
B.S.N. BALLABIO SRL,https://www.bsn.it/,Italie,CELLATICA,,Other,À vérifier,,D,New,To enrich,Qualifier l'activité avant tout pitch ciblé.,To enrich,No immediate action,
BABCOCK INTERNATIONAL,https://www.babcockinternational.com/,Royaume-Uni,WEST MIDLANDS,,Other,À vérifier,,D,New,To enrich,Qualifier l'activité avant tout pitch ciblé.,To enrich,No immediate action,
BACHMANN RDS,http://bachmannrds.com/,France,MORNAC,https://www.linkedin.com/company/bachmannrds,Other,À vérifier,,D,New,To enrich,Qualifier l'activité avant tout pitch ciblé.,To enrich,No immediate action,
Backer HTF-Heating Technologies France,https://backerhtf.fr/,France,BRON,https://www.linkedin.com/company/backer-htf-heating-technologies-france/?viewAsMember=true,Intelligence / ISR,OEM,68.1,B,New,Electronic components,"Capteurs, payloads optroniques, communications pour plateformes ISR.","Hi — I noticed Backer HTF-Heating Technologies France builds Sensors, Energy / batteries for Intelligence / ISR.",Review website and validate opportunity,
BAE SYSTEMS,http://www.baesystems.com/,Royaume-Uni,CAMBERLEY,https://www.linkedin.com/company/bae-systems,Other,À vérifier,17.6,D,New,Industrial subcontracting / machining,Qualifier l'activité avant tout pitch ciblé.,Hi — I noticed BAE SYSTEMS at Eurosatory.,No immediate action,
BAGALU,https://www.bagalu.fr/,France,PRIVAS,,Other,À vérifier,,D,New,To enrich,Qualifier l'activité avant tout pitch ciblé.,To enrich,No immediate action,
BALTIC INSTITUTE OF ADVANCED TECHNOLOGY (BPTI),https://www.bpti.lt/,Lituanie,VILNIUS,,Other,À vérifier,,D,New,To enrich,Qualifier l'activité avant tout pitch ciblé.,To enrich,No immediate action,
BALTIC VIPER,https://balticviper.com/,Lituanie,KAUNAS,,Other,À vérifier,,D,New,To enrich,Qualifier l'activité avant tout pitch ciblé.,To enrich,No immediate action,
Banque Européenne d'Investissement,https://www.eib.org/fr/index.htm,Luxembourg,Luxembourg,,Other,À vérifier,,D,New,To enrich,Qualifier l'activité avant tout pitch ciblé.,To enrich,No immediate action,
BARBAS ET PLAILLY,http://www.fonderie-barbas.com/,France,MONTOIRE SUR LE LOIR,,Other,À vérifier,,D,New,To enrich,Qualifier l'activité avant tout pitch ciblé.,To enrich,No immediate action,
"BARRETT FIREARMS MANUFACTURING, INC.",http://www.barrett.net/,États-Unis,MURFREESBORO,,Other,À vérifier,,D,New,To enrich,Qualifier l'activité avant tout pitch ciblé.,To enrich,No immediate action,
BARRON INDUSTRIES,https://www.barron-industries.com/,États-Unis,OXFORD,,Other,À vérifier,,D,New,To enrich,Qualifier l'activité avant tout pitch ciblé.,To enrich,No immediate action,
BARTEZ GLASS,https://www.bartez.com.tr/,Turquie,BURSA,,Armored vehicles,OEM,68.0,B,New,Engines / propulsion,"Vend des sous-systèmes / composants à un OEM construisant Vehicles, Ballistic protection.","Hi — BARTEZ GLASS ships Vehicles, Ballistic protection to Police / law enforcement, Critical infrastructure.",Review website and validate opportunity,
BASE A.Ş.,http://www.basestudio.com.tr/,Turquie,KOCAELI,https://www.linkedin.com/company/base-studio,Weapons,OEM,75.5,A,New,Engines / propulsion,"Vend des sous-systèmes / composants à un OEM construisant Vehicles, Logistics equipment.","Hi — BASE A.Ş. ships Vehicles, Logistics equipment (+5) to Defense ministries.",Contact sales team and qualify need,
Basemark,http://www.basemark.com/,Finlande,Helsinki,https://www.linkedin.com/company/basemarkltd/,Soldier systems,Distributeur,79.0,A,New,Engines / propulsion,"Textiles, composites, optronique, énergie pour kits soldat.","Hi — I noticed Basemark builds Vehicles, Software / Platforms (+9) for Soldier systems.",Contact sales team and qualify need,
BATTOCCHIO,https://www.battocchio.com/,Italie,CASTELFRANCO VENETO,,Other,À vérifier,,D,New,To enrich,Qualifier l'activité avant tout pitch ciblé.,To enrich,No immediate action,
BAUMERT,http://www.baumert.fr/,France,SCHAEFFERSHEIM,https://www.linkedin.com/company/baumert/,Electronic warfare,Bureau d'ingénierie,68.0,B,New,Energetic materials,"Amplis RF, processeurs signal, embarqué, antennes pour EW.","Hi — I noticed BAUMERT builds Ammunition, NRBC / CBRN (+2) for Electronic warfare.",Review website and validate opportunity,
Bavarian Pavilion,http://www.bayern-international.de/,Allemagne,OHLSTADT,https://www.instagram.com/bayerninternational,Other,À vérifier,17.6,D,New,Industrial subcontracting / machining,Qualifier l'activité avant tout pitch ciblé.,Hi — I noticed Bavarian Pavilion at Eurosatory.,No immediate action,
Bayraktar Grubu,http://www.bayraktar.com/,Turquie,ISTANBUL,https://www.linkedin.com/company/bayraktar-holding/posts/?feedView=all,Other,À vérifier,22.6,D,New,Industrial subcontracting / machining,Qualifier l'activité avant tout pitch ciblé.,Hi — I noticed Bayraktar Grubu at Eurosatory.,No immediate action,
b-b systemtechnik GmbH,http://www.bbsystemtechnik.de/,Allemagne,DUISBURG,,Other,À vérifier,,D,New,To enrich,Qualifier l'activité avant tout pitch ciblé.,To enrich,No immediate action,
BBS Automation GmbH,http://www.bbsautomation.com/,Allemagne,Freiberg am Neckar,,Other,À vérifier,,D,New,To enrich,Qualifier l'activité avant tout pitch ciblé.,To enrich,No immediate action,
BCA BALLISTIC PROTECTION - BCA TÊXTIL LTDA,http://www.bcaballisticprotection.com.br/,Brésil,SÃO JOSÉ DOS CAMPOS - SP,,Soldier systems,OEM,51.4,C,New,Composite materials,"Vend des sous-systèmes / composants à un OEM construisant Soldier equipment, Ballistic protection.","Hi — BCA BALLISTIC PROTECTION - BCA TÊXTIL LTDA ships Soldier equipment, Ballistic protection (+1) to defense customers.",Keep in watchlist,
BEAMSHOT/QUARTON USA,https://www.beamshot.com/,États-Unis,ROWLAND HEIGHTS,,Other,À vérifier,,D,New,To enrich,Qualifier l'activité avant tout pitch ciblé.,To enrich,No immediate action,
bebob defense - a division of bebob factory GmbH,http://www.bebob-defense.de/,Allemagne,München,https://www.linkedin.com/company/bebob-factory/,Other,OEM,60.6,B,New,Cloud / data services,"Vend des sous-systèmes / composants à un OEM construisant Software / Platforms, Robotics / UGV.","Hi — bebob defense - a division of bebob factory GmbH ships Software / Platforms, Robotics / UGV (+1) to defense customers.",Review website and validate opportunity,
BEFPI,https://www.befpi.com/,France,SOMMECAISE,,Other,À vérifier,,D,New,To enrich,Qualifier l'activité avant tout pitch ciblé.,To enrich,No immediate action,
Be-Ge Seating A/S,https://seating.be-ge.com/,Danemark,FRØSTRUP,https://www.linkedin.com/company/33514035/,Other,À vérifier,17.6,D,New,Industrial subcontracting / machining,Qualifier l'activité avant tout pitch ciblé.,Hi — I noticed Be-Ge Seating A/S at Eurosatory.,No immediate action,
BEIJING LIZHENG TECHNOLOGY INC.,http://en.lizhengtech.com/,Chine,BEIJING,,Other,À vérifier,,D,New,To enrich,Qualifier l'activité avant tout pitch ciblé.,To enrich,No immediate action,
"BEIJING MKST TECHNOLOGY CO.,LTD",http://www.mkst.cn/,Chine,BEIJING,,Soldier systems,OEM,47.6,C,New,Composite materials,"Vend des sous-systèmes / composants à un OEM construisant Soldier equipment, Ballistic protection.","Hi — BEIJING MKST TECHNOLOGY CO.,LTD ships Soldier equipment, Ballistic protection to defense customers.",Keep in watchlist,
"Beijing Ribri Technology Co.,Ltd.",https://www.ribri.com/,Chine,BEIJING,,Other,À vérifier,,D,New,To enrich,Qualifier l'activité avant tout pitch ciblé.,To enrich,No immediate action,
BEIJING TONGYIZHONG NEW MATERIAL TECHNOLOGY CORPORATION,http://www.bjtyz.com/,Chine,BEIJING,,Other,OEM,33.4,D,New,Mechanical parts,Vend des sous-systèmes / composants à un OEM construisant Logistics equipment.,Hi — BEIJING TONGYIZHONG NEW MATERIAL TECHNOLOGY CORPORATION ships Logistics equipment to defense customers.,No immediate action,
Bel (Cinch Connectivity Solutions),http://www.cinch.com/,Royaume-Uni,CHELMSFORD,https://www.linkedin.com/showcase/cinch-connectivity-solutions/,Other,À vérifier,25.6,D,New,Industrial subcontracting / machining,Qualifier l'activité avant tout pitch ciblé.,Hi — I noticed Bel (Cinch Connectivity Solutions) at Eurosatory.,No immediate action,
Belina d.o.o.,http://www.belina.com/,Croatie,Krapinske Toplice,https://hr.linkedin.com/company/belina,Space / satellite,Sous-traitant industriel,65.5,B,New,Engines / propulsion,"Composites, capteurs, comms, lancement pour primes spatiaux.",Hi — I noticed Belina d.o.o.,Review website and validate opportunity,
BELL,https://www.bellflight.com/,États-Unis,FORT WORTH,,Other,À vérifier,,D,New,To enrich,Qualifier l'activité avant tout pitch ciblé.,To enrich,No immediate action,
Belleville Boot Company,http://www.bellevilleboot.com/,États-Unis,BELLEVILLE,,Naval defense,OEM,58.0,C,New,Sensors,Vend des sous-systèmes / composants à un OEM construisant Naval systems.,Hi — Belleville Boot Company ships Naval systems to Police / law enforcement.,Keep in watchlist,
BELSS,http://www.belss.lv/,Lettonie,LATVIA,https://www.linkedin.com/company/belss,Communications,Intégrateur,73.5,B,New,Engines / propulsion,"RF, crypto, certification interopérabilité pour radios tactiques.","Hi — I noticed BELSS builds Vehicles, UAV / drones (+6) for Communications.",Review website and validate opportunity,
BENELLI ARMI,http://www.benellidefense.com/,Italie,URBINO (PESARO),,Land defense,OEM,66.5,B,New,Energetic materials,"Vend des sous-systèmes / composants à un OEM construisant Ammunition, UAV / drones.","Hi — BENELLI ARMI ships Ammunition, UAV / drones (+5) to Land forces, Police / law enforcement (+1).",Review website and validate opportunity,
BERETTA (FABBRICA D’ARMI PIETRO BERETTA),http://www.berettadefense.com/,Italie,GARDONE VALTROMPIA,,Optics / optronics,OEM,69.3,B,New,Mechanical parts,"Verre spécial, détecteurs, mécanique de précision pour optronique.","Hi — I noticed BERETTA (FABBRICA D’ARMI PIETRO BERETTA) builds Weapons, Optronics / Optics (+1) for Optics / optronics.",Review website and validate opportunity,
Beretta Defense Technologies (BDT),http://berettadefensetechnologies.com/,Italie,GARDONE VAL TROMPIA  - BRESCIA,,Counter-UAV,OEM,77.0,A,New,Energy / batteries,"Fournisseur de RF, radars, optronique et embarqués pour stacks anti-drone.","Hi — I noticed Beretta Defense Technologies (BDT) builds UAV / drones, Counter-UAV systems (+5) for Counter-UAV.",Contact sales team and qualify need,
BERNIER,https://www.bernier.tm.fr/,France,SAINT-MICHEL-SUR-ORGE.,,Other,À vérifier,,D,New,To enrich,Qualifier l'activité avant tout pitch ciblé.,To enrich,No immediate action,
Bertel O. Steen Defence & Security AB,http://www.bosdefence.se/,Suède,Stockholm,,Other,À vérifier,16.6,D,New,Industrial subcontracting / machining,Qualifier l'activité avant tout pitch ciblé.,Hi — I noticed Bertel O.,No immediate action,
Bertin Environics,http://www.environics.fi/,Finlande,Mikkeli,https://www.linkedin.com/company/bertin-environics/,Intelligence / ISR,Distributeur,80.0,A,New,Engines / propulsion,"Capteurs, payloads optroniques, communications pour plateformes ISR.","Hi — I noticed Bertin Environics builds Vehicles, UAV / drones (+8) for Intelligence / ISR.",Contact sales team and qualify need,
Bertin Exensor,https://www.exensor.com/,Suède,Lund,,Other,À vérifier,,D,New,To enrich,Qualifier l'activité avant tout pitch ciblé.,To enrich,No immediate action,
Bertin Technologies,http://www.bertin-technologies.com/,France,MONTIGNY LE BRETONNEUX,https://www.linkedin.com/company/bertin-technologies,Other,À vérifier,,D,New,To enrich,Qualifier l'activité avant tout pitch ciblé.,To enrich,No immediate action,
BERTRANDT,https://www.bertrandt.com/en/,France,VÉLIZY-VILLACOUBLAY,,Other,À vérifier,,D,New,To enrich,Qualifier l'activité avant tout pitch ciblé.,To enrich,No immediate action,
BESSIN RECTIFICATION,,France,SAINT-MARTIN-DES-ENTREES,,Other,À vérifier,,D,New,To enrich,Qualifier l'activité avant tout pitch ciblé.,To enrich,No immediate action,
Beth-El Industries,http://beth-el.eu/,Allemagne,MUNICH,,Armored vehicles,OEM,71.0,B,New,Engines / propulsion,"Vend des sous-systèmes / composants à un OEM construisant Vehicles, Simulators / Training.","Hi — Beth-El Industries ships Vehicles, Simulators / Training (+2) to Land forces.",Review website and validate opportunity,
Beyond Electric d.o.o.,https://www.beyondmotors.io/,Slovénie,NOTRANJE GORICE,https://www.linkedin.com/in/domen-kocevar-beyond-motors/,Logistics / MRO,Distributeur,70.0,B,New,Mechanical parts,"Vend des sous-systèmes / composants à un OEM construisant Engines / propulsion, Vehicles.",Hi — Beyond Electric d.o.o.,Review website and validate opportunity,
Beyond Vision,https://beyond-vision.com/,Portugal,LISBON,,Other,À vérifier,,D,New,To enrich,Qualifier l'activité avant tout pitch ciblé.,To enrich,No immediate action,
BeyondComposite,http://www.beyondcomposite.com/,Portugal,VILA NOVA DE GAIA,https://www.linkedin.com/company/beyondcompositee,Soldier systems,OEM,71.0,B,New,Mechanical parts,"Textiles, composites, optronique, énergie pour kits soldat.","Hi — I noticed BeyondComposite builds Logistics equipment, Mechanical parts (+6) for Soldier systems.",Review website and validate opportunity,
BEYRIA,http://www.beyria-emballages.com/,France,YGOS-SAINT-SATURNIN,https://www.linkedin.com/company/100594994/,Other,À vérifier,,D,New,To enrich,Qualifier l'activité avant tout pitch ciblé.,To enrich,No immediate action,
BHARAT ELECTRONICS LTD,https://www.bel-india.in/,Inde,NEW DELHI,,Intelligence / ISR,Distributeur,70.5,B,New,Engines / propulsion,"Capteurs, payloads optroniques, communications pour plateformes ISR.","Hi — I noticed BHARAT ELECTRONICS LTD builds Vehicles, Radars (+15) for Intelligence / ISR.",Review website and validate opportunity,
BHC Gummi-Metall GmbH - Part of RUPF Industries,http://www.rupf-industries.com/,Allemagne,MECKENHEIM,https://www.linkedin.com/company/rupf-industries-gruppe/,Other,À vérifier,17.6,D,New,Industrial subcontracting / machining,Qualifier l'activité avant tout pitch ciblé.,Hi — I noticed BHC Gummi-Metall GmbH - Part of RUPF Industries at Eurosatory.,No immediate action,
BHE Ltd.,http://bhe-corp.com/,Hongrie,BUDAPEST,https://www.linkedin.com/company/bhebonn,Electronic warfare,Sous-traitant industriel,62.5,B,New,Energy / batteries,"Amplis RF, processeurs signal, embarqué, antennes pour EW.",Hi — I noticed BHE Ltd.,Review website and validate opportunity,
Biemmedue spa,http://www.biemmedue.com/,Italie,CHERASCO,,Other,À vérifier,,D,New,To enrich,Qualifier l'activité avant tout pitch ciblé.,To enrich,No immediate action,
Biesterfeld SE,https://www.biesterfeld.com/,Allemagne,HAMBURG,,Other,À vérifier,,D,New,To enrich,Qualifier l'activité avant tout pitch ciblé.,To enrich,No immediate action,
BILLARD ENGRENAGES,https://billard-engrenages.fr/,France,PONT-SALOMON,,Other,À vérifier,,D,New,To enrich,Qualifier l'activité avant tout pitch ciblé.,To enrich,No immediate action,
BINAS DD BUGOJNO,https://www.binas.com.ba/,Bosnia and Herzegovina,BUGOJNO,,Other,À vérifier,,D,New,To enrich,Qualifier l'activité avant tout pitch ciblé.,To enrich,No immediate action,
BINDER,https://www.binder-world.com/,Allemagne,TUTTLINGEN,https://www.linkedin.com/company/binder-gmbh/,Intelligence / ISR,OEM,82.5,A,New,"Materials (Li-ion, electrolytes)","Capteurs, payloads optroniques, communications pour plateformes ISR.","Hi — I noticed BINDER builds Energy / batteries, Logistics equipment (+2) for Intelligence / ISR.",Contact sales team and qualify need,
BINZ Automotive,https://www.binz-automotive.com/,Allemagne,ILMENAU,,Other,À vérifier,,D,New,To enrich,Qualifier l'activité avant tout pitch ciblé.,To enrich,No immediate action,
BIOEX,https://www.bio-ex.com/fr/,France,Sainte-Consorce,,Other,À vérifier,,D,New,To enrich,Qualifier l'activité avant tout pitch ciblé.,To enrich,No immediate action,
BITTIUM,http://www.bittium.com/,Finlande,OULU,,Other,À vérifier,,D,New,To enrich,Qualifier l'activité avant tout pitch ciblé.,To enrich,No immediate action,
Black Bruin Oy,,Finlande,Jyväskylä,,Other,À vérifier,,D,New,To enrich,Qualifier l'activité avant tout pitch ciblé.,To enrich,No immediate action,
Black Hawk Defence Ltd,http://www.blackhawkdefence.co.uk/,Royaume-Uni,GLOUCESTER,,Air defense,OEM,76.0,A,New,Engines / propulsion,"Vend des sous-systèmes / composants à un OEM construisant Vehicles, UAV / drones.","Hi — Black Hawk Defence Ltd ships Vehicles, UAV / drones (+6) to defense customers.",Contact sales team and qualify need,
Blaschke J.,http://www.blaschke.com/,Autriche,VIENNA,https://www.linkedin.com/company/blaschke-wehrtechnik,NRBC / CBRN,OEM,52.4,C,New,Sensors,Vend des sous-systèmes / composants à un OEM construisant NRBC / CBRN.,Hi — Blaschke J. ships NRBC / CBRN to Land forces.,Keep in watchlist,
Bliss Munitions Europe,http://www.blissmunitions-eu.com/,États-Unis,KENTWOOD,https://www.linkedin.com/company/bliss-munitions-europe/,Ammunition,Distributeur,70.4,B,New,Energetic materials,Canal de distribution / représentation pour notre portefeuille.,Hi — we're scouting an exclusive distributor for Europe (+7).,Review website and validate opportunity,
Block'Axess,https://www.blockaxess.com/,France,SAINT-ÉTIENNE,,Other,À vérifier,,D,New,To enrich,Qualifier l'activité avant tout pitch ciblé.,To enrich,No immediate action,
Blücher GmbH,http://www.bluecher.com/,Allemagne,ERKRATH,https://www.linkedin.com/company/bl-cher-gmbh/,Soldier systems,OEM,64.0,B,New,Composite materials,"Vend des sous-systèmes / composants à un OEM construisant Soldier equipment, Logistics equipment.","Hi — Blücher GmbH ships Soldier equipment, Logistics equipment (+2) to defense customers.",Review website and validate opportunity,
Bluewater Sweden AB,http://bluewatergroup.com/,Suède,STOCKHOLM,,Other,À vérifier,,D,New,To enrich,Qualifier l'activité avant tout pitch ciblé.,To enrich,No immediate action,
BMC OTOMOTIV SANAYI VE TICARET A.S.,https://bmc.com.tr/,Turquie,IZMIR,,Armored vehicles,OEM,51.5,C,New,Engines / propulsion,"Vend des sous-systèmes / composants à un OEM construisant Vehicles, Engines / propulsion.",Hi — BMC OTOMOTIV SANAYI VE TICARET A.S.,Keep in watchlist,
BNP Paribas,https://mabanque.bnpparibas/,France,Paris,,Other,À vérifier,,D,New,To enrich,Qualifier l'activité avant tout pitch ciblé.,To enrich,No immediate action,
BNT Tvornica masina i hidraulike d.d.,https://www.bnt-tmh.ba/,Bosnia and Herzegovina,NOVI TRAVNIK,,Other,À vérifier,,D,New,To enrich,Qualifier l'activité avant tout pitch ciblé.,To enrich,No immediate action,
BODY ARMOR RECYCLER,http://www.body-armor-recycler.com/,France,FRESSE SUR MOSELLE,,Ballistic protection,OEM,56.5,C,New,"Raw materials (carbon fiber, resins)","Aramide, céramique, composites, certification balistique.","Hi — I noticed BODY ARMOR RECYCLER builds Composite materials, Ballistic protection (+1) for Ballistic protection.",Keep in watchlist,
Boehringer / VDF Boehringer,https://www.ffg-ea.com/,Allemagne,Eislingen,,Other,À vérifier,,D,New,To enrich,Qualifier l'activité avant tout pitch ciblé.,To enrich,No immediate action,
BOLD,http://boldtechnology.com/,Espagne,MONTMELO,https://www.linkedin.com/company/bold-valuable-technology-limited/,Other,À vérifier,17.6,D,New,Industrial subcontracting / machining,Qualifier l'activité avant tout pitch ciblé.,Hi — I noticed BOLD at Eurosatory.,No immediate action,
BOOXit,https://www.booxit.at/,Autriche,FISCHLHAM,https://www.linkedin.com/in/peter-entenfellner-16a35a8a/,Logistics / MRO,OEM,45.2,C,New,Cloud / data services,"Vend des sous-systèmes / composants à un OEM construisant Software / Platforms, Logistics equipment.","Hi — BOOXit ships Software / Platforms, Logistics equipment to defense customers.",Keep in watchlist,
Borovo d.d.,https://www.borovo.hr/,Croatie,Vukovar,,Other,À vérifier,,D,New,To enrich,Qualifier l'activité avant tout pitch ciblé.,To enrich,No immediate action,
BörüCASE,https://www.borucase.com/,Turquie,SİVAS,,Other,À vérifier,,D,New,To enrich,Qualifier l'activité avant tout pitch ciblé.,To enrich,No immediate action,
Bosch Engineering GmbH,http://www.bosch-engineering.com/,Allemagne,Abstatt,,Other,À vérifier,,D,New,To enrich,Qualifier l'activité avant tout pitch ciblé.,To enrich,No immediate action,
Bosch Rexroth,http://www.boschrexroth.com/,Allemagne,LOHR AM MAIN,https://www.linkedin.com/company/bosch-rexroth/,AI / data,OEM,80.0,A,New,Cloud / data services,"GPUs, cloud, data annotation, hardening cyber pour plateforme IA.","Hi — I noticed Bosch Rexroth builds Software / Platforms, Communications networks (+7) for AI / data.",Contact sales team and qualify need,
Boston Dynamics,https://www.bostondynamics.com/,États-Unis,WALTHAM,,Other,À vérifier,,D,New,To enrich,Qualifier l'activité avant tout pitch ciblé.,To enrich,No immediate action,
BOWAS-INDUPLAN CHEMIE GesmbH,,Autriche,Salzburg,,Other,À vérifier,,D,New,To enrich,Qualifier l'activité avant tout pitch ciblé.,To enrich,No immediate action,
BPCE,https://www.groupebpce.com/,France,Paris,,Other,À vérifier,,D,New,To enrich,Qualifier l'activité avant tout pitch ciblé.,To enrich,No immediate action,
Bpifrance,https://www.bpifrance.fr/,France,MAISONS-ALFORT,,Other,À vérifier,,D,New,To enrich,Qualifier l'activité avant tout pitch ciblé.,To enrich,No immediate action,
"BR Industrial Textile, a.s.",,République tchèque,Ostrava,,Other,À vérifier,,D,New,To enrich,Qualifier l'activité avant tout pitch ciblé.,To enrich,No immediate action,
Brasa Defence Systems,https://www.brasa.lv/,Lettonie,MARUPE,,Other,À vérifier,,D,New,To enrich,Qualifier l'activité avant tout pitch ciblé.,To enrich,No immediate action,
BREN-TRONICS,http://www.bren-tronics.com/,France,PARIS,,Other,À vérifier,,D,New,To enrich,Qualifier l'activité avant tout pitch ciblé.,To enrich,No immediate action,
BRIE CHAMPAGNE INDUSTRIE,http://www.bc-indus.fr/,France,BELLOT,,Other,À vérifier,,D,New,To enrich,Qualifier l'activité avant tout pitch ciblé.,To enrich,No immediate action,
Brigade de sapeurs-pompiers de Paris,https://www.pompiersparis.fr/,France,PARIS,,Other,À vérifier,,D,New,To enrich,Qualifier l'activité avant tout pitch ciblé.,To enrich,No immediate action,
Bron Technologies,,Pologne,Warsawa,,Other,À vérifier,,D,New,To enrich,Qualifier l'activité avant tout pitch ciblé.,To enrich,No immediate action,
Broshuis B.V.,https://www.broshuis.com/,Pays-Bas,,,Armored vehicles,OEM,72.1,B,New,Engines / propulsion,"Moteurs, composites, plaques balistiques, optronique, comms pour OEM blindés.",Hi — I noticed Broshuis B.V.,Review website and validate opportunity,
BROSWARM,,Lituanie,Vilnius,,Other,À vérifier,,D,New,To enrich,Qualifier l'activité avant tout pitch ciblé.,To enrich,No immediate action,
BROWNELL DIATERO,http://brownell.fr/,France,Neuilly-sur-Seine,,Other,À vérifier,,D,New,To enrich,Qualifier l'activité avant tout pitch ciblé.,To enrich,No immediate action,
"BRP, INC.",http://www.brp.com/en/,Canada,PLANO,https://linkedin.com/company/brp,Naval defense,OEM,62.5,B,New,Mechanical parts,"Vend des sous-systèmes / composants à un OEM construisant Engines / propulsion, Vehicles.","Hi — BRP, INC. ships Engines / propulsion, Vehicles (+2) to defense customers.",Review website and validate opportunity,
Bruhn Newtech A/S,https://bruhn-newtech.com/,Danemark,KØBENHAVN,,Other,À vérifier,,D,New,To enrich,Qualifier l'activité avant tout pitch ciblé.,To enrich,No immediate action,
BRUKER,http://www.bruker.com/detection,Allemagne,"ETTLINGEN, BADEN-WUERTTEMBERG",https://www.linkedin.com/company/bruker-optics/posts/?feedView=all,Logistics / MRO,Distributeur,61.9,B,New,Cloud / data services,"Pièces de rechange, calibration, certification pour acteurs MRO.",Hi — I noticed BRUKER builds Software / Platforms for Logistics / MRO.,Review website and validate opportunity,
BRUNELLO,http://www.brunellospa.com/,Italie,BRUNELLO,,Other,À vérifier,,D,New,To enrich,Qualifier l'activité avant tout pitch ciblé.,To enrich,No immediate action,
Bruns Exhibitions,https://www.bruns-messebau.de/,Allemagne,MUNICH,,Other,À vérifier,,D,New,To enrich,Qualifier l'activité avant tout pitch ciblé.,To enrich,No immediate action,
BSE,https://www.bse-ambulances.com./,France,HENDAYE,,Other,À vérifier,,D,New,To enrich,Qualifier l'activité avant tout pitch ciblé.,To enrich,No immediate action,
BT2i,https://www.bt2igroup.com/,France,MERIGNAC,,Other,À vérifier,,D,New,To enrich,Qualifier l'activité avant tout pitch ciblé.,To enrich,No immediate action,
BTG Suisse AG,https://www.btg-suisse.ch/,Suisse,PRATTELN,,Naval defense,Distributeur,72.6,B,New,RF / microwave components,"Radars, sonars, comms, armement, sustainment pour primes navals.","Hi — I noticed BTG Suisse AG builds Communications networks, Naval systems (+2) for Naval defense.",Review website and validate opportunity,
"BTRY.ENERGY"" LLC",https://btry.energy/en,Ukraine,KIEV,https://www.linkedin.com/company/btry-energy/,Intelligence / ISR,OEM,76.5,A,New,Energy / batteries,"Vend des sous-systèmes / composants à un OEM construisant UAV / drones, Optronics / Optics.","Hi — BTRY.ENERGY"" LLC ships UAV / drones, Optronics / Optics (+8) to Land forces, Defense ministries (+1).",Contact sales team and qualify need,
Bulletliner France,https://www.bulletliner.fr/,France,CHASSIEU,https://www.linkedin.com/company/bullet-liner-france/,Other,À vérifier,,D,New,To enrich,Qualifier l'activité avant tout pitch ciblé.,To enrich,No immediate action,
Business France,https://www.businessfrance.fr/,France,PARIS,,Other,À vérifier,,D,New,To enrich,Qualifier l'activité avant tout pitch ciblé.,To enrich,No immediate action,
BUSINESS OULU / DEFTECH NORTH CLUSTER,https://www.businessoulu.com/tietoa-meista/ohjelmat-ja-hankkeet/deftech-cluster-north/,Finlande,OULU,,Other,À vérifier,,D,New,To enrich,Qualifier l'activité avant tout pitch ciblé.,To enrich,No immediate action,
Büttner és Társai Szerszámelemgyártó és Kereskedelmi Ltd.,https://www.buttner.hu/hu,Hongrie,Nagyatád,,Other,À vérifier,,D,New,To enrich,Qualifier l'activité avant tout pitch ciblé.,To enrich,No immediate action,
C.E. NIEHOFF & CO,http://www.ceniehoff.com/,États-Unis,EVANSTON ILLINOIS,,Other,À vérifier,,D,New,To enrich,Qualifier l'activité avant tout pitch ciblé.,To enrich,No immediate action,
C.S.A. Construction Structures Aéronautiques,https://csa-creuzet.com/,France,MARMANDE,,Other,À vérifier,,D,New,To enrich,Qualifier l'activité avant tout pitch ciblé.,To enrich,No immediate action,
CALCUB,https://www.calcub.com/,France,BERGERAC,,Other,À vérifier,,D,New,To enrich,Qualifier l'activité avant tout pitch ciblé.,To enrich,No immediate action,
Calian,https://www.calian.com/,Canada,OTTAWA,https://www.linkedin.com/company/calian,Intelligence / ISR,OEM,82.0,A,New,Electronic components,"Capteurs, payloads optroniques, communications pour plateformes ISR.","Hi — I noticed Calian builds Sensors, Radars (+18) for Intelligence / ISR.",Contact sales team and qualify need,
Calidus,,Émirats arabes unis,Abu Dhabi,,Other,À vérifier,,D,New,To enrich,Qualifier l'activité avant tout pitch ciblé.,To enrich,No immediate action,
CALIP GROUP,http://www.calip-group.fr/,France,MOULT,https://www.linkedin.com/company/calip-group/,Space / satellite,Équipementier,62.2,B,New,"Raw materials (steel, aluminium)","Composites, capteurs, comms, lancement pour primes spatiaux.",Hi — I noticed CALIP GROUP builds Mechanical parts for Space / satellite.,Review website and validate opportunity,
CALIPSO,https://seaeurope.eu/,Belgique,BRUXELLES,,Other,À vérifier,,D,New,To enrich,Qualifier l'activité avant tout pitch ciblé.,To enrich,No immediate action,
Cambridge Aerospace,https://www.cambridgeaerospace.com/,Royaume-Uni,"LONDON,",,Other,À vérifier,,D,New,To enrich,Qualifier l'activité avant tout pitch ciblé.,To enrich,No immediate action,
CAMBRIDGE PIXEL,http://cambridgepixel.com/,Royaume-Uni,HERTS,https://www.linkedin.com/company/cambridge-pixel,Electronic warfare,OEM,82.0,A,New,Energy / batteries,"Amplis RF, processeurs signal, embarqué, antennes pour EW.","Hi — I noticed CAMBRIDGE PIXEL builds UAV / drones, Counter-UAV systems (+9) for Electronic warfare.",Contact sales team and qualify need,
CANADIAN ASSOCIATION OF DEFENCE AND SECURITY INDUS,http://www.defenceandsecurity.ca/,Canada,OTTAWA,,Land defense,Distributeur,79.0,A,New,Cloud / data services,"Sous-systèmes, composites, certification pour primes terrestres.","Hi — I noticed CANADIAN ASSOCIATION OF DEFENCE AND SECURITY INDUS builds Software / Platforms, UAV / drones (+9) for Land defense.",Contact sales team and qualify need,
Canca Savunma,http://cancasavunma.com/En/Default.aspx,Turquie,ISTANBUL,,Ammunition,Sous-traitant industriel,50.9,C,New,Energetic materials,"Matériaux énergétiques, mécanique, packaging, certification.",Hi — I noticed Canca Savunma builds Ammunition for Ammunition.,Keep in watchlist,
CANDYVOICE,,France,STRASBOURG,,Other,À vérifier,,D,New,To enrich,Qualifier l'activité avant tout pitch ciblé.,To enrich,No immediate action,
CANiK,https://www.canikarms.com/en,Turquie,SAMSUN,,Other,À vérifier,,D,New,To enrich,Qualifier l'activité avant tout pitch ciblé.,To enrich,No immediate action,
CAP2I,https://cap2i.eu/fr/index.php,France,SARTROUVILLE,,Other,À vérifier,,D,New,To enrich,Qualifier l'activité avant tout pitch ciblé.,To enrich,No immediate action,
CAPAUL,,Belgique,EUPEN,,Other,À vérifier,,D,New,To enrich,Qualifier l'activité avant tout pitch ciblé.,To enrich,No immediate action,
CAPGEMINI TECHNOLOGY SERVICES,http://www.capgemini.com/fr-fr/,France,LYON CEDEX 07,,Other,À vérifier,,D,New,To enrich,Qualifier l'activité avant tout pitch ciblé.,To enrich,No immediate action,
Captec Group,http://www.captec-group.com/,Royaume-Uni,Fareham,https://www.linkedin.com/company/captec/,Other,À vérifier,17.6,D,New,Industrial subcontracting / machining,Qualifier l'activité avant tout pitch ciblé.,Hi — I noticed Captec Group at Eurosatory.,No immediate action,
CARBON 01,http://carbon01.com/,France,BOURGES,https://www.linkedin.com/company/19122698/admin/dashboard/,Other,À vérifier,26.1,D,New,Industrial subcontracting / machining,Activité à qualifier — discovery call avant pitch précis.,Hi — I noticed CARBON 01 builds — for Other.,No immediate action,
CARBON LIGHT PVT. LTD,https://www.carbonlight.com/,Inde,Ghaziabad,,Other,À vérifier,,D,New,To enrich,Qualifier l'activité avant tout pitch ciblé.,To enrich,No immediate action,
CARCANO SPA,https://www.carcano.it/,Italie,ALBESE CON CASSANO,https://www.linkedin.com/company/stamperia-carcano-giuseppe-s-p-a,C4ISR,Sous-traitant industriel,62.0,B,New,Mechanical parts,"Composants, sous-systèmes, software, services pour primes C4ISR.","Hi — I noticed CARCANO SPA builds Logistics equipment, Soldier equipment (+2) for C4ISR.",Review website and validate opportunity,
Carinthia - Goldeck Textil,http://www.carinthia.eu/,Autriche,SEEBODEN,,Ammunition,OEM,48.0,C,New,"Materials (Li-ion, electrolytes)","Vend des sous-systèmes / composants à un OEM construisant Energy / batteries, Ammunition.","Hi — Carinthia - Goldeck Textil ships Energy / batteries, Ammunition to Special forces.",Keep in watchlist,
Carl Aug. Picard GmbH,http://www.capicard.de/,Allemagne,REMSCHEID,https://www.linkedin.com/company/carl-aug.-picard-gmbh-&-co.-kg,Radar / sensors,OEM,83.5,A,New,Industrial subcontracting / machining,"Front-ends RF, processeurs, mécanique de précision pour fabricants radars.",Hi — I noticed Carl Aug.,Contact sales team and qualify need,
Carmenta Geospatial Technologies,http://www.carmenta.com/,Suède,GOTHENBURG,https://www.linkedin.com/company/carmenta-ab,Intelligence / ISR,OEM,73.0,B,New,Energy / batteries,"Capteurs, payloads optroniques, communications pour plateformes ISR.","Hi — I noticed Carmenta Geospatial Technologies builds UAV / drones, Software / Platforms (+8) for Intelligence / ISR.",Review website and validate opportunity,
CARTONI SpA,http://www.cartoni.com/,Italie,ROME,https://www.linkedin.com/company/10207092/admin/dashboard/,Air defense,Distributeur,80.0,A,New,Mechanical parts,"Radars, missiles, comms, électroniques pour systèmes anti-aériens.","Hi — I noticed CARTONI SpA builds Logistics equipment, Composite materials (+6) for Air defense.",Contact sales team and qualify need,
CASE CONSTRUCTION EQUIPMENT,https://www.casece.com/fr-fr/europe,France,ETAMPES,,Other,À vérifier,,D,New,To enrich,Qualifier l'activité avant tout pitch ciblé.,To enrich,No immediate action,
CAT Defense,https://cat.com/defense,États-Unis,TEXAS,,Other,À vérifier,,D,New,To enrich,Qualifier l'activité avant tout pitch ciblé.,To enrich,No immediate action,
ČATEKS,https://cateks.hr/,Croatie,ČAKOVEC,,Other,À vérifier,,D,New,To enrich,Qualifier l'activité avant tout pitch ciblé.,To enrich,No immediate action,
CAVEL,https://www.cavel.it/EN,Italie,GROPELLO CAIROLI,https://www.linkedin.com/search/results/all/?fetchDeterministicClustersOnly=true&heroEntityKey=urn%3Ali%3Aorganization%3A74693622&keywords=cavel%20italiana%20conduttori&origin=RICH_QUERY_TYPEAHEAD_HISTORY&position=0&searchId=27d06b74-18ce-4ade-926c-f11084,Optics / optronics,OEM,71.4,B,New,Mechanical parts,"Vend des sous-systèmes / composants à un OEM construisant Logistics equipment, Communications networks.","Hi — CAVEL ships Logistics equipment, Communications networks (+1) to defense customers.",Review website and validate opportunity,
CBC,https://www.cbc.com.br/,Brésil,São Paulo,,Other,À vérifier,,D,New,To enrich,Qualifier l'activité avant tout pitch ciblé.,To enrich,No immediate action,
CCI BOURGOGNE FRANCHE COMTE,http://www.bourgognefranchecomte.cci.fr/,France,DIJON CEDEX,,Other,À vérifier,,D,New,To enrich,Qualifier l'activité avant tout pitch ciblé.,To enrich,No immediate action,
CCI GRAND EST,http://www.industrie.cci.alsace/,France,STRASBOURG CEDEX,https://www.linkedin.com/search/results/all/?keywords=jacques%20meyer&origin=GLOBAL_SEARCH_HEADER&sid=fCD,Other,À vérifier,,D,New,To enrich,Qualifier l'activité avant tout pitch ciblé.,To enrich,No immediate action,
CCI PARIS ILE-DE-FRANCE,http://www.cci-paris-idf.fr/,France,PARIS,,Other,À vérifier,,D,New,To enrich,Qualifier l'activité avant tout pitch ciblé.,To enrich,No immediate action,
CCI Seine-et-Marne,,France,Marne-la-Vallée Cedex 4,,Other,À vérifier,,D,New,To enrich,Qualifier l'activité avant tout pitch ciblé.,To enrich,No immediate action,
CCO CREATIVE CONSULTING,http://www.cco-germany.eu/,Allemagne,FELDKIRCHEN,,Naval defense,Distributeur,65.4,B,New,Mechanical parts,"Radars, sonars, comms, armement, sustainment pour primes navals.",Hi — I noticed CCO CREATIVE CONSULTING builds Logistics equipment for Naval defense.,Review website and validate opportunity,
CDDS,https://www.cdds.ai/,Suisse,SCHLIEREN,https://www.linkedin.com/company/cdds,Radar / sensors,OEM,68.5,B,New,Energy / batteries,"Front-ends RF, processeurs, mécanique de précision pour fabricants radars.","Hi — I noticed CDDS builds UAV / drones, Logistics equipment (+4) for Radar / sensors.",Review website and validate opportunity,
CEA,https://www.cea.fr/,France,GIF SUR YVETTE CEDEX,https://www.linkedin.com/company/cea/,Other,À vérifier,,D,New,To enrich,Qualifier l'activité avant tout pitch ciblé.,To enrich,No immediate action,
CEFA,http://www.cefa.fr/fr/,France,SOULTZ-SOUS-FORÊTS,https://fr.linkedin.com/company/cefasas,Other,À vérifier,,D,New,To enrich,Qualifier l'activité avant tout pitch ciblé.,To enrich,No immediate action,
CEGELEC Défense,http://www.defense.cegelec.com/,France,TOULOUSE CEDEX 1,https://www.linkedin.com/company/cegelec-d-fense/,NRBC / CBRN,OEM,58.9,C,New,Sensors,"Capteurs détection, filtration, EPI certifié.",Hi — I noticed CEGELEC Défense builds NRBC / CBRN for NRBC / CBRN.,Keep in watchlist,
CEIA SPA,http://www.ceia.net/,Italie,52041 VICIOMAGGIO - AREZZO,,Other,À vérifier,,D,New,To enrich,Qualifier l'activité avant tout pitch ciblé.,To enrich,No immediate action,
CELLOCK,https://www.cellock.com/,Cyprus,NICOSIA,https://www.linkedin.com/company/cellock/,Intelligence / ISR,OEM,73.0,B,New,Engines / propulsion,"Capteurs, payloads optroniques, communications pour plateformes ISR.","Hi — I noticed CELLOCK builds Vehicles, UAV / drones (+10) for Intelligence / ISR.",Review website and validate opportunity,
CELLULAR EXPERT,https://www.cellular-expert.com/,Lituanie,VILNIUS,,Other,À vérifier,,D,New,To enrich,Qualifier l'activité avant tout pitch ciblé.,To enrich,No immediate action,
Cemar International Industrial,https://www.cemar-international.com/,Émirats arabes unis,DUBAI,,Other,À vérifier,,D,New,To enrich,Qualifier l'activité avant tout pitch ciblé.,To enrich,No immediate action,
CENATS,http://www.cenats.com/,France,SERRE-LES-SAPINS,,Other,À vérifier,,D,New,To enrich,Qualifier l'activité avant tout pitch ciblé.,To enrich,No immediate action,
Censec,,Danemark,Karup J,,Other,À vérifier,,D,New,To enrich,Qualifier l'activité avant tout pitch ciblé.,To enrich,No immediate action,
CENSUS,https://census-labs.com/,Grèce,ATHÈNES,https://www.linkedin.com/company/census/,Cybersecurity,Distributeur,74.0,B,New,Mechanical parts,"Threat intel, hardware appliances, cloud souverain, audits.","Hi — I noticed CENSUS builds Logistics equipment, Communications networks (+7) for Cybersecurity.",Review website and validate opportunity,
CENTER OF INNOVATIVE TECHNOLOGIES LLC,https://itm-llc.uz/,Uzbekistan,TASHKENT,,Other,À vérifier,,D,New,To enrich,Qualifier l'activité avant tout pitch ciblé.,To enrich,No immediate action,
Centigon France,http://www.centigon.fr/,France,LAMBALLE-ARMOR,https://fr.linkedin.com/company/centigon-france-sas,Intelligence / ISR,OEM,71.1,B,New,Engines / propulsion,"Capteurs, payloads optroniques, communications pour plateformes ISR.","Hi — I noticed Centigon France builds Vehicles, UAV / drones (+1) for Intelligence / ISR.",Review website and validate opportunity,
CENTUM,http://centum.com/en/,Espagne,VIGO,https://www.linkedin.com/company/wearecentum/,Electronic warfare,OEM,71.0,B,New,Energy / batteries,"Amplis RF, processeurs signal, embarqué, antennes pour EW.","Hi — I noticed CENTUM builds UAV / drones, Sensors (+7) for Electronic warfare.",Review website and validate opportunity,
"CENTURY ARMS, INC.",https://www.centuryarms.com/,États-Unis,West Palm Beach,,Other,À vérifier,,D,New,To enrich,Qualifier l'activité avant tout pitch ciblé.,To enrich,No immediate action,
CEOTRONICS AG,https://www.ceotronics.com/,Allemagne,RÖDERMARK,,Other,À vérifier,,D,New,To enrich,Qualifier l'activité avant tout pitch ciblé.,To enrich,No immediate action,
CERANEXT LTD,https://ceranext.com/,Cyprus,NICOSIA,,Other,À vérifier,,D,New,To enrich,Qualifier l'activité avant tout pitch ciblé.,To enrich,No immediate action,
CERBAIR,https://www.cerbair.com/fr/,France,MONTROUGE,,Other,À vérifier,,D,New,To enrich,Qualifier l'activité avant tout pitch ciblé.,To enrich,No immediate action,
CERIMATEC,https://www.cerimatec.fr/,France,VAL DE REUIL,,Other,À vérifier,,D,New,To enrich,Qualifier l'activité avant tout pitch ciblé.,To enrich,No immediate action,
CERTIX GROUP,https://www.certix-group.com/,France,Beaucouze,,Other,À vérifier,,D,New,To enrich,Qualifier l'activité avant tout pitch ciblé.,To enrich,No immediate action,
CES Advanced Armour,http://www.cesarmour.co.uk/,Turquie,ANKARA,https://tr.linkedin.com/company/cesarmour,Soldier systems,OEM,78.0,A,New,Composite materials,"Textiles, composites, optronique, énergie pour kits soldat.","Hi — I noticed CES Advanced Armour builds Soldier equipment, Logistics equipment (+4) for Soldier systems.",Contact sales team and qualify need,
Česká agentura na podporu obchodu / CzechTrade,https://www.czechtrade.eu/,République tchèque,PRAHA 2,,Other,À vérifier,,D,New,To enrich,Qualifier l'activité avant tout pitch ciblé.,To enrich,No immediate action,
Ceska zbrojovka a.s.,http://www.czub.cz/,République tchèque,UHERSKY BROD,,Weapons,OEM,57.9,C,New,Mechanical parts,"Vend des sous-systèmes / composants à un OEM construisant Weapons, Robotics / UGV.",Hi — Ceska zbrojovka a.s.,Keep in watchlist,
CET Fire Pumps,https://www.fire-pump.com/,Canada,PIERREVILLE QC,,Other,À vérifier,,D,New,To enrich,Qualifier l'activité avant tout pitch ciblé.,To enrich,No immediate action,
CETIC,https://www.cetic.fr/,France,GAZERAN,https://www.linkedin.com/company/cetic-sas/posts/?feedView=all,Space / satellite,Bureau d'ingénierie,56.3,C,New,Composite materials,"Composites, capteurs, comms, lancement pour primes spatiaux.","Hi — I noticed CETIC builds Satellites / Space, Ammunition for Space / satellite.",Keep in watchlist,
CetraC Technologies,https://www.cetrac.io/,France,PARIS,,Other,À vérifier,,D,New,To enrich,Qualifier l'activité avant tout pitch ciblé.,To enrich,No immediate action,
CGR INTERNATIONAL,http://www.cgr-international.com/,France,SEVRAN,https://www.linkedin.com/company/cgrinternational-/posts/?feedView=all,Space / satellite,OEM,77.5,A,New,"Raw materials (steel, aluminium)","Composites, capteurs, comms, lancement pour primes spatiaux.","Hi — I noticed CGR INTERNATIONAL builds Mechanical parts, Robotics / UGV (+6) for Space / satellite.",Contact sales team and qualify need,
"Chaiseri Metal & Rubber Co.,Ltd.",https://www.chaiseri-defense.com/,Thaïlande,PATHUMTHANI,,Other,À vérifier,,D,New,To enrich,Qualifier l'activité avant tout pitch ciblé.,To enrich,No immediate action,
CHELTON,https://www.chelton.com/,Royaume-Uni,MARLOW,https://www.linkedin.com/company/chelton,Electronic warfare,OEM,78.0,A,New,Engines / propulsion,"Amplis RF, processeurs signal, embarqué, antennes pour EW.","Hi — I noticed CHELTON builds Vehicles, Logistics equipment (+6) for Electronic warfare.",Contact sales team and qualify need,
Chemring Group,http://www.chemring.co.uk/,Royaume-Uni,HAMPSHIRE,,Other,À vérifier,,D,New,To enrich,Qualifier l'activité avant tout pitch ciblé.,To enrich,No immediate action,
Chesneau Serret,https://www.chesneau-serret.com/,France,Sarrey,,Other,À vérifier,,D,New,To enrich,Qualifier l'activité avant tout pitch ciblé.,To enrich,No immediate action,
CHESS DYNAMICS LTD,http://www.chess-dynamics.com/,Royaume-Uni,HORSHAM,,Other,À vérifier,,D,New,To enrich,Qualifier l'activité avant tout pitch ciblé.,To enrich,No immediate action,
CHIMNEY TRAIL HEALTH,http://www.chimneytrailhealth.com/,États-Unis,WINDSOR,https://www.linkedin.com/in/matt-brown-preventive-cbt/,Electronic warfare,OEM,78.0,A,New,Cloud / data services,"Amplis RF, processeurs signal, embarqué, antennes pour EW.","Hi — I noticed CHIMNEY TRAIL HEALTH builds Software / Platforms, Logistics equipment (+5) for Electronic warfare.",Contact sales team and qualify need,
CHINA GREAT WALL INTERNATIONAL EXHIBITION CO LTD,http://www.chgie.com/,Chine,BEIJING,,Other,OEM,34.8,D,New,"Materials (Li-ion, electrolytes)",Vend des sous-systèmes / composants à un OEM construisant Energy / batteries.,Hi — CHINA GREAT WALL INTERNATIONAL EXHIBITION CO LTD ships Energy / batteries to defense customers.,No immediate action,
CHINA NORTH INDUSTRIES CORP,http://www.norinco.com.cn/,Chine,BEIJING,,Air defense,À vérifier,30.6,D,New,Industrial subcontracting / machining,Qualifier l'activité avant tout pitch ciblé.,Hi — I noticed CHINA NORTH INDUSTRIES CORP at Eurosatory.,No immediate action,
Chrosziel GmbH,http://www.chrosziel.com/,Allemagne,Hohenbrunn,,Other,À vérifier,,D,New,To enrich,Qualifier l'activité avant tout pitch ciblé.,To enrich,No immediate action,
CHS Spezialcontainer-Shelter and Engineering,http://www.chs-containergroup.com/,Allemagne,BREMEN,,Other,À vérifier,,D,New,To enrich,Qualifier l'activité avant tout pitch ciblé.,To enrich,No immediate action,
CHSNOR AS,http://www.chsnor.no/,Norvège,MOELV,,Other,À vérifier,,D,New,To enrich,Qualifier l'activité avant tout pitch ciblé.,To enrich,No immediate action,
Cicor Group,http://www.cicor.com/,France,BRONSCHHOFEN,https://www.linkedin.com/company/cicorgroup/posts/?feedView=all,Cybersecurity,Bureau d'ingénierie,74.0,B,New,Industrial subcontracting / machining,"Threat intel, hardware appliances, cloud souverain, audits.","Hi — I noticed Cicor Group builds Electronic components, Energy / batteries (+6) for Cybersecurity.",Review website and validate opportunity,
CIDER ENGINEERING,http://www.ciderengineering.com/,France,ROANNE,,Other,À vérifier,,D,New,To enrich,Qualifier l'activité avant tout pitch ciblé.,To enrich,No immediate action,
CILAS,http://www.cilas.com/,France,ORLEANS,,Other,À vérifier,,D,New,To enrich,Qualifier l'activité avant tout pitch ciblé.,To enrich,No immediate action,
CIMES,https://www.cimesfrance.com/,France,FAMARS,,Other,À vérifier,,D,New,To enrich,Qualifier l'activité avant tout pitch ciblé.,To enrich,No immediate action,
CINADRA,https://cinadra.com.br/,Brésil,RIO DE JANEIRO,,Other,À vérifier,,D,New,To enrich,Qualifier l'activité avant tout pitch ciblé.,To enrich,No immediate action,
CIRRA PACKAGING,https://www.cirrapackaging.com/,France,BUC CEDEX,,Other,À vérifier,,D,New,To enrich,Qualifier l'activité avant tout pitch ciblé.,To enrich,No immediate action,
Cisco Systems France Sarl - Attn. Accounts Payable,https://cisco.fr/,France,PARIS,,Other,À vérifier,,D,New,To enrich,Qualifier l'activité avant tout pitch ciblé.,To enrich,No immediate action,
CISTELAIER S.P.A.,https://www.cistelaier.com/,Italie,MODENA,,Other,À vérifier,,D,New,To enrich,Qualifier l'activité avant tout pitch ciblé.,To enrich,No immediate action,
CISTEME,https://cisteme.net/,France,Limoges,,Other,À vérifier,,D,New,To enrich,Qualifier l'activité avant tout pitch ciblé.,To enrich,No immediate action,
Clarion Defence & Security,,Royaume-Uni,London,,Other,À vérifier,,D,New,To enrich,Qualifier l'activité avant tout pitch ciblé.,To enrich,No immediate action,
Clavister,http://www.clavister.com/,Suède,Örnsköldsvik,https://www.linkedin.com/company/clavister/,Cybersecurity,Distributeur,69.5,B,New,Cloud / data services,"Outils SOC/SIEM, brique de sécurité défensive pour vendeur cyber.","Hi — Clavister ships Software / Platforms, Cybersecurity solutions (+3) to Critical infrastructure, Land forces.",Review website and validate opportunity,
CLECIM SAS,http://www.clecim.com/,France,SAVIGNEUX,https://www.linkedin.com/company/clecim/?viewAsMember=true,Logistics / MRO,OEM,67.4,B,New,Mechanical parts,"Pièces de rechange, calibration, certification pour acteurs MRO.","Hi — I noticed CLECIM SAS builds Logistics equipment, Robotics / UGV for Logistics / MRO.",Review website and validate opportunity,
"Click Bond, Inc.",https://www.clickbond.com/,États-Unis,Carson City,,Other,À vérifier,,D,New,To enrich,Qualifier l'activité avant tout pitch ciblé.,To enrich,No immediate action,
CLUSTER ASD ALTYTUD,https://www.altytud.fr/,France,MÉAULTE,,Other,À vérifier,,D,New,To enrich,Qualifier l'activité avant tout pitch ciblé.,To enrich,No immediate action,
Cluster PRIMUS Défense & Sécurité,http://clusterprimus.fr/,France,TOULOUSE,https://www.linkedin.com/company/primus-cluster/,Intelligence / ISR,Sous-traitant industriel,68.5,B,New,Mechanical parts,"Capteurs, payloads optroniques, communications pour plateformes ISR.","Hi — I noticed Cluster PRIMUS Défense & Sécurité builds Engines / propulsion, Logistics equipment (+7) for Intelligence / ISR.",Review website and validate opportunity,
CMA CGM,http://www.cmacgm-group.com/en,France,MARSEILLE,https://www.linkedin.com/company/cma-cgm/,Naval defense,OEM,69.6,B,New,Mechanical parts,"Vend des sous-systèmes / composants à un OEM construisant Logistics equipment, Engines / propulsion.","Hi — CMA CGM ships Logistics equipment, Engines / propulsion (+2) to Critical infrastructure.",Review website and validate opportunity,
CMMI - CYPRUS MARINE AND MARITIME INSTITUTE,https://www.cmmi.blue/,Cyprus,LARNACA,,Other,À vérifier,,D,New,To enrich,Qualifier l'activité avant tout pitch ciblé.,To enrich,No immediate action,
CMO OBERNAI,,France,OBERNAI,,Other,À vérifier,,D,New,To enrich,Qualifier l'activité avant tout pitch ciblé.,To enrich,No immediate action,
CMP COMPOSITES,https://cmpcomposites.fr/,France,EYSINES,,Other,À vérifier,,D,New,To enrich,Qualifier l'activité avant tout pitch ciblé.,To enrich,No immediate action,
CNC LEBRUN,https://www.cnclebrun.com/,France,HONFLEUR,,Other,À vérifier,,D,New,To enrich,Qualifier l'activité avant tout pitch ciblé.,To enrich,No immediate action,
CNIM SYSTÈMES INDUSTRIELS,http://www.cnim-systemes-industriels.com/,France,LA SEYNE SUR MER,https://fr.linkedin.com/company/cnim-syst%C3%A8mes-industriels,Armored vehicles,Sous-traitant industriel,63.1,B,New,Electronic components,"Moteurs, composites, plaques balistiques, optronique, comms pour OEM blindés.","Hi — I noticed CNIM SYSTÈMES INDUSTRIELS builds Robotics / UGV, Mechanical parts (+2) for Armored vehicles.",Review website and validate opportunity,
CODICA CABLES TRANSMISSIONS,,France,BARR,,Other,À vérifier,,D,New,To enrich,Qualifier l'activité avant tout pitch ciblé.,To enrich,No immediate action,
COFIDUR EMS,http://www.cofidur-ems.com/,France,Boulazac - Isle Manoire,,Other,À vérifier,,D,New,To enrich,Qualifier l'activité avant tout pitch ciblé.,To enrich,No immediate action,
CoFil - Colombo Filippetti SpA,http://www.cofil.it/,Italie,CASIRATE D'ADDA,https://www.linkedin.com/company/11043718,Cybersecurity,OEM,63.4,B,New,Mechanical parts,"Threat intel, hardware appliances, cloud souverain, audits.",Hi — I noticed CoFil - Colombo Filippetti SpA builds Logistics equipment for Cybersecurity.,Review website and validate opportunity,
COGIT COMPOSITES,http://cogit-composites.com/,France,SAINT GERMAIN DU PUY,https://www.linkedin.com/company/19126628,Simulation / training,Bureau d'ingénierie,58.0,C,New,Composite materials,"Visuel, motion, haptique, IA pour fabricants de simulateurs.",Hi — I noticed COGIT COMPOSITES builds Soldier equipment for Simulation / training.,Keep in watchlist,
COGNE ACCIAI SPECIALI,https://www.cogne.com/,Italie,AOSTA,https://www.linkedin.com/company/cogne-acciai-speciali-spa/mycompany/verification/?viewAsMember=true,Electronic warfare,OEM,72.0,B,New,Electronic components,"Vend des sous-systèmes / composants à un OEM construisant Optronics / Optics, Software / Platforms.","Hi — COGNE ACCIAI SPECIALI ships Optronics / Optics, Software / Platforms (+4) to Aerospace primes, Defense ministries.",Review website and validate opportunity,
COLT CANADA,https://www.coltcanada.com/,Canada,"KITCHENER , ONTARIO",,Other,À vérifier,,D,New,To enrich,Qualifier l'activité avant tout pitch ciblé.,To enrich,No immediate action,
COLT CZ GROUP SE,http://www.coltczgroup.com/,République tchèque,Praha 1,,Optics / optronics,OEM,60.5,B,New,Electronic components,"Vend des sous-systèmes / composants à un OEM construisant Optronics / Optics, Weapons.","Hi — COLT CZ GROUP SE ships Optronics / Optics, Weapons (+2) to Police / law enforcement.",Review website and validate opportunity,
"Colt Electro Optics, LLC",http://coltoptics.com/,États-Unis,"Brighton, Michigan",,Other,À vérifier,,D,New,To enrich,Qualifier l'activité avant tout pitch ciblé.,To enrich,No immediate action,
COLT’S MANUFACTURING COMPANY,https://www.colt.com/,États-Unis,USA,,Other,À vérifier,,D,New,To enrich,Qualifier l'activité avant tout pitch ciblé.,To enrich,No immediate action,
COMAND AI,https://www.comand.ai/fr,France,PARIS,https://www.linkedin.com/company/comand-ai/,Other,À vérifier,,D,New,To enrich,Qualifier l'activité avant tout pitch ciblé.,To enrich,No immediate action,
COMBITECH,http://www.combitech.se/,Suède,Lund,,Other,À vérifier,,D,New,To enrich,Qualifier l'activité avant tout pitch ciblé.,To enrich,No immediate action,
COMERCIAL TORRENTS,http://www.comercialtorrents.com/en/,Espagne,VELEZ RUBIO,https://www.linkedin.com/company/comercial-torrents/,Weapons,OEM,67.1,B,New,Mechanical parts,"Vend des sous-systèmes / composants à un OEM construisant Weapons, Ammunition.","Hi — COMERCIAL TORRENTS ships Weapons, Ammunition (+2) to Defense ministries.",Review website and validate opportunity,
COMEXPOSIUM SECURITY,http://www.milipol.com/,France,COURBEVOIE,,Other,À vérifier,,D,New,To enrich,Qualifier l'activité avant tout pitch ciblé.,To enrich,No immediate action,
COMMUNAUTE D'AGGLOMERATION BOURGES PLUS,http://www.cid.bourgesplus.fr/,France,BOURGES CEDEX,https://www.linkedin.com/company/cidbourges/,Intelligence / ISR,Sous-traitant industriel,70.5,B,New,Cloud / data services,"Capteurs, payloads optroniques, communications pour plateformes ISR.","Hi — I noticed COMMUNAUTE D'AGGLOMERATION BOURGES PLUS builds Software / Platforms, Robotics / UGV (+9) for Intelligence / ISR.",Review website and validate opportunity,
Companhia Nitro Química Brasileira,https://nitro.com.br/,Brésil,SÃO PAULO,https://www.linkedin.com/company/htpp-nitroquimica-com-br/?viewAsMember=true,Soldier systems,À vérifier,27.6,D,New,Industrial subcontracting / machining,Qualifier l'activité avant tout pitch ciblé.,Hi — I noticed Companhia Nitro Química Brasileira at Eurosatory.,No immediate action,
"COMPASS ARMOR MANUFACTURING (BEIJING) CO., LTD",http://www.compassint.cn/,Chine,BEIJING,https://www.linkedin.com/company/compassarmor,Soldier systems,OEM,68.0,B,New,Engines / propulsion,"Textiles, composites, optronique, énergie pour kits soldat.","Hi — I noticed COMPASS ARMOR MANUFACTURING (BEIJING) CO., LTD builds Vehicles, UAV / drones (+6) for Soldier systems.",Review website and validate opportunity,
COMPOSHIELD,https://www.composhield.com/,Danemark,HADSTEN,https://www.linkedin.com/company/113641/feed/posts/,Other,À vérifier,16.6,D,New,Industrial subcontracting / machining,Qualifier l'activité avant tout pitch ciblé.,Hi — I noticed COMPOSHIELD at Eurosatory.,No immediate action,
Composite Builders,https://www.compositebuilders.com/,États-Unis,Holland,,Other,À vérifier,,D,New,To enrich,Qualifier l'activité avant tout pitch ciblé.,To enrich,No immediate action,
CompoTech PLUS,https://www.compotech.com/,République tchèque,SUSICE,,Other,À vérifier,,D,New,To enrich,Qualifier l'activité avant tout pitch ciblé.,To enrich,No immediate action,
Computacenter,https://www.computacenter.com/,France,ROISSY EN FRANCE,https://www.linkedin.com/company/computacenter/about/,Cybersecurity,Intégrateur,80.0,A,New,Mechanical parts,"Threat intel, hardware appliances, cloud souverain, audits.","Hi — I noticed Computacenter builds Logistics equipment, Communications networks (+3) for Cybersecurity.",Contact sales team and qualify need,
Comrod Communication AS,http://www.comrod.com/,Norvège,TAU,https://www.linkedin.com/company/comrod-communication-asa,Communications,Distributeur,77.0,A,New,Electronic components,"RF, crypto, certification interopérabilité pour radios tactiques.","Hi — I noticed Comrod Communication AS builds Sensors, Naval systems (+6) for Communications.",Contact sales team and qualify need,
CONCURRENT TECHNOLOGIES,https://www.concurrent.tech/,Royaume-Uni,Colchester,,Other,À vérifier,,D,New,To enrich,Qualifier l'activité avant tout pitch ciblé.,To enrich,No immediate action,
CONDOR S/A INDUSTRIA QUIMICA,http://www.condornaoletal.com.br/,Brésil,RIO DE JANEIRO,,Other,À vérifier,,D,New,To enrich,Qualifier l'activité avant tout pitch ciblé.,To enrich,No immediate action,
Connektica,http://connektica.com/,France,Toulouse,,UAV / drones,Éditeur logiciel,67.0,B,New,Energy / batteries,"Fournisseur de batteries, moteurs, optronique, RF, composites pour fabricants UAV.","Hi — I noticed Connektica builds UAV / drones, Software / Platforms (+6) for UAV / drones.",Review website and validate opportunity,
CONOTECH B.V.,http://conotech-security.com/,Pays-Bas,HAGUE,,Other,À vérifier,,D,New,To enrich,Qualifier l'activité avant tout pitch ciblé.,To enrich,No immediate action,
Continental,https://www.continental-reifen.de/,Allemagne,HANNOVER,,Other,À vérifier,,D,New,To enrich,Qualifier l'activité avant tout pitch ciblé.,To enrich,No immediate action,
CONTOUR ADVANCED SYSTEMS,http://www.contouradvancedsystems.com/,Pays-Bas,VARSSEVELD,https://www.linkedin.com/company/contour-advanced-systems-bv/?originalSubdomain=nl,UAV / drones,OEM,66.0,B,New,Mechanical parts,Sub-system / payload pour OEM drones tactiques.,"Hi — CONTOUR ADVANCED SYSTEMS ships Logistics equipment, Energy / batteries (+4) to Land forces, Air forces (+3).",Review website and validate opportunity,
CONTROL SOLUTIONS LLC,http://www.controls.com/,États-Unis,AURORA,,Other,À vérifier,,D,New,To enrich,Qualifier l'activité avant tout pitch ciblé.,To enrich,No immediate action,
Contromax,http://www.contromax.com/,Corée du Sud,DAEJEON,,Other,OEM,35.8,D,New,Energy / batteries,Vend des sous-systèmes / composants à un OEM construisant UAV / drones.,Hi — Contromax ships UAV / drones to Aerospace primes.,No immediate action,
CONTROP PRECISION TECHNOLOGIES LTD,http://www.controp.com/,Israël,HOD HASHARON,,Other,À vérifier,,D,New,To enrich,Qualifier l'activité avant tout pitch ciblé.,To enrich,No immediate action,
COOK DEFENCE SYSTEMS LTD,https://www.william-cook.co.uk/,Royaume-Uni,Yorkshire,,Other,À vérifier,,D,New,To enrich,Qualifier l'activité avant tout pitch ciblé.,To enrich,No immediate action,
Copenhagen Sensor Technology,http://www.copst.com/,Danemark,HERLEV,https://dk.linkedin.com/company/cst---copenhagen-sensor-technology,Naval defense,OEM,66.0,B,New,Engines / propulsion,"Radars, sonars, comms, armement, sustainment pour primes navals.","Hi — I noticed Copenhagen Sensor Technology builds Vehicles, UAV / drones (+10) for Naval defense.",Review website and validate opportunity,
CORDM ENGRENAGES,http://www.cordm.com/,France,VERDUN,https://www.linkedin.com/cordm,Logistics / MRO,OEM,64.5,B,New,"Raw materials (steel, aluminium)","Pièces de rechange, calibration, certification pour acteurs MRO.","Hi — I noticed CORDM ENGRENAGES builds Mechanical parts, Engines / propulsion (+1) for Logistics / MRO.",Review website and validate opportunity,
COREEL TECHNOLOGIES (INDIA) PRIVATE LIMITED,https://coreel.com/,Inde,Bengaluru,,Other,À vérifier,,D,New,To enrich,Qualifier l'activité avant tout pitch ciblé.,To enrich,No immediate action,
CORMACH S.R.L.,http://www.cormach.it/,Italie,MONTICHIARI  (BS),,Other,À vérifier,,D,New,To enrich,Qualifier l'activité avant tout pitch ciblé.,To enrich,No immediate action,
Coros Space,,France,SAINT-THIBAULT-DES-VIGNES,,Other,À vérifier,,D,New,To enrich,Qualifier l'activité avant tout pitch ciblé.,To enrich,No immediate action,
CoSENSE AR,,France,Saint-Maur-des-Fossés,,Other,À vérifier,,D,New,To enrich,Qualifier l'activité avant tout pitch ciblé.,To enrich,No immediate action,
COSMYX,http://www.cosmyx3d.com/,France,EPINAY-SOUS-SENART,https://www.linkedin.com/company/cosmyx3d/,Other,À vérifier,,D,New,To enrich,Qualifier l'activité avant tout pitch ciblé.,To enrich,No immediate action,
Coupery et Masson,http://www.engrenages-coupery.com/,France,Saint Thibault des Vignes,https://www.linkedin.com/company/coupery-et-masson/,Other,OEM,49.7,C,New,"Raw materials (steel, aluminium)",Activité à qualifier — discovery call avant pitch précis.,"Hi — I noticed Coupery et Masson builds Mechanical parts, Robotics / UGV for Other.",Keep in watchlist,
COUSIN TRESEC SAS,http://www.cousin-group.com/fr/,France,Lille,,Logistics / MRO,OEM,70.6,B,New,RF / microwave components,"Pièces de rechange, calibration, certification pour acteurs MRO.","Hi — I noticed COUSIN TRESEC SAS builds Communications networks, Composite materials for Logistics / MRO.",Review website and validate opportunity,
CP CASES LTD,http://www.cpcases.com/,Royaume-Uni,MIDDLESEX,,Other,À vérifier,,D,New,To enrich,Qualifier l'activité avant tout pitch ciblé.,To enrich,No immediate action,
CP FRANCE,http://www.cpfrance.com/,France,ST HILAIRE DE BRETHMAS,,Other,À vérifier,,D,New,To enrich,Qualifier l'activité avant tout pitch ciblé.,To enrich,No immediate action,
CPM ELETTRONICA SRL,http://www.cpmelettronica.com/,Italie,ROME,https://www.linkedin.com/company/cpm-elettronica-s.r.l./?viewAsMember=true,Electronic warfare,OEM,78.0,A,New,Energy / batteries,"Amplis RF, processeurs signal, embarqué, antennes pour EW.","Hi — I noticed CPM ELETTRONICA SRL builds UAV / drones, Counter-UAV systems (+8) for Electronic warfare.",Contact sales team and qualify need,
Crédit Agricole S.A.,https://www.credit-agricole.fr/,France,Montrouge,,Other,À vérifier,,D,New,To enrich,Qualifier l'activité avant tout pitch ciblé.,To enrich,No immediate action,
Crédit Mutuel,https://www.creditmutuel.fr/fr/particuliers.html,France,Strasbourg,,Other,À vérifier,,D,New,To enrich,Qualifier l'activité avant tout pitch ciblé.,To enrich,No immediate action,
C-RICH CO LTD,http://www.okcrich.com/,Corée du Sud,SEONGNAM-SI,,Other,À vérifier,,D,New,To enrich,Qualifier l'activité avant tout pitch ciblé.,To enrich,No immediate action,
CRISTAL INNOV,https://www.cristal-innov.com/fr,France,Sainte-Hélène-du-Lac,,Other,À vérifier,,D,New,To enrich,Qualifier l'activité avant tout pitch ciblé.,To enrich,No immediate action,
CRISTANINI,http://www.cristanini.com/,Italie,RIVOLI VERONESE (VERONA),,Other,À vérifier,18.6,D,New,Industrial subcontracting / machining,Qualifier l'activité avant tout pitch ciblé.,Hi — I noticed CRISTANINI at Eurosatory.,No immediate action,
Croatian Chamber of Economy,http://www.hgk.hr/,Croatie,ZAGREB,,Other,À vérifier,16.6,D,New,Industrial subcontracting / machining,Qualifier l'activité avant tout pitch ciblé.,Hi — I noticed Croatian Chamber of Economy at Eurosatory.,No immediate action,
CROSHIELD D.O.O.,https://www.croshield.hr/,Croatie,ZAGREB,,Other,À vérifier,,D,New,To enrich,Qualifier l'activité avant tout pitch ciblé.,To enrich,No immediate action,
CRYLA GROUP,http://www.cryla-group.com/,France,BESANCON,https://www.linkedin.com/company/crylagroup/,Space / satellite,Sous-traitant industriel,53.7,C,New,"Raw materials (steel, aluminium)","Composites, capteurs, comms, lancement pour primes spatiaux.","Hi — I noticed CRYLA GROUP builds Mechanical parts, Communications networks (+1) for Space / satellite.",Keep in watchlist,
CRYSTAL COMPANY,http://www.crystalcompany.nl/,Pays-Bas,HEINENOORD,,Other,À vérifier,,D,New,To enrich,Qualifier l'activité avant tout pitch ciblé.,To enrich,No immediate action,
CS GROUP FRANCE,http://www.csgroup.eu/,France,LE PLESSIS ROBINSON,,Other,À vérifier,,D,New,To enrich,Qualifier l'activité avant tout pitch ciblé.,To enrich,No immediate action,
CSD - COMPONENTES E SISTEMAS DE DEFESA S.A.,http://csd.ind.br/,Brésil,Paraná,https://www.linkedin.com/company/componentes-sistemas-de-defesa,UAV / drones,OEM,67.5,B,New,Energy / batteries,Sub-system / payload pour OEM drones tactiques.,Hi — CSD - COMPONENTES E SISTEMAS DE DEFESA S.A.,Review website and validate opportunity,
CSG,https://www.czechoslovakgroup.cz/,République tchèque,PRAHA 8,,Other,À vérifier,,D,New,To enrich,Qualifier l'activité avant tout pitch ciblé.,To enrich,No immediate action,
CSG Defence,http://www.czechoslovakgroup.com/,République tchèque,PRAHA 8,,Other,À vérifier,,D,New,To enrich,Qualifier l'activité avant tout pitch ciblé.,To enrich,No immediate action,
csi entwicklungstechnik GmbH,http://www.csi-online.de/,Allemagne,Gaimersheim,https://www.linkedin.com/company/csi-entwicklungstechnik/,Other,À vérifier,17.6,D,New,Industrial subcontracting / machining,Qualifier l'activité avant tout pitch ciblé.,Hi — I noticed csi entwicklungstechnik GmbH at Eurosatory.,No immediate action,
"CSM Industry, s.r.o.",http://csm.sk/,Slovaquie,Tisovec,,Industrial subcontracting,Sous-traitant industriel,51.0,C,New,"Raw materials (steel, aluminium)","Matières premières, outils coupants, services qualité pour sous-traitants.","Hi — I noticed CSM Industry, s.r.o.",Keep in watchlist,
CTA INTERNATIONAL,https://www.cta-international.com/,France,BOURGES CEDEX,,Other,À vérifier,,D,New,To enrich,Qualifier l'activité avant tout pitch ciblé.,To enrich,No immediate action,
CTECH BILISIM TEKNOLOJILERI SAN. VE TIC. A.S.,https://www.ctech.com.tr/,Turquie,ISTANBUL,www.linkedin.com/company/ctechbilisim,Intelligence / ISR,OEM,68.0,B,New,Mechanical parts,"Capteurs, payloads optroniques, communications pour plateformes ISR.",Hi — I noticed CTECH BILISIM TEKNOLOJILERI SAN.,Review website and validate opportunity,
CTI Systems,http://www.ctisystems.com/,Luxembourg,Lentzweiler,https://www.linkedin.com/company/cti-systems,Cybersecurity,OEM,76.5,A,New,Engines / propulsion,"Threat intel, hardware appliances, cloud souverain, audits.","Hi — I noticed CTI Systems builds Vehicles, Logistics equipment (+4) for Cybersecurity.",Contact sales team and qualify need,
ÇUKUROVA MAKINA IMALAT VE TICARET A.S,http://www.cumitas.com/,Turquie,MERSIN,,Other,À vérifier,,D,New,To enrich,Qualifier l'activité avant tout pitch ciblé.,To enrich,No immediate action,
Cummins,http://www.cummins.com/,États-Unis,COLUMBUS,https://www.linkedin.com/company/cummins-inc,Other,OEM,38.0,D,New,Engines / propulsion,"Vend des sous-systèmes / composants à un OEM construisant Vehicles, Engines / propulsion.","Hi — Cummins ships Vehicles, Engines / propulsion to defense customers.",No immediate action,
"CUMMINS LTD (DAR), C/O CUMMINS BUSINESS SERVICES UK",,Royaume-Uni,BLYTH,,Other,À vérifier,,D,New,To enrich,Qualifier l'activité avant tout pitch ciblé.,To enrich,No immediate action,
Curtiss Wright Defense Solutions,,Royaume-Uni,Gwent,,Other,À vérifier,,D,New,To enrich,Qualifier l'activité avant tout pitch ciblé.,To enrich,No immediate action,
CVN Medical,https://www.cvn.fi/,Finlande,SEINÄJOKI,https://www.linkedin.com/in/cvn-medical-7636841ba?utm_source=share&utm_campaign=share_via&utm_content=profile&utm_medium=android_app,Optics / optronics,OEM,47.4,C,New,Electronic components,Vend des sous-systèmes / composants à un OEM construisant Optronics / Optics.,Hi — CVN Medical ships Optronics / Optics to Police / law enforcement.,Keep in watchlist,
Cyalume Technologies,http://www.cyalume.eu/,France,AIX EN PROVENCE CEDEX 3,,Other,À vérifier,,D,New,To enrich,Qualifier l'activité avant tout pitch ciblé.,To enrich,No immediate action,
Cybernetica,http://cyber.ee/,Estonie,Tallinn,https://www.linkedin.com/company/cybernetica/,Naval defense,OEM,81.5,A,New,Electronic components,"Radars, sonars, comms, armement, sustainment pour primes navals.","Hi — I noticed Cybernetica builds Sensors, Radars (+8) for Naval defense.",Contact sales team and qualify need,
CybExer Technologies,,Estonie,Tallinn,,Other,À vérifier,,D,New,To enrich,Qualifier l'activité avant tout pitch ciblé.,To enrich,No immediate action,
CYPRUS CHAMBER OF COMMERCE AND INDUSTRY,https://www.ccci.org.cy/,Cyprus,NICOSIA,,Other,À vérifier,,D,New,To enrich,Qualifier l'activité avant tout pitch ciblé.,To enrich,No immediate action,
CYRIC AGS LTD,https://ww.cyricags.com/,Cyprus,NICOSIA,,Other,À vérifier,,D,New,To enrich,Qualifier l'activité avant tout pitch ciblé.,To enrich,No immediate action,
"D&M Holding Company, Inc.",http://dmholding.com/,États-Unis,TAMPA,https://www.linkedin.com/company/d-m-holding-company,Armored vehicles,OEM,72.6,B,New,Energetic materials,"Vend des sous-systèmes / composants à un OEM construisant Ammunition, Vehicles.","Hi — D&M Holding Company, Inc.",Review website and validate opportunity,
D.I.OPTICAL,http://www.donginoptical.com/ko/home/,Corée du Sud,"Bucheon-si, Gyeonggi-do",,Radar / sensors,OEM,62.5,B,New,Engines / propulsion,"Front-ends RF, processeurs, mécanique de précision pour fabricants radars.","Hi — I noticed D.I.OPTICAL builds Vehicles, Optronics / Optics (+4) for Radar / sensors.",Review website and validate opportunity,
D7G Nigeria Ltd,https://www.d7g.ng/,Nigeria,ABUJA,,Other,À vérifier,,D,New,To enrich,Qualifier l'activité avant tout pitch ciblé.,To enrich,No immediate action,
Daff,http://www.daff.cl/,Chili,SANTIAGO,https://www.linkedin.com/company/daff-desarrollos-alimenticios/,Other,À vérifier,17.6,D,New,Industrial subcontracting / machining,Qualifier l'activité avant tout pitch ciblé.,Hi — I noticed Daff at Eurosatory.,No immediate action,
DA-GROUP,http://www.da-group.com/,Finlande,FORSSA,https://www.linkedin.com/company/da-group-fi/?viewAsMember=true,Electronic warfare,Sous-traitant industriel,72.5,B,New,Electronic components,"Amplis RF, processeurs signal, embarqué, antennes pour EW.","Hi — I noticed DA-GROUP builds Radars, Communications networks (+8) for Electronic warfare.",Review website and validate opportunity,
Daher,http://www.daher.com/,France,ORLY,https://www.linkedin.com/company/daher,Other,À vérifier,,D,New,To enrich,Qualifier l'activité avant tout pitch ciblé.,To enrich,No immediate action,
Daimler Truck AG,http://defence.mercedes-benz-trucks.com/,Allemagne,WOERTH AM RHEIN,https://de.linkedin.com/company/daimlertruckag,Ballistic protection,OEM,72.5,B,New,Engines / propulsion,"Aramide, céramique, composites, certification balistique.","Hi — I noticed Daimler Truck AG builds Vehicles, Ballistic protection (+2) for Ballistic protection.",Review website and validate opportunity,
Danfoss,http://www.danfoss.com/,Danemark,Nordborg,https://www.linkedin.com/company/danfoss,Logistics / MRO,OEM,75.0,A,New,Cloud / data services,"Pièces de rechange, calibration, certification pour acteurs MRO.","Hi — I noticed Danfoss builds Software / Platforms, Electronic components (+2) for Logistics / MRO.",Contact sales team and qualify need,
DANIELSON ENGINEERING,https://www.danielson-groupe.fr/,France,MAGNY-COURS,,Other,À vérifier,,D,New,To enrich,Qualifier l'activité avant tout pitch ciblé.,To enrich,No immediate action,
Danish Industry,http://www.di-fos.dk/,Danemark,COPENHAGEN V,,Other,À vérifier,,D,New,To enrich,Qualifier l'activité avant tout pitch ciblé.,To enrich,No immediate action,
DANTHERM GROUP,http://www.danthermgroup.com/,Danemark,SKIVE,,Naval defense,Distributeur,76.0,A,New,Mechanical parts,"Vend des sous-systèmes / composants à un OEM construisant Logistics equipment, Communications networks.","Hi — DANTHERM GROUP ships Logistics equipment, Communications networks (+3) to Aerospace primes.",Contact sales team and qualify need,
Dark Shadows Technologies SRL,https://www.darkshadowstechnologies.com/,Roumanie,TIMISOARA,,UAV / drones,OEM,66.6,B,New,Energy / batteries,"Fournisseur de batteries, moteurs, optronique, RF, composites pour fabricants UAV.","Hi — I noticed Dark Shadows Technologies SRL builds UAV / drones, Software / Platforms for UAV / drones.",Review website and validate opportunity,
DART AEROSPACE,http://dartaero.com/,Canada,HAWESBURRY,,Other,À vérifier,,D,New,To enrich,Qualifier l'activité avant tout pitch ciblé.,To enrich,No immediate action,
DASSAULT SYSTEMES SE,http://www.3ds.com/,France,VELIZY-VILLACOUBLAY CEDEX,https://fr.linkedin.com/company/dassaultsystemes,Other,À vérifier,,D,New,To enrich,Qualifier l'activité avant tout pitch ciblé.,To enrich,No immediate action,
Data Design Engineering S.à r.l.,http://datadesign.engineering/latest_news,Luxembourg,ESCH-BELVAL ESCH-SUR-ALZETTE,https://www.linkedin.com/company/datadesign-engineering/posts/?feedView=all&viewAsMember=true,Space / satellite,OEM,71.5,B,New,RF / microwave components,"Composites, capteurs, comms, lancement pour primes spatiaux.",Hi — I noticed Data Design Engineering S.à r.l.,Review website and validate opportunity,
DataScouting,http://datascouting.com/,Grèce,THESSALONIKI,https://www.linkedin.com/company/datascouting/,Space / satellite,Distributeur,67.6,B,New,Cloud / data services,"Composites, capteurs, comms, lancement pour primes spatiaux.","Hi — I noticed DataScouting builds Software / Platforms, Engines / propulsion (+2) for Space / satellite.",Review website and validate opportunity,
"Dataspeed, Inc.",https://www.dataspeedinc.com/,États-Unis,Rochester Hills,,Other,À vérifier,,D,New,To enrich,Qualifier l'activité avant tout pitch ciblé.,To enrich,No immediate action,
DBC,https://www.dbc.fr/,France,SCIONZIER,https://www.linkedin.com/company/dbc---d%C3%A9colletage-bar-cutting/,Intelligence / ISR,OEM,70.0,B,New,Mechanical parts,"Capteurs, payloads optroniques, communications pour plateformes ISR.","Hi — I noticed DBC builds Logistics equipment, Mechanical parts (+5) for Intelligence / ISR.",Review website and validate opportunity,
DBOX,https://dbox.lt/,Lituanie,Panevėžys,,Other,À vérifier,,D,New,To enrich,Qualifier l'activité avant tout pitch ciblé.,To enrich,No immediate action,
DCI - Défense Conseil International,http://www.groupedci.com/,France,PARIS CEDEX 15,https://www.linkedin.com/company/dci-defense-conseil-international,Land defense,Société de services,76.0,A,New,Energy / batteries,"Sous-systèmes, composites, certification pour primes terrestres.","Hi — I noticed DCI - Défense Conseil International builds UAV / drones, Simulators / Training (+5) for Land defense.",Contact sales team and qualify need,
DCSD,http://www.diplomatie.gouv.fr/fr/politique-etrangere-de-la-france/securite-desarmement-et-non-proliferation/la-cooperation-de-securite-et-de-defense-64255/,France,PARIS,https://www.linkedin.com/company/direction-de-la-coop%C3%A9ration-de-s%C3%A9curit%C3%A9-et-de-d%C3%A9fense/?lipi=urn%3Ali%3Apage%3Ad_flagship3_search_srp_all%3BEclO5FogReaCyNPPA9gsTQ%3D%3D,Other,À vérifier,22.6,D,New,Industrial subcontracting / machining,Qualifier l'activité avant tout pitch ciblé.,Hi — I noticed DCSD at Eurosatory.,No immediate action,
DE DIETRICH,http://www.dedietrich.com/,France,SCHILTIGHEIM,https://www.linkedin.com/company/dedietrichgroup/?viewAsMember=true,Radar / sensors,Distributeur,75.0,A,New,Engines / propulsion,"Front-ends RF, processeurs, mécanique de précision pour fabricants radars.","Hi — I noticed DE DIETRICH builds Vehicles, Ammunition (+5) for Radar / sensors.",Contact sales team and qualify need,
DE JONGE GMBH,https://www.dejonge.ai/,Allemagne,NÜRNBERG,,Other,À vérifier,,D,New,To enrich,Qualifier l'activité avant tout pitch ciblé.,To enrich,No immediate action,
DECELECT,https://www.decelect.com/,France,SOISSONS,https://www.linkedin.com/company/decelect-ubiwizz,Intelligence / ISR,OEM,69.5,B,New,Electronic components,"Capteurs, payloads optroniques, communications pour plateformes ISR.","Hi — I noticed DECELECT builds Sensors, Logistics equipment (+3) for Intelligence / ISR.",Review website and validate opportunity,
December1,,Ukraine,Kyiv,,Other,À vérifier,,D,New,To enrich,Qualifier l'activité avant tout pitch ciblé.,To enrich,No immediate action,
DECODIO,https://www.decodio.com/,France,Rennes,,Other,À vérifier,,D,New,To enrich,Qualifier l'activité avant tout pitch ciblé.,To enrich,No immediate action,
DECOR-GIPS LLC,,Ukraine,Vinnytsi,,Other,À vérifier,,D,New,To enrich,Qualifier l'activité avant tout pitch ciblé.,To enrich,No immediate action,
Dedienne Aerospace,https://dedienne-aero.com/,France,TOULOUSE,,Other,À vérifier,,D,New,To enrich,Qualifier l'activité avant tout pitch ciblé.,To enrich,No immediate action,
DEFAINE GMBH,https://defaine.com/,Allemagne,CHEMNITZ,,Other,À vérifier,15.6,D,New,Industrial subcontracting / machining,Qualifier l'activité avant tout pitch ciblé.,Hi — I noticed DEFAINE GMBH at Eurosatory.,No immediate action,
DEFCON 5 SRL,http://www.defcon5italy.com/,Italie,MANIAGO,,Soldier systems,Distributeur,75.5,A,New,Electronic components,"Textiles, composites, optronique, énergie pour kits soldat.","Hi — I noticed DEFCON 5 SRL builds Optronics / Optics, Soldier equipment (+4) for Soldier systems.",Contact sales team and qualify need,
DEFEA - DEFENCE EXHIBITION ATHENS,https://www.defea.gr/,Grèce,ATHÈNES,https://www.linkedin.com/company/29362401,UAV / drones,Distributeur,77.0,A,New,Energy / batteries,"Fournisseur de batteries, moteurs, optronique, RF, composites pour fabricants UAV.","Hi — I noticed DEFEA - DEFENCE EXHIBITION ATHENS builds UAV / drones, Logistics equipment (+4) for UAV / drones.",Contact sales team and qualify need,
DEFENCE RESEARCH AND DEVELOPMENT ORGANISATION,https://drdo.gov.in/,Inde,New Delhi,,Other,À vérifier,,D,New,To enrich,Qualifier l'activité avant tout pitch ciblé.,To enrich,No immediate action,
DEFENDEC,https://www.defendec.com/,Estonie,TALLINN,,Other,À vérifier,,D,New,To enrich,Qualifier l'activité avant tout pitch ciblé.,To enrich,No immediate action,
DEFENSE CAPITAL INDUSTRY,https://www.dci-bg.com/,Bulgarie,SOFIA,,Other,À vérifier,,D,New,To enrich,Qualifier l'activité avant tout pitch ciblé.,To enrich,No immediate action,
DEFENSE SECURITY COOPERATION AGENCY,,États-Unis,ALEXANDRIA,,Other,À vérifier,,D,New,To enrich,Qualifier l'activité avant tout pitch ciblé.,To enrich,No immediate action,
"DEFENSE TECHNOLOGY EQUIPMENT, INC.",https://www.defense-tech.com/,États-Unis,STERLING,,Other,À vérifier,,D,New,To enrich,Qualifier l'activité avant tout pitch ciblé.,To enrich,No immediate action,
Defensor Group Sweden,http://www.defensorgroup.se/,Suède,Stockholm,https://www.linkedin.com/company/defensor-group,Electronic warfare,Sous-traitant industriel,57.9,C,New,RF / microwave components,"Amplis RF, processeurs signal, embarqué, antennes pour EW.",Hi — I noticed Defensor Group Sweden builds Communications networks for Electronic warfare.,Keep in watchlist,
DEFSECINTEL SOLUTIONS OÜ,http://defsecintel.com/,Estonie,,,Intelligence / ISR,OEM,73.5,B,New,Energy / batteries,"Capteurs, payloads optroniques, communications pour plateformes ISR.","Hi — I noticed DEFSECINTEL SOLUTIONS OÜ builds UAV / drones, Counter-UAV systems (+6) for Intelligence / ISR.",Review website and validate opportunity,
DEGOISEY SAS,http://www.usinage-degoisey.com/,France,ST ANDRE LES VERGERS,,Other,À vérifier,,D,New,To enrich,Qualifier l'activité avant tout pitch ciblé.,To enrich,No immediate action,
DEGREANE Horizon,http://www.degreane-horizon.com/,France,Cuers,https://www.linkedin.com/company/25619488/admin/dashboard/,Naval defense,OEM,65.5,B,New,Electronic components,"Vend des sous-systèmes / composants à un OEM construisant Radars, Naval systems.","Hi — DEGREANE Horizon ships Radars, Naval systems (+1) to Critical infrastructure.",Review website and validate opportunity,
DEKIMO,https://www.dekimo.com/,Belgique,LOUVAIN LA NEUVE,,Other,À vérifier,,D,New,To enrich,Qualifier l'activité avant tout pitch ciblé.,To enrich,No immediate action,
DELAIR,http://www.delair.aero/,France,LABEGE,https://www.linkedin.com/company/delair-tech/,Intelligence / ISR,OEM,76.5,A,New,Energy / batteries,"Capteurs, payloads optroniques, communications pour plateformes ISR.","Hi — I noticed DELAIR builds UAV / drones, Sensors (+10) for Intelligence / ISR.",Contact sales team and qualify need,
DÉLÉGATION QUÉBEC,https://www.investquebec.com/quebec/fr/,Canada,MONTRÉAL QC,,Other,À vérifier,,D,New,To enrich,Qualifier l'activité avant tout pitch ciblé.,To enrich,No immediate action,
DELLNER GLASS SOLUTIONS LTD,https://www.dellnerglass.com/,Royaume-Uni,COUNTY DURHAM,,Other,À vérifier,,D,New,To enrich,Qualifier l'activité avant tout pitch ciblé.,To enrich,No immediate action,
DELMON GROUP,https://www.delmon-group.com/,France,TERRASSON LAVILLEDIEU,,Other,À vérifier,,D,New,To enrich,Qualifier l'activité avant tout pitch ciblé.,To enrich,No immediate action,
Delta Aero Tech,https://www.deltaerotech.com/,Italie,CANTU ( CO ),,Other,À vérifier,,D,New,To enrich,Qualifier l'activité avant tout pitch ciblé.,To enrich,No immediate action,
DELTA DEFENCE,https://www.deltadefence.eu/,Slovaquie,BRATISLAVA,,Other,À vérifier,,D,New,To enrich,Qualifier l'activité avant tout pitch ciblé.,To enrich,No immediate action,
DELTA PREMIUM,http://deltacase.ua/,Ukraine,KYIV,,Homeland security,À vérifier,22.6,D,New,Industrial subcontracting / machining,Qualifier l'activité avant tout pitch ciblé.,Hi — I noticed DELTA PREMIUM at Eurosatory.,No immediate action,
DeltaQuad,https://www.deltaquad.com/,Pays-Bas,DUIVENDRECHT,https://www.linkedin.com/company/deltaquad,Intelligence / ISR,OEM,71.0,B,New,Energy / batteries,"Capteurs, payloads optroniques, communications pour plateformes ISR.","Hi — I noticed DeltaQuad builds UAV / drones, Vehicles (+6) for Intelligence / ISR.",Review website and validate opportunity,
DEMARKO S.A.,https://demarko-military.com/,Pologne,BYTOM,,AI / data,OEM,69.5,B,New,Engines / propulsion,Module IA / fusion de données pour intégration dans la stack du client.,"Hi — DEMARKO S.A. ships Vehicles, Ammunition (+4) to Land forces.",Review website and validate opportunity,
DEMIL TECH,https://demiltech.hr/,Croatie,GOSPIĆ,,Other,À vérifier,,D,New,To enrich,Qualifier l'activité avant tout pitch ciblé.,To enrich,No immediate action,
DENN,https://www.denn.es/,Espagne,POLINYÀ,https://www.linkedin.com/company/denn,Cybersecurity,OEM,76.0,A,New,Cloud / data services,"Threat intel, hardware appliances, cloud souverain, audits.","Hi — I noticed DENN builds Software / Platforms, Logistics equipment (+4) for Cybersecurity.",Contact sales team and qualify need,
"DEQING FOX ARMOUR CO.,LTD",http://www.foxarmour.com/,Chine,HUZHOU,,Ammunition,OEM,71.0,B,New,Composite materials,"Vend des sous-systèmes / composants à un OEM construisant Soldier equipment, Ammunition.","Hi — DEQING FOX ARMOUR CO.,LTD ships Soldier equipment, Ammunition (+2) to Land forces, Police / law enforcement.",Review website and validate opportunity,
DEREMAUX Sarl,http://www.deremaux.com/,France,AUMALE,https://www.linkedin.com/company/deremaux/?viewAsMember=true,Industrial subcontracting,OEM,60.7,B,New,"Raw materials (steel, aluminium)","Matières premières, outils coupants, services qualité pour sous-traitants.",Hi — I noticed DEREMAUX Sarl builds Mechanical parts for Industrial subcontracting.,Review website and validate opportunity,
DERIVERY SAS,http://www.derivery.fr/,France,PONT AUTHOU,,Other,À vérifier,,D,New,To enrich,Qualifier l'activité avant tout pitch ciblé.,To enrich,No immediate action,
DESCHAMPS,http://www.deschamps-systems.com/,France,LA COURONNE,https://linkedin.com/company/deschamps,Other,À vérifier,,D,New,To enrich,Qualifier l'activité avant tout pitch ciblé.,To enrich,No immediate action,
DESTINUS,http://www.destinus.com/,France,PARIS,,Other,À vérifier,,D,New,To enrich,Qualifier l'activité avant tout pitch ciblé.,To enrich,No immediate action,
Destinus,https://www.destinus.com/,France,Paris,,Other,À vérifier,,D,New,To enrich,Qualifier l'activité avant tout pitch ciblé.,To enrich,No immediate action,
DEUTZ Defense Systems,https://www.deutz.com/,Allemagne,COLOGNE,,Other,À vérifier,,D,New,To enrich,Qualifier l'activité avant tout pitch ciblé.,To enrich,No immediate action,
DEVISMES SAS,https://www.devismes.fr/,France,FEUQUIÈRES EN VIMEU,https://www.linkedin.com/company/11175337,Intelligence / ISR,Sous-traitant industriel,64.5,B,New,Electronic components,"Capteurs, payloads optroniques, communications pour plateformes ISR.","Hi — I noticed DEVISMES SAS builds Sensors, Logistics equipment (+1) for Intelligence / ISR.",Review website and validate opportunity,
D-Fend Solutions,http://d-fendsolutions.com/,Royaume-Uni,LONDON,https://www.linkedin.com/company/d-fend-solutions/,Intelligence / ISR,Distributeur,80.0,A,New,Engines / propulsion,"Capteurs, payloads optroniques, communications pour plateformes ISR.","Hi — I noticed D-Fend Solutions builds Vehicles, UAV / drones (+10) for Intelligence / ISR.",Contact sales team and qualify need,
DGA/DICE/SDGQ/BUREAU DES SALONS,http://www.defense.gouv.fr/,France,PARIS CEDEX 15,,Other,À vérifier,,D,New,To enrich,Qualifier l'activité avant tout pitch ciblé.,To enrich,No immediate action,
Diadrom Systems AB,,Suède,Gothenburg,,Other,À vérifier,,D,New,To enrich,Qualifier l'activité avant tout pitch ciblé.,To enrich,No immediate action,
DIAGER INDUSTRIE,https://www.diager-industrie.com/,France,Poligny,,Other,À vérifier,,D,New,To enrich,Qualifier l'activité avant tout pitch ciblé.,To enrich,No immediate action,
Diamond Aircraft,https://www.diamondaircraft.com/,Autriche,WIENER NEUSTADT,,Other,À vérifier,,D,New,To enrich,Qualifier l'activité avant tout pitch ciblé.,To enrich,No immediate action,
DIATEX SA,https://www.diatex.com/,France,ST GENIS LAVAL,,Other,À vérifier,,D,New,To enrich,Qualifier l'activité avant tout pitch ciblé.,To enrich,No immediate action,
Diehl Defence,http://www.diehl.com/defence,Allemagne,UEBERLINGEN,,Other,À vérifier,,D,New,To enrich,Qualifier l'activité avant tout pitch ciblé.,To enrich,No immediate action,
DIGIGRAM,https://www.digigram.com/,France,Montbonnot-Saint-Martin,,Other,À vérifier,,D,New,To enrich,Qualifier l'activité avant tout pitch ciblé.,To enrich,No immediate action,
DIGITAL BIT SRL,https://www.digitalbit.ro/,Roumanie,BUCHAREST,,Other,À vérifier,,D,New,To enrich,Qualifier l'activité avant tout pitch ciblé.,To enrich,No immediate action,
Digital Core Technologies Pvt Ltd,http://www.dicortech.com/,Inde,KAKKANAD,https://www.linkedin.com/company/digital-core-technologies-pvt-ltd,Cybersecurity,Bureau d'ingénierie,70.0,B,New,Cloud / data services,"Threat intel, hardware appliances, cloud souverain, audits.","Hi — I noticed Digital Core Technologies Pvt Ltd builds Software / Platforms, Electronic components (+5) for Cybersecurity.",Review website and validate opportunity,
Digital Defence Ecosystem,http://www.digitaldefence.fi/,Finlande,TAMPERE,https://www.linkedin.com/company/86868558,Other,À vérifier,17.6,D,New,Industrial subcontracting / machining,Qualifier l'activité avant tout pitch ciblé.,Hi — I noticed Digital Defence Ecosystem at Eurosatory.,No immediate action,
"DIGITAL RESEARCH AND CONSULTING CO.,LTD",http://www.drc.co.th/,Thaïlande,BANGKOK,,Other,À vérifier,,D,New,To enrich,Qualifier l'activité avant tout pitch ciblé.,To enrich,No immediate action,
Dillinger Saarstahl,http://www.dillinger.de/,Allemagne,DILLINGEN,,Other,À vérifier,,D,New,To enrich,Qualifier l'activité avant tout pitch ciblé.,To enrich,No immediate action,
"DILLON AERO, INC.",http://dillonaero.com/,États-Unis,POMPANO BEACH,https://dillonaeroinc.com,Intelligence / ISR,OEM,79.0,A,New,Engines / propulsion,"Capteurs, payloads optroniques, communications pour plateformes ISR.","Hi — I noticed DILLON AERO, INC.",Contact sales team and qualify need,
DIRECT,http://www.direct.fr/,France,SAINT-ETIENNE DU ROUVRAY,https://linkedin.com/compagnydirectdistribution,Radar / sensors,OEM,69.5,B,New,Engines / propulsion,"Front-ends RF, processeurs, mécanique de précision pour fabricants radars.","Hi — I noticed DIRECT builds Vehicles, Sensors (+2) for Radar / sensors.",Review website and validate opportunity,
Direct Action,https://eu.directactiongear.com/,Pologne,Wrocław,https://www.linkedin.com/company/entire-m-sp-z-o-o/,Soldier systems,Distributeur,49.0,C,New,Cloud / data services,Canal de distribution / représentation pour notre portefeuille.,Hi — we're scouting an exclusive distributor for your region.,Keep in watchlist,
Directorate-General for Defence Industry and Space,https://ec.europa.eu/info/departments/defence-industry-and-space_en,Belgique,BRUSSELS,,Other,À vérifier,,D,New,To enrich,Qualifier l'activité avant tout pitch ciblé.,To enrich,No immediate action,
DISTANCE,https://distance.tech/,Finlande,HELSINKI,,Intelligence / ISR,OEM,77.5,A,New,Engines / propulsion,"Capteurs, payloads optroniques, communications pour plateformes ISR.","Hi — I noticed DISTANCE builds Vehicles, Sensors (+8) for Intelligence / ISR.",Contact sales team and qualify need,
DIVISA PRECISION,http://www.divisa.ch/,Suisse,CAROUGE - GENÈVE,https://ch.linkedin.com/company/divisa-precision,Radar / sensors,OEM,66.6,B,New,Electronic components,"Front-ends RF, processeurs, mécanique de précision pour fabricants radars.","Hi — I noticed DIVISA PRECISION builds Radars, Ammunition (+4) for Radar / sensors.",Review website and validate opportunity,
DIXI MICROTECHNIQUES,http://www.diximicrotechniques.com/,France,CHAUDEFONTAINE,,Other,À vérifier,,D,New,To enrich,Qualifier l'activité avant tout pitch ciblé.,To enrich,No immediate action,
"DK UNITY, SIA",,Lettonie,RIGA,,Other,À vérifier,,D,New,To enrich,Qualifier l'activité avant tout pitch ciblé.,To enrich,No immediate action,
DMG MORI,https://dmgmori.com/,Allemagne,BIELEFELD,https://www.linkedin.com/company/dmgmori/,Other,OEM,43.7,C,New,"Raw materials (steel, aluminium)",Activité à qualifier — discovery call avant pitch précis.,Hi — I noticed DMG MORI builds Mechanical parts for Other.,Keep in watchlist,
DOK-ING,https://www.dok-ing.hr/,Croatie,GRAD ZAGREB,,Other,À vérifier,,D,New,To enrich,Qualifier l'activité avant tout pitch ciblé.,To enrich,No immediate action,
DOLL Fahrzeugbau GmbH,http://www.doll-defence.com/de/,Allemagne,OPPENAU,https://de.linkedin.com/company/doll-fahrzeugbau,Homeland security,OEM,47.9,C,New,Mechanical parts,"Vend des sous-systèmes / composants à un OEM construisant Logistics equipment, Vehicles.","Hi — DOLL Fahrzeugbau GmbH ships Logistics equipment, Vehicles to Critical infrastructure, Police / law enforcement.",Keep in watchlist,
DOMO TACTICAL COMMUNICATIONS LTD (DTC),http://www.domotactical.com/,Royaume-Uni,ampshire,,Other,À vérifier,,D,New,To enrich,Qualifier l'activité avant tout pitch ciblé.,To enrich,No immediate action,
DOODLE LABS LLC,https://doodlelabs.com/,États-Unis,MARINA DEL RAY,,Other,À vérifier,15.6,D,New,Industrial subcontracting / machining,Qualifier l'activité avant tout pitch ciblé.,Hi — I noticed DOODLE LABS LLC at Eurosatory.,No immediate action,
DP WORLD,http://www.dpworld.com/,Pays-Bas,Hoofddorp,https://www.linkedin.com/company/dp-world/posts/?feedView=all,Armored vehicles,Sous-traitant industriel,74.0,B,New,Engines / propulsion,"Moteurs, composites, plaques balistiques, optronique, comms pour OEM blindés.","Hi — I noticed DP WORLD builds Vehicles, Logistics equipment (+7) for Armored vehicles.",Review website and validate opportunity,
Dr. Bohrer Lasertec GmbH,,Autriche,Neusiedl am See,,Other,À vérifier,,D,New,To enrich,Qualifier l'activité avant tout pitch ciblé.,To enrich,No immediate action,
DR. WERNER RÖHRS GMBH & CO.KG,http://www.roehrs.de/,Allemagne,SONTHOFEN,,Other,OEM,40.6,C,New,Industrial subcontracting / machining,Vend des sous-systèmes / composants à un OEM construisant leur build line.,Hi — DR. WERNER RÖHRS GMBH & CO.KG ships — to defense customers.,Keep in watchlist,
DRÄGER FRANCE SAS,http://www.draeger.com/,France,ANTONY CEDEX,https://www.linkedin.com/company/draeger,Other,À vérifier,20.1,D,New,Industrial subcontracting / machining,Qualifier l'activité avant tout pitch ciblé.,Hi — I noticed DRÄGER FRANCE SAS at Eurosatory.,No immediate action,
Dragon Winch,http://www.dragonwinch.com/fr/,Pologne,BALICE,https://www.linkedin.com/company/dragon-winch,Logistics / MRO,OEM,68.0,B,New,Cloud / data services,"Pièces de rechange, calibration, certification pour acteurs MRO.","Hi — I noticed Dragon Winch builds Software / Platforms, Engines / propulsion (+2) for Logistics / MRO.",Review website and validate opportunity,
DREHTAINER GmbH,http://www.drehtainer.com/,Allemagne,VALLUHN,,Other,À vérifier,16.6,D,New,Industrial subcontracting / machining,Qualifier l'activité avant tout pitch ciblé.,Hi — I noticed DREHTAINER GmbH at Eurosatory.,No immediate action,
DRIVE SYSTEM DESIGN,https://www.drivesystemdesign.com/,États-Unis,FARMINGTON HILLS,,Cybersecurity,Distributeur,75.0,A,New,Engines / propulsion,"Outils SOC/SIEM, brique de sécurité défensive pour vendeur cyber.","Hi — DRIVE SYSTEM DESIGN ships Vehicles, Engines / propulsion (+1) to Aerospace primes.",Contact sales team and qualify need,
DRONE VOLT,https://www.dronevolt.com/,France,VILLEPINTE,,C4ISR,OEM,77.0,A,New,Engines / propulsion,"Composants, sous-systèmes, software, services pour primes C4ISR.","Hi — I noticed DRONE VOLT builds Vehicles, UAV / drones (+8) for C4ISR.",Contact sales team and qualify need,
DRONE XTR,https://dronextr.fr/,France,LE HAVRE,,Intelligence / ISR,OEM,59.5,C,New,Energy / batteries,"Capteurs, payloads optroniques, communications pour plateformes ISR.","Hi — I noticed DRONE XTR builds UAV / drones, Sensors (+2) for Intelligence / ISR.",Keep in watchlist,
DroneShield,https://www.droneshield.com/,Australie,SYDNEY,www.linkedin.com/company/droneshield,Intelligence / ISR,Distributeur,79.0,A,New,Engines / propulsion,"Capteurs, payloads optroniques, communications pour plateformes ISR.","Hi — I noticed DroneShield builds Vehicles, UAV / drones (+14) for Intelligence / ISR.",Contact sales team and qualify need,
Dronivo GmbH,https://www.dronivo.com/,Allemagne,LUDWIGSHAFEN,https://www.linkedin.com/company/dronivo/posts/?feedView=all,Other,À vérifier,5.0,D,New,To enrich,Qualifier l'activité avant tout pitch ciblé.,Hi — I noticed Dronivo GmbH at Eurosatory.,No immediate action,
Dropla Tech,,Danemark,Aarhus C,,Other,À vérifier,,D,New,To enrich,Qualifier l'activité avant tout pitch ciblé.,To enrich,No immediate action,
DROUIN SAS,http://www.drouin.fr/,France,MÉZIÈRES-SUR-PONTHOUIN,https://www.linkedin.com/company/71478338/admin/page-posts/published/,Other,À vérifier,15.6,D,New,Industrial subcontracting / machining,Qualifier l'activité avant tout pitch ciblé.,Hi — I noticed DROUIN SAS at Eurosatory.,No immediate action,
DRV Solutions,https://www.drv-solutions.com/,Belgique,DEINZE,https://www.linkedin.com/company/drvsolutions,UAV / drones,Bureau d'ingénierie,69.0,B,New,Mechanical parts,"Fournisseur de batteries, moteurs, optronique, RF, composites pour fabricants UAV.","Hi — I noticed DRV Solutions builds Engines / propulsion, Software / Platforms (+3) for UAV / drones.",Review website and validate opportunity,
DSG CANUSA GmbH,,Allemagne,RHEINBACH,,Other,À vérifier,,D,New,To enrich,Qualifier l'activité avant tout pitch ciblé.,To enrich,No immediate action,
Dspnor AS,,Norvège,Laksevåg,,Other,À vérifier,,D,New,To enrich,Qualifier l'activité avant tout pitch ciblé.,To enrich,No immediate action,
DSS,http://www.dss-cz.com/,République tchèque,PRAGUE,,Land defense,OEM,62.5,B,New,Engines / propulsion,"Sous-systèmes, composites, certification pour primes terrestres.","Hi — I noticed DSS builds Vehicles, Weapons (+4) for Land defense.",Review website and validate opportunity,
DSV,http://dsv-solutions.fr/,France,Aix-en-Provence,https://www.linkedin.com/company/dsv-developpement-strategies-ventes/?viewAsMember=true,Intelligence / ISR,OEM,69.5,B,New,Energy / batteries,"Capteurs, payloads optroniques, communications pour plateformes ISR.","Hi — I noticed DSV builds UAV / drones, Counter-UAV systems (+7) for Intelligence / ISR.",Review website and validate opportunity,
DSV Air & Sea,,France,GENNEVILLIERS,https://www.linkedin.com/company/dsv/about/,Other,À vérifier,,D,New,To enrich,Qualifier l'activité avant tout pitch ciblé.,To enrich,No immediate action,
DUCHENE INDUSTRIES,https://www.duchene-industries.fr/,France,RUY-MONTCEAU,,Other,À vérifier,,D,New,To enrich,Qualifier l'activité avant tout pitch ciblé.,To enrich,No immediate action,
DUNARIT,http://www.dunarit.com/,Bulgarie,RUSE,,Other,À vérifier,,D,New,To enrich,Qualifier l'activité avant tout pitch ciblé.,To enrich,No immediate action,
DURABOOK,http://www.durabook.com/,Taïwan,TAIPEI,https://www.linkedin.com/company/DURABOOK/,UAV / drones,Distributeur,82.0,A,New,Energy / batteries,"Fournisseur de batteries, moteurs, optronique, RF, composites pour fabricants UAV.","Hi — I noticed DURABOOK builds UAV / drones, Software / Platforms (+8) for UAV / drones.",Contact sales team and qualify need,
DURKOPP,http://www.durkopp.group/,France,VIERZON,,Armored vehicles,OEM,79.0,A,New,Mechanical parts,"Moteurs, composites, plaques balistiques, optronique, comms pour OEM blindés.","Hi — I noticed DURKOPP builds Logistics equipment, Vehicles (+6) for Armored vehicles.",Contact sales team and qualify need,
Đuro Đakovic Specijalna vozila,https://duro-dakovic.com/,Croatie,SLAVONSKI BROD,,Other,OEM,33.4,D,New,Mechanical parts,Vend des sous-systèmes / composants à un OEM construisant Logistics equipment.,Hi — Đuro Đakovic Specijalna vozila ships Logistics equipment to Defense ministries.,No immediate action,
Dürr AG,http://www.durr-group.com/,Allemagne,BIETIGHEIM-BISSINGEN,,AI / data,Sous-traitant industriel,69.0,B,New,Cloud / data services,"GPUs, cloud, data annotation, hardening cyber pour plateforme IA.","Hi — I noticed Dürr AG builds Software / Platforms, Engines / propulsion (+3) for AI / data.",Review website and validate opportunity,
Dürr Systems AG,https://www.durr.com/,Allemagne,Bietigheim-Bissingen,,Space / satellite,OEM,79.0,A,New,Engines / propulsion,"Composites, capteurs, comms, lancement pour primes spatiaux.","Hi — I noticed Dürr Systems AG builds Vehicles, Software / Platforms (+3) for Space / satellite.",Contact sales team and qualify need,
DWC LLC,https://www.startupblink.com/,Émirats arabes unis,DUBAI,,Other,À vérifier,15.6,D,New,Industrial subcontracting / machining,Qualifier l'activité avant tout pitch ciblé.,Hi — I noticed DWC LLC at Eurosatory.,No immediate action,
Dynamit Nobel Defence,http://www.dn-defence.com/,Allemagne,BURBACH,https://www.linkedin.com/company/dynamit-nobel-defence-gmbh,Land defense,OEM,79.5,A,New,Electronic components,"Sous-systèmes, composites, certification pour primes terrestres.","Hi — I noticed Dynamit Nobel Defence builds Sensors, Logistics equipment (+8) for Land defense.",Contact sales team and qualify need,
Dynasafe US LLC,https://dynasafe.com/,États-Unis,TALLADEGA,,Weapons,OEM,78.0,A,New,Energetic materials,"Vend des sous-systèmes / composants à un OEM construisant Ammunition, Weapons.","Hi — Dynasafe US LLC ships Ammunition, Weapons (+3) to Police / law enforcement.",Contact sales team and qualify need,
Dyneema®,http://www.dyneema.com/,États-Unis,STANLEY,,Soldier systems,Sous-traitant industriel,61.0,B,New,Engines / propulsion,"Textiles, composites, optronique, énergie pour kits soldat.","Hi — I noticed Dyneema® builds Vehicles, Soldier equipment (+3) for Soldier systems.",Review website and validate opportunity,
e.tricks,,France,Brassac Les Mines,,Other,À vérifier,,D,New,To enrich,Qualifier l'activité avant tout pitch ciblé.,To enrich,No immediate action,
E.X LOGISTIQUE,http://e-x-logistique.com/,France,CONNANTRAY-VAUREFROY,,Other,À vérifier,,D,New,To enrich,Qualifier l'activité avant tout pitch ciblé.,To enrich,No immediate action,
East Gear (International) Corp Limited,http://www.eastgear-int.com/,Hong-Kong,HONG KONG,,Soldier systems,Distributeur,70.0,B,New,Composite materials,Canal de distribution / représentation pour notre portefeuille.,Hi — we're scouting an exclusive distributor for your region.,Review website and validate opportunity,
EBERSPÄCHER CLIMATE CONTROL SYSTEMS INTERNATIONAL GMBH,http://www.eberspaecher.com/,Allemagne,ESSLINGEN,,Other,À vérifier,,D,New,To enrich,Qualifier l'activité avant tout pitch ciblé.,To enrich,No immediate action,
E-boost Gmbh,https://e-boost.com/,Allemagne,WALDKIRCH,,Other,OEM,39.6,D,New,Mechanical parts,"Vend des sous-systèmes / composants à un OEM construisant Logistics equipment, Engines / propulsion.","Hi — E-boost Gmbh ships Logistics equipment, Engines / propulsion to defense customers.",No immediate action,
EBOS technologies ltd,https://www.ebosrnd.eu/,Cyprus,NICOSIA,https://www.linkedin.com/company/ebos-technologies-ltd,Cybersecurity,OEM,81.0,A,New,Energy / batteries,"Threat intel, hardware appliances, cloud souverain, audits.","Hi — I noticed EBOS technologies ltd builds UAV / drones, Sensors (+14) for Cybersecurity.",Contact sales team and qualify need,
E-BUSINESS VENTURE,https://ebv.fr/,France,SAINT MAUR DES FOSSES,,Other,À vérifier,,D,New,To enrich,Qualifier l'activité avant tout pitch ciblé.,To enrich,No immediate action,
Echodyne,http://www.echodyne.com/,États-Unis,KIRKLAND,https://www.linkedin.com/company/echodyne/posts/?feedView=all,Radar / sensors,OEM,45.0,C,New,Electronic components,Vend des sous-systèmes / composants à un OEM construisant Radars.,Hi — Echodyne ships Radars to defense customers.,Keep in watchlist,
ECLIPTIC DEFENCE AND SPACE,https://www.ecliptic-ds.com/,Cyprus,NICOSIA,,Electronic warfare,Distributeur,75.0,A,New,Energy / batteries,"Amplis RF, processeurs signal, embarqué, antennes pour EW.","Hi — I noticed ECLIPTIC DEFENCE AND SPACE builds UAV / drones, Counter-UAV systems (+10) for Electronic warfare.",Contact sales team and qualify need,
eCon Trading Ltd.,https://econengineering.com/en/,Hongrie,Budapest,,Naval defense,Distributeur,75.0,A,New,Engines / propulsion,"Radars, sonars, comms, armement, sustainment pour primes navals.",Hi — I noticed eCon Trading Ltd.,Contact sales team and qualify need,
ECONOMAT DES ARMEES,https://economat-armees.com/,France,PANTIN CEDEX,,Other,À vérifier,,D,New,To enrich,Qualifier l'activité avant tout pitch ciblé.,To enrich,No immediate action,
ECOSUN INNOVATIONS,https://www.ecosuninnovations.com/,France,WETTOLSHEIM,,Other,À vérifier,,D,New,To enrich,Qualifier l'activité avant tout pitch ciblé.,To enrich,No immediate action,
ECOTEST GROUP,http://ecotestgroup.com/,Ukraine,LVIV,https://www.linkedin.com/company/10967767,NRBC / CBRN,Distributeur,67.0,B,New,Engines / propulsion,"Vend des sous-systèmes / composants à un OEM construisant Vehicles, Software / Platforms.","Hi — ECOTEST GROUP ships Vehicles, Software / Platforms (+3) to Aerospace primes, Police / law enforcement (+1).",Review website and validate opportunity,
ECRIN SYSTEMS,http://www.ecrin.com/,France,CROLLES,https://www.linkedin.com/company/ecrin-systems/,Other,À vérifier,,D,New,To enrich,Qualifier l'activité avant tout pitch ciblé.,To enrich,No immediate action,
ED PUBLISHING,https://www.edrmagazine.eu/,France,PARIS,,Other,À vérifier,,D,New,To enrich,Qualifier l'activité avant tout pitch ciblé.,To enrich,No immediate action,
Edeis ingénierie,http://www.edeis.com/expertises/ingenierie/,France,NANTES CEDEX 3,https://www.linkedin.com/company/edeis/,Logistics / MRO,OEM,58.4,C,New,Mechanical parts,Vend des sous-systèmes / composants à un OEM construisant Logistics equipment.,"Hi — Edeis ingénierie ships Logistics equipment to Police / law enforcement, Critical infrastructure.",Keep in watchlist,
EDePro d.o.o,http://www.edepro.com/,Serbie,BELGRADE,,Space / satellite,Bureau d'ingénierie,71.0,B,New,Energy / batteries,"Composites, capteurs, comms, lancement pour primes spatiaux.","Hi — I noticed EDePro d.o.o builds UAV / drones, Weapons (+7) for Space / satellite.",Review website and validate opportunity,
EDGE GROUP,https://edgegroupuae.com/,Émirats arabes unis,ABU DHABI,https://www.linkedin.com/company/edgegroup/,Other,À vérifier,17.6,D,New,Industrial subcontracting / machining,Qualifier l'activité avant tout pitch ciblé.,Hi — I noticed EDGE GROUP at Eurosatory.,No immediate action,
EDH,https://edh.fr/,France,MESANGER,,Other,À vérifier,,D,New,To enrich,Qualifier l'activité avant tout pitch ciblé.,To enrich,No immediate action,
EDI-USA,https://execdefense.com/,États-Unis,PHILADELPHIA,,Other,À vérifier,,D,New,To enrich,Qualifier l'activité avant tout pitch ciblé.,To enrich,No immediate action,
EES CLEMESSY,https://www.clemessy.com/,France,SAINT JEAN DE LA RUELLE,,Other,À vérifier,,D,New,To enrich,Qualifier l'activité avant tout pitch ciblé.,To enrich,No immediate action,
EES-CLEMESSY,https://www.clemessy.com/,France,ARRAS CEDEX 9,https://www.linkedin.com/company/eiffageenergiesystemes/,C4ISR,OEM,74.0,B,New,Electronic components,"Vend des sous-systèmes / composants à un OEM construisant Robotics / UGV, Logistics equipment.","Hi — EES-CLEMESSY ships Robotics / UGV, Logistics equipment (+6) to Critical infrastructure.",Review website and validate opportunity,
efa France,https://efa-controls.com/,France,FONDETTES,https://www.linkedin.com/company/efa-france/,Radar / sensors,Sous-traitant industriel,68.0,B,New,Electronic components,"Front-ends RF, processeurs, mécanique de précision pour fabricants radars.","Hi — I noticed efa France builds Sensors, Software / Platforms (+7) for Radar / sensors.",Review website and validate opportunity,
EFT GROUP Sp. z o.o.,https://eftgroup.pl/en/,Pologne,Widziszewo,,Other,OEM,48.9,C,New,Engines / propulsion,"Vend des sous-systèmes / composants à un OEM construisant Vehicles, Logistics equipment.",Hi — EFT GROUP Sp. z o.o.,Keep in watchlist,
Ege Araç Teknolojileri A.Ş.,,Turquie,İzmir,,Other,À vérifier,,D,New,To enrich,Qualifier l'activité avant tout pitch ciblé.,To enrich,No immediate action,
Ege Endüstri ve Ticaret A.Ş.,,Turquie,İzmir,,Other,À vérifier,,D,New,To enrich,Qualifier l'activité avant tout pitch ciblé.,To enrich,No immediate action,
Ege Fren Sanayi A.Ş.,https://www.egefren.com.tr/,Turquie,İzmir,,Other,OEM,38.4,D,New,Mechanical parts,Vend des sous-systèmes / composants à un OEM construisant Engines / propulsion.,Hi — Ege Fren Sanayi A.Ş.,No immediate action,
EGIDE,https://www.egide-tech.com/,France,RIS-ORANGIS,https://www.linkedin.com/company/egide-tech/,Intelligence / ISR,OEM,78.0,A,New,Energy / batteries,"Capteurs, payloads optroniques, communications pour plateformes ISR.","Hi — I noticed EGIDE builds UAV / drones, Counter-UAV systems (+6) for Intelligence / ISR.",Contact sales team and qualify need,
EID,http://www.eid.pt/,Portugal,CHARNECA DA CAPARICA,https://www.linkedin.com/company/eid-sa,C4ISR,OEM,76.0,A,New,Engines / propulsion,"Composants, sous-systèmes, software, services pour primes C4ISR.","Hi — I noticed EID builds Vehicles, Optronics / Optics (+6) for C4ISR.",Contact sales team and qualify need,
EINSA,https://www.einsa.es/,Espagne,ALCALA DE HENARES MADRID,,Other,À vérifier,,D,New,To enrich,Qualifier l'activité avant tout pitch ciblé.,To enrich,No immediate action,
EIZO Rugged Solutions,http://www.eizorugged.com/,États-Unis,Orlando,https://www.linkedin.com/company/eizoruggedsolutions/,Electronic warfare,OEM,68.0,B,New,Electronic components,"Amplis RF, processeurs signal, embarqué, antennes pour EW.","Hi — I noticed EIZO Rugged Solutions builds Sensors, Radars (+5) for Electronic warfare.",Review website and validate opportunity,
EKOSCAN,https://www.ekoscan-ndt.com/,France,SAINT REMY,,Other,À vérifier,,D,New,To enrich,Qualifier l'activité avant tout pitch ciblé.,To enrich,No immediate action,
Eksma Optics,http://www.eksmaoptics.com/,Lituanie,VILNIUS,https://www.linkedin.com/company/eksma-optics/,Soldier systems,OEM,68.0,B,New,Electronic components,"Textiles, composites, optronique, énergie pour kits soldat.","Hi — I noticed Eksma Optics builds Optronics / Optics, Sensors (+3) for Soldier systems.",Review website and validate opportunity,
ELAUL,https://www.elaul.fr/,France,MONTAUBAN,,Other,À vérifier,,D,New,To enrich,Qualifier l'activité avant tout pitch ciblé.,To enrich,No immediate action,
Elbe Holding,http://www.elbe-group.de/en/,Allemagne,BIETIGHEIM-BISSINGEN,,Space / satellite,OEM,72.5,B,New,Engines / propulsion,"Composites, capteurs, comms, lancement pour primes spatiaux.","Hi — I noticed Elbe Holding builds Vehicles, Sensors (+4) for Space / satellite.",Review website and validate opportunity,
Elbit Systems,http://www.elbitsystems.com/,Israël,HAIFA,,Other,À vérifier,,D,New,To enrich,Qualifier l'activité avant tout pitch ciblé.,To enrich,No immediate action,
Elbit Systems Sweden AB,http://elbitsystems.se/,Suède,Gothenburg,https://www.linkedin.com/company/elbit-systems-sweden-ab/,Intelligence / ISR,OEM,69.0,B,New,Electronic components,"Vend des sous-systèmes / composants à un OEM construisant Optronics / Optics, Tactical radios.","Hi — Elbit Systems Sweden AB ships Optronics / Optics, Tactical radios (+2) to Navy.",Review website and validate opportunity,
"ELDIS PARDUBICE, S.R.O.",http://www.eldis.cz/,République tchèque,PARDUBICE,,Other,À vérifier,,D,New,To enrich,Qualifier l'activité avant tout pitch ciblé.,To enrich,No immediate action,
Electro Optic Systems,https://www.eos-aus.com/,Australie,CANBERRA,,Other,À vérifier,,D,New,To enrich,Qualifier l'activité avant tout pitch ciblé.,To enrich,No immediate action,
ELECTROPOLI SA,http://www.electropoli.com/,France,ISIGNY LE BUAT,https://www.linkedin.com/company/groupe-electropoli-sa/,Ammunition,Sous-traitant industriel,65.5,B,New,Mechanical parts,"Matériaux énergétiques, mécanique, packaging, certification.","Hi — I noticed ELECTROPOLI SA builds Logistics equipment, Communications networks (+2) for Ammunition.",Review website and validate opportunity,
Electro-therm,https://www.electrotherm.fr/,France,BRON,,Other,À vérifier,,D,New,To enrich,Qualifier l'activité avant tout pitch ciblé.,To enrich,No immediate action,
Elektroda Zagreb d.o.o.,https://ezg.hr/,Croatie,Zaprešić,,Naval defense,Distributeur,62.5,B,New,Sensors,Canal de distribution / représentation pour notre portefeuille.,Hi — we're scouting an exclusive distributor for Europe.,Review website and validate opportunity,
ELETTRONICA SPA,https://www.eltgroup.net/,Italie,ROMA,,Other,À vérifier,,D,New,To enrich,Qualifier l'activité avant tout pitch ciblé.,To enrich,No immediate action,
"ELFYS, INC.",http://www.elfys.fi/,Finlande,ESPOO,https://www.linkedin.com/company/elfys,Intelligence / ISR,OEM,77.4,A,New,Electronic components,"Capteurs, payloads optroniques, communications pour plateformes ISR.","Hi — I noticed ELFYS, INC.",Contact sales team and qualify need,
ELGIE - Actemium Roanne Connectique,https://www.actemium.fr/implantations/actemium-roanne-connectique/presentation/,France,ROANNE,,Other,À vérifier,,D,New,To enrich,Qualifier l'activité avant tout pitch ciblé.,To enrich,No immediate action,
ELIKA TEAM,https://elikateam.com/,France,BIARRITZ,,Other,À vérifier,,D,New,To enrich,Qualifier l'activité avant tout pitch ciblé.,To enrich,No immediate action,
Elistair,http://www.elistair.com/,France,DARDILLY,https://www.linkedin.com/company/3720597/admin/dashboard/,Intelligence / ISR,OEM,73.5,B,New,Energy / batteries,"Capteurs, payloads optroniques, communications pour plateformes ISR.","Hi — I noticed Elistair builds UAV / drones, Sensors (+9) for Intelligence / ISR.",Review website and validate opportunity,
Elmo Motion Control,https://www.elmomc.com/,Israël,PETACH TIKVA,https://www.linkedin.com/company/elmomotioncontrol/,Other,À vérifier,16.6,D,New,Industrial subcontracting / machining,Qualifier l'activité avant tout pitch ciblé.,Hi — I noticed Elmo Motion Control at Eurosatory.,No immediate action,
ELMON SA,https://www.elmon.com/,Grèce,ATHENS PEANIA,,Other,À vérifier,,D,New,To enrich,Qualifier l'activité avant tout pitch ciblé.,To enrich,No immediate action,
ELNO,https://www.elno.fr/,France,ARGENTEUIL,,Other,À vérifier,,D,New,To enrich,Qualifier l'activité avant tout pitch ciblé.,To enrich,No immediate action,
ELYNXO,http://www.elynxo.fr/,France,LES ULIS,https://www.linkedin.com/company/10376980/,Industrial subcontracting,Sous-traitant industriel,62.5,B,New,"Raw materials (steel, aluminium)","Matières premières, outils coupants, services qualité pour sous-traitants.","Hi — I noticed ELYNXO builds Mechanical parts, Optronics / Optics (+4) for Industrial subcontracting.",Review website and validate opportunity,
EM&E,https://www.eme-es.com/,Espagne,ALCALÁ DE HENARES,,Other,À vérifier,,D,New,To enrich,Qualifier l'activité avant tout pitch ciblé.,To enrich,No immediate action,
Emaan International Company,,Arabie saoudite,Riyadh,,Other,À vérifier,,D,New,To enrich,Qualifier l'activité avant tout pitch ciblé.,To enrich,No immediate action,
EMAG,http://www.emag.com/,Allemagne,SALACH,https://www.linkedin.com/company/emaggroup,Armored vehicles,Distributeur,80.0,A,New,Engines / propulsion,"Moteurs, composites, plaques balistiques, optronique, comms pour OEM blindés.","Hi — I noticed EMAG builds Vehicles, Weapons (+5) for Armored vehicles.",Contact sales team and qualify need,
Embedl,http://www.embedl.com/,Suède,Göteborg,https://www.linkedin.com/company/embedl/,Intelligence / ISR,Distributeur,77.0,A,New,Cloud / data services,"Capteurs, payloads optroniques, communications pour plateformes ISR.","Hi — I noticed Embedl builds Software / Platforms, Embedded systems (+8) for Intelligence / ISR.",Contact sales team and qualify need,
EMBERION LTD,http://www.emberion.com/,Royaume-Uni,CAMBRIDGE,,Other,À vérifier,,D,New,To enrich,Qualifier l'activité avant tout pitch ciblé.,To enrich,No immediate action,
EMBRAER,http://embraer.com/defense-security-overview/en/,Brésil,SÃO JOSÉ DOS CAMPOS,,Other,À vérifier,16.6,D,New,Industrial subcontracting / machining,Qualifier l'activité avant tout pitch ciblé.,Hi — I noticed EMBRAER at Eurosatory.,No immediate action,
EMD,http://www.emd-pro.com/,France,LANESTER,,Other,À vérifier,,D,New,To enrich,Qualifier l'activité avant tout pitch ciblé.,To enrich,No immediate action,
Emergent Swarm Solutions,https://emergentswarms.com/,Pays-Bas,DELFT,,UAV / drones,OEM,61.0,B,New,Energy / batteries,"Fournisseur de batteries, moteurs, optronique, RF, composites pour fabricants UAV.","Hi — I noticed Emergent Swarm Solutions builds UAV / drones, Sensors (+3) for UAV / drones.",Review website and validate opportunity,
Emiliana Serbatoi,http://www.emilianaserbatoi.com/,Italie,CAMPOGALLIANO,https://www.linkedin.com/company/11005217,Cybersecurity,OEM,67.5,B,New,Engines / propulsion,"Outils SOC/SIEM, brique de sécurité défensive pour vendeur cyber.","Hi — Emiliana Serbatoi ships Vehicles, Logistics equipment (+1) to defense customers.",Review website and validate opportunity,
Emirates Cable Corporation Interconnect (ECCI),https://ecci.ae/,Émirats arabes unis,Abu Dhabi,,Logistics / MRO,À vérifier,26.6,D,New,Industrial subcontracting / machining,Qualifier l'activité avant tout pitch ciblé.,Hi — I noticed Emirates Cable Corporation Interconnect (ECCI) at Eurosatory.,No immediate action,
EMITECH,http://www.emitech.fr/,France,MONTIGNY LE BRETONNEUX,,Other,À vérifier,,D,New,To enrich,Qualifier l'activité avant tout pitch ciblé.,To enrich,No immediate action,
EMJ Metāls SIA,http://www.emjmetals.lv/,Lettonie,Ķekavas novads,https://www.linkedin.com/company/emj-metals-sia/,Other,Sous-traitant industriel,40.7,C,New,Mechanical parts,Activité à qualifier — discovery call avant pitch précis.,"Hi — I noticed EMJ Metāls SIA builds Logistics equipment, Communications networks for Other.",Keep in watchlist,
Empact ApS,,Danemark,København NV,,Other,À vérifier,,D,New,To enrich,Qualifier l'activité avant tout pitch ciblé.,To enrich,No immediate action,
EMPL,https://www.empl.at/,Autriche,KALTENBACH IM ZILLERTAL,,Other,À vérifier,,D,New,To enrich,Qualifier l'activité avant tout pitch ciblé.,To enrich,No immediate action,
EMS Concept,https://www.ems-concept.com/,France,SAVERNE,,Other,À vérifier,,D,New,To enrich,Qualifier l'activité avant tout pitch ciblé.,To enrich,No immediate action,
EMTECH,https://www.emtechinc.net/,États-Unis,Sterling Heights,,Naval defense,OEM,68.0,B,New,Engines / propulsion,"Vend des sous-systèmes / composants à un OEM construisant Vehicles, Software / Platforms.","Hi — EMTECH ships Vehicles, Software / Platforms (+2) to defense customers.",Review website and validate opportunity,
ENAG,https://www.enag.fr/,France,QUIMPER,,Other,À vérifier,,D,New,To enrich,Qualifier l'activité avant tout pitch ciblé.,To enrich,No immediate action,
ENCORP LTD,https://encorp.eu/,Cyprus,NICOSIA,,Other,À vérifier,,D,New,To enrich,Qualifier l'activité avant tout pitch ciblé.,To enrich,No immediate action,
Energetics Technology ltd,https://www.energetics-technology.com/,Royaume-Uni,"Ashbourne, Derbyshire",,Other,OEM,43.4,C,New,Cloud / data services,"Vend des sous-systèmes / composants à un OEM construisant Software / Platforms, Logistics equipment.","Hi — Energetics Technology ltd ships Software / Platforms, Logistics equipment (+1) to defense customers.",Keep in watchlist,
ENERGIE METAL,https://www.energie-metal.fr/,France,LE COTEAU,,Other,À vérifier,,D,New,To enrich,Qualifier l'activité avant tout pitch ciblé.,To enrich,No immediate action,
Engineering Conception Maintenance,https://www.ecm-crit.com/,France,Paris,,Other,À vérifier,,D,New,To enrich,Qualifier l'activité avant tout pitch ciblé.,To enrich,No immediate action,
Enidine,https://www.enidine.com/,États-Unis,Orchard Park,,Other,À vérifier,,D,New,To enrich,Qualifier l'activité avant tout pitch ciblé.,To enrich,No immediate action,
Ensign-Bickford Aerospace & Defense,http://www.ebad.com/,États-Unis,SIMSBURY,https://www.linkedin.com/company/ensign-bickford-aerospace-&-defense-company/,Other,À vérifier,27.6,D,New,Industrial subcontracting / machining,Qualifier l'activité avant tout pitch ciblé.,Hi — I noticed Ensign-Bickford Aerospace & Defense at Eurosatory.,No immediate action,
ENSTROM HELICOPTER CORPORATION,http://www.enstromhelicopter.com/,États-Unis,MENOMINEE,,Space / satellite,OEM,70.0,B,New,Mechanical parts,"Composites, capteurs, comms, lancement pour primes spatiaux.","Hi — I noticed ENSTROM HELICOPTER CORPORATION builds Logistics equipment, Engines / propulsion (+4) for Space / satellite.",Review website and validate opportunity,
Entremonde Polycoaters Limited,http://www.entremonde.com/,Inde,NASHIK,,Other,À vérifier,,D,New,To enrich,Qualifier l'activité avant tout pitch ciblé.,To enrich,No immediate action,
EO SECURITY s.r.o.,https://www.eo-security.com/,République tchèque,Brno,,Other,À vérifier,,D,New,To enrich,Qualifier l'activité avant tout pitch ciblé.,To enrich,No immediate action,
EODH SA,http://www.eodh-protection.com/,Grèce,THESSALONIKI,,Other,À vérifier,,D,New,To enrich,Qualifier l'activité avant tout pitch ciblé.,To enrich,No immediate action,
EOS GmbH,http://www.eos.info/,Allemagne,Krailing,,UAV / drones,OEM,78.0,A,New,Energy / batteries,"Fournisseur de batteries, moteurs, optronique, RF, composites pour fabricants UAV.","Hi — I noticed EOS GmbH builds UAV / drones, Software / Platforms (+7) for UAV / drones.",Contact sales team and qualify need,
EOS TECHNOLOGIE,https://www.eos-technologie.com/,France,VARCES-ALLIÈRE-ET-RISSET,,Other,À vérifier,,D,New,To enrich,Qualifier l'activité avant tout pitch ciblé.,To enrich,No immediate action,
EOST,https://www.eosystem.com/,Corée du Sud,SEOUL,https://www.linkedin.com/company/96136565/admin/feed/posts/,Other,À vérifier,16.6,D,New,Industrial subcontracting / machining,Qualifier l'activité avant tout pitch ciblé.,Hi — I noticed EOST at Eurosatory.,No immediate action,
EPCI,,France,ENNERY,https://www.linkedin.com/in/epci-engineering/,Other,À vérifier,,D,New,To enrich,Qualifier l'activité avant tout pitch ciblé.,To enrich,No immediate action,
Epec Oy,http://www.epec.fi/,Finlande,Seinäjoki,https://www.linkedin.com/company/epec/,Simulation / training,OEM,71.5,B,New,Engines / propulsion,"Visuel, motion, haptique, IA pour fabricants de simulateurs.","Hi — I noticed Epec Oy builds Vehicles, Software / Platforms (+3) for Simulation / training.",Review website and validate opportunity,
Ephyca,https://www.ephyca.com/,Belgique,LIEGE,https://www.linkedin.com/company/ephyca/,UAV / drones,Bureau d'ingénierie,75.0,A,New,Electronic components,"Fournisseur de batteries, moteurs, optronique, RF, composites pour fabricants UAV.","Hi — I noticed Ephyca builds Sensors, Software / Platforms (+4) for UAV / drones.",Contact sales team and qualify need,
EPSI,http://epsi-radars.fr/,France,BEAUZELLE,https://www.linkedin.com/company/epsi-itni,Other,À vérifier,,D,New,To enrich,Qualifier l'activité avant tout pitch ciblé.,To enrich,No immediate action,
EPSILON,http://www.epsilon-tolerie.fr/,France,MAULEVRIER,https://fr.linkedin.com/company/epsilon-tolerie,Naval defense,Sous-traitant industriel,58.7,C,New,Electronic components,"Radars, sonars, comms, armement, sustainment pour primes navals.","Hi — I noticed EPSILON builds Sensors, Logistics equipment for Naval defense.",Keep in watchlist,
Epsilor-Electric Fuel Ltd,http://www.epsilor.com/,Israël,BET SHEMESH,,UAV / drones,Distributeur,75.0,A,New,Engines / propulsion,Sub-system / payload pour OEM drones tactiques.,"Hi — Epsilor-Electric Fuel Ltd ships Vehicles, UAV / drones (+3) to Land forces, Aerospace primes (+4).",Contact sales team and qualify need,
EQUANS,http://equans.fr/,France,VELIZY VILLACOUBLAY,https://www.linkedin.com/company/equans-france/posts/?feedView=all,Electronic warfare,Distributeur,74.0,B,New,"Materials (Li-ion, electrolytes)","Amplis RF, processeurs signal, embarqué, antennes pour EW.","Hi — I noticed EQUANS builds Energy / batteries, Sensors (+4) for Electronic warfare.",Review website and validate opportunity,
EQUIMODAL,http://www.equimodal.com/,Espagne,Zaragoza,https://www.linkedin.com/company/equimodal/?originalSubdomain=es,Logistics / MRO,OEM,65.3,B,New,Mechanical parts,"Pièces de rechange, calibration, certification pour acteurs MRO.","Hi — I noticed EQUIMODAL builds Logistics equipment, Energy / batteries (+1) for Logistics / MRO.",Review website and validate opportunity,
"EQUIPOS MOVILES DE CAMPANA ARPA, S.A.U.",https://www.arpaemc.com/,Espagne,LA MUELA(ZARAGOZA),,Other,À vérifier,,D,New,To enrich,Qualifier l'activité avant tout pitch ciblé.,To enrich,No immediate action,
ERA A.S.,http://www.era.aero/,République tchèque,PARDUBICE,,Other,À vérifier,,D,New,To enrich,Qualifier l'activité avant tout pitch ciblé.,To enrich,No immediate action,
ERARD INDUSTRIE,https://www.erard-industrie.com/,France,CHAVANOZ,,Other,À vérifier,2.0,D,New,To enrich,Qualifier l'activité avant tout pitch ciblé.,Hi — I noticed ERARD INDUSTRIE at Eurosatory.,No immediate action,
ERASER,https://eraser.lv/,Lettonie,RIGA,,Other,OEM,38.4,D,New,Mechanical parts,Activité à qualifier — discovery call avant pitch précis.,"Hi — I noticed ERASER builds Logistics equipment, Electronic components for Other.",No immediate action,
Ericsson,,Suède,Kista,,Other,À vérifier,,D,New,To enrich,Qualifier l'activité avant tout pitch ciblé.,To enrich,No immediate action,
ERLA TECHNOLOGIES S.A.S.,http://erla.fr/,France,SAINT MAURICE SUR MOSELLE,https://www.linkedin.com/company/erlatechnologies/,Intelligence / ISR,Bureau d'ingénierie,60.7,B,New,Electronic components,"Capteurs, payloads optroniques, communications pour plateformes ISR.",Hi — I noticed ERLA TECHNOLOGIES S.A.S.,Review website and validate opportunity,
ERM Fab&Test,http://www.erm-fabtest.com/,France,CARPENTRAS,https://www.linkedin.com/company/erm-fab-test,Other,À vérifier,15.6,D,New,Industrial subcontracting / machining,Qualifier l'activité avant tout pitch ciblé.,Hi — I noticed ERM Fab&Test at Eurosatory.,No immediate action,
Esh-tech Systems,https://www.esh-tech.com/,Israël,OMER,https://www.linkedin.com/company/esh-tech-systems/?viewAsMember=true,Other,À vérifier,17.6,D,New,Industrial subcontracting / machining,Qualifier l'activité avant tout pitch ciblé.,Hi — I noticed Esh-tech Systems at Eurosatory.,No immediate action,
ESSETI PRINTED CIRCUIT BOARD,http://www.circuiti-stampati.com/,Italie,ARGELATO,https://www.linkedin.com/in/esseti-circuiti-stampati-74b37678/,Space / satellite,Sous-traitant industriel,61.1,B,New,Cloud / data services,"Composites, capteurs, comms, lancement pour primes spatiaux.","Hi — I noticed ESSETI PRINTED CIRCUIT BOARD builds Software / Platforms, Electronic components (+2) for Space / satellite.",Review website and validate opportunity,
ESSONNE SECURITE SIDES ARMORIC HOLDING,http://www.essonnesecurite.fr/,France,TREMEUR,,Other,À vérifier,,D,New,To enrich,Qualifier l'activité avant tout pitch ciblé.,To enrich,No immediate action,
Estonian Defence and Aerospace Industry Association,,Estonie,Tallinn,,Other,À vérifier,,D,New,To enrich,Qualifier l'activité avant tout pitch ciblé.,To enrich,No immediate action,
ETENDARD,http://etendard.tech/,France,VAULX-EN-VELIN,https://www.linkedin.com/company/etendard-tech/posts/?feedView=all,Other,À vérifier,,D,New,To enrich,Qualifier l'activité avant tout pitch ciblé.,To enrich,No immediate action,
Eternum Ltd.,https://www.eternum.com/en,Hongrie,Budapest,,Logistics / MRO,OEM,54.4,C,New,RF / microwave components,Vend des sous-systèmes / composants à un OEM construisant Communications networks.,Hi — Eternum Ltd. ships Communications networks to defense customers.,Keep in watchlist,
ETHEREAL MACHINES,http://etherealmachines.com/,Inde,BENGALURU,https://www.linkedin.com/company/etherealmachines/,Intelligence / ISR,OEM,71.5,B,New,Energy / batteries,"Capteurs, payloads optroniques, communications pour plateformes ISR.","Hi — I noticed ETHEREAL MACHINES builds UAV / drones, Electronic components (+13) for Intelligence / ISR.",Review website and validate opportunity,
Etienne Lacroix Logistics,https://www.etienne-lacroix-logistics.com/,France,Muret,,Other,À vérifier,,D,New,To enrich,Qualifier l'activité avant tout pitch ciblé.,To enrich,No immediate action,
"ETL Co., Ltd. (Stealth Technology)",https://www.etlst.com/,Corée du Sud,GYEONGSANGNAM-DO,,Other,À vérifier,16.6,D,New,Industrial subcontracting / machining,Qualifier l'activité avant tout pitch ciblé.,"Hi — I noticed ETL Co., Ltd.",No immediate action,
ETRI (ROSENBERG VENDOME),http://www.etrinet.com/,France,VENDOME,https://www.linkedin.com/company/ecofit-etri/,Radar / sensors,OEM,61.6,B,New,Electronic components,"Front-ends RF, processeurs, mécanique de précision pour fabricants radars.","Hi — I noticed ETRI (ROSENBERG VENDOME) builds Radars, Engines / propulsion for Radar / sensors.",Review website and validate opportunity,
ETRONIKA,http://www.etronika.pl/start-en/,Pologne,WARSZAWA,https://www.linkedin.com/company/etronika-pl,UAV / drones,OEM,73.5,B,New,Electronic components,"Fournisseur de batteries, moteurs, optronique, RF, composites pour fabricants UAV.","Hi — I noticed ETRONIKA builds Optronics / Optics, UAV / drones (+3) for UAV / drones.",Review website and validate opportunity,
ETS GABRIEL ET CIE,https://www.gabriel-lyon.fr/,France,TREVOUX CEDEX,,Other,À vérifier,,D,New,To enrich,Qualifier l'activité avant tout pitch ciblé.,To enrich,No immediate action,
EUCLIDE INDUSTRIE,http://www.euclide.pro/,France,PARIS,https://www.linkedin.com/company/euclideindustrie,Other,À vérifier,,D,New,To enrich,Qualifier l'activité avant tout pitch ciblé.,To enrich,No immediate action,
EURENCO S.A.S.,http://www.eurenco.com/,France,SORGUES,,Other,À vérifier,,D,New,To enrich,Qualifier l'activité avant tout pitch ciblé.,To enrich,No immediate action,
"EURO SECURITY PRODUCTS, S.R.O.",http://www.esp-products.com/,République tchèque,Bast,https://linkedin.com/in/ondrejmuzika,Weapons,OEM,62.5,B,New,Mechanical parts,"Usinage de précision, matériaux, optronique, composants munitions ITAR-friendly.","Hi — I noticed EURO SECURITY PRODUCTS, S.R.O.",Review website and validate opportunity,
EUROATLAS GmbH,https://www.euroatlas.com/,Allemagne,BREMEN,,Other,À vérifier,,D,New,To enrich,Qualifier l'activité avant tout pitch ciblé.,To enrich,No immediate action,
EURO-COMPOSITES® S.à r.l.,http://www.euro-composites.com/,Luxembourg,ECHTERNACH,https://www.linkedin.com/company/euro-composites/,Naval defense,OEM,76.5,A,New,Engines / propulsion,"Radars, sonars, comms, armement, sustainment pour primes navals.",Hi — I noticed EURO-COMPOSITES® S.à r.l.,Contact sales team and qualify need,
EUROHEATER AS,http://euroheater.no/,Norvège,HAGAN,https://www.linkedin.com/company/euroheater-as/?viewAsMember=true,Homeland security,OEM,57.4,C,New,Engines / propulsion,"Vend des sous-systèmes / composants à un OEM construisant Vehicles, Energy / batteries.","Hi — EUROHEATER AS ships Vehicles, Energy / batteries to Police / law enforcement.",Keep in watchlist,
EUROPEAN DEFENCE AGENCY,,Grèce,,,Other,À vérifier,,D,New,To enrich,Qualifier l'activité avant tout pitch ciblé.,To enrich,No immediate action,
EUROPEAN DEFENSE ECONOMIC NETWORKS,http://www.edencluster.com/,France,ECCULY,https://www.linkedin.com/in/eden-cluster/,Intelligence / ISR,Sous-traitant industriel,70.0,B,New,Energy / batteries,"Capteurs, payloads optroniques, communications pour plateformes ISR.","Hi — I noticed EUROPEAN DEFENSE ECONOMIC NETWORKS builds UAV / drones, Software / Platforms (+9) for Intelligence / ISR.",Review website and validate opportunity,
EUROPLAST-NYCAST,http://www.europlast-nycast.de/,Allemagne,VELBERT,,Other,À vérifier,,D,New,To enrich,Qualifier l'activité avant tout pitch ciblé.,To enrich,No immediate action,
EUROPROTECT FRANCE SA,http://www.europrotect.fr/,France,LYON CEDEX 09,,Other,À vérifier,,D,New,To enrich,Qualifier l'activité avant tout pitch ciblé.,To enrich,No immediate action,
EUROSAM,http://www.eurosam.com/,France,LE PLESSIS ROBINSON,https://fr.linkedin.com/company/eurosam-gie,Other,À vérifier,,D,New,To enrich,Qualifier l'activité avant tout pitch ciblé.,To enrich,No immediate action,
EUROSATCOM & VSATECH Associé,http://eurosatcom.eu/,France,LES ULIS,https://www.linkedin.com/company/25766007/admin/dashboard/,Space / satellite,OEM,76.5,A,New,Electronic components,"Composites, capteurs, comms, lancement pour primes spatiaux.","Hi — I noticed EUROSATCOM & VSATECH Associé builds Tactical radios, Logistics equipment (+6) for Space / satellite.",Contact sales team and qualify need,
EUROSPIKE GMBH,https://www.eurospike.com/,Allemagne,RÖTHENBACH,,Other,À vérifier,,D,New,To enrich,Qualifier l'activité avant tout pitch ciblé.,To enrich,No immediate action,
EUROTECH INTERNATIONAL,https://www.eurotech-intl.com/,France,ST GERMAIN EN LAYE CEDEX,,Other,À vérifier,,D,New,To enrich,Qualifier l'activité avant tout pitch ciblé.,To enrich,No immediate action,
EuroTrophy GmbH,http://www.euro-trophy.de/,Allemagne,FRANKFURT AM MAIN,https://www.linkedin.com/company/eurotrophy/,Other,À vérifier,20.1,D,New,Industrial subcontracting / machining,Qualifier l'activité avant tout pitch ciblé.,Hi — I noticed EuroTrophy GmbH at Eurosatory.,No immediate action,
Evertz,https://www.evertz.com/,Canada,L7L 5Z9,,Other,À vérifier,,D,New,To enrich,Qualifier l'activité avant tout pitch ciblé.,To enrich,No immediate action,
Eviden,http://eviden.com/,France,BEZONS CEDEX,https://www.linkedin.com/company/eviden/posts,Naval defense,OEM,80.0,A,New,Engines / propulsion,"Radars, sonars, comms, armement, sustainment pour primes navals.","Hi — I noticed Eviden builds Vehicles, Sensors (+9) for Naval defense.",Contact sales team and qualify need,
EVPÚ a.s.,https://www.evpu.sk/,Slovaquie,NOVA DUBNICA,www.linkedin.com/company/94793184,UAV / drones,OEM,60.5,B,New,Mechanical parts,Sub-system / payload pour OEM drones tactiques.,"Hi — EVPÚ a.s. ships Logistics equipment, UAV / drones to Aerospace primes.",Review website and validate opportunity,
EVPU DEFENCE A. S.,http://www.evpudefence.com/,République tchèque,UHERSKE HRADISTE,https://www.linkedin.com/company/18689469/,Intelligence / ISR,OEM,71.0,B,New,Energy / batteries,"Capteurs, payloads optroniques, communications pour plateformes ISR.",Hi — I noticed EVPU DEFENCE A.,Review website and validate opportunity,
EXAIL,https://www.exail.com/,France,ST GERMAIN EN LAYE,,Other,À vérifier,,D,New,To enrich,Qualifier l'activité avant tout pitch ciblé.,To enrich,No immediate action,
EXAVISION SAS,http://exavision.com/,France,MILHAUD,,Other,À vérifier,,D,New,To enrich,Qualifier l'activité avant tout pitch ciblé.,To enrich,No immediate action,
EXCALIBUR ARMY,https://www.excaliburarmy.cz/,République tchèque,PRAHA,,Intelligence / ISR,OEM,78.0,A,New,Engines / propulsion,"Capteurs, payloads optroniques, communications pour plateformes ISR.","Hi — I noticed EXCALIBUR ARMY builds Vehicles, Weapons (+6) for Intelligence / ISR.",Contact sales team and qualify need,
EXCALIBUR INTERNATIONAL A.S.,http://www.excaliburinternational.cz/,République tchèque,PRAHA 8,https://www.linkedin.com/company/excalibur-international/,Intelligence / ISR,Distributeur,81.5,A,New,Engines / propulsion,"Capteurs, payloads optroniques, communications pour plateformes ISR.",Hi — I noticed EXCALIBUR INTERNATIONAL A.S.,Contact sales team and qualify need,
EXENS GROUP,http://www.exens-solutions.com/,France,Les Ulis,https://www.linkedin.com/company/99523318,Space / satellite,Distributeur,77.0,A,New,Electronic components,"Composites, capteurs, comms, lancement pour primes spatiaux.","Hi — I noticed EXENS GROUP builds Radars, Software / Platforms (+6) for Space / satellite.",Contact sales team and qualify need,
EXONICUS R&D,,Lettonie,VALMIERA,,Other,À vérifier,,D,New,To enrich,Qualifier l'activité avant tout pitch ciblé.,To enrich,No immediate action,
EXOSENS,http://www.exosens.com/,France,MERIGNAC,https://fr.linkedin.com/company/exosens-group,Intelligence / ISR,OEM,80.0,A,New,Energy / batteries,"Capteurs, payloads optroniques, communications pour plateformes ISR.","Hi — I noticed EXOSENS builds UAV / drones, Sensors (+7) for Intelligence / ISR.",Contact sales team and qualify need,
EXPLEO FRANCE,https://expleo.com/,France,MONTIGNY-LE-BRETONNEUX,,Space / satellite,OEM,78.5,A,New,Engines / propulsion,"Composites, capteurs, comms, lancement pour primes spatiaux.","Hi — I noticed EXPLEO FRANCE builds Vehicles, Software / Platforms (+9) for Space / satellite.",Contact sales team and qualify need,
EXPLORER CASES BY GT LINE GROUP,http://www.explorercases.com/,Italie,BOLOGNA,https://www.linkedin.com/company/gt-line-srl/,UAV / drones,OEM,75.0,A,New,Energy / batteries,Sub-system / payload pour OEM drones tactiques.,"Hi — EXPLORER CASES BY GT LINE GROUP ships UAV / drones, Logistics equipment (+2) to Police / law enforcement, Defense ministries (+1).",Contact sales team and qualify need,
EXPLOSIA A.S.,https://www.explosia.cz/,République tchèque,PARDUBICE,,Other,À vérifier,,D,New,To enrich,Qualifier l'activité avant tout pitch ciblé.,To enrich,No immediate action,
Extron,http://www.extron.com/,Pays-Bas,AMERSFOORT,,Other,À vérifier,,D,New,To enrich,Qualifier l'activité avant tout pitch ciblé.,To enrich,No immediate action,
FA Krosno S.A.,https://www.fakrosno.pl/,Pologne,WARSAW,,Other,À vérifier,16.6,D,New,Industrial subcontracting / machining,Qualifier l'activité avant tout pitch ciblé.,Hi — I noticed FA Krosno S.A.,No immediate action,
FACTEM,https://www.factem.com/,France,BAYEUX,,Other,À vérifier,,D,New,To enrich,Qualifier l'activité avant tout pitch ciblé.,To enrich,No immediate action,
Factor Ingeniería y Decoletaje S.L.,http://factorsl.es/en/solutions/defence,Espagne,PUÇOL,https://www.linkedin.com/company/factor-ingenieria-y-decoletaje,Cybersecurity,Distributeur,69.0,B,New,Energetic materials,"Threat intel, hardware appliances, cloud souverain, audits.",Hi — I noticed Factor Ingeniería y Decoletaje S.L.,Review website and validate opportunity,
FACTORY SYSTEMES,,France,Bailly Romainvilliers,,Other,À vérifier,,D,New,To enrich,Qualifier l'activité avant tout pitch ciblé.,To enrich,No immediate action,
FAE,http://demining.fae-group.com/,Italie,FONDO (TN),,Radar / sensors,OEM,78.0,A,New,Engines / propulsion,"Front-ends RF, processeurs, mécanique de précision pour fabricants radars.","Hi — I noticed FAE builds Vehicles, Communications networks (+5) for Radar / sensors.",Contact sales team and qualify need,
Fairsight Vision,,Ukraine,Lviv,,Other,À vérifier,,D,New,To enrich,Qualifier l'activité avant tout pitch ciblé.,To enrich,No immediate action,
Falck-Schmidt Corp,https://www.falck-schmidt.systems/,Danemark,ODENSE S,,Other,À vérifier,,D,New,To enrich,Qualifier l'activité avant tout pitch ciblé.,To enrich,No immediate action,
FALCOM,http://falcom.gn.com/,Danemark,BALLERUP,,Soldier systems,OEM,53.6,C,New,Mechanical parts,"Vend des sous-systèmes / composants à un OEM construisant Logistics equipment, Engines / propulsion.","Hi — FALCOM ships Logistics equipment, Engines / propulsion to Police / law enforcement.",Keep in watchlist,
FALKEN S.A.U.,http://www.falken.es/,Espagne,MADRID,,Other,À vérifier,,D,New,To enrich,Qualifier l'activité avant tout pitch ciblé.,To enrich,No immediate action,
FASSI,http://www.fassi.com/,Italie,ALBINO BG,https://www.linkedin.com/company/fassi-official/,AI / data,Distributeur,76.5,A,New,Cloud / data services,"GPUs, cloud, data annotation, hardening cyber pour plateforme IA.","Hi — I noticed FASSI builds Software / Platforms, Communications networks (+3) for AI / data.",Contact sales team and qualify need,
FAUN Trackway Limited,http://www.fauntrackway.co.uk/,Royaume-Uni,ANGLESEY,https://www.linkedin.com/company/faun-trackway/?viewAsMember=true,UAV / drones,Distributeur,80.0,A,New,Energy / batteries,"Fournisseur de batteries, moteurs, optronique, RF, composites pour fabricants UAV.","Hi — I noticed FAUN Trackway Limited builds UAV / drones, Logistics equipment (+3) for UAV / drones.",Contact sales team and qualify need,
FDH Aero,https://fdhaero.com/,États-Unis,COMMERCE,https://www.linkedin.com/company/fdhaero/,Other,À vérifier,16.6,D,New,Industrial subcontracting / machining,Qualifier l'activité avant tout pitch ciblé.,Hi — I noticed FDH Aero at Eurosatory.,No immediate action,
FEDD,https://www.agon-electronics.com/fedd/,France,VAL DE LOUYRE ET CAUDEAU,,Other,À vérifier,,D,New,To enrich,Qualifier l'activité avant tout pitch ciblé.,To enrich,No immediate action,
Fédération Bancaire Française,https://www.fbf.fr/fr/,France,PARIS,https://www.linkedin.com/company/fbf/posts/?feedView=all,Armored vehicles,OEM,70.5,B,New,Electronic components,"Moteurs, composites, plaques balistiques, optronique, comms pour OEM blindés.","Hi — I noticed Fédération Bancaire Française builds Sensors, Vehicles for Armored vehicles.",Review website and validate opportunity,
FEDERATION OF SECURITY AND DEFENCE INDUSTRIES OF LATVIA,http://www.federacija.lv/,Lettonie,RIGA,,Other,À vérifier,,D,New,To enrich,Qualifier l'activité avant tout pitch ciblé.,To enrich,No immediate action,
FELSENSOHN,http://felsensohnsafetybelts.com/,Turquie,BURSA,https://www.linkedin.com/company/104619788,Other,OEM,50.4,C,New,Mechanical parts,"Vend des sous-systèmes / composants à un OEM construisant Logistics equipment, Vehicles.","Hi — FELSENSOHN ships Logistics equipment, Vehicles to defense customers.",Keep in watchlist,
FERONYL SA,https://www.feronyl.com/,Belgique,MOUSCRON,,Other,À vérifier,,D,New,To enrich,Qualifier l'activité avant tout pitch ciblé.,To enrich,No immediate action,
FEV FRANCE,http://fev.com/,France,SAINT QUENTIN EN YVELINES,,Cybersecurity,Société de services,73.0,B,New,Engines / propulsion,"Threat intel, hardware appliances, cloud souverain, audits.","Hi — I noticed FEV FRANCE builds Vehicles, Engines / propulsion (+6) for Cybersecurity.",Review website and validate opportunity,
FFG FLENSBURGER FAHRZEUGBAU GESELLSCHAFT MBH,http://www.ffg-flensburg.de/,Allemagne,FLENSBURG,,Other,À vérifier,,D,New,To enrich,Qualifier l'activité avant tout pitch ciblé.,To enrich,No immediate action,
"FFT GD SPORTS CO,.LTD",http://www.fftsport.com/,Chine,SHENZHEN,,Homeland security,OEM,67.2,B,New,Mechanical parts,"Vend des sous-systèmes / composants à un OEM construisant Logistics equipment, Software / Platforms.","Hi — FFT GD SPORTS CO,.LTD ships Logistics equipment, Software / Platforms to Police / law enforcement, Civil security / fire (+2).",Review website and validate opportunity,
FGH TECHNOLOGIES,https://www.fgh-technologies.com/,France,SULLY‑SUR‑LOIRE,,Other,À vérifier,,D,New,To enrich,Qualifier l'activité avant tout pitch ciblé.,To enrich,No immediate action,
FibreCoat,https://www.fibrecoat.de/,Allemagne,AACHEN,https://www.linkedin.com/company/37058976/,Radar / sensors,OEM,73.0,B,New,Energy / batteries,"Front-ends RF, processeurs, mécanique de précision pour fabricants radars.","Hi — I noticed FibreCoat builds UAV / drones, Logistics equipment (+8) for Radar / sensors.",Review website and validate opportunity,
FIDEMECA,https://www.fidemeca.com/,France,LES ESSARTS EN BOCAGE,,Other,À vérifier,,D,New,To enrich,Qualifier l'activité avant tout pitch ciblé.,To enrich,No immediate action,
FIDUCIAL SECURITE,http://www.fiducial-securite.fr/,France,COURBEVOIE,https://fr.linkedin.com/company/fiducial-s%C3%A9curit%C3%A9,Intelligence / ISR,Distributeur,66.8,B,New,Mechanical parts,"Capteurs, payloads optroniques, communications pour plateformes ISR.","Hi — I noticed FIDUCIAL SECURITE builds Logistics equipment, Sensors (+1) for Intelligence / ISR.",Review website and validate opportunity,
FIGHTLITE INDUSTRIES,https://www.fightlite.com/,États-Unis,MELBOURNE,,Other,À vérifier,15.6,D,New,Industrial subcontracting / machining,Qualifier l'activité avant tout pitch ciblé.,Hi — I noticed FIGHTLITE INDUSTRIES at Eurosatory.,No immediate action,
filiale de SERMA Ingénieurie,https://www.tdm-ing.com/,France,MERIGNAC,,Other,À vérifier,,D,New,To enrich,Qualifier l'activité avant tout pitch ciblé.,To enrich,No immediate action,
FINAL ADVANCED MATERIALS,https://www.final-materials.com/,France,Didenheim,,Other,À vérifier,,D,New,To enrich,Qualifier l'activité avant tout pitch ciblé.,To enrich,No immediate action,
FINCANTIERI NEXTECH,https://www.fincantierinextech.com/,Italie,MILANO,,Naval defense,OEM,79.0,A,New,Sensors,"Radars, sonars, comms, armement, sustainment pour primes navals.","Hi — I noticed FINCANTIERI NEXTECH builds Naval systems, Communications networks (+1) for Naval defense.",Contact sales team and qualify need,
FINISHED SOLUTION,http://www.finishedsolution.com/main,Corée du Sud,"Gimpo-si, Gyeonggi-do",,Other,À vérifier,,D,New,To enrich,Qualifier l'activité avant tout pitch ciblé.,To enrich,No immediate action,
FIOCCHI MUNIZIONI,http://www.fiocchi.com/,Italie,LECCO,,Other,À vérifier,,D,New,To enrich,Qualifier l'activité avant tout pitch ciblé.,To enrich,No immediate action,
FIRE EAGLE ARMORY,https://fireeagle-armory.com/fire-eagle-armory-armas/,Brésil,ESTEIO - RS,,Weapons,OEM,63.5,B,New,Cloud / data services,"Vend des sous-systèmes / composants à un OEM construisant Software / Platforms, Logistics equipment.","Hi — FIRE EAGLE ARMORY ships Software / Platforms, Logistics equipment (+1) to defense customers.",Review website and validate opportunity,
Fire Point,http://firepoint.technology/,Ukraine,KYIV,,UAV / drones,OEM,45.8,C,New,Energy / batteries,Sub-system / payload pour OEM drones tactiques.,Hi — Fire Point ships UAV / drones to defense customers.,Keep in watchlist,
FIRECO,https://www.fireco.eu/,Italie,GUSSAGO,,Other,À vérifier,,D,New,To enrich,Qualifier l'activité avant tout pitch ciblé.,To enrich,No immediate action,
FISAZA,http://www.fisaza.com/,Émirats arabes unis,RAS AL KHAIMAH,https://www.linkedin.com/company/fisaza/,Weapons,OEM,62.2,B,New,Mechanical parts,"Usinage de précision, matériaux, optronique, composants munitions ITAR-friendly.","Hi — I noticed FISAZA builds Weapons, Ammunition for Weapons.",Review website and validate opportunity,
FISCHER CONNECTORS,http://www.fischerconnectors.fr/,France,CHANTELOUP-EN-BRIE,https://www.linkedin.com/company/fischer-connectors,Radar / sensors,OEM,54.2,C,New,Electronic components,"Front-ends RF, processeurs, mécanique de précision pour fabricants radars.","Hi — I noticed FISCHER CONNECTORS builds Sensors, Logistics equipment for Radar / sensors.",Keep in watchlist,
Fischer Panda GmbH,http://defence.fischerpanda.de/,Allemagne,PADERBORN,https://de.linkedin.com/company/fischerpanda,Other,À vérifier,17.6,D,New,Industrial subcontracting / machining,Qualifier l'activité avant tout pitch ciblé.,Hi — I noticed Fischer Panda GmbH at Eurosatory.,No immediate action,
FIXATION TECHNIQUE DE VIREUX,http://www.ftv-sa.fr/,France,VIREUX MOLHAIN,,Other,À vérifier,,D,New,To enrich,Qualifier l'activité avant tout pitch ciblé.,To enrich,No immediate action,
FJORD DEFENCE AS,https://www.fjorddefencegroup.no/,Norvège,SKALLESTAD,,Other,À vérifier,,D,New,To enrich,Qualifier l'activité avant tout pitch ciblé.,To enrich,No immediate action,
FLYING EYE,https://www.flyingeye.fr/,France,BIOT,,Other,À vérifier,,D,New,To enrich,Qualifier l'activité avant tout pitch ciblé.,To enrich,No immediate action,
FLYING OBJECTS TECHNOLOGIES,https://www.flyingobjects.tech/,France,PARIS,https://www.linkedin.com/company/flying-objects-technologies/about/?viewAsMember=true,Other,À vérifier,,D,New,To enrich,Qualifier l'activité avant tout pitch ciblé.,To enrich,No immediate action,
FMS USA,https://www.fms.co.il/,États-Unis,LINCOLNTON,,Other,À vérifier,,D,New,To enrich,Qualifier l'activité avant tout pitch ciblé.,To enrich,No immediate action,
FN,http://www.fnherstal.com/,Belgique,HERSTAL,https://www.linkedin.com/company/fn-herstal,Land defense,Sous-traitant industriel,72.0,B,New,Electronic components,"Sous-systèmes, composites, certification pour primes terrestres.","Hi — I noticed FN builds Optronics / Optics, Weapons (+5) for Land defense.",Review website and validate opportunity,
Fonderie de Bretagne,https://www.fonderiedebretagne.com/,France,CAUDAN,,Other,À vérifier,,D,New,To enrich,Qualifier l'activité avant tout pitch ciblé.,To enrich,No immediate action,
FORCE Technology,http://forcetechnology.com/en/defence,Danemark,Brøndby,https://www.linkedin.com/company/force-technology/posts/?feedView=all,Naval defense,OEM,82.0,A,New,Engines / propulsion,"Radars, sonars, comms, armement, sustainment pour primes navals.","Hi — I noticed FORCE Technology builds Vehicles, Sensors (+9) for Naval defense.",Contact sales team and qualify need,
FORCETEK,http://www.forcetek.it/,Italie,FORCE (AP),,Other,À vérifier,,D,New,To enrich,Qualifier l'activité avant tout pitch ciblé.,To enrich,No immediate action,
FORCIT OY,https://www.forcit.fi/defence,Finlande,HANKO,,Other,À vérifier,,D,New,To enrich,Qualifier l'activité avant tout pitch ciblé.,To enrich,No immediate action,
FORD GLOBAL FLEET SALES,http://fordglobalfleetsales.com/,États-Unis,SOUTHFIELD,https://www.linkedin.com/company/fordglobalfleetsales/,Naval defense,Distributeur,80.0,A,New,Engines / propulsion,"Radars, sonars, comms, armement, sustainment pour primes navals.","Hi — I noticed FORD GLOBAL FLEET SALES builds Vehicles, Logistics equipment (+4) for Naval defense.",Contact sales team and qualify need,
Forecr,,Estonie,Tallinn,,Other,À vérifier,,D,New,To enrich,Qualifier l'activité avant tout pitch ciblé.,To enrich,No immediate action,
FOREIGN TRADE CHAMBER OF BOSNIA AND HERZEGOVINA,https://www.komorabih.ba/,Bosnia and Herzegovina,SARAJEVO,,Other,À vérifier,,D,New,To enrich,Qualifier l'activité avant tout pitch ciblé.,To enrich,No immediate action,
Formnext,https://formnext.mesago.com/frankfurt/en.html,Allemagne,STUTTGART,https://www.linkedin.com/company/formnext/,Optics / optronics,OEM,75.1,A,New,Cloud / data services,"Vend des sous-systèmes / composants à un OEM construisant Software / Platforms, Engines / propulsion.","Hi — Formnext ships Software / Platforms, Engines / propulsion (+3) to Aerospace primes.",Contact sales team and qualify need,
Forterra,https://forterra.com/,États-Unis,Arlington,,Cybersecurity,OEM,72.5,B,New,Mechanical parts,"Threat intel, hardware appliances, cloud souverain, audits.","Hi — I noticed Forterra builds Logistics equipment, Communications networks (+7) for Cybersecurity.",Review website and validate opportunity,
FOX KNIVES - Oreste Frati S.r.l.,https://www.foxknives.com/,Italie,MANIAGO,,Other,À vérifier,,D,New,To enrich,Qualifier l'activité avant tout pitch ciblé.,To enrich,No immediate action,
FRACHT FRANCE,http://www.frachtgroup.com/,France,TREMBLAY EN FRANCE,https://www.linkedin.com/company/fracht-france,Naval defense,OEM,72.1,B,New,Mechanical parts,"Radars, sonars, comms, armement, sustainment pour primes navals.","Hi — I noticed FRACHT FRANCE builds Logistics equipment, Engines / propulsion (+2) for Naval defense.",Review website and validate opportunity,
FRANKENBURG TECHNOLOGIES OU,http://www.frankenburg.tech/,Estonie,TALLINN,https://www.linkedin.com/company/frankenburg-tech/posts/?feedView=all,Intelligence / ISR,OEM,80.0,A,New,Engines / propulsion,"Capteurs, payloads optroniques, communications pour plateformes ISR.","Hi — I noticed FRANKENBURG TECHNOLOGIES OU builds Vehicles, UAV / drones (+10) for Intelligence / ISR.",Contact sales team and qualify need,
FRANZ ACHLEITNER-FAHRZEUGBAU und Reifenzentrum GmbH,http://www.achleitner.com/,Autriche,WÖRGL,,Other,À vérifier,,D,New,To enrich,Qualifier l'activité avant tout pitch ciblé.,To enrich,No immediate action,
Fraunhofer IAPT,https://www.iapt.fraunhofer.de/de/zukunftsfelder---branchen/zukunftsfeld-sicherheit---defense.html,Allemagne,HAMBURG,https://www.linkedin.com/company/fraunhofer-iapt/posts/?feedView=all,Weapons,Sous-traitant industriel,61.0,B,New,Software,"Usinage de précision, matériaux, optronique, composants munitions ITAR-friendly.","Hi — I noticed Fraunhofer IAPT builds Simulators / Training, Logistics equipment (+1) for Weapons.",Review website and validate opportunity,
Frequentis AG,https://www.frequentis.com/,Autriche,VIENNA,https://www.linkedin.com/company/Frequentis,Intelligence / ISR,OEM,81.5,A,New,Energy / batteries,"Capteurs, payloads optroniques, communications pour plateformes ISR.","Hi — I noticed Frequentis AG builds UAV / drones, Radars (+9) for Intelligence / ISR.",Contact sales team and qualify need,
FRESTEMS,http://www.frestems.fi/,Finlande,SASTAMALA,,Logistics / MRO,OEM,75.0,A,New,Engines / propulsion,"Pièces de rechange, calibration, certification pour acteurs MRO.","Hi — I noticed FRESTEMS builds Vehicles, Logistics equipment (+2) for Logistics / MRO.",Contact sales team and qualify need,
FREWITT FABRIQUE DE MACHINES SA,https://www.frewitt.com/,Suisse,GRANGES-PACCOT,https://www.linkedin.com/company/frewitt/?viewAsMember=true,Radar / sensors,Sous-traitant industriel,50.6,C,New,Electronic components,"Front-ends RF, processeurs, mécanique de précision pour fabricants radars.","Hi — I noticed FREWITT FABRIQUE DE MACHINES SA builds Sensors, Engines / propulsion for Radar / sensors.",Keep in watchlist,
FRICTAPE,http://frictape.com/,Finlande,VANTAA,https://www.linkedin.com/company/frictape-net-ltd/,UAV / drones,OEM,46.8,C,New,Energy / batteries,Sub-system / payload pour OEM drones tactiques.,Hi — FRICTAPE ships UAV / drones to defense customers.,Keep in watchlist,
Fritz Stephan GmbH,http://www.stephan-gmbh.com/,Allemagne,GACKENBACH,https://www.linkedin.com/company/fritzstephan/?viewAsMember=true,Radar / sensors,Distributeur,68.5,B,New,Mechanical parts,"Front-ends RF, processeurs, mécanique de précision pour fabricants radars.","Hi — I noticed Fritz Stephan GmbH builds Logistics equipment, Sensors (+2) for Radar / sensors.",Review website and validate opportunity,
FRONIUS INTERNATIONAL GMBH,,Autriche,SATTLEDT,,Other,À vérifier,,D,New,To enrich,Qualifier l'activité avant tout pitch ciblé.,To enrich,No immediate action,
"Fsain Technology Co., Ltd.",http://www.fsain.com/,Chine,HANGZHOU,,Intelligence / ISR,OEM,72.5,B,New,Engines / propulsion,"Capteurs, payloads optroniques, communications pour plateformes ISR.","Hi — I noticed Fsain Technology Co., Ltd.",Review website and validate opportunity,
FSI,http://www.fsi.no/,Norvège,OSLO,,Other,À vérifier,,D,New,To enrich,Qualifier l'activité avant tout pitch ciblé.,To enrich,No immediate action,
FT WIND SENSORS (FT Technologies),http://fttechnologies.com/,Royaume-Uni,SUNBURY-ON-THAMES,https://www.linkedin.com/company/ft-technologies-ltd,C4ISR,Distributeur,76.5,A,New,Energy / batteries,"Composants, sous-systèmes, software, services pour primes C4ISR.","Hi — I noticed FT WIND SENSORS (FT Technologies) builds UAV / drones, Sensors (+5) for C4ISR.",Contact sales team and qualify need,
FUCHS LUBRIFIANT,,France,RUEIL MALMAISON,,Other,À vérifier,,D,New,To enrich,Qualifier l'activité avant tout pitch ciblé.,To enrich,No immediate action,
"Fulcrum Concepts, LLC",https://www.fulcrumconceptsllc.com/,États-Unis,Mattaponi,,Other,À vérifier,,D,New,To enrich,Qualifier l'activité avant tout pitch ciblé.,To enrich,No immediate action,
FullScale,http://www.fullscale-labs.com/,France,LES ULIS,,Other,À vérifier,,D,New,To enrich,Qualifier l'activité avant tout pitch ciblé.,To enrich,No immediate action,
FYC,https://www.fyc.fi/,Finlande,PIRKKALA,https://www.linkedin.com/company/fyc-fi,Soldier systems,OEM,70.5,B,New,Composite materials,"Vend des sous-systèmes / composants à un OEM construisant Soldier equipment, Ballistic protection.","Hi — FYC ships Soldier equipment, Ballistic protection (+5) to Police / law enforcement, Special forces.",Review website and validate opportunity,
Fynd Reality AS,http://www.fyndreality.com/,Norvège,Hamar,,Logistics / MRO,OEM,61.8,B,New,Cloud / data services,"Vend des sous-systèmes / composants à un OEM construisant Software / Platforms, Simulators / Training.","Hi — Fynd Reality AS ships Software / Platforms, Simulators / Training (+1) to defense customers.",Review website and validate opportunity,
G&G PARTNERS,http://www.defshell.it/,Italie,MONTICHIARI (BRESCIA),,C4ISR,OEM,67.5,B,New,Engines / propulsion,"Composants, sous-systèmes, software, services pour primes C4ISR.","Hi — I noticed G&G PARTNERS builds Vehicles, Logistics equipment (+1) for C4ISR.",Review website and validate opportunity,
G&G PARTNERS France,http://www.defshell.it/fr/,France,MEUDON LA FORET,https://linkedin.com/company/g-g-partners-france,C4ISR,OEM,68.0,B,New,Engines / propulsion,"Composants, sous-systèmes, software, services pour primes C4ISR.","Hi — I noticed G&G PARTNERS France builds Vehicles, Logistics equipment (+1) for C4ISR.",Review website and validate opportunity,
G&H,https://www.gandh.com/,Royaume-Uni,ILMINSTER,https://www.linkedin.com/company/g-h/,Intelligence / ISR,OEM,78.0,A,New,Engines / propulsion,"Capteurs, payloads optroniques, communications pour plateformes ISR.","Hi — I noticed G&H builds Vehicles, Sensors (+7) for Intelligence / ISR.",Contact sales team and qualify need,
G. W. Lisk,https://www.gwlisk.com/,États-Unis,Clifton Springs,,Naval defense,Distributeur,67.5,B,New,Electronic components,"Radars, sonars, comms, armement, sustainment pour primes navals.","Hi — I noticed G. W. Lisk builds Sensors, Engines / propulsion (+4) for Naval defense.",Review website and validate opportunity,
G.CARTIER TECHNOLOGIES,,France,CLUSES,,Other,À vérifier,,D,New,To enrich,Qualifier l'activité avant tout pitch ciblé.,To enrich,No immediate action,
G.K SPACEBOATS LTD,https://www.spaceboats.eu/,Cyprus,NICOSIA,,Electronic warfare,OEM,74.5,B,New,Cloud / data services,"Amplis RF, processeurs signal, embarqué, antennes pour EW.","Hi — I noticed G.K SPACEBOATS LTD builds Software / Platforms, Robotics / UGV (+7) for Electronic warfare.",Review website and validate opportunity,
GACHES CHIMIE SPECIALITES,https://www.gaches.com/,France,TOULOUSE,https://www.linkedin.com/company/groupe-gaches-chimie/,Other,À vérifier,,D,New,To enrich,Qualifier l'activité avant tout pitch ciblé.,To enrich,No immediate action,
GACI TECHNOLOGIES,http://www.gaci.fr/,France,VILLEBON SUR YVETTE,https://fr.linkedin.com/company/gaci-technologies,Intelligence / ISR,Bureau d'ingénierie,74.0,B,New,Industrial subcontracting / machining,"Capteurs, payloads optroniques, communications pour plateformes ISR.","Hi — I noticed GACI TECHNOLOGIES builds Electronic components, UAV / drones (+7) for Intelligence / ISR.",Review website and validate opportunity,
GALEB D.D.,http://www.galeb.hr/,Croatie,OMIS,,Other,À vérifier,,D,New,To enrich,Qualifier l'activité avant tout pitch ciblé.,To enrich,No immediate action,
GALION,,France,ANTONY,,Other,À vérifier,,D,New,To enrich,Qualifier l'activité avant tout pitch ciblé.,To enrich,No immediate action,
GALKO D.O.O.,http://galko-mps.com/,Croatie,Mali Bukovec,https://linkedin.com/company/galko-mps?originalSubdomain=hr,Logistics / MRO,OEM,61.2,B,New,RF / microwave components,"Pièces de rechange, calibration, certification pour acteurs MRO.",Hi — I noticed GALKO D.O.O.,Review website and validate opportunity,
GALLAY LTD,http://www.gallay.co.uk/,Royaume-Uni,WELLINGBOROUGH,,Other,À vérifier,,D,New,To enrich,Qualifier l'activité avant tout pitch ciblé.,To enrich,No immediate action,
GALPERTI TECH FORGED PRODUCTS S.p.A.,http://www.galperti.com/,Italie,COLICO (LC),,C4ISR,Sous-traitant industriel,60.8,B,New,Mechanical parts,"Composants, sous-systèmes, software, services pour primes C4ISR.",Hi — I noticed GALPERTI TECH FORGED PRODUCTS S.p.A.,Review website and validate opportunity,
Galvion,https://www.galvion.com/,Canada,MONTREAL,,Other,À vérifier,,D,New,To enrich,Qualifier l'activité avant tout pitch ciblé.,To enrich,No immediate action,
GAMBER-JOHNSON,https://www.lindelectronics.com/,Allemagne,FILDERSTADT,,Other,À vérifier,,D,New,To enrich,Qualifier l'activité avant tout pitch ciblé.,To enrich,No immediate action,
Garde nationale,http://garde-nationale.gouv.fr/,France,PARIS SP 07,https://www.linkedin.com/company/gardenationale/,Homeland security,À vérifier,21.1,D,New,Industrial subcontracting / machining,Qualifier l'activité avant tout pitch ciblé.,Hi — I noticed Garde nationale at Eurosatory.,No immediate action,
GARG ASSOCIATES PVT. LTD.,https://www.gargasso.com/,Inde,Ghaziabad,,Other,À vérifier,,D,New,To enrich,Qualifier l'activité avant tout pitch ciblé.,To enrich,No immediate action,
GARMIN FRANCE SAS,https://www.garmin.com/,France,NANTERRE CEDEX,,Other,À vérifier,,D,New,To enrich,Qualifier l'activité avant tout pitch ciblé.,To enrich,No immediate action,
Gate Technologies,https://gate-dev.com/,Israël,BAREKET,,Logistics / MRO,À vérifier,26.6,D,New,Industrial subcontracting / machining,Qualifier l'activité avant tout pitch ciblé.,Hi — I noticed Gate Technologies at Eurosatory.,No immediate action,
GATTEFIN,https://gattefin.fr/,France,MEHUN SUR YEVRE,,Other,À vérifier,,D,New,To enrich,Qualifier l'activité avant tout pitch ciblé.,To enrich,No immediate action,
GCA SUPPLY BAUDRY,http://www.baudry.fr/,France,DOMBLANS,https://www.linkedin.com/company/gca-baudry,Other,À vérifier,,D,New,To enrich,Qualifier l'activité avant tout pitch ciblé.,To enrich,No immediate action,
GDC Middle East,,Arabie saoudite,Riyadh,,Other,À vérifier,,D,New,To enrich,Qualifier l'activité avant tout pitch ciblé.,To enrich,No immediate action,
GDELS,http://www.gdels.com/,Espagne,MADRID,,Other,À vérifier,,D,New,To enrich,Qualifier l'activité avant tout pitch ciblé.,To enrich,No immediate action,
GDI SIMULATION,http://www.gdi-simulation.fr/fr/,France,ELANCOURT CEDEX,https://www.linkedin.com/company/gdi-simulation/,Counter-UAV,Distributeur,67.5,B,New,Mechanical parts,"Fournisseur de RF, radars, optronique et embarqués pour stacks anti-drone.","Hi — I noticed GDI SIMULATION builds Logistics equipment, Vehicles (+4) for Counter-UAV.",Review website and validate opportunity,
GDTECH,https://www.gdtech.eu/,Belgique,ALLEUR,,Industrial subcontracting,Sous-traitant industriel,63.5,B,New,Cloud / data services,"Matières premières, outils coupants, services qualité pour sous-traitants.","Hi — I noticed GDTECH builds Software / Platforms, Composite materials (+4) for Industrial subcontracting.",Review website and validate opportunity,
GEFICCA SAS,http://geficca.fr/,France,COSNE-SUR-LOIRE,https://www.linkedin.com/company/geficca-s-a-/,UAV / drones,OEM,69.5,B,New,Engines / propulsion,"Fournisseur de batteries, moteurs, optronique, RF, composites pour fabricants UAV.","Hi — I noticed GEFICCA SAS builds Vehicles, UAV / drones (+3) for UAV / drones.",Review website and validate opportunity,
GEHRING TECHNOLOGIES GMBH + CO. KG,http://gehring-group.com/,Allemagne,OSTFILDERN,https://www.linkedin.com/company/gehring-technologies-gmbh/,Industrial subcontracting,OEM,51.8,C,New,Mechanical parts,"Matières premières, outils coupants, services qualité pour sous-traitants.",Hi — I noticed GEHRING TECHNOLOGIES GMBH + CO.,Keep in watchlist,
GEMINIS LATHES,https://www.geminislathes.com/,Espagne,Elgoibar,,Industrial subcontracting,Sous-traitant industriel,60.7,B,New,"Raw materials (steel, aluminium)","Matières premières, outils coupants, services qualité pour sous-traitants.","Hi — I noticed GEMINIS LATHES builds Mechanical parts, Engines / propulsion (+1) for Industrial subcontracting.",Review website and validate opportunity,
General Atomics,https://www.ga.com/about/ems,États-Unis,SAN DIEGO,www.linkedin.com/company/general-atomics,Intelligence / ISR,Distributeur,79.5,A,New,Electronic components,"Capteurs, payloads optroniques, communications pour plateformes ISR.","Hi — I noticed General Atomics builds Sensors, Weapons (+6) for Intelligence / ISR.",Contact sales team and qualify need,
GENERAL AUTHORITY FOR MILITARY INDUSTRIES (GAMI),https://www.gami.gov.sa/en/homepage,Arabie saoudite,RIYADH,https://www.linkedin.com/company/gami-ksa/,Cybersecurity,OEM,60.2,B,New,Mechanical parts,"Outils SOC/SIEM, brique de sécurité défensive pour vendeur cyber.","Hi — GENERAL AUTHORITY FOR MILITARY INDUSTRIES (GAMI) ships Logistics equipment, Communications networks to Critical infrastructure, Defense ministries (+1).",Review website and validate opportunity,
General Cherry,,Ukraine,"Vyshneve, Kyiv Oblast",,Other,À vérifier,,D,New,To enrich,Qualifier l'activité avant tout pitch ciblé.,To enrich,No immediate action,
General Dynamics Ordnance and Tactical Systems,http://www.gd-ots.com/,États-Unis,SAINT PETERSBURG,https://linkedin.com/company/general-dynamics-ordnance-and-tactical-systems,Ammunition,OEM,44.4,C,New,Energetic materials,Vend des sous-systèmes / composants à un OEM construisant Ammunition.,Hi — General Dynamics Ordnance and Tactical Systems ships Ammunition to defense customers.,Keep in watchlist,
General Inspection,https://www.geninsp.com/,États-Unis,Davisburg,,Radar / sensors,Distributeur,79.0,A,New,Electronic components,"Front-ends RF, processeurs, mécanique de précision pour fabricants radars.","Hi — I noticed General Inspection builds Sensors, Ammunition (+5) for Radar / sensors.",Contact sales team and qualify need,
Gentex Corporation | Ops-Core,http://www.gentexcorp.com/,États-Unis,CARBONDALE,,Soldier systems,OEM,44.0,C,New,Composite materials,Vend des sous-systèmes / composants à un OEM construisant Soldier equipment.,Hi — Gentex Corporation | Ops-Core ships Soldier equipment to defense customers.,Keep in watchlist,
genua GmbH,http://www.genua.de/,Allemagne,Kirchheim,,Cybersecurity,OEM,75.0,A,New,Cloud / data services,"Threat intel, hardware appliances, cloud souverain, audits.","Hi — I noticed genua GmbH builds Software / Platforms, Electronic components (+4) for Cybersecurity.",Contact sales team and qualify need,
GEOCONNECTICS,http://www.geoconnectics.com/,France,RIEDISHEIM,https://www.linkedin.com/company/geoconnectics/,Space / satellite,OEM,71.2,B,New,Industrial subcontracting / machining,"Composites, capteurs, comms, lancement pour primes spatiaux.","Hi — I noticed GEOCONNECTICS builds Electronic components, Logistics equipment (+2) for Space / satellite.",Review website and validate opportunity,
GEODIS INTERSERVICES,http://www.geodis.com/,France,LEVALLOIS PERRET CEDEX,https://www.linkedin.com/company/geodis/,Logistics / MRO,À vérifier,25.6,D,New,Industrial subcontracting / machining,Qualifier l'activité avant tout pitch ciblé.,Hi — I noticed GEODIS INTERSERVICES at Eurosatory.,No immediate action,
GEOMINES,https://www.geomines.com/,France,SIX FOURS LES PLAGES,,Other,À vérifier,,D,New,To enrich,Qualifier l'activité avant tout pitch ciblé.,To enrich,No immediate action,
German Meeting Point / BDSV,http://www.bdsv.eu/,Allemagne,BERLIN,https://www.linkedin.com/company/bdsv-eu/,Weapons,Distributeur,74.5,B,New,Cloud / data services,"Usinage de précision, matériaux, optronique, composants munitions ITAR-friendly.","Hi — I noticed German Meeting Point / BDSV builds Software / Platforms, Weapons (+1) for Weapons.",Review website and validate opportunity,
Germandrones GmbH,https://www.germandrones.com/,Allemagne,BERLIN,,Other,À vérifier,,D,New,To enrich,Qualifier l'activité avant tout pitch ciblé.,To enrich,No immediate action,
GES,https://www.ges.com/,États-Unis,LAS VEGAS,,Other,À vérifier,,D,New,To enrich,Qualifier l'activité avant tout pitch ciblé.,To enrich,No immediate action,
GESELLSCHAFT FÜR LEISTUNGSELEKTRONIK MBH,http://www.syko.de/,Allemagne,MAINHAUSEN,,Other,À vérifier,,D,New,To enrich,Qualifier l'activité avant tout pitch ciblé.,To enrich,No immediate action,
GETAC,http://fr.getac.com/,Allemagne,DÜSSELDORF,,Other,À vérifier,,D,New,To enrich,Qualifier l'activité avant tout pitch ciblé.,To enrich,No immediate action,
GETELEC,http://www.getelec.com/,France,BUC,https://www.linkedin.com/company/getelec,Other,À vérifier,,D,New,To enrich,Qualifier l'activité avant tout pitch ciblé.,To enrich,No immediate action,
GICAT,https://www.gicat.com/,France,PARIS CEDEX 17,,Other,À vérifier,,D,New,To enrich,Qualifier l'activité avant tout pitch ciblé.,To enrich,No immediate action,
GICAT -ENERGIE OPERATIONNELLE,http://www.gicat.fr/,France,PARIS,,Other,À vérifier,,D,New,To enrich,Qualifier l'activité avant tout pitch ciblé.,To enrich,No immediate action,
Gilat Defense,http://www.gilat.com/industries/defense/,Israël,PETACH TIKVA,https://www.linkedin.com/showcase/gilat-defense,Homeland security,À vérifier,39.6,D,New,Industrial subcontracting / machining,Qualifier l'activité avant tout pitch ciblé.,Hi — I noticed Gilat Defense at Eurosatory.,No immediate action,
GILLET GROUP,http://www.gillet-group.com/,France,NOGENT,https://www.linkedin.com/company/gillet-group-sa/,Other,À vérifier,,D,New,To enrich,Qualifier l'activité avant tout pitch ciblé.,To enrich,No immediate action,
GLADIATOR TECHNOLOGIES,https://gladiatortechnologies.com/,États-Unis,SNOQUALMIE,,Other,À vérifier,,D,New,To enrich,Qualifier l'activité avant tout pitch ciblé.,To enrich,No immediate action,
GLASSART,https://www.glassart.gr/,Grèce,PAIANIA,,Logistics / MRO,OEM,69.9,B,New,Mechanical parts,"Pièces de rechange, calibration, certification pour acteurs MRO.","Hi — I noticed GLASSART builds Logistics equipment, Vehicles for Logistics / MRO.",Review website and validate opportunity,
GLAUCUS APS,,Danemark,Copenhagen,,Other,À vérifier,,D,New,To enrich,Qualifier l'activité avant tout pitch ciblé.,To enrich,No immediate action,
GLENAIR,https://glenair.com/,France,TOULOUSE,,Other,À vérifier,,D,New,To enrich,Qualifier l'activité avant tout pitch ciblé.,To enrich,No immediate action,
Global Clearance Solutions AG,http://www.gcs.ch/,Allemagne,STOCKACH,https://www.linkedin.com/company/global-clearance-solutions-gcs-/,Land defense,OEM,75.0,A,New,Cloud / data services,"Sous-systèmes, composites, certification pour primes terrestres.","Hi — I noticed Global Clearance Solutions AG builds Software / Platforms, Vehicles (+5) for Land defense.",Contact sales team and qualify need,
GLOBAL RTS Ltd.,http://www.global-rts.bg/en,Bulgarie,SOFIA,https://share.google/ocm7tZDBRzM0uXTWC,Logistics / MRO,À vérifier,45.6,C,New,Industrial subcontracting / machining,Qualifier l'activité avant tout pitch ciblé.,Hi — I noticed GLOBAL RTS Ltd.,Keep in watchlist,
Global Towing Systems Ltd.,https://www.globaltowingsystems.com/,Hongrie,Komlo,,Other,OEM,53.9,C,New,Engines / propulsion,"Vend des sous-systèmes / composants à un OEM construisant Vehicles, Logistics equipment.",Hi — Global Towing Systems Ltd.,Keep in watchlist,
GLOBAL WIRE HARNESS SAVUNMA HAVACILIK TASARIM,https://www.globalwireharness.com/,Turquie,ANKARA,,Other,À vérifier,,D,New,To enrich,Qualifier l'activité avant tout pitch ciblé.,To enrich,No immediate action,
GLOCK GMBH,https://www.glock.com/,Autriche,DEUTSCH-WAGRAM,,Other,À vérifier,,D,New,To enrich,Qualifier l'activité avant tout pitch ciblé.,To enrich,No immediate action,
GMT,http://www.gmt-gmbh.de/,France,FLORANGE CEDEX,,Other,À vérifier,,D,New,To enrich,Qualifier l'activité avant tout pitch ciblé.,To enrich,No immediate action,
GMV,,Espagne,,,Other,À vérifier,,D,New,To enrich,Qualifier l'activité avant tout pitch ciblé.,To enrich,No immediate action,
Goldhofer,http://www.goldhofer.com/,Allemagne,MEMMINGEN,,Naval defense,OEM,68.0,B,New,Cloud / data services,"Radars, sonars, comms, armement, sustainment pour primes navals.","Hi — I noticed Goldhofer builds Software / Platforms, Engines / propulsion (+1) for Naval defense.",Review website and validate opportunity,
GOLZ SAS FRANCE,https://www.golz.fr/,France,BERSTETT,,Other,À vérifier,,D,New,To enrich,Qualifier l'activité avant tout pitch ciblé.,To enrich,No immediate action,
Goodluck Defence And Aerospace,https://www.goodluckindia.com/,Inde,Sikandrabad,,Other,À vérifier,,D,New,To enrich,Qualifier l'activité avant tout pitch ciblé.,To enrich,No immediate action,
Goodmill Systems Oy,https://goodmillsystems.com/,Finlande,Espoo,,Other,À vérifier,,D,New,To enrich,Qualifier l'activité avant tout pitch ciblé.,To enrich,No immediate action,
Goodyear Operations,http://www.goodyear.com/,Luxembourg,Colmar Berg,,Naval defense,OEM,77.0,A,New,Engines / propulsion,"Radars, sonars, comms, armement, sustainment pour primes navals.","Hi — I noticed Goodyear Operations builds Vehicles, Robotics / UGV (+6) for Naval defense.",Contact sales team and qualify need,
GORIZIANE GROUP SPA,http://www.goriziane.it/,Italie,VILLESSE GO,https://www.linkedin.com/company/goriziane,Soldier systems,OEM,62.0,B,New,Mechanical parts,"Textiles, composites, optronique, énergie pour kits soldat.","Hi — I noticed GORIZIANE GROUP SPA builds Logistics equipment, Software / Platforms (+3) for Soldier systems.",Review website and validate opportunity,
goSmart GmbH,https://www.go-smart.de/,Allemagne,Nürnberg,,Communications,OEM,56.9,C,New,RF / microwave components,"RF, crypto, certification interopérabilité pour radios tactiques.",Hi — I noticed goSmart GmbH builds Communications networks for Communications.,Keep in watchlist,
Government of Alberta,https://www.alberta.ca/choose-alberta-canada,Canada,Edmonton,,Space / satellite,Distributeur,78.0,A,New,Engines / propulsion,"Composites, capteurs, comms, lancement pour primes spatiaux.","Hi — I noticed Government of Alberta builds Vehicles, Ammunition (+1) for Space / satellite.",Contact sales team and qualify need,
GOVINI,https://www.govini.com/,États-Unis,ARLINGTON,,AI / data,Éditeur logiciel,61.7,B,New,Cloud / data services,"GPUs, cloud, data annotation, hardening cyber pour plateforme IA.","Hi — I noticed GOVINI builds Software / Platforms, Engines / propulsion for AI / data.",Review website and validate opportunity,
GRADEL SARL,http://gradel.lu/,Luxembourg,ELLANGE,https://linkedin.com/company/gradel,UAV / drones,Distributeur,80.0,A,New,Mechanical parts,"Fournisseur de batteries, moteurs, optronique, RF, composites pour fabricants UAV.","Hi — I noticed GRADEL SARL builds Logistics equipment, Vehicles (+6) for UAV / drones.",Contact sales team and qualify need,
Granta Solutions,https://www.grantaautonomy.com/,Lituanie,VILNIUS,,Other,À vérifier,,D,New,To enrich,Qualifier l'activité avant tout pitch ciblé.,To enrich,No immediate action,
GREEN AL METALURJİ VE GERİ DÖNÜŞÜM,https://greenmetalurji.com/,Turquie,ISTANBUL,,C4ISR,OEM,47.6,C,New,Mechanical parts,"Vend des sous-systèmes / composants à un OEM construisant Logistics equipment, Engines / propulsion.","Hi — GREEN AL METALURJİ VE GERİ DÖNÜŞÜM ships Logistics equipment, Engines / propulsion to Defense ministries.",Keep in watchlist,
GREEN POWER TURBINE SYSTEMS,http://www.gpts.rs/,Serbie,BELGRADE,,Other,À vérifier,,D,New,To enrich,Qualifier l'activité avant tout pitch ciblé.,To enrich,No immediate action,
GREENMOT,https://www.greenmot.com/,France,VILLEFRANCHE-SUR-SAÔNE,https://www.linkedin.com/company/greenmot,Radar / sensors,OEM,76.0,A,New,Electronic components,"Front-ends RF, processeurs, mécanique de précision pour fabricants radars.","Hi — I noticed GREENMOT builds Sensors, Ammunition (+3) for Radar / sensors.",Contact sales team and qualify need,
Gremsy Joint Stock Company,https://gremsy.com/,Vietnam,HO CHI MINH,,Naval defense,OEM,67.5,B,New,Energy / batteries,"Radars, sonars, comms, armement, sustainment pour primes navals.","Hi — I noticed Gremsy Joint Stock Company builds UAV / drones, Vehicles (+6) for Naval defense.",Review website and validate opportunity,
GREYSTONE SAS,https://plouf.fr/pages/vetements-de-quart-flottants,France,NICE,https://www.linkedin.com/company/45867018/admin/dashboard/,Soldier systems,OEM,60.4,B,New,Mechanical parts,Vend des sous-systèmes / composants à un OEM construisant Logistics equipment.,Hi — GREYSTONE SAS ships Logistics equipment to defense customers.,Review website and validate opportunity,
Grinding Technology Srl.,https://www.ffg-ea.com/,Italie,Cassine,,Other,OEM,35.9,D,New,Cloud / data services,Vend des sous-systèmes / composants à un OEM construisant Software / Platforms.,Hi — Grinding Technology Srl.,No immediate action,
GripID,https://www.gripid.eu/,France,PARIS,https://www.linkedin.com/company/89258739,Radar / sensors,OEM,66.1,B,New,Cloud / data services,"Front-ends RF, processeurs, mécanique de précision pour fabricants radars.","Hi — I noticed GripID builds Software / Platforms, Logistics equipment (+2) for Radar / sensors.",Review website and validate opportunity,
GROB-WERKE GmbH & Co. KG,https://www.grobgroup.com/,Allemagne,MINDELHEIM,https://www.linkedin.com/company/grob-werke-gmbh-&-co-kg/posts/?feedView=all,Other,À vérifier,16.6,D,New,Industrial subcontracting / machining,Qualifier l'activité avant tout pitch ciblé.,Hi — I noticed GROB-WERKE GmbH & Co.,No immediate action,
Groundspace,http://groundspace.io/,France,CLAPIERS,https://www.linkedin.com/company/groundspace,Space / satellite,OEM,70.5,B,New,Cloud / data services,"Vend des sous-systèmes / composants à un OEM construisant Software / Platforms, Satellites / Space.","Hi — Groundspace ships Software / Platforms, Satellites / Space (+2) to Aerospace primes.",Review website and validate opportunity,
Group ACB,http://www.groupacb.com/,Belgique,Dendermonde,https://www.linkedin.com/company/acb-nv-atlantec-sas,Other,OEM,34.4,D,New,Industrial subcontracting / machining,Activité à qualifier — discovery call avant pitch précis.,"Hi — I noticed Group ACB builds Electronic components, Energy / batteries for Other.",No immediate action,
Group STSI,https://www.group-stsi.com/,France,Chemaudin et Vaux,,Other,À vérifier,,D,New,To enrich,Qualifier l'activité avant tout pitch ciblé.,To enrich,No immediate action,
GROUPE 6NAPSE,http://6-napse.com/,France,VAL DE REUIL,https://www.linkedin.com/company/groupe-6napse/,UAV / drones,OEM,74.0,B,New,Mechanical parts,"Fournisseur de batteries, moteurs, optronique, RF, composites pour fabricants UAV.","Hi — I noticed GROUPE 6NAPSE builds Logistics equipment, Energy / batteries (+4) for UAV / drones.",Review website and validate opportunity,
GROUPE ABILIS,https://www.groupe-abilis.fr/,France,ARPAJON,,Other,À vérifier,,D,New,To enrich,Qualifier l'activité avant tout pitch ciblé.,To enrich,No immediate action,
GROUPE DREYER DEFENSE,http://www.easycube.fr/,France,AVIGNON,,Other,À vérifier,,D,New,To enrich,Qualifier l'activité avant tout pitch ciblé.,To enrich,No immediate action,
GROUPE DROUAULT INDUSTRIES,https://www.drouault-industries.com/,France,CONDE SUR VIRE,,Other,À vérifier,,D,New,To enrich,Qualifier l'activité avant tout pitch ciblé.,To enrich,No immediate action,
GROUPE ESARIS INDUSTRIES,http://www.esaris.fr/,France,ILLKIRCH-GRAFFENSTADEN,https://www.linkedin.com/company/esaris-industries/,Other,À vérifier,,D,New,To enrich,Qualifier l'activité avant tout pitch ciblé.,To enrich,No immediate action,
GROUPE GAMI,http://www.groupe-gami.com/,France,CORBAS,https://www.linkedin.com/company/groupegami,Engineering services,OEM,58.5,C,New,"Raw materials (steel, aluminium)","Outils CAD, simulation, certification pour bureau d'études.","Hi — I noticed GROUPE GAMI builds Mechanical parts, Engines / propulsion for Engineering services.",Keep in watchlist,
Groupe GODET,https://www.groupe-godet.fr/,France,ROISSY-EN-FRANCE,,Other,À vérifier,,D,New,To enrich,Qualifier l'activité avant tout pitch ciblé.,To enrich,No immediate action,
GROUPE GONZALES,http://www.gonzales.fr/,France,ESTRABLIN,https://fr.linkedin.com/company/groupegonzales,Industrial subcontracting,Sous-traitant industriel,50.5,C,New,Electronic components,"Matières premières, outils coupants, services qualité pour sous-traitants.","Hi — I noticed GROUPE GONZALES builds Sensors, Mechanical parts for Industrial subcontracting.",Keep in watchlist,
GROUPE INGENITIS LEVIGNE MSJ Industrie,http://www.ets-levigne.com/,France,PONT DU CHATEAU,https://www.linkedin.com/company/groupe-msj-industrie-levigne-m%C3%A9canome-cmf-zalau/posts/?feedView=all,UAV / drones,Sous-traitant industriel,62.5,B,New,Energy / batteries,"Fournisseur de batteries, moteurs, optronique, RF, composites pour fabricants UAV.","Hi — I noticed GROUPE INGENITIS LEVIGNE MSJ Industrie builds UAV / drones, Robotics / UGV (+2) for UAV / drones.",Review website and validate opportunity,
GROUPE PG,https://www.groupe-pg.fr/,France,ROUXMESNIL-BOUTEILLES,,Other,À vérifier,,D,New,To enrich,Qualifier l'activité avant tout pitch ciblé.,To enrich,No immediate action,
GROUPE PIROUX,http://www.piroux.com/,France,VAL REVERMONT,https://www.linkedin.com/company/groupe-piroux,Engineering services,Bureau d'ingénierie,55.5,C,New,Mechanical parts,"Outils CAD, simulation, certification pour bureau d'études.","Hi — I noticed GROUPE PIROUX builds Logistics equipment, Robotics / UGV (+1) for Engineering services.",Keep in watchlist,
GROUPE POMMIER,http://pommier.eu/,France,,https://www.linkedin.com/company/pommier/about,Other,À vérifier,,D,New,To enrich,Qualifier l'activité avant tout pitch ciblé.,To enrich,No immediate action,
GROUPE SAVOY,https://www.groupe-savoy.fr/,France,Cluses,,Other,À vérifier,,D,New,To enrich,Qualifier l'activité avant tout pitch ciblé.,To enrich,No immediate action,
GROUPE SSI,http://www.groupe-ssi.com/,France,VERSAILLES,,Other,À vérifier,,D,New,To enrich,Qualifier l'activité avant tout pitch ciblé.,To enrich,No immediate action,
GROUPEMECA,https://groupemeca.com/,Belgique,Herstal,,Other,À vérifier,,D,New,To enrich,Qualifier l'activité avant tout pitch ciblé.,To enrich,No immediate action,
GROUPEMENT D'INTÉRÊT ÉCONOMIQUE DEFENSE NBC,http://www.defensenbc.fr/,France,TRANS EN PROVENCE,,Other,À vérifier,,D,New,To enrich,Qualifier l'activité avant tout pitch ciblé.,To enrich,No immediate action,
"GS Engineering, Inc.",https://www.gsengineering.com/,États-Unis,Houghton,,Radar / sensors,OEM,70.0,B,New,Engines / propulsion,"Front-ends RF, processeurs, mécanique de précision pour fabricants radars.","Hi — I noticed GS Engineering, Inc.",Review website and validate opportunity,
GSCI Advanced Photonics,http://www.gsci.net/,Canada,WOODBRIDGE,,Other,À vérifier,,D,New,To enrich,Qualifier l'activité avant tout pitch ciblé.,To enrich,No immediate action,
G-SHOCK,https://gshock.casio.com/,France,MASSY,,Other,À vérifier,,D,New,To enrich,Qualifier l'activité avant tout pitch ciblé.,To enrich,No immediate action,
GSMK CRYPTOPHONE,https://www.gsmk.de/,Allemagne,BERLIN,,Other,À vérifier,,D,New,To enrich,Qualifier l'activité avant tout pitch ciblé.,To enrich,No immediate action,
GTD DEFENSE & SECURITY SOLUTIONS SLU,https://www.gtd.eu/defense-security,Espagne,El Puerto de Santa María,,Intelligence / ISR,Distributeur,75.5,A,New,Engines / propulsion,"Capteurs, payloads optroniques, communications pour plateformes ISR.","Hi — I noticed GTD DEFENSE & SECURITY SOLUTIONS SLU builds Vehicles, UAV / drones (+8) for Intelligence / ISR.",Contact sales team and qualify need,
Guardform s.r.o.,http://www.guardform.eu/,République tchèque,Brno,,Other,À vérifier,16.6,D,New,Industrial subcontracting / machining,Qualifier l'activité avant tout pitch ciblé.,Hi — I noticed Guardform s.r.o.,No immediate action,
Guardiaris,http://www.guardiaris.com/,Slovénie,LJUBLJANA,https://si.linkedin.com/company/guardiaris,Air defense,OEM,77.0,A,New,Engines / propulsion,"Radars, missiles, comms, électroniques pour systèmes anti-aériens.","Hi — I noticed Guardiaris builds Vehicles, Software / Platforms (+9) for Air defense.",Contact sales team and qualify need,
GUEDO SAS,http://www.guedo.fr/en/precision-engineering/,France,SAINT AVÉ,,Other,À vérifier,,D,New,To enrich,Qualifier l'activité avant tout pitch ciblé.,To enrich,No immediate action,
GUMARNY ZUBRI,https://www.guzu.cz/,République tchèque,ZUBRI,,Other,À vérifier,,D,New,To enrich,Qualifier l'activité avant tout pitch ciblé.,To enrich,No immediate action,
GUMI CITY,http://www.gumi.go.kr/,Corée du Sud,GUMI-SI,,Other,À vérifier,16.6,D,New,Industrial subcontracting / machining,Qualifier l'activité avant tout pitch ciblé.,Hi — I noticed GUMI CITY at Eurosatory.,No immediate action,
GuS Glass + Safety GmbH & Co. KG,http://www.gus-germany.com/,Allemagne,LUEBBECKE,,Other,À vérifier,,D,New,To enrich,Qualifier l'activité avant tout pitch ciblé.,To enrich,No immediate action,
GuS Periscopes Ltd,http://www.gus-periscopes.com/,Royaume-Uni,Cwmbran,https://www.linkedin.com/company/102276696,Optics / optronics,OEM,79.0,A,New,Engines / propulsion,"Verre spécial, détecteurs, mécanique de précision pour optronique.","Hi — I noticed GuS Periscopes Ltd builds Vehicles, Logistics equipment (+4) for Optics / optronics.",Contact sales team and qualify need,
H.P. Marketing & Consulting Wüst GmbH,https://hp-jammer.de/,Allemagne,REINFELD,,Counter-UAV,OEM,69.5,B,New,Energy / batteries,"Fournisseur de RF, radars, optronique et embarqués pour stacks anti-drone.","Hi — I noticed H.P. Marketing & Consulting Wüst GmbH builds UAV / drones, Logistics equipment (+3) for Counter-UAV.",Review website and validate opportunity,
H3D,http://www.h3dgamma.com/,États-Unis,ANN ARBOR,https://www.linkedin.com/company/h3d-inc-,UAV / drones,OEM,73.5,B,New,Engines / propulsion,"Fournisseur de batteries, moteurs, optronique, RF, composites pour fabricants UAV.","Hi — I noticed H3D builds Vehicles, Logistics equipment (+4) for UAV / drones.",Review website and validate opportunity,
HABIA,https://www.habia.com/,Allemagne,WIPPERFÜRTH,,Other,À vérifier,,D,New,To enrich,Qualifier l'activité avant tout pitch ciblé.,To enrich,No immediate action,
HAERAUX TECHNOLOGIES,https://haeraux.fr/,France,MONTIERCHAUME,,Other,À vérifier,,D,New,To enrich,Qualifier l'activité avant tout pitch ciblé.,To enrich,No immediate action,
Haivision,https://www.haivision.com/,Canada,MONTREAL,,Other,À vérifier,,D,New,To enrich,Qualifier l'activité avant tout pitch ciblé.,To enrich,No immediate action,
HAIX,http://www.haix.com/,Allemagne,MAINBURG,https://de.linkedin.com/company/haixgroup,Other,OEM,53.2,C,New,Cloud / data services,"Vend des sous-systèmes / composants à un OEM construisant Software / Platforms, Logistics equipment.","Hi — HAIX ships Software / Platforms, Logistics equipment to defense customers.",Keep in watchlist,
Halfar System GmbH,http://www.halfar.com/,Allemagne,BIELEFELD,https://www.linkedin.com/company/halfar-system-gmbh/,Naval defense,OEM,44.1,C,New,Industrial subcontracting / machining,Vend des sous-systèmes / composants à un OEM construisant leur build line.,Hi — Halfar System GmbH ships — to defense customers.,Keep in watchlist,
HAMMER WINCH,https://www.hammerwinch.com/,Turquie,ANKARA,,Other,À vérifier,,D,New,To enrich,Qualifier l'activité avant tout pitch ciblé.,To enrich,No immediate action,
"HAMPIAUX SAS ""LE LORRAIN",http://lelorrain.fr/,France,HEILLECOURT,https://www.linkedin.com/company/le-lorrain-hampiaux-sas,Logistics / MRO,OEM,61.1,B,New,RF / microwave components,"Pièces de rechange, calibration, certification pour acteurs MRO.","Hi — I noticed HAMPIAUX SAS ""LE LORRAIN builds Communications networks, Vehicles for Logistics / MRO.",Review website and validate opportunity,
Hanwha,https://www.hanwhaaerospace.co.kr/kor/index.do,Corée du Sud,SEOUL,,Other,À vérifier,,D,New,To enrich,Qualifier l'activité avant tout pitch ciblé.,To enrich,No immediate action,
Hanza,,Finlande,Hattula,,Other,À vérifier,,D,New,To enrich,Qualifier l'activité avant tout pitch ciblé.,To enrich,No immediate action,
HARMATTAN AI,https://www.harmattan.ai/,France,PARIS,https://www.linkedin.com/company/harmattan-ai/,Intelligence / ISR,OEM,78.0,A,New,Energy / batteries,"Capteurs, payloads optroniques, communications pour plateformes ISR.","Hi — I noticed HARMATTAN AI builds UAV / drones, Counter-UAV systems (+5) for Intelligence / ISR.",Contact sales team and qualify need,
Harmonic Drive SE,http://www.harmonicdrive.de/,Allemagne,LIMBURG/LAHN,https://www.linkedin.com/company/harmonic-drive-se/posts/?feedView=all,UAV / drones,OEM,73.0,B,New,Electronic components,"Fournisseur de batteries, moteurs, optronique, RF, composites pour fabricants UAV.","Hi — I noticed Harmonic Drive SE builds Sensors, Engines / propulsion (+4) for UAV / drones.",Review website and validate opportunity,
HATZ,https://www.hatz.com/fr-france/,France,CHASSIEU,https://www.linkedin.com/company/hatz-diesel-france/,Radar / sensors,Bureau d'ingénierie,70.0,B,New,Mechanical parts,"Front-ends RF, processeurs, mécanique de précision pour fabricants radars.","Hi — I noticed HATZ builds Engines / propulsion, Communications networks (+3) for Radar / sensors.",Review website and validate opportunity,
HAVELSAN,http://www.havelsan.com/,Turquie,ANKARA,https://tr.linkedin.com/company/havelsan,Naval defense,OEM,82.0,A,New,Energy / batteries,"Radars, sonars, comms, armement, sustainment pour primes navals.","Hi — I noticed HAVELSAN builds UAV / drones, Software / Platforms (+10) for Naval defense.",Contact sales team and qualify need,
HawAI.tech,https://hawaitech.com/,France,GRENOBLE,,Other,À vérifier,,D,New,To enrich,Qualifier l'activité avant tout pitch ciblé.,To enrich,No immediate action,
HDS,https://www.eas.gr/,Grèce,Hymettus-Athens,https://www.linkedin.com/company/hellenic-defence-systems-s.a./,Weapons,OEM,64.5,B,New,Mechanical parts,"Vend des sous-systèmes / composants à un OEM construisant Logistics equipment, Vehicles.","Hi — HDS ships Logistics equipment, Vehicles (+2) to defense customers.",Review website and validate opportunity,
HEADMIND PARTNERS,http://www.headmind.com/,France,PARIS,https://www.linkedin.com/company/headmind-partners,Other,Distributeur,19.6,D,New,Industrial subcontracting / machining,Canal de distribution / représentation pour notre portefeuille.,Hi — we're scouting an exclusive distributor for your region.,No immediate action,
HEBCO INDUSTRIE,http://hebcoindustrie.com/,France,LAMOTTE BEUVRON,,Other,À vérifier,,D,New,To enrich,Qualifier l'activité avant tout pitch ciblé.,To enrich,No immediate action,
Heckler & Koch GmbH,http://www.heckler-koch.com/,Allemagne,OBERNDORF/NECKAR,,Other,À vérifier,,D,New,To enrich,Qualifier l'activité avant tout pitch ciblé.,To enrich,No immediate action,
HEINZMANN,https://www.heinzmann.com/,Allemagne,SCHÖNAU IM SCHWARZWALD,https://www.linkedin.com/company/heinzmann-gmbh-cokg/,Naval defense,OEM,70.5,B,New,Engines / propulsion,"Radars, sonars, comms, armement, sustainment pour primes navals.","Hi — I noticed HEINZMANN builds Vehicles, Sensors (+6) for Naval defense.",Review website and validate opportunity,
HeiQ,http://www.heiq.com/,Suisse,Schlieren,https://www.linkedin.com/company/heiq/,Export / distribution,Distributeur,61.0,B,New,Cloud / data services,"Vend des sous-systèmes / composants à un OEM construisant Software / Platforms, Communications networks.","Hi — HeiQ ships Software / Platforms, Communications networks (+1) to defense customers.",Review website and validate opportunity,
HELLAS SAT,https://www.hellas-sat.net/,Grèce,"Koropi, Athens",,Space / satellite,Distributeur,75.0,A,New,Composite materials,Canal de distribution / représentation pour notre portefeuille.,Hi — we're scouting an exclusive distributor for Europe (+3).,Contact sales team and qualify need,
HELLAS SAT CONSORTIUM LTD,https://www.hellas-sat.net/,Cyprus,KOFINOU,,Space / satellite,Distributeur,75.0,A,New,Composite materials,Canal de distribution / représentation pour notre portefeuille.,Hi — we're scouting an exclusive distributor for Europe (+3).,Contact sales team and qualify need,
Hellwig & Lünenschloss,http://www.hul-gmbh.de/,Allemagne,GEVELSBERG,https://www.linkedin.com/company/37096701/,Other,OEM,37.4,D,New,Mechanical parts,"Vend des sous-systèmes / composants à un OEM construisant Logistics equipment, Vehicles.","Hi — Hellwig & Lünenschloss ships Logistics equipment, Vehicles to defense customers.",No immediate action,
HELSING,https://helsing.ai/,France,PARIS,,Other,À vérifier,,D,New,To enrich,Qualifier l'activité avant tout pitch ciblé.,To enrich,No immediate action,
Hemco d.o.o.,https://www.hemco.hr/,Croatie,Dakovo,,Soldier systems,OEM,56.5,C,New,Mechanical parts,"Textiles, composites, optronique, énergie pour kits soldat.",Hi — I noticed Hemco d.o.o.,Keep in watchlist,
HEMERIA,http://www.hemeria-group.com/,France,TOULOUSE CEDEX 1,https://www.facebook.com/hemeriaofficiel/,Other,À vérifier,,D,New,To enrich,Qualifier l'activité avant tout pitch ciblé.,To enrich,No immediate action,
Hensoldt AG,http://www.hensoldt.net/,Allemagne,TAUFKIRCHEN,https://www.linkedin.com/company/hensoldt/,Intelligence / ISR,OEM,82.0,A,New,Engines / propulsion,"Capteurs, payloads optroniques, communications pour plateformes ISR.","Hi — I noticed Hensoldt AG builds Vehicles, UAV / drones (+19) for Intelligence / ISR.",Contact sales team and qualify need,
Hero Gears A/S,http://www.herogears.com/,Danemark,Ishøj,https://www.linkedin.com/company/hero-gears-a-s,Naval defense,OEM,76.0,A,New,"Raw materials (steel, aluminium)","Radars, sonars, comms, armement, sustainment pour primes navals.","Hi — I noticed Hero Gears A/S builds Mechanical parts, Engines / propulsion (+6) for Naval defense.",Contact sales team and qualify need,
HERTZ NEW TECHNOLOGIES SP. Z O.O.,https://hertznt.eu/,Pologne,ZIELONA GÓRA,,Electronic warfare,OEM,77.0,A,New,Energy / batteries,"Amplis RF, processeurs signal, embarqué, antennes pour EW.",Hi — I noticed HERTZ NEW TECHNOLOGIES SP.,Contact sales team and qualify need,
Hessapp / FFG Werke GmbH,https://www.ffg-ea.com/,Allemagne,Taunusstein-Hahn,,Other,OEM,35.9,D,New,Cloud / data services,Vend des sous-systèmes / composants à un OEM construisant Software / Platforms.,Hi — Hessapp / FFG Werke GmbH ships Software / Platforms to defense customers.,No immediate action,
Heven AeroTech,http://www.hevenaerotech.com/,États-Unis,STERLING,https://www.linkedin.com/company/hevenaerotech/,Other,À vérifier,16.6,D,New,Industrial subcontracting / machining,Qualifier l'activité avant tout pitch ciblé.,Hi — I noticed Heven AeroTech at Eurosatory.,No immediate action,
HEVI Optronics,https://www.hevioptronics.com/,Estonie,Vääna,,Intelligence / ISR,OEM,68.0,B,New,Engines / propulsion,"Capteurs, payloads optroniques, communications pour plateformes ISR.","Hi — I noticed HEVI Optronics builds Vehicles, UAV / drones (+8) for Intelligence / ISR.",Review website and validate opportunity,
Hewlett Packard Enterprise (HPE),http://www.hpe.com/fr,France,PUTEAUX,https://www.linkedin.com/company/hewlett-packard-enterprise,Other,À vérifier,18.6,D,New,Industrial subcontracting / machining,Qualifier l'activité avant tout pitch ciblé.,Hi — I noticed Hewlett Packard Enterprise (HPE) at Eurosatory.,No immediate action,
Hexagon | NovAtel,http://novatel.com/industries/defense,Canada,Edmonton,https://www.linkedin.com/company/novatel,Space / satellite,OEM,54.6,C,New,Electronic components,"Composites, capteurs, comms, lancement pour primes spatiaux.","Hi — I noticed Hexagon | NovAtel builds Sensors, Satellites / Space for Space / satellite.",Keep in watchlist,
HEXCEL,http://www.hexcel.com/,France,DAGNEUX,https://www.linkedin.com/company/hexcel-corporation/,Space / satellite,Distributeur,74.0,B,New,Engines / propulsion,"Composites, capteurs, comms, lancement pour primes spatiaux.","Hi — I noticed HEXCEL builds Vehicles, Composite materials (+5) for Space / satellite.",Review website and validate opportunity,
HGH,http://hgh-infrared.com/,France,IGNY,https://www.linkedin.com/showcase/wide-area-surveillance-was/posts/?feedView=all,Electronic warfare,OEM,76.5,A,New,Engines / propulsion,"Amplis RF, processeurs signal, embarqué, antennes pour EW.","Hi — I noticed HGH builds Vehicles, UAV / drones (+9) for Electronic warfare.",Contact sales team and qualify need,
HGXR,https://www.hgxr.com/,Allemagne,MÜNCHEN,https://www.linkedin.com/company/18116130/,Other,À vérifier,16.6,D,New,Industrial subcontracting / machining,Qualifier l'activité avant tout pitch ciblé.,Hi — I noticed HGXR at Eurosatory.,No immediate action,
"HIAB LIMITED, Defence Logistics",http://www.hiab.com/,Royaume-Uni,ELLESMERE,,Other,À vérifier,,D,New,To enrich,Qualifier l'activité avant tout pitch ciblé.,To enrich,No immediate action,
HICO GROUP GMBH,https://www.hico-group.com/,Autriche,WIEN,,AI / data,OEM,66.4,B,New,Cloud / data services,"GPUs, cloud, data annotation, hardening cyber pour plateforme IA.","Hi — I noticed HICO GROUP GMBH builds Software / Platforms, Engines / propulsion (+1) for AI / data.",Review website and validate opportunity,
Hidraulika Kurelja d.o.o.,https://www.hidraulika-kurelja.hr/,Croatie,Donja Stubica,,Air defense,OEM,50.2,C,New,Cloud / data services,"Vend des sous-systèmes / composants à un OEM construisant Software / Platforms, Logistics equipment.",Hi — Hidraulika Kurelja d.o.o.,Keep in watchlist,
HIDROFIL,https://www.hidrofil.com.tr/,Turquie,ANKARA,,Other,À vérifier,,D,New,To enrich,Qualifier l'activité avant tout pitch ciblé.,To enrich,No immediate action,
HIFI FILTER,http://hifi-filter.com/fr/,France,PONTARLIER CEDEX,https://www.linkedin.com/company/hififilter/,Logistics / MRO,À vérifier,47.6,C,New,Industrial subcontracting / machining,"Pièces de rechange, calibration, certification pour acteurs MRO.",Hi — I noticed HIFI FILTER builds — for Logistics / MRO.,Keep in watchlist,
HIGH TECH CERAM,http://www.rubis-precis.com/,France,DARVAULT,https://www.linkedin.com/company/group-rubis-precis/,Radar / sensors,OEM,69.0,B,New,RF / microwave components,"Front-ends RF, processeurs, mécanique de précision pour fabricants radars.","Hi — I noticed HIGH TECH CERAM builds Communications networks, Composite materials (+3) for Radar / sensors.",Review website and validate opportunity,
HIOLLE TECHNOLOGIES,https://www.hiolle-technologies.fr/,France,PROUVY,https://www.linkedin.com/company/hiolle-technologies/,Other,À vérifier,,D,New,To enrich,Qualifier l'activité avant tout pitch ciblé.,To enrich,No immediate action,
HI-REL SOLUTIONS BY STELIAU TECHNOLOGY,http://steliau-hirel.com/,Italie,MILAN,https://www.linkedin.com/company/hi-rel-solutions-by-steliau-technology,Space / satellite,Distributeur,73.0,B,New,Industrial subcontracting / machining,"Composites, capteurs, comms, lancement pour primes spatiaux.","Hi — I noticed HI-REL SOLUTIONS BY STELIAU TECHNOLOGY builds Electronic components, Logistics equipment (+2) for Space / satellite.",Review website and validate opportunity,
HIRTENBERGER DEFENCE EUROPE GMBH,https://hds.hirtenberger.com/,Autriche,HIRTENBERG,,Other,À vérifier,,D,New,To enrich,Qualifier l'activité avant tout pitch ciblé.,To enrich,No immediate action,
HITEC Luxembourg S.A.,http://www.hitec.lu/,Luxembourg,MAMER,https://www.linkedin.com/company/hitec-luxembourg,Communications,OEM,79.5,A,New,Engines / propulsion,"RF, crypto, certification interopérabilité pour radios tactiques.",Hi — I noticed HITEC Luxembourg S.A.,Contact sales team and qualify need,
HMK BILCON A/S,https://www.hmkbilcon.com/,Danemark,GISTRUP,,Other,À vérifier,,D,New,To enrich,Qualifier l'activité avant tout pitch ciblé.,To enrich,No immediate action,
HOFFMANN Group,http://www.hoffmann-group.com/FR/fr/hof/,France,DRUSENHEIM,https://www.linkedin.com/company/hoffmann-group-france,Radar / sensors,OEM,77.5,A,New,Electronic components,"Front-ends RF, processeurs, mécanique de précision pour fabricants radars.","Hi — I noticed HOFFMANN Group builds Robotics / UGV, Energy / batteries (+3) for Radar / sensors.",Contact sales team and qualify need,
Holík International s.r.o.,http://www.holik-international.com/,République tchèque,ZLÍN 12,,Other,À vérifier,,D,New,To enrich,Qualifier l'activité avant tout pitch ciblé.,To enrich,No immediate action,
Hologarde,http://hologarde.com/,France,PARAY-VIEILLE-POSTE,https://www.linkedin.com/company/hologarde/,Radar / sensors,OEM,63.5,B,New,Energy / batteries,"Front-ends RF, processeurs, mécanique de précision pour fabricants radars.","Hi — I noticed Hologarde builds UAV / drones, Counter-UAV systems (+2) for Radar / sensors.",Review website and validate opportunity,
Honeywell,http://automation.honeywell.com/gb/en/industries/aerospace,France,RICHARDSON,https://www.linkedin.com/showcase/honeywell-ia,Other,À vérifier,,D,New,To enrich,Qualifier l'activité avant tout pitch ciblé.,To enrich,No immediate action,
HORNET,https://www.arquus-defense.com/fr,France,GUYANCOURT,,Other,À vérifier,,D,New,To enrich,Qualifier l'activité avant tout pitch ciblé.,To enrich,No immediate action,
HORSTMAN GROUP,http://www.horstman.co.uk/,Royaume-Uni,BATH,,Other,À vérifier,,D,New,To enrich,Qualifier l'activité avant tout pitch ciblé.,To enrich,No immediate action,
HOUTRIS,https://www.houtris.com/,Cyprus,LARNACA,,Armored vehicles,OEM,71.5,B,New,Engines / propulsion,"Vend des sous-systèmes / composants à un OEM construisant Vehicles, Communications networks.","Hi — HOUTRIS ships Vehicles, Communications networks (+1) to Civil security / fire, Defense ministries (+3).",Review website and validate opportunity,
HOWA TRAMICO,https://www.howa-tramico.fr/,France,BRIONNE,,Other,À vérifier,,D,New,To enrich,Qualifier l'activité avant tout pitch ciblé.,To enrich,No immediate action,
HP INC.,http://www.hp.com/,États-Unis,PALO ALTO,,Cybersecurity,Distributeur,77.0,A,New,Engines / propulsion,"Threat intel, hardware appliances, cloud souverain, audits.",Hi — I noticed HP INC.,Contact sales team and qualify need,
HP MEDIZINTECHNIK GMBH,http://www.hp-med.com/,Allemagne,OBERSCHLEISSHEIM,https://www.linkedin.com/company/hp-med,Armored vehicles,OEM,61.5,B,New,Electronic components,"Moteurs, composites, plaques balistiques, optronique, comms pour OEM blindés.","Hi — I noticed HP MEDIZINTECHNIK GMBH builds Sensors, Logistics equipment (+2) for Armored vehicles.",Review website and validate opportunity,
HPI HIGH PRESSURE INSTRUMENTATION,http://www.hpi-gmbh.com/,Autriche,GRAZ,,Other,À vérifier,,D,New,To enrich,Qualifier l'activité avant tout pitch ciblé.,To enrich,No immediate action,
HPRC | Plaber S.r.l.,http://www.hprc.it/,Italie,BASSANO DEL GRAPPA,https://www.linkedin.com/company/hprccases,UAV / drones,OEM,71.0,B,New,Mechanical parts,Sub-system / payload pour OEM drones tactiques.,Hi — HPRC | Plaber S.r.l.,Review website and validate opportunity,
HPS SAPEM,http://www.sapem-sa.com/,France,CIZELY,https://www.linkedin.com/company/sapem-sa/,Other,À vérifier,,D,New,To enrich,Qualifier l'activité avant tout pitch ciblé.,To enrich,No immediate action,
HS PRODUKT d.o.o.,https://www.hs-produkt.hr/,Croatie,KARLOVAC,,Other,À vérifier,,D,New,To enrich,Qualifier l'activité avant tout pitch ciblé.,To enrich,No immediate action,
HT DIVISION ZRT,https://www.htdivision.com/,Hongrie,BUDAPEST,,Other,À vérifier,,D,New,To enrich,Qualifier l'activité avant tout pitch ciblé.,To enrich,No immediate action,
HT-NOVA LIMITED COMPANY,http://www.htnova.com/,Chine,BEIJING,,Intelligence / ISR,OEM,67.0,B,New,Engines / propulsion,"Capteurs, payloads optroniques, communications pour plateformes ISR.","Hi — I noticed HT-NOVA LIMITED COMPANY builds Vehicles, UAV / drones (+4) for Intelligence / ISR.",Review website and validate opportunity,
HTS TENTIQ,http://www.hts-tentiq.com/,Allemagne,KEFENROD,https://www.linkedin.com/company/hts-tentiq/?originalSubdomain=de,Logistics / MRO,Distributeur,76.5,A,New,Engines / propulsion,"Pièces de rechange, calibration, certification pour acteurs MRO.","Hi — I noticed HTS TENTIQ builds Vehicles, Robotics / UGV for Logistics / MRO.",Contact sales team and qualify need,
https://www.linkedin.com/company/weinberg-capital-,http://www.weinbergcapital.com/,France,PARIS,https://www.linkedin.com/company/weinberg-capital-partners/?viewAsMember=true,Other,OEM,44.1,C,New,Engines / propulsion,"Vend des sous-systèmes / composants à un OEM construisant Vehicles, Communications networks.","Hi — https://www.linkedin.com/company/weinberg-capital- ships Vehicles, Communications networks to defense customers.",Keep in watchlist,
"HUBER+SUHNER, Inc.",https://www.hubersuhner.com/,États-Unis,Charlotte,,Other,À vérifier,,D,New,To enrich,Qualifier l'activité avant tout pitch ciblé.,To enrich,No immediate action,
HÜBNER GMBH & CO. KG,http://www.hubner-group.com/,Allemagne,KASSEL,https://www.linkedin.com/company/hubner-group/,C4ISR,OEM,80.0,A,New,Cloud / data services,"Composants, sous-systèmes, software, services pour primes C4ISR.",Hi — I noticed HÜBNER GMBH & CO.,Contact sales team and qualify need,
HUIZHOU WES NEW ENERGY LIMITED COMPANY,http://www.wesbattery.com/,Chine,HUIZHOU,https://www.linkedin.com/in/qu-yuan-04050356/,UAV / drones,OEM,59.0,C,New,Energy / batteries,Sub-system / payload pour OEM drones tactiques.,"Hi — HUIZHOU WES NEW ENERGY LIMITED COMPANY ships UAV / drones, Software / Platforms (+3) to defense customers.",Keep in watchlist,
Huless,https://huless.com/,Royaume-Uni,HARPENDEN,https://www.linkedin.com/company/huless/,Other,À vérifier,19.6,D,New,Industrial subcontracting / machining,Qualifier l'activité avant tout pitch ciblé.,Hi — I noticed Huless at Eurosatory.,No immediate action,
"HUNAN KINGCERA ENGINEERING CO.,LTD",http://www.kingcera.com/,Chine,HUNAN,,Ballistic protection,Distributeur,61.4,B,New,Composite materials,Canal de distribution / représentation pour notre portefeuille.,Hi — we're scouting an exclusive distributor for your region.,Review website and validate opportunity,
HURON GRAFFENSTADEN,http://www.huron.fr/,France,ESCHAU,https://www.linkedin.com/in/hurongraffenstaden/,AI / data,OEM,67.8,B,New,Mechanical parts,"GPUs, cloud, data annotation, hardening cyber pour plateforme IA.","Hi — I noticed HURON GRAFFENSTADEN builds Logistics equipment, Mechanical parts (+1) for AI / data.",Review website and validate opportunity,
Hutchinson Industries,http://www.hutchinson.com/,France,CHATELLERAULT CEDEX,,Other,À vérifier,,D,New,To enrich,Qualifier l'activité avant tout pitch ciblé.,To enrich,No immediate action,
Hydrema Danmark,,Danemark,Støvring,,Other,À vérifier,,D,New,To enrich,Qualifier l'activité avant tout pitch ciblé.,To enrich,No immediate action,
Hydrema Export,https://hydrema-defence.com/,Danemark,STØVRING,,Other,À vérifier,,D,New,To enrich,Qualifier l'activité avant tout pitch ciblé.,To enrich,No immediate action,
HYDRO LEDUC SAS,http://hydroleduc.com/,France,AZERAILLES,https://www.linkedin.com/company/hydro-leduc/,UAV / drones,OEM,69.5,B,New,Energy / batteries,"Fournisseur de batteries, moteurs, optronique, RF, composites pour fabricants UAV.","Hi — I noticed HYDRO LEDUC SAS builds UAV / drones, Logistics equipment (+3) for UAV / drones.",Review website and validate opportunity,
Hyperbunker d.o.o.,https://www.hyperbunker.com/,Croatie,Zagreb,,Other,À vérifier,15.6,D,New,Industrial subcontracting / machining,Qualifier l'activité avant tout pitch ciblé.,Hi — I noticed Hyperbunker d.o.o.,No immediate action,
HYPSUS MÜHENDISLIK VE SÜSPANSIYON SISTEMLERI ANONIM SIRKETI,https://www.hypsus.com.tr/,Turquie,Ankara,,Other,À vérifier,,D,New,To enrich,Qualifier l'activité avant tout pitch ciblé.,To enrich,No immediate action,
HYUNDAI ROTEM COMPANY,http://www.hyundai-rotem.co.kr/en/main/index.do,Corée du Sud,"Uiwang-si, Gyeonggi-do",,Armored vehicles,OEM,48.8,C,New,Engines / propulsion,Vend des sous-systèmes / composants à un OEM construisant Vehicles.,Hi — HYUNDAI ROTEM COMPANY ships Vehicles to defense customers.,Keep in watchlist,
HYUNDAI WIA Corp.,,Corée du Sud,Changwon-si,,Other,À vérifier,,D,New,To enrich,Qualifier l'activité avant tout pitch ciblé.,To enrich,No immediate action,
"i3system, inc.",http://www.i3system.com/,Corée du Sud,DAEJEON,,Other,À vérifier,,D,New,To enrich,Qualifier l'activité avant tout pitch ciblé.,To enrich,No immediate action,
I-4S GROUP SAS,http://www.i-4s.eu/,France,GROSTENQUIN,,Other,À vérifier,,D,New,To enrich,Qualifier l'activité avant tout pitch ciblé.,To enrich,No immediate action,
IABG,http://www.iabg.de/,Allemagne,OTTOBRUNN,,Electronic warfare,Distributeur,75.5,A,New,Energy / batteries,"Amplis RF, processeurs signal, embarqué, antennes pour EW.","Hi — I noticed IABG builds UAV / drones, Optronics / Optics (+6) for Electronic warfare.",Contact sales team and qualify need,
IAI - ISRAEL AEROSPACE INDUSTRIES,http://www.iai.co.il/,Israël,LOD,,Other,À vérifier,,D,New,To enrich,Qualifier l'activité avant tout pitch ciblé.,To enrich,No immediate action,
IANUS CONSULTING LTD,https://ianus-consulting.com/,Cyprus,LARNACA,https://www.linkedin.com/company/ianus-consulting/?viewAsMember=true,Other,À vérifier,5.0,D,New,To enrich,Qualifier l'activité avant tout pitch ciblé.,Hi — I noticed IANUS CONSULTING LTD at Eurosatory.,No immediate action,
IANUS TECHNOLOGIES LTD,https://ianus-consulting.com/,Grèce,ATHENS,https://www.linkedin.com/company/ianus-consulting/?viewAsMember=true,Other,À vérifier,5.0,D,New,To enrich,Qualifier l'activité avant tout pitch ciblé.,Hi — I noticed IANUS TECHNOLOGIES LTD at Eurosatory.,No immediate action,
IAV,http://www.iav.com/,Allemagne,BERLIN,https://www.linkedin.com/company/iav-gmbh,UAV / drones,OEM,76.5,A,New,Engines / propulsion,"Fournisseur de batteries, moteurs, optronique, RF, composites pour fabricants UAV.","Hi — I noticed IAV builds Vehicles, Software / Platforms (+5) for UAV / drones.",Contact sales team and qualify need,
ICARUS SWARMS,https://www.icarusswarms.ai/,France,BÈGLES,,Other,À vérifier,,D,New,To enrich,Qualifier l'activité avant tout pitch ciblé.,To enrich,No immediate action,
iCOMAT,https://www.icomat.co.uk/,Grèce,Athens,,Export / distribution,Distributeur,52.9,C,New,Cloud / data services,Activité à qualifier — discovery call avant pitch précis.,"Hi — I noticed iCOMAT builds Software / Platforms, Energy / batteries (+2) for Export / distribution.",Keep in watchlist,
ICPE ELECTRIC MOTORS,http://www.icpe-em.ro/,Roumanie,BUCURESTI,,Other,À vérifier,,D,New,To enrich,Qualifier l'activité avant tout pitch ciblé.,To enrich,No immediate action,
ID SYSTEM,https://idsystem.fr/,France,MESANGER,,Other,À vérifier,,D,New,To enrich,Qualifier l'activité avant tout pitch ciblé.,To enrich,No immediate action,
idD Portugal Defence,https://www.iddportugal.pt/,Portugal,LISBOA,,Electronic warfare,OEM,77.5,A,New,Mechanical parts,"Amplis RF, processeurs signal, embarqué, antennes pour EW.","Hi — I noticed idD Portugal Defence builds Logistics equipment, Software / Platforms (+6) for Electronic warfare.",Contact sales team and qualify need,
IDDEA,https://mega-defence.com/,Belgique,ANDENNE,,Other,À vérifier,,D,New,To enrich,Qualifier l'activité avant tout pitch ciblé.,To enrich,No immediate action,
IDONIAL,https://www.idonial.com/,Espagne,"Gijón, Asturias",,Other,À vérifier,,D,New,To enrich,Qualifier l'activité avant tout pitch ciblé.,To enrich,No immediate action,
IFS EXHIBITION,https://www.ifsexhibition.com/,Turquie,ISTANBUL,,UAV / drones,OEM,56.3,C,New,Energy / batteries,Sub-system / payload pour OEM drones tactiques.,Hi — IFS EXHIBITION ships UAV / drones to defense customers.,Keep in watchlist,
IGMAN d.d. Konjic,http://www.igman.co.ba/,Bosnia and Herzegovina,KONJIC,,Weapons,OEM,62.9,B,New,Energetic materials,"Vend des sous-systèmes / composants à un OEM construisant Ammunition, Logistics equipment.","Hi — IGMAN d.d. Konjic ships Ammunition, Logistics equipment (+1) to Special forces, Police / law enforcement.",Review website and validate opportunity,
IHI CORPORATION,https://www.ihi.co.jp/en/,Japon,TOKYO,,Other,À vérifier,,D,New,To enrich,Qualifier l'activité avant tout pitch ciblé.,To enrich,No immediate action,
ILS - Institut de Recherches de Saint-Louis,https://www.isl.eu/,France,ST LOUIS,,Naval defense,OEM,78.0,A,New,Electronic components,"Radars, sonars, comms, armement, sustainment pour primes navals.","Hi — I noticed ILS - Institut de Recherches de Saint-Louis builds Sensors, Electronic components (+13) for Naval defense.",Contact sales team and qualify need,
iMAR Navigation GmbH,http://www.imar-navigation.de/,Allemagne,ST. INGBERT,https://www.linkedin.com/company/2657041,Naval defense,OEM,78.5,A,New,Electronic components,"Radars, sonars, comms, armement, sustainment pour primes navals.","Hi — I noticed iMAR Navigation GmbH builds Sensors, Vehicles (+13) for Naval defense.",Contact sales team and qualify need,
IMCO INDUSTRIES ltd,http://www.imco-ind.com/,Israël,CAESAREA,https://www.linkedin.com/company/imco-industried-ltd./,Naval defense,OEM,78.5,A,New,Engines / propulsion,"Radars, sonars, comms, armement, sustainment pour primes navals.","Hi — I noticed IMCO INDUSTRIES ltd builds Vehicles, Sensors (+9) for Naval defense.",Contact sales team and qualify need,
IMEAR S.R.L.,http://www.cobogroup.net/,Italie,BAGNOLO MELLA - BRESCIA,,Other,À vérifier,,D,New,To enrich,Qualifier l'activité avant tout pitch ciblé.,To enrich,No immediate action,
IMMI,https://www.imminet.com/,États-Unis,WESTFIELD,,Logistics / MRO,OEM,52.8,C,New,Engines / propulsion,Vend des sous-systèmes / composants à un OEM construisant Vehicles.,Hi — IMMI ships Vehicles to defense customers.,Keep in watchlist,
IMPACT,https://sas-impact.fr/,France,ORLEANS,,Other,À vérifier,,D,New,To enrich,Qualifier l'activité avant tout pitch ciblé.,To enrich,No immediate action,
Impact Innovations,https://www.impact-innovations.com/,Allemagne,RATTENKIRCHEN,https://www.linkedin.com/company/impact-innovations-gmbh/,Space / satellite,OEM,78.0,A,New,Mechanical parts,"Composites, capteurs, comms, lancement pour primes spatiaux.","Hi — I noticed Impact Innovations builds Logistics equipment, Vehicles (+6) for Space / satellite.",Contact sales team and qualify need,
IMS France,http://www.imsfrance.com/,France,Bruyères-sur-Oise,https://www.linkedin.com/showcase/ims-france/,Intelligence / ISR,OEM,53.5,C,New,Mechanical parts,"Capteurs, payloads optroniques, communications pour plateformes ISR.","Hi — I noticed IMS France builds Logistics equipment, Mechanical parts for Intelligence / ISR.",Keep in watchlist,
"IMSAR, LLC",https://www.imsar.com/,États-Unis,SPRINGVILLE,,Intelligence / ISR,OEM,80.5,A,New,Energy / batteries,"Capteurs, payloads optroniques, communications pour plateformes ISR.","Hi — I noticed IMSAR, LLC builds UAV / drones, Sensors (+6) for Intelligence / ISR.",Contact sales team and qualify need,
Independent Forgings and Alloys Ltd,,Royaume-Uni,Sheffield,,Other,À vérifier,,D,New,To enrich,Qualifier l'activité avant tout pitch ciblé.,To enrich,No immediate action,
INDEX France Sarl,https://www.index-group.com/fr,France,VILLEBON-SUR-YVETTE,www.linkedin.com/company/index-france-sarl,Simulation / training,OEM,65.5,B,New,Electronic components,"Visuel, motion, haptique, IA pour fabricants de simulateurs.","Hi — I noticed INDEX France Sarl builds Robotics / UGV, Mechanical parts (+2) for Simulation / training.",Review website and validate opportunity,
India Optel Limited,https://www.indiaoptel.in/,Inde,"Raipur, Dehradun",,Other,À vérifier,,D,New,To enrich,Qualifier l'activité avant tout pitch ciblé.,To enrich,No immediate action,
INDO DEFENCE 2027 EXPO & FORUM,https://indodefence.com/,Indonésie,JAKARTA,https://www.linkedin.com/showcase/indo-defence/,Electronic warfare,Distributeur,78.5,A,New,Mechanical parts,"Amplis RF, processeurs signal, embarqué, antennes pour EW.","Hi — I noticed INDO DEFENCE 2027 EXPO & FORUM builds Logistics equipment, Vehicles (+10) for Electronic warfare.",Contact sales team and qualify need,
Indra Group,http://wwww.indracompany.com/,Espagne,MADRID,https://www.linkedin.com/company/indra/posts/?feedView=all,Other,À vérifier,17.6,D,New,Industrial subcontracting / machining,Qualifier l'activité avant tout pitch ciblé.,Hi — I noticed Indra Group at Eurosatory.,No immediate action,
INDUSTEEL FRANCE,http://industeel.arcelormittal.com/,France,LE CREUSOT CEDEX,,Other,À vérifier,,D,New,To enrich,Qualifier l'activité avant tout pitch ciblé.,To enrich,No immediate action,
Industria de Material Bélico do Brasil - IMBEL,http://www.imbel.gov.br/,Brésil,BRASILIA,,Other,À vérifier,,D,New,To enrich,Qualifier l'activité avant tout pitch ciblé.,To enrich,No immediate action,
INDUSTRIAL OLMAR,https://www.olmar.com/,Espagne,"Gijón, Asturias",,Other,À vérifier,,D,New,To enrich,Qualifier l'activité avant tout pitch ciblé.,To enrich,No immediate action,
INEO DEFENSE,https://equans.fr/,France,VELIZY VILLACOUBLAY,,Other,À vérifier,,D,New,To enrich,Qualifier l'activité avant tout pitch ciblé.,To enrich,No immediate action,
"Inertial Labs, a VIAVI Solutions Company",http://www.intertiallabs.com/,États-Unis,Paeonian Springs,https://www.linkedin.com/company/inertial-labs-inc,Other,À vérifier,20.6,D,New,Industrial subcontracting / machining,Qualifier l'activité avant tout pitch ciblé.,"Hi — I noticed Inertial Labs, a VIAVI Solutions Company at Eurosatory.",No immediate action,
INFINITY SAFE TECNOLOGIA EM SEGURANÇA,,Brésil,SÃO PAULO - SP,,Other,À vérifier,,D,New,To enrich,Qualifier l'activité avant tout pitch ciblé.,To enrich,No immediate action,
"Inflatable 2000, Inc.",https://www.i2kdefense.com/,Puerto Rico,SAN JUAN,,UAV / drones,OEM,69.5,B,New,Engines / propulsion,Sub-system / payload pour OEM drones tactiques.,"Hi — Inflatable 2000, Inc.",Review website and validate opportunity,
INFODEFENSA.COM,http://www.infodefensa.com/,Espagne,MADRID,https://www.linkedin.com/company/infodefensa/posts/?feedView=all,UAV / drones,OEM,68.5,B,New,Energy / batteries,Sub-system / payload pour OEM drones tactiques.,"Hi — INFODEFENSA.COM ships UAV / drones, Radars (+4) to Navy, Critical infrastructure (+1).",Review website and validate opportunity,
INFODIP,https://www.infodip.com/,France,SAINT-LEU-LA-FORÊT,https://www.linkedin.com/company/infodip/?viewAsMember=true,Other,À vérifier,,D,New,To enrich,Qualifier l'activité avant tout pitch ciblé.,To enrich,No immediate action,
INGUAR-DEFENCE,http://www.inguardefence.com/,Ukraine,KYIV,https://www.linkedin.com/company/inguar-defence,Armored vehicles,OEM,67.1,B,New,Engines / propulsion,"Vend des sous-systèmes / composants à un OEM construisant Vehicles, Weapons.","Hi — INGUAR-DEFENCE ships Vehicles, Weapons (+1) to Special forces, Police / law enforcement.",Review website and validate opportunity,
INKOP OBUCA LTD.,http://www.inkop.hr/,Croatie,POZNANOVEC,,Other,OEM,38.4,D,New,Mechanical parts,Vend des sous-systèmes / composants à un OEM construisant Logistics equipment.,Hi — INKOP OBUCA LTD.,No immediate action,
Innovation Agency Lithuania,https://inovacijuagentura.lt/?lang=lt,Lituanie,VILNIUS,,Other,À vérifier,,D,New,To enrich,Qualifier l'activité avant tout pitch ciblé.,To enrich,No immediate action,
INOVEOS,https://www.inoveos.com/,France,RIVE-LA-GAILLARDE,,Other,À vérifier,,D,New,To enrich,Qualifier l'activité avant tout pitch ciblé.,To enrich,No immediate action,
INPIXAL,http://www.inpixal.com/,France,RENNES,,Other,À vérifier,,D,New,To enrich,Qualifier l'activité avant tout pitch ciblé.,To enrich,No immediate action,
"INSOPACK CO.,Ltd.",http://www.insopack.co.kr/eng/main/main.html,Corée du Sud,"Gumi-si, Gyeonbuk",,Other,À vérifier,,D,New,To enrich,Qualifier l'activité avant tout pitch ciblé.,To enrich,No immediate action,
Insta,http://www.insta.fi/en/,Finlande,Tampere,https://www.linkedin.com/showcase/insta-defence-and-aviation/,Cybersecurity,OEM,79.0,A,New,Engines / propulsion,"Threat intel, hardware appliances, cloud souverain, audits.","Hi — I noticed Insta builds Vehicles, UAV / drones (+10) for Cybersecurity.",Contact sales team and qualify need,
Instagrid,http://instagrid.co/,Allemagne,LUDWIGSBURG,https://www.linkedin.com/company/instagrid/,Logistics / MRO,Distributeur,77.9,A,New,"Materials (Li-ion, electrolytes)",Canal de distribution / représentation pour notre portefeuille.,Hi — we're scouting an exclusive distributor for United Kingdom (+4).,Contact sales team and qualify need,
INSTALAZA,http://www.instalaza.com/,Espagne,ZARAGOZA,,Radar / sensors,OEM,49.0,C,New,Electronic components,"Front-ends RF, processeurs, mécanique de précision pour fabricants radars.","Hi — I noticed INSTALAZA builds Radars, Sensors for Radar / sensors.",Keep in watchlist,
INSTITUT CARNOT MICA,http://www.carnot-mica.fr/,France,MULHOUSE,https://www.linkedin.com/company/carnot-mica/,Simulation / training,À vérifier,34.1,D,New,Industrial subcontracting / machining,Qualifier l'activité avant tout pitch ciblé.,Hi — I noticed INSTITUT CARNOT MICA at Eurosatory.,No immediate action,
INTAP ADVANCED TECHNOLOGY SP. Z O.O. SP.K.,https://www.intap.com.pl/,Pologne,Bukowiec,,Radar / sensors,Sous-traitant industriel,58.1,C,New,Mechanical parts,"Front-ends RF, processeurs, mécanique de précision pour fabricants radars.",Hi — I noticed INTAP ADVANCED TECHNOLOGY SP.,Keep in watchlist,
INTEGRIS COMPOSITES,https://www.integriscomposites.com/,Pays-Bas,AMSTERDAM,https://www.linkedin.com/company/tencate-advanced-armour,Electronic warfare,OEM,82.0,A,New,Engines / propulsion,"Amplis RF, processeurs signal, embarqué, antennes pour EW.","Hi — I noticed INTEGRIS COMPOSITES builds Vehicles, Ballistic protection (+11) for Electronic warfare.",Contact sales team and qualify need,
Intelic,http://www.intelic.ai/,Pays-Bas,AMSTERDAM,https://nl.linkedin.com/company/intelic-ai,Electronic warfare,Distributeur,73.5,B,New,Engines / propulsion,"Amplis RF, processeurs signal, embarqué, antennes pour EW.","Hi — I noticed Intelic builds Vehicles, UAV / drones (+8) for Electronic warfare.",Review website and validate opportunity,
INTERFACE CONCEPT,https://www.interfaceconcept.com/,France,QUIMPER,,Other,À vérifier,,D,New,To enrich,Qualifier l'activité avant tout pitch ciblé.,To enrich,No immediate action,
INTERNATIONAL ARMORED GROUP,https://www.interarmored.com/,Émirats arabes unis,RAS AL KHAIMAH,https://www.linkedin.com/company/international-armored-group,Armored vehicles,OEM,81.0,A,New,Engines / propulsion,"Moteurs, composites, plaques balistiques, optronique, comms pour OEM blindés.","Hi — I noticed INTERNATIONAL ARMORED GROUP builds Vehicles, Logistics equipment (+2) for Armored vehicles.",Contact sales team and qualify need,
International Parts Supply (IPS),https://www.ipscorpusa.com/,États-Unis,Edina,,Other,À vérifier,,D,New,To enrich,Qualifier l'activité avant tout pitch ciblé.,To enrich,No immediate action,
INTRACOM DEFENSE S.A. (IDE),http://www.intracomdefense.com/,Grèce,KOROPI ATTICA,https://www.linkedin.com/company/intracom-defense/,Electronic warfare,Intégrateur,78.0,A,New,Engines / propulsion,"Amplis RF, processeurs signal, embarqué, antennes pour EW.",Hi — I noticed INTRACOM DEFENSE S.A.,Contact sales team and qualify need,
INVERNIZZI PRESSE,http://www.invernizzi.com/,Italie,PESCATE,https://www.linkedin.com/company/invernizzi-presse/?originalSubdomain=it,Ammunition,OEM,65.0,B,New,Energetic materials,"Matériaux énergétiques, mécanique, packaging, certification.","Hi — I noticed INVERNIZZI PRESSE builds Ammunition, Energy / batteries (+4) for Ammunition.",Review website and validate opportunity,
INVESTMENT AND DEVELOPMENT AGENCY OF LATVIA,https://www.liaa.gov.lv/en,Lettonie,RIGA,https://www.linkedin.com/company/invest-in-latvia/,Optics / optronics,Distributeur,80.0,A,New,Electronic components,"Verre spécial, détecteurs, mécanique de précision pour optronique.","Hi — I noticed INVESTMENT AND DEVELOPMENT AGENCY OF LATVIA builds Optronics / Optics, Logistics equipment (+5) for Optics / optronics.",Contact sales team and qualify need,
INVISIO,http://www.invisio.com/,France,MONTIGNY-LE-BRETONNEUX,,Other,À vérifier,,D,New,To enrich,Qualifier l'activité avant tout pitch ciblé.,To enrich,No immediate action,
IPO TECHNOLOGIE,http://www.ipo-sa.com/,France,DECINES-CHARPIEU,https://www.linkedin.com/company/ipo-technologie/,Other,À vérifier,,D,New,To enrich,Qualifier l'activité avant tout pitch ciblé.,To enrich,No immediate action,
iprotex GmbH & Co.KG,http://www.iprotex.com/,Allemagne,Münchberg,,Logistics / MRO,Distributeur,67.0,B,New,Cloud / data services,"Vend des sous-systèmes / composants à un OEM construisant Software / Platforms, Logistics equipment.","Hi — iprotex GmbH & Co.KG ships Software / Platforms, Logistics equipment (+3) to Aerospace primes.",Review website and validate opportunity,
"IQ BRAND, DESIGN & PRODUCTION GMBH",,Autriche,SCHLITTERS,,Other,À vérifier,,D,New,To enrich,Qualifier l'activité avant tout pitch ciblé.,To enrich,No immediate action,
IRAUNDI,http://iraundi.com/,Espagne,/ BERGARA (GUIPÚZCOA),https://linkedin.com/company/iraundi/,Soldier systems,OEM,69.1,B,New,Mechanical parts,"Textiles, composites, optronique, énergie pour kits soldat.","Hi — I noticed IRAUNDI builds Logistics equipment, Engines / propulsion (+2) for Soldier systems.",Review website and validate opportunity,
"IRMAXTEC Technology Co., Ltd.",http://www.irmaxtec.com/,Chine,HANGZHOU,,Optics / optronics,OEM,46.4,C,New,Electronic components,Vend des sous-systèmes / composants à un OEM construisant Optronics / Optics.,"Hi — IRMAXTEC Technology Co., Ltd.",Keep in watchlist,
IRnova AB,http://www.ir-nova.se/,Suède,KISTA,,Other,À vérifier,4.0,D,New,To enrich,Qualifier l'activité avant tout pitch ciblé.,Hi — I noticed IRnova AB at Eurosatory.,No immediate action,
IRON cluster,https://ironcluster.org/eng-home,Ukraine,LVIV,https://www.linkedin.com/company/iron-cluster/,UAV / drones,OEM,71.0,B,New,Energy / batteries,"Fournisseur de batteries, moteurs, optronique, RF, composites pour fabricants UAV.","Hi — I noticed IRON cluster builds UAV / drones, Robotics / UGV (+2) for UAV / drones.",Review website and validate opportunity,
IRTS,https://www.irts.fr/,France,LA GARDE,,Other,À vérifier,,D,New,To enrich,Qualifier l'activité avant tout pitch ciblé.,To enrich,No immediate action,
IrvinGQ®,http://www.irvingq.com/,Royaume-Uni,BRIDGEND,,Other,À vérifier,,D,New,To enrich,Qualifier l'activité avant tout pitch ciblé.,To enrich,No immediate action,
ISD,http://www.isd-sa.com/,France,VERSAILLES,,Logistics / MRO,À vérifier,51.6,C,New,Industrial subcontracting / machining,"Pièces de rechange, calibration, certification pour acteurs MRO.",Hi — I noticed ISD builds — for Logistics / MRO.,Keep in watchlist,
I-SEE GROUP,https://www.i-seegroup.com/,France,BARDOS,https://www.linkedin.com/company/i-see-group,Intelligence / ISR,OEM,71.1,B,New,Energy / batteries,"Capteurs, payloads optroniques, communications pour plateformes ISR.","Hi — I noticed I-SEE GROUP builds UAV / drones, Sensors (+2) for Intelligence / ISR.",Review website and validate opportunity,
ISEF STEEL FORGINGS,http://www.isefsteelforgings.com/,Italie,CARNAGO,https://www.linkedin.com/company/77209901/admin/dashboard/,Logistics / MRO,Distributeur,68.5,B,New,Engines / propulsion,"Pièces de rechange, calibration, certification pour acteurs MRO.","Hi — I noticed ISEF STEEL FORGINGS builds Vehicles, Logistics equipment (+3) for Logistics / MRO.",Review website and validate opportunity,
ISI-ACTEMIUM Clermont Engineering & Robotics,https://www.actemium.fr/implantations/actemium-clermont-engineering-robotics/presentation/,France,COURNON D'AUVERGNE,,Intelligence / ISR,Bureau d'ingénierie,69.0,B,New,Energy / batteries,"Capteurs, payloads optroniques, communications pour plateformes ISR.","Hi — I noticed ISI-ACTEMIUM Clermont Engineering & Robotics builds UAV / drones, Software / Platforms (+5) for Intelligence / ISR.",Review website and validate opportunity,
ISKRA brodogradiliste 1 d.o.o.,https://shipyard.iskra.eu/,Croatie,Sibenik,,Naval defense,OEM,54.4,C,New,"Raw materials (steel, aluminium)","Radars, sonars, comms, armement, sustainment pour primes navals.",Hi — I noticed ISKRA brodogradiliste 1 d.o.o.,Keep in watchlist,
Íslandsstofa,https://www.businessiceland.is/,Iceland,REYKJAVÍK,https://www.linkedin.com/company/business-iceland/,Other,À vérifier,5.0,D,New,To enrich,Qualifier l'activité avant tout pitch ciblé.,Hi — I noticed Íslandsstofa at Eurosatory.,No immediate action,
ISOCLIMA SPA,http://www.isoclimagroup.com/,Italie,ESTE (PD),https://www.linkedin.com/company/isoclimagroup,Armored vehicles,OEM,82.0,A,New,Engines / propulsion,"Vend des sous-systèmes / composants à un OEM construisant Vehicles, Embedded systems.","Hi — ISOCLIMA SPA ships Vehicles, Embedded systems (+1) to Navy, Aerospace primes (+2).",Contact sales team and qualify need,
ISP SYSTEM,https://www.isp-system.fr/,France,VIC-EN-BIGORRE,,Other,À vérifier,,D,New,To enrich,Qualifier l'activité avant tout pitch ciblé.,To enrich,No immediate action,
iTAC Software AG,https://www.itacsoftware.com/,Allemagne,Montabaur,,Cybersecurity,OEM,75.5,A,New,Cloud / data services,"Threat intel, hardware appliances, cloud souverain, audits.","Hi — I noticed iTAC Software AG builds Software / Platforms, Communications networks (+2) for Cybersecurity.",Contact sales team and qualify need,
ITALWATT,http://www.italwatt.it/,Italie,SAN MAURO TORINESE (TO),https://www.linkedin.com/company/italwatt,Radar / sensors,Distributeur,71.5,B,New,Engines / propulsion,"Front-ends RF, processeurs, mécanique de précision pour fabricants radars.","Hi — I noticed ITALWATT builds Vehicles, Engines / propulsion (+6) for Radar / sensors.",Review website and validate opportunity,
ITOPP,https://itopp-alcen.com/,France,Thegra,,Other,À vérifier,,D,New,To enrich,Qualifier l'activité avant tout pitch ciblé.,To enrich,No immediate action,
ITS SAFETY,https://www.itssafety.com/,Espagne,"Granda, Asturias",,Other,À vérifier,,D,New,To enrich,Qualifier l'activité avant tout pitch ciblé.,To enrich,No immediate action,
ITSec Area Informatikai és Szolgáltató Ltd.,,Hongrie,Szentlorinc,,Other,À vérifier,,D,New,To enrich,Qualifier l'activité avant tout pitch ciblé.,To enrich,No immediate action,
ITT Cannon,http://www.ittcannon.com/,Allemagne,WEINSTADT,https://www.linkedin.com/company/2887,Weapons,À vérifier,27.6,D,New,Industrial subcontracting / machining,Qualifier l'activité avant tout pitch ciblé.,Hi — I noticed ITT Cannon at Eurosatory.,No immediate action,
IVECO DEFENCE VEHICLES,https://idvgroup.com/,Italie,BOLZANO,,Other,À vérifier,,D,New,To enrich,Qualifier l'activité avant tout pitch ciblé.,To enrich,No immediate action,
J. LANFRANCO & Cie,http://www.lanfranco.fr/,France,LA CHAPELLE-SAINT-URSIN,https://www.linkedin.com/company/j-lanfranco-cie/posts/?feedView=all&viewAsMember=true,Logistics / MRO,OEM,57.1,C,New,Mechanical parts,"Pièces de rechange, calibration, certification pour acteurs MRO.","Hi — I noticed J. LANFRANCO & Cie builds Weapons, Mechanical parts for Logistics / MRO.",Keep in watchlist,
JACOBI CARBONS,,France,PARIS,,Other,À vérifier,,D,New,To enrich,Qualifier l'activité avant tout pitch ciblé.,To enrich,No immediate action,
JACQUARD d.o.o.,http://www.jacquard.hr/,Croatie,Zagreb,,Land defense,Distributeur,61.5,B,New,Cloud / data services,"Sous-systèmes, composites, certification pour primes terrestres.",Hi — I noticed JACQUARD d.o.o.,Review website and validate opportunity,
JACQUES DUBOIS SAS,http://www.jacquesdubois.com/,France,BARENTIN,https://www.linkedin.com/jacques-dubois,Other,À vérifier,,D,New,To enrich,Qualifier l'activité avant tout pitch ciblé.,To enrich,No immediate action,
Jaguar Land Rover Francia,https://www.landrover.fr/index.html,France,PUTEAUX,,Other,À vérifier,,D,New,To enrich,Qualifier l'activité avant tout pitch ciblé.,To enrich,No immediate action,
JAKUSZ SP. Z O.O.,https://www.jakusz.com/,Pologne,KOŚCIERZYNA,,Other,À vérifier,,D,New,To enrich,Qualifier l'activité avant tout pitch ciblé.,To enrich,No immediate action,
Janes,https://www.janes.com/,Royaume-Uni,"CROYDON,",,Other,À vérifier,4.0,D,New,To enrich,Qualifier l'activité avant tout pitch ciblé.,Hi — I noticed Janes at Eurosatory.,No immediate action,
JEET & JEET GLASS AND CHEMICALS P LTD,http://www.jeetglassindia.com/,Inde,JAIPUR,,Armored vehicles,OEM,72.0,B,New,Engines / propulsion,"Vend des sous-systèmes / composants à un OEM construisant Vehicles, Logistics equipment.","Hi — JEET & JEET GLASS AND CHEMICALS P LTD ships Vehicles, Logistics equipment (+2) to Defense ministries, Land forces (+2).",Review website and validate opportunity,
Jelen Professional d.o.o.,https://www.jelen.com/,Croatie,Belica,,Other,À vérifier,16.6,D,New,Industrial subcontracting / machining,Qualifier l'activité avant tout pitch ciblé.,Hi — I noticed Jelen Professional d.o.o.,No immediate action,
JENOPTIK,http://www.jenoptik.com/,Allemagne,JENA,,Other,À vérifier,,D,New,To enrich,Qualifier l'activité avant tout pitch ciblé.,To enrich,No immediate action,
JI HUA 3502 CAREER APPAREL LTD,,Chine,SHIJIAZHUANG,,Other,À vérifier,,D,New,To enrich,Qualifier l'activité avant tout pitch ciblé.,To enrich,No immediate action,
"Jiangsu Shuwei New Material Technology Co., Ltd",http://www.shu/,Chine,JINGJIANG,,Other,À vérifier,16.6,D,New,Industrial subcontracting / machining,Qualifier l'activité avant tout pitch ciblé.,"Hi — I noticed Jiangsu Shuwei New Material Technology Co., Ltd at Eurosatory.",No immediate action,
"JIHUA 3513 SHOES INDUSTRY CO.,LTD",https://jihua3514.en.alibaba.com/index.html?spm=a2700.shop_co.88.12.73dc3a7aRpEI8Q,Chine,SHIJIAZHUANG,,Other,À vérifier,,D,New,To enrich,Qualifier l'activité avant tout pitch ciblé.,To enrich,No immediate action,
"JINAN HOPE WISH PHOTOELECTRONIC TECHNOLOGY CO.,LTD.",http://www.chinahpws.com/,Chine,JINAN,,Homeland security,OEM,40.8,C,New,Engines / propulsion,Vend des sous-systèmes / composants à un OEM construisant Vehicles.,"Hi — JINAN HOPE WISH PHOTOELECTRONIC TECHNOLOGY CO.,LTD.",Keep in watchlist,
JINGYE TEXTILE TECHNOLOGY LIMITED,https://www.camowebbing.com/,Chine,HONGKONG,,Other,À vérifier,,D,New,To enrich,Qualifier l'activité avant tout pitch ciblé.,To enrich,No immediate action,
JLT Mobile Computers Sweden AB,,Suède,Växjö,,Other,À vérifier,,D,New,To enrich,Qualifier l'activité avant tout pitch ciblé.,To enrich,No immediate action,
Jobs Spa,http://www.ffg-ea.com/,Italie,Piacenza,,Other,OEM,35.9,D,New,Cloud / data services,Vend des sous-systèmes / composants à un OEM construisant Software / Platforms.,Hi — Jobs Spa ships Software / Platforms to Aerospace primes.,No immediate action,
JOESCO LTD,http://www.militarybarrier.com/,Chine,SHIJIAZHUANG,,Other,À vérifier,,D,New,To enrich,Qualifier l'activité avant tout pitch ciblé.,To enrich,No immediate action,
JOHN COCKERILL,http://defense.johncockerill.com/en/,Belgique,ANS,,Armored vehicles,OEM,45.8,C,New,Engines / propulsion,Vend des sous-systèmes / composants à un OEM construisant Vehicles.,Hi — JOHN COCKERILL ships Vehicles to defense customers.,Keep in watchlist,
Jokon,http://www.jokon.de/,Allemagne,BONN,https://www.linkedin.com/company/jokongmbh,Logistics / MRO,OEM,65.5,B,New,Mechanical parts,"Vend des sous-systèmes / composants à un OEM construisant Logistics equipment, Energy / batteries.","Hi — Jokon ships Logistics equipment, Energy / batteries (+1) to defense customers.",Review website and validate opportunity,
JOMIPSA,https://www.jomipsa.com/,Espagne,MUTXAMEL,,Other,À vérifier,,D,New,To enrich,Qualifier l'activité avant tout pitch ciblé.,To enrich,No immediate action,
JONATHAN GROUP DEFENSE,https://www.jonathanengr.com/,États-Unis,IRVINE,,Other,À vérifier,,D,New,To enrich,Qualifier l'activité avant tout pitch ciblé.,To enrich,No immediate action,
JONE PRECISION & ENGINEERING,http://www.joneprecision.com/,France,HAGUENAU,https://www.linkedin.com/company/jone-precision1/?viewAsMember=true,Other,À vérifier,,D,New,To enrich,Qualifier l'activité avant tout pitch ciblé.,To enrich,No immediate action,
JOWO - Systemtechnik AG,http://www.jowo.ag/,Allemagne,DELMENHORST,https://www.linkedin.com/company/12572222/admin/dashboard/,Optics / optronics,OEM,54.1,C,New,Mechanical parts,"Vend des sous-systèmes / composants à un OEM construisant Logistics equipment, Optronics / Optics.","Hi — JOWO - Systemtechnik AG ships Logistics equipment, Optronics / Optics to defense customers.",Keep in watchlist,
JP INDUSTRIAS MECÁNICAS,https://www.jpim.es/,Espagne,"Cangas del Narcea, Asturias",,Other,À vérifier,,D,New,To enrich,Qualifier l'activité avant tout pitch ciblé.,To enrich,No immediate action,
JPB SYSTÈME,,France,Montereau-sur-le-jard,,Other,À vérifier,,D,New,To enrich,Qualifier l'activité avant tout pitch ciblé.,To enrich,No immediate action,
JSC Aurida Engineering Company,https://www.aurida-engineering.com/,Lituanie,PANEVEZYS,,Other,À vérifier,,D,New,To enrich,Qualifier l'activité avant tout pitch ciblé.,To enrich,No immediate action,
JUNGHANS DEFENCE,http://www.junghans-defence.com/,Allemagne,DUNNINGEN,,Other,À vérifier,,D,New,To enrich,Qualifier l'activité avant tout pitch ciblé.,To enrich,No immediate action,
KADAR POLAND,http://www.kadarpoland.com/,Pologne,WARSZAWA,,Other,À vérifier,24.6,D,New,Industrial subcontracting / machining,Activité à qualifier — discovery call avant pitch précis.,Hi — I noticed KADAR POLAND builds — for Other.,No immediate action,
KADIA PRODUKTION GMBH,http://kadia.com/,Allemagne,NÜRTINGEN,https://www.linkedin.com/company/kadia-honen-entgraten/?viewAsMember=true,Logistics / MRO,OEM,66.5,B,New,Electronic components,"Pièces de rechange, calibration, certification pour acteurs MRO.","Hi — I noticed KADIA PRODUKTION GMBH builds Robotics / UGV, Vehicles (+4) for Logistics / MRO.",Review website and validate opportunity,
KAHLES GESELLSCHAFT MBH,https://www.kahles.at/,Autriche,GUNTRAMSDORF,,Other,À vérifier,,D,New,To enrich,Qualifier l'activité avant tout pitch ciblé.,To enrich,No immediate action,
KALEKALIP,http://www.kalekalip.com.tr/,Turquie,ISTANBUL,https://www.linkedin.com/company/kalekalip/,Other,À vérifier,17.6,D,New,Industrial subcontracting / machining,Qualifier l'activité avant tout pitch ciblé.,Hi — I noticed KALEKALIP at Eurosatory.,No immediate action,
Kaleo,https://www.kaleo.com/,États-Unis,Richmond,,Ammunition,Distributeur,75.0,A,New,Mechanical parts,"Matériaux énergétiques, mécanique, packaging, certification.","Hi — I noticed Kaleo builds Logistics equipment, NRBC / CBRN (+3) for Ammunition.",Contact sales team and qualify need,
KALLER,http://www.kaller.com/en-us/products/gas-hydraulic-suspension/,Suède,Tranås,https://linkedin.com/company/kaller,Naval defense,Distributeur,76.0,A,New,Engines / propulsion,"Radars, sonars, comms, armement, sustainment pour primes navals.","Hi — I noticed KALLER builds Vehicles, Sensors (+8) for Naval defense.",Contact sales team and qualify need,
"Kallman Worldwide, Inc.",https://www.kallman.com/,États-Unis,NEW JERSEY,https://www.linkedin.com/company/kallman-worldwide-inc./,Naval defense,Distributeur,75.0,A,New,Mechanical parts,Canal de distribution / représentation pour notre portefeuille.,Hi — we're scouting an exclusive distributor for France (+7).,Contact sales team and qualify need,
Kalyani Strategic Systems Limited (KSSL),http://www.kssl.in/,Inde,PUNE,https://www.linkedin.com/company/kssldefence/,Land defense,OEM,78.0,A,New,Engines / propulsion,"Sous-systèmes, composites, certification pour primes terrestres.","Hi — I noticed Kalyani Strategic Systems Limited (KSSL) builds Vehicles, Weapons (+5) for Land defense.",Contact sales team and qualify need,
KAP-KO D.O.O.,http://www.kap-ko.hr/,Croatie,ZAGREB,,Soldier systems,Distributeur,41.4,C,New,Mechanical parts,Canal de distribution / représentation pour notre portefeuille.,Hi — we're scouting an exclusive distributor for your region.,Keep in watchlist,
KAPPA OPTRONICS GMBH,http://www.kappa-optronics.com/,Allemagne,GLEICHEN,,C4ISR,OEM,81.0,A,New,Energy / batteries,"Composants, sous-systèmes, software, services pour primes C4ISR.","Hi — I noticed KAPPA OPTRONICS GMBH builds UAV / drones, Optronics / Optics (+5) for C4ISR.",Contact sales team and qualify need,
KARA DAG TECHNOLOGIES,http://karadagtech.com/,Ukraine,LEWES,https://www.linkedin.com/company/karadagtech,Intelligence / ISR,Distributeur,64.0,B,New,Engines / propulsion,"Capteurs, payloads optroniques, communications pour plateformes ISR.","Hi — I noticed KARA DAG TECHNOLOGIES builds Vehicles, UAV / drones (+7) for Intelligence / ISR.",Review website and validate opportunity,
Kärcher Futuretech GmbH,http://www.karcher-futuretech.com/,Allemagne,SCHWAIKHEIM,https://www.linkedin.com/company/kaercher-futuretech,Armored vehicles,Distributeur,65.5,B,New,Mechanical parts,"Moteurs, composites, plaques balistiques, optronique, comms pour OEM blindés.","Hi — I noticed Kärcher Futuretech GmbH builds Logistics equipment, NRBC / CBRN (+2) for Armored vehicles.",Review website and validate opportunity,
KARDEX,https://www.kardex.com/fr,France,FONTENAY SOUS BOIS,https://www.linkedin.com/company/kardex/,Soldier systems,Distributeur,77.6,A,New,Cloud / data services,"Textiles, composites, optronique, énergie pour kits soldat.","Hi — I noticed KARDEX builds Software / Platforms, Robotics / UGV (+1) for Soldier systems.",Contact sales team and qualify need,
KARMETAL SAVUNMA MUH. SIL. TEK. SAN. DIS TIC. A.S.,https://www.karmetal.net.tr/,Turquie,ISTANBUL,https://www.linkedin.com/company/karmetal/,C4ISR,OEM,73.0,B,New,Cloud / data services,"Vend des sous-systèmes / composants à un OEM construisant Software / Platforms, Robotics / UGV.",Hi — KARMETAL SAVUNMA MUH.,Review website and validate opportunity,
Karrimor SF,https://karrimorsf.com/,Royaume-Uni,Exeter,,Homeland security,À vérifier,27.1,D,New,Industrial subcontracting / machining,Qualifier l'activité avant tout pitch ciblé.,Hi — I noticed Karrimor SF at Eurosatory.,No immediate action,
KEARFOTT CORPORATION,https://www.kearfott.com/,États-Unis,PINE BROOK,,Other,À vérifier,,D,New,To enrich,Qualifier l'activité avant tout pitch ciblé.,To enrich,No immediate action,
Kemppi,https://www.kemppi.com/,Finlande,LAHTI,https://www.linkedin.com/company/kemppi-oy,C4ISR,OEM,82.0,A,New,Engines / propulsion,"Composants, sous-systèmes, software, services pour primes C4ISR.","Hi — I noticed Kemppi builds Vehicles, UAV / drones (+13) for C4ISR.",Contact sales team and qualify need,
Kennametal,https://www.kennametal.com/,États-Unis,PITTSBURGH,,Other,À vérifier,,D,New,To enrich,Qualifier l'activité avant tout pitch ciblé.,To enrich,No immediate action,
KENNO TECH,,Finlande,RIIHIMÄKI,,Other,À vérifier,,D,New,To enrich,Qualifier l'activité avant tout pitch ciblé.,To enrich,No immediate action,
"KEPAR ELECTRÓNICA, S.L.",http://www.kepar.es/,Espagne,La Puebla de Alfindén - Zaragoza,https://www.linkedin.com/company/kepar-electronica/?originalSubdomain=es,Space / satellite,OEM,56.5,C,New,Cloud / data services,"Composites, capteurs, comms, lancement pour primes spatiaux.","Hi — I noticed KEPAR ELECTRÓNICA, S.L.",Keep in watchlist,
Kessler & Co. GmbH & Co. KG,http://www.kessler-co.com/,Allemagne,ABTSGMÜND,https://www.linkedin.com/company/27173161/,Weapons,OEM,66.0,B,New,Engines / propulsion,"Vend des sous-systèmes / composants à un OEM construisant Vehicles, Software / Platforms.",Hi — Kessler & Co. GmbH & Co.,Review website and validate opportunity,
KEYSIGHT TECHNOLOGIES,http://www.keysight.com/find/ad,France,Bagneux,https://www.linkedin.com/company/keysight-technologies,Other,À vérifier,16.6,D,New,Industrial subcontracting / machining,Qualifier l'activité avant tout pitch ciblé.,Hi — I noticed KEYSIGHT TECHNOLOGIES at Eurosatory.,No immediate action,
Kia,https://special.kia.com/,Corée du Sud,SEOUL,,Other,À vérifier,,D,New,To enrich,Qualifier l'activité avant tout pitch ciblé.,To enrich,No immediate action,
KIDDE DEUGRA Brandschutzsysteme GMBH,http://www.kidde-deugra.de/,Allemagne,RATINGEN,,Other,À vérifier,,D,New,To enrich,Qualifier l'activité avant tout pitch ciblé.,To enrich,No immediate action,
Kilim Uniform,https://www.kilimuniform.com/,Turquie,ISTANBUL,,Soldier systems,Sous-traitant industriel,58.3,C,New,Composite materials,"Textiles, composites, optronique, énergie pour kits soldat.","Hi — I noticed Kilim Uniform builds Soldier equipment, Naval systems for Soldier systems.",Keep in watchlist,
KILOW,,France,CLUSES,,Other,À vérifier,,D,New,To enrich,Qualifier l'activité avant tout pitch ciblé.,To enrich,No immediate action,
KINÉIS,http://kineis.com/,France,RAMONVILLE-SAINT-AGNE,https://www.linkedin.com/company/kineis-argos,Communications,OEM,61.5,B,New,Electronic components,"RF, crypto, certification interopérabilité pour radios tactiques.","Hi — I noticed KINÉIS builds Tactical radios, Logistics equipment (+3) for Communications.",Review website and validate opportunity,
Kitron,,Suède,Jönköping,,Other,À vérifier,,D,New,To enrich,Qualifier l'activité avant tout pitch ciblé.,To enrich,No immediate action,
KITRON AS,http://www.kitron.com/,Norvège,ARENDAL,https://www.linkedin.com/company/kitron,UAV / drones,OEM,79.5,A,New,Energy / batteries,"Fournisseur de batteries, moteurs, optronique, RF, composites pour fabricants UAV.","Hi — I noticed KITRON AS builds UAV / drones, Software / Platforms (+5) for UAV / drones.",Contact sales team and qualify need,
KK Group,,Danemark,Ikast,,Other,À vérifier,,D,New,To enrich,Qualifier l'activité avant tout pitch ciblé.,To enrich,No immediate action,
KLAUS BAIER GMBH,http://www.klausbaier.de/,Allemagne,PFRONTEN,,Simulation / training,OEM,69.5,B,New,Cloud / data services,"Visuel, motion, haptique, IA pour fabricants de simulateurs.","Hi — I noticed KLAUS BAIER GMBH builds Software / Platforms, Logistics equipment (+2) for Simulation / training.",Review website and validate opportunity,
KME,https://www.kme.co.uk/,Royaume-Uni,KENT,,Other,À vérifier,,D,New,To enrich,Qualifier l'activité avant tout pitch ciblé.,To enrich,No immediate action,
KNDS CBRN,http://knds.com/en/subsidiaries/knds-cbrn,France,SAINT-CHAMOND,,Intelligence / ISR,Équipementier,73.0,B,New,Engines / propulsion,"Capteurs, payloads optroniques, communications pour plateformes ISR.","Hi — I noticed KNDS CBRN builds Vehicles, Weapons (+16) for Intelligence / ISR.",Review website and validate opportunity,
KNDS DEUTSCHLAND,http://www.knds.com/,Allemagne,MUNICH,,Other,À vérifier,,D,New,To enrich,Qualifier l'activité avant tout pitch ciblé.,To enrich,No immediate action,
KNDS FRANCE - SCE COMPTABILITE FOURNISSEUR,http://www.knds.fr/,France,ROANNE CEDEX,,Other,À vérifier,,D,New,To enrich,Qualifier l'activité avant tout pitch ciblé.,To enrich,No immediate action,
KNDS Tracks,http://www.knds-tracks.de/,Allemagne,REMSCHEID,https://de.linkedin.com/company/knds-tracks,Space / satellite,OEM,80.0,A,New,Engines / propulsion,"Composites, capteurs, comms, lancement pour primes spatiaux.","Hi — I noticed KNDS Tracks builds Vehicles, UAV / drones (+9) for Space / satellite.",Contact sales team and qualify need,
KNL,http://knl.fi/,Finlande,OULU,,Electronic warfare,OEM,75.0,A,New,Engines / propulsion,"Amplis RF, processeurs signal, embarqué, antennes pour EW.","Hi — I noticed KNL builds Vehicles, Sensors (+7) for Electronic warfare.",Contact sales team and qualify need,
KNOTT GmbH Bremsen - Achsen,http://www.knott.de/,Allemagne,EGGSTAETT,https://www.linkedin.com/company/7976959/admin/dashboard/,Cybersecurity,OEM,75.6,A,New,Engines / propulsion,"Threat intel, hardware appliances, cloud souverain, audits.","Hi — I noticed KNOTT GmbH Bremsen - Achsen builds Vehicles, Software / Platforms for Cybersecurity.",Contact sales team and qualify need,
KOLARMS s.r.o.,,Slovaquie,Kolarovo,,Other,À vérifier,,D,New,To enrich,Qualifier l'activité avant tout pitch ciblé.,To enrich,No immediate action,
KOLT Power,,Royaume-Uni,"FAREHAM, LEE-ON-SOLENT",,Other,À vérifier,,D,New,To enrich,Qualifier l'activité avant tout pitch ciblé.,To enrich,No immediate action,
KOLUMAN OTOMOTİV ENDÜSTRİ A.Ş.,http://kolumantech.com/,Turquie,MERSIN,https://www.linkedin.com/company/kolumantech/,Armored vehicles,OEM,59.5,C,New,Engines / propulsion,"Vend des sous-systèmes / composants à un OEM construisant Vehicles, Engines / propulsion.",Hi — KOLUMAN OTOMOTİV ENDÜSTRİ A.Ş.,Keep in watchlist,
KONGSBERG,http://www.kongsberg.com/kda,Norvège,KONGSBERG,,Other,À vérifier,,D,New,To enrich,Qualifier l'activité avant tout pitch ciblé.,To enrich,No immediate action,
KONI - AN ITT COMPANY,http://www.koni.com/,Pays-Bas,OUD-BEIJERLAND,,Other,À vérifier,,D,New,To enrich,Qualifier l'activité avant tout pitch ciblé.,To enrich,No immediate action,
KÖNIG SEATINGS,http://www.koenig-sitze.de/,Allemagne,ILSFELD,,Dual-use technology,OEM,43.9,C,New,Mechanical parts,Vend des sous-systèmes / composants à un OEM construisant Logistics equipment.,Hi — KÖNIG SEATINGS ships Logistics equipment to defense customers.,Keep in watchlist,
KONSTRUKTA - DEFENCE,https://kotadef.sk/?lang=en,Slovaquie,DUBNICA NAD VÁHOM,https://www.linkedin.com/company/kotadef,Land defense,Distributeur,76.5,A,New,Mechanical parts,"Sous-systèmes, composites, certification pour primes terrestres.","Hi — I noticed KONSTRUKTA - DEFENCE builds Weapons, Logistics equipment (+4) for Land defense.",Contact sales team and qualify need,
KONTRON,http://www.kontron.com/,France,LA GARDE,https://www.linkedin.com/company/kontron,Other,À vérifier,,D,New,To enrich,Qualifier l'activité avant tout pitch ciblé.,To enrich,No immediate action,
Korea Defense Industry Association,http://www.kdia.or.kr/,Corée du Sud,SEOUL,,Other,À vérifier,16.6,D,New,Industrial subcontracting / machining,Qualifier l'activité avant tout pitch ciblé.,Hi — I noticed Korea Defense Industry Association at Eurosatory.,No immediate action,
KOREA DEFENSE INDUSTRY CORP,https://www.koreadefenseindustry.com/eng/,Corée du Sud,Sejong,,Other,À vérifier,,D,New,To enrich,Qualifier l'activité avant tout pitch ciblé.,To enrich,No immediate action,
KOVO Armor,http://kovo-armor.com/,Lituanie,Klaipeda,,Soldier systems,OEM,69.5,B,New,Cloud / data services,"Vend des sous-systèmes / composants à un OEM construisant Software / Platforms, Soldier equipment.","Hi — KOVO Armor ships Software / Platforms, Soldier equipment (+3) to Police / law enforcement, Special forces.",Review website and validate opportunity,
Krämer Special Vehicles,http://www.kraemer-vehicles.com/,Allemagne,RHEINE,https://www.linkedin.com/company/krämer-special-vehicles-gmbh,Armored vehicles,OEM,55.0,C,New,Engines / propulsion,"Vend des sous-systèmes / composants à un OEM construisant Vehicles, Engines / propulsion.","Hi — Krämer Special Vehicles ships Vehicles, Engines / propulsion to Civil security / fire.",Keep in watchlist,
KrattWorks,https://www.krattworks.com/,Estonie,TALLINN,,Other,À vérifier,,D,New,To enrich,Qualifier l'activité avant tout pitch ciblé.,To enrich,No immediate action,
Kraus Elektrotechnik,http://www.kraus.de/,Allemagne,AUGSBURG,https://www.linkedin.com/company/walter-kraus-gmbh/,Naval defense,OEM,78.0,A,New,Electronic components,"Vend des sous-systèmes / composants à un OEM construisant Optronics / Optics, Engines / propulsion.","Hi — Kraus Elektrotechnik ships Optronics / Optics, Engines / propulsion (+4) to defense customers.",Contact sales team and qualify need,
Krempel,http://www.krempel.com/en,Allemagne,VAIHINGEN ENZ,https://www.linkedin.com/company/krempel/?viewAsMember=true,Ballistic protection,Distributeur,74.0,B,New,Composite materials,"Aramide, céramique, composites, certification balistique.","Hi — I noticed Krempel builds Ballistic protection, Composite materials (+5) for Ballistic protection.",Review website and validate opportunity,
Kroko proizvodnja i razvoj d.o.o.,https://www.krokotactical.com/,Croatie,Sv. Ivan Zelina,,Other,À vérifier,4.0,D,New,To enrich,Qualifier l'activité avant tout pitch ciblé.,Hi — I noticed Kroko proizvodnja i razvoj d.o.o.,No immediate action,
KRONUS SIA,http://www.kronus.eu/,Lettonie,ULBROKA,https://www.linkedin.com/company/kronus-wooden-packaging,Logistics / MRO,OEM,74.4,B,New,Cloud / data services,"Vend des sous-systèmes / composants à un OEM construisant Software / Platforms, Logistics equipment.","Hi — KRONUS SIA ships Software / Platforms, Logistics equipment (+1) to defense customers.",Review website and validate opportunity,
K-TEG BV,http://k-teg.com/,Belgique,Hasselt,https://www.linkedin.com/company/k-teg/,UAV / drones,OEM,71.0,B,New,Electronic components,"Fournisseur de batteries, moteurs, optronique, RF, composites pour fabricants UAV.","Hi — I noticed K-TEG BV builds Sensors, Weapons (+5) for UAV / drones.",Review website and validate opportunity,
KUEHNE+NAGEL,https://www.kuehne-nagel.com/fr,France,FERRIERES-EN-BRIE,https://www.linkedin.com/company/kuehne-nagel/,Other,À vérifier,,D,New,To enrich,Qualifier l'activité avant tout pitch ciblé.,To enrich,No immediate action,
Kugler Bimetal SA,http://kuglerbimetal.ch/,Suisse,Le Lignon,https://www.linkedin.com/company/kugler-bimetal-sa,Logistics / MRO,OEM,56.6,C,New,Mechanical parts,"Vend des sous-systèmes / composants à un OEM construisant Engines / propulsion, Communications networks.","Hi — Kugler Bimetal SA ships Engines / propulsion, Communications networks to Aerospace primes, Critical infrastructure.",Keep in watchlist,
KYIVSKYI ALLIANCE,https://kyivalliance.tech/,Ukraine,KYIV,,Other,OEM,36.4,D,New,Mechanical parts,Vend des sous-systèmes / composants à un OEM construisant Logistics equipment.,Hi — KYIVSKYI ALLIANCE ships Logistics equipment to Defense ministries.,No immediate action,
KYUNGCHANG INDUSTRY (KCI),http://www.kyungchang.com/,Corée du Sud,"PAJU-SI, GYEONGGI-DO",,Other,À vérifier,16.6,D,New,Industrial subcontracting / machining,Qualifier l'activité avant tout pitch ciblé.,Hi — I noticed KYUNGCHANG INDUSTRY (KCI) at Eurosatory.,No immediate action,
"Kyungdo Co., Ltd.",http://www.kyungdo.net/,Corée du Sud,"Yangsan-si, Gyeongsangnam-do",,Optics / optronics,OEM,49.4,C,New,Electronic components,Vend des sous-systèmes / composants à un OEM construisant Optronics / Optics.,"Hi — Kyungdo Co., Ltd.",Keep in watchlist,
L&D Jet Techniek,https://ldtechnics.com/,Belgique,Diest,,Naval defense,OEM,46.4,C,New,Mechanical parts,Vend des sous-systèmes / composants à un OEM construisant Logistics equipment.,Hi — L&D Jet Techniek ships Logistics equipment to defense customers.,Keep in watchlist,
L3Harris Technologies,http://www.l3harris.com/,États-Unis,MELBOURNE,https://www.linkedin.com/company/l3harris-technologies,Intelligence / ISR,OEM,71.0,B,New,Electronic components,"Capteurs, payloads optroniques, communications pour plateformes ISR.","Hi — I noticed L3Harris Technologies builds Sensors, Optronics / Optics (+5) for Intelligence / ISR.",Review website and validate opportunity,
La Banque Postale,https://www.labanquepostale.fr/,France,Paris,,Other,À vérifier,,D,New,To enrich,Qualifier l'activité avant tout pitch ciblé.,To enrich,No immediate action,
La Dimension Mécanique (LDM),http://www.ldmeca.com/,France,Aubergenville,,Other,À vérifier,,D,New,To enrich,Qualifier l'activité avant tout pitch ciblé.,To enrich,No immediate action,
LACHANT GROUP,,France,LA GRANDE PAROISSE,,Other,À vérifier,,D,New,To enrich,Qualifier l'activité avant tout pitch ciblé.,To enrich,No immediate action,
LACROIX,http://www.lacroix-defense.com/,France,MURET CEDEX,,Other,À vérifier,,D,New,To enrich,Qualifier l'activité avant tout pitch ciblé.,To enrich,No immediate action,
LAMRE,http://www.lamre.fr/fr/,France,ORLEANS,,Other,À vérifier,,D,New,To enrich,Qualifier l'activité avant tout pitch ciblé.,To enrich,No immediate action,
LANCO,http://www.lanco-tentes.fr/,France,COURBEVOIE,https://www.linkedin.com/company/lanco-sas/,Armored vehicles,OEM,62.5,B,New,Sensors,"Vend des sous-systèmes / composants à un OEM construisant NRBC / CBRN, Vehicles.","Hi — LANCO ships NRBC / CBRN, Vehicles to Navy, Police / law enforcement (+2).",Review website and validate opportunity,
LAPP MULLER,http://lappmuller.lappgroup.com/,France,GRIMAUD,https://www.linkedin.com/company/84945970/admin/dashboard/,Naval defense,OEM,66.1,B,New,Engines / propulsion,"Radars, sonars, comms, armement, sustainment pour primes navals.","Hi — I noticed LAPP MULLER builds Vehicles, Sensors (+2) for Naval defense.",Review website and validate opportunity,
Largillière Finance,http://www.largilliere-finance.com/,France,PARIS,https://www.linkedin.com/company/largilli-re-finance/?viewAsMember=true,Engineering services,OEM,65.4,B,New,Cloud / data services,"Outils CAD, simulation, certification pour bureau d'études.","Hi — I noticed Largillière Finance builds Software / Platforms, Logistics equipment (+1) for Engineering services.",Review website and validate opportunity,
Laser Techniques Company,https://www.laser-ndt.com/,États-Unis,Redmond,,Other,À vérifier,15.6,D,New,Industrial subcontracting / machining,Qualifier l'activité avant tout pitch ciblé.,Hi — I noticed Laser Techniques Company at Eurosatory.,No immediate action,
Latence Technologies Inc. (LatenceTech),http://www.latencetech.com/,Canada,MONTRÉAL,https://www.linkedin.com/company/latence-technologies,Space / satellite,Distributeur,80.0,A,New,Cloud / data services,"Composites, capteurs, comms, lancement pour primes spatiaux.",Hi — I noticed Latence Technologies Inc.,Contact sales team and qualify need,
"LD Systems, Bozeman Montana",https://www.ldsystems.us/,États-Unis,BELGRADE,https://www.linkedin.com/company/ldsystems-us,Soldier systems,OEM,63.0,B,New,Engines / propulsion,"Textiles, composites, optronique, énergie pour kits soldat.","Hi — I noticed LD Systems, Bozeman Montana builds Vehicles, UAV / drones (+8) for Soldier systems.",Review website and validate opportunity,
"Le Bureau des Légendes, l'Escape Game Immersif",https://souslegende.com/,France,PARIS,,Other,À vérifier,,D,New,To enrich,Qualifier l'activité avant tout pitch ciblé.,To enrich,No immediate action,
LE GUELLEC,https://www.leguellec.com/,France,QUIMPER,,Other,À vérifier,,D,New,To enrich,Qualifier l'activité avant tout pitch ciblé.,To enrich,No immediate action,
LEADER,http://www.leader-group.company/fr,France,OCTEVILLE SUR MER,,Other,À vérifier,,D,New,To enrich,Qualifier l'activité avant tout pitch ciblé.,To enrich,No immediate action,
LEAFIELD CASES,http://www.leafieldcases.com/,Royaume-Uni,CORSHAM,https://www.linkedin.com/company/11158761/admin/dashboard/,UAV / drones,OEM,64.6,B,New,Engines / propulsion,Sub-system / payload pour OEM drones tactiques.,"Hi — LEAFIELD CASES ships Vehicles, UAV / drones (+1) to Navy.",Review website and validate opportunity,
LEBLANC SAS,,France,LA HAGUE,,Other,À vérifier,,D,New,To enrich,Qualifier l'activité avant tout pitch ciblé.,To enrich,No immediate action,
LEMO FRANCE,http://www.lemo.com/,France,BUSSY SAINT GEORGES,https://www.linkedin.com/company/lemo?originalSubdomain=fr,UAV / drones,OEM,76.0,A,New,Energy / batteries,"Fournisseur de batteries, moteurs, optronique, RF, composites pour fabricants UAV.","Hi — I noticed LEMO FRANCE builds UAV / drones, Optronics / Optics (+4) for UAV / drones.",Contact sales team and qualify need,
Leonardo,http://www.leonardo.com/,Italie,ROMA,https://www.linkedin.com/company/leonardo_company/,Intelligence / ISR,OEM,84.0,A,New,Engines / propulsion,"Capteurs, payloads optroniques, communications pour plateformes ISR.","Hi — I noticed Leonardo builds Vehicles, UAV / drones (+13) for Intelligence / ISR.",Contact sales team and qualify need,
Leonardo DRS,http://www.leonardodrs.com/,États-Unis,ARLINGTON,https://www.linkedin.com/company/leonardodrs/,Other,À vérifier,17.6,D,New,Industrial subcontracting / machining,Qualifier l'activité avant tout pitch ciblé.,Hi — I noticed Leonardo DRS at Eurosatory.,No immediate action,
LEROY AUTOMATION,https://www.leroy-automation.com/,France,Labège,,Other,À vérifier,,D,New,To enrich,Qualifier l'activité avant tout pitch ciblé.,To enrich,No immediate action,
"Leupold & Stevens, Inc.",https://www.leupold.com/,États-Unis,Beaverton,,Other,À vérifier,,D,New,To enrich,Qualifier l'activité avant tout pitch ciblé.,To enrich,No immediate action,
LFE,,France,LE CHESNAY,,Other,À vérifier,,D,New,To enrich,Qualifier l'activité avant tout pitch ciblé.,To enrich,No immediate action,
LGM,http://www.lgm.group/,France,VELIZY-VILLACOUBLAY,https://www.linkedin.com/company/lgmgroup/posts/?feedView=all,Naval defense,OEM,68.6,B,New,Industrial subcontracting / machining,"Radars, sonars, comms, armement, sustainment pour primes navals.","Hi — I noticed LGM builds Electronic components, Naval systems for Naval defense.",Review website and validate opportunity,
LIBNER SAS,http://libner.fr/,France,SAINT MAIXENT L'ECOLE,https://www.linkedin.com/company/5142483/,Logistics / MRO,Sous-traitant industriel,58.3,C,New,Engines / propulsion,"Pièces de rechange, calibration, certification pour acteurs MRO.",Hi — I noticed LIBNER SAS builds Vehicles for Logistics / MRO.,Keep in watchlist,
Liebherr Group,http://www.liebherr.com/,Allemagne,BIBERACH/RISS,https://www.linkedin.com/company/liebherr/posts/?feedView=all&viewAsMember=true,Naval defense,OEM,82.0,A,New,Engines / propulsion,"Radars, sonars, comms, armement, sustainment pour primes navals.","Hi — I noticed Liebherr Group builds Vehicles, Simulators / Training (+8) for Naval defense.",Contact sales team and qualify need,
LIFE SHIELD MILITARY INDUSTRIES,http://lifeshield.com.sa/,Arabie saoudite,RIYADH,https://www.linkedin.com/company/lifeshieldksa,Intelligence / ISR,Équipementier,75.5,A,New,Energy / batteries,"Capteurs, payloads optroniques, communications pour plateformes ISR.","Hi — I noticed LIFE SHIELD MILITARY INDUSTRIES builds UAV / drones, Weapons (+11) for Intelligence / ISR.",Contact sales team and qualify need,
LIG Defense&Aerospace,http://www.ligdefenseaerospace.com/,Corée du Sud,SEOUL,,UAV / drones,OEM,68.0,B,New,Energy / batteries,"Fournisseur de batteries, moteurs, optronique, RF, composites pour fabricants UAV.","Hi — I noticed LIG Defense&Aerospace builds UAV / drones, Ammunition (+1) for UAV / drones.",Review website and validate opportunity,
LIGHTSPACE TECHNOLOGIES,https://www.lightspace3d.com/,Lettonie,MARUPE,,Other,À vérifier,,D,New,To enrich,Qualifier l'activité avant tout pitch ciblé.,To enrich,No immediate action,
Lindner & Fischer,https://www.lindner-fischer.com/,Allemagne,LANGENAU,www.linkedin.com/company/lindnerfischer,Armored vehicles,OEM,73.5,B,New,Engines / propulsion,"Vend des sous-systèmes / composants à un OEM construisant Vehicles, Logistics equipment.","Hi — Lindner & Fischer ships Vehicles, Logistics equipment (+3) to Border / customs.",Review website and validate opportunity,
LINE-X / PAXCON,http://www.line-x.fr/,France,SAINT-MARCELLIN,https://www.linkedin.com/company/line-x-france/,Other,À vérifier,,D,New,To enrich,Qualifier l'activité avant tout pitch ciblé.,To enrich,No immediate action,
LIQTRA,https://www.liqtra.de/,Allemagne,HAMBURG,,UAV / drones,OEM,61.0,B,New,Energy / batteries,"Fournisseur de batteries, moteurs, optronique, RF, composites pour fabricants UAV.","Hi — I noticed LIQTRA builds UAV / drones, Software / Platforms (+6) for UAV / drones.",Review website and validate opportunity,
LISTA,http://www.lista.com/,Suisse,ERLEN,https://www.linkedin.com/company/lista-group,Logistics / MRO,OEM,65.4,B,New,Engines / propulsion,"Pièces de rechange, calibration, certification pour acteurs MRO.","Hi — I noticed LISTA builds Vehicles, Logistics equipment for Logistics / MRO.",Review website and validate opportunity,
LITEF,http://www.litef.com/,Allemagne,FREIBURG,https://www.linkedin.com/company/ng-litef/,Electronic warfare,OEM,73.5,B,New,Electronic components,"Amplis RF, processeurs signal, embarqué, antennes pour EW.","Hi — I noticed LITEF builds Sensors, Electronic components (+7) for Electronic warfare.",Review website and validate opportunity,
LiveDrop,http://www.livedrop.eu/,Pays-Bas,EINDHOVEN,,C4ISR,OEM,77.0,A,New,Electronic components,"Composants, sous-systèmes, software, services pour primes C4ISR.","Hi — I noticed LiveDrop builds Optronics / Optics, Software / Platforms (+2) for C4ISR.",Contact sales team and qualify need,
LKOMITROS STEEL SA,https://www.lykomitros-steel.gr/,Grèce,VOLOS,,Other,À vérifier,,D,New,To enrich,Qualifier l'activité avant tout pitch ciblé.,To enrich,No immediate action,
"LLC ""VYRIY INDUSTRY",https://www.vyriy.com/,Ukraine,Kyiv,,UAV / drones,OEM,51.4,C,New,Energy / batteries,Sub-system / payload pour OEM drones tactiques.,"Hi — LLC ""VYRIY INDUSTRY ships UAV / drones, Robotics / UGV to defense customers.",Keep in watchlist,
LLC Oko Camera,http://oko.camera/en,Ukraine,Kyiv,https://www.linkedin.com/company/oko-camera/,Intelligence / ISR,Distributeur,64.0,B,New,Engines / propulsion,"Capteurs, payloads optroniques, communications pour plateformes ISR.","Hi — I noticed LLC Oko Camera builds Vehicles, UAV / drones (+5) for Intelligence / ISR.",Review website and validate opportunity,
LMB Fans & Motors,https://www.lmbaerospace.com/,France,MALEMORT SUR CORREZE,,Other,À vérifier,,D,New,To enrich,Qualifier l'activité avant tout pitch ciblé.,To enrich,No immediate action,
LMT DEFENSE,http://www.lmtdefense.com/,États-Unis,ELDRIDGE,https://www.linkedin.com/company/lewis-machine-&-tool-co/posts/?feedView=all,Land defense,Distributeur,73.0,B,New,Electronic components,"Vend des sous-systèmes / composants à un OEM construisant Optronics / Optics, Weapons.","Hi — LMT DEFENSE ships Optronics / Optics, Weapons (+3) to Land forces, Defense ministries (+2).",Review website and validate opportunity,
LN INNOV,https://www.lninnov.com/,France,VERSAILLES,,Other,À vérifier,,D,New,To enrich,Qualifier l'activité avant tout pitch ciblé.,To enrich,No immediate action,
Lockheed Martin,http://www.lockheedmartin.com/,États-Unis,ORLANDO,,Other,À vérifier,,D,New,To enrich,Qualifier l'activité avant tout pitch ciblé.,To enrich,No immediate action,
LOGAERO SERVICES,https://www.logaero.fr/,France,Le Thillay,,Other,À vérifier,,D,New,To enrich,Qualifier l'activité avant tout pitch ciblé.,To enrich,No immediate action,
LOGIC INSTRUMENT,https://logic-instrument.com/,France,IGNY,https://www.linkedin.com/company/131444/admin/dashboard/,Other,À vérifier,,D,New,To enrich,Qualifier l'activité avant tout pitch ciblé.,To enrich,No immediate action,
LoXoLock Ltd.,https://loxolock.com/,Hongrie,Budapest,,Cybersecurity,OEM,69.0,B,New,Mechanical parts,"Outils SOC/SIEM, brique de sécurité défensive pour vendeur cyber.","Hi — LoXoLock Ltd. ships Weapons, Logistics equipment (+3) to Police / law enforcement.",Review website and validate opportunity,
LPP,http://www.lp-praha.cz/,République tchèque,PRAGUE,https://www.linkedin.com/company/lpp-holding-a-s,Intelligence / ISR,OEM,66.0,B,New,Energy / batteries,"Capteurs, payloads optroniques, communications pour plateformes ISR.","Hi — I noticed LPP builds UAV / drones, Sensors (+4) for Intelligence / ISR.",Review website and validate opportunity,
LR Pure Group,http://www.lr-pure.com/,Allemagne,BEILNGRIES,https://www.linkedin.com/company/105510190/admin/dashboard/,Optics / optronics,OEM,64.5,B,New,Mechanical parts,"Verre spécial, détecteurs, mécanique de précision pour optronique.","Hi — I noticed LR Pure Group builds Logistics equipment, Engines / propulsion (+4) for Optics / optronics.",Review website and validate opportunity,
LS MTRON LTD.,http://www.lstrackshoe.com/,Corée du Sud,"Wanju-gun, Jeonbuk-do",,Other,À vérifier,,D,New,To enrich,Qualifier l'activité avant tout pitch ciblé.,To enrich,No immediate action,
LTMilTech,https://ltmiltech.com/,Lituanie,Vilkija,,UAV / drones,OEM,54.3,C,New,Energy / batteries,Sub-system / payload pour OEM drones tactiques.,Hi — LTMilTech ships UAV / drones to defense customers.,Keep in watchlist,
Lubawa SA,https://lubawa.com.pl/en/,Pologne,Grudziądz,,Other,À vérifier,,D,New,To enrich,Qualifier l'activité avant tout pitch ciblé.,To enrich,No immediate action,
LUCE HYDRO,https://luce-hydro.fr/,France,CHATEAUBOURG,,Other,À vérifier,,D,New,To enrich,Qualifier l'activité avant tout pitch ciblé.,To enrich,No immediate action,
Lucius & Baer GmbH,https://www.lucius-baer.com/,Allemagne,Geretsried,,Radar / sensors,OEM,69.5,B,New,Mechanical parts,"Front-ends RF, processeurs, mécanique de précision pour fabricants radars.","Hi — I noticed Lucius & Baer GmbH builds Logistics equipment, Vehicles (+4) for Radar / sensors.",Review website and validate opportunity,
Luma Automation S.A,https://lumaautomation.eu/,Pologne,Łaziska Górne,,Other,OEM,47.0,C,New,Mechanical parts,Activité à qualifier — discovery call avant pitch précis.,"Hi — I noticed Luma Automation S.A builds Logistics equipment, Mechanical parts for Other.",Keep in watchlist,
LUMIBIRD PHOTONICS SWEDEN,https://www.lumibird.com/,Suède,GOTEBORG,,Other,À vérifier,,D,New,To enrich,Qualifier l'activité avant tout pitch ciblé.,To enrich,No immediate action,
Luna Robotics,http://www.lunarobotics.eu/,Lituanie,Vilnius,https://www.linkedin.com/company/luna-robotics-uab/posts/?feedView=all,UAV / drones,OEM,75.0,A,New,Energy / batteries,"Fournisseur de batteries, moteurs, optronique, RF, composites pour fabricants UAV.","Hi — I noticed Luna Robotics builds UAV / drones, Optronics / Optics (+2) for UAV / drones.",Contact sales team and qualify need,
LuxDefence,https://www.luxdefence.lu/,Luxembourg,Kirchberg Luxembourg,,Other,À vérifier,15.6,D,New,Industrial subcontracting / machining,Qualifier l'activité avant tout pitch ciblé.,Hi — I noticed LuxDefence at Eurosatory.,No immediate action,
LUXEMBOURG INSTITUTE OF SCIENCE AND TECHNOLOGY (LIST),https://www.list.lu/,Luxembourg,ESCH SUR ALZETTE,,Other,À vérifier,,D,New,To enrich,Qualifier l'activité avant tout pitch ciblé.,To enrich,No immediate action,
LUXEMBOURG TRADE & INVEST,http://luxembourgtradeandinvest.com/,Luxembourg,LUXEMBOURG,https://www.linkedin.com/company/luxembourg-trade-and-invest/posts/?feedView=all,Space / satellite,OEM,73.5,B,New,Mechanical parts,"Vend des sous-systèmes / composants à un OEM construisant Logistics equipment, Communications networks.","Hi — LUXEMBOURG TRADE & INVEST ships Logistics equipment, Communications networks (+3) to defense customers.",Review website and validate opportunity,
LUXGOVSAT S.A.,http://govsat.lu/,Luxembourg,BETZDORF,https://lu.linkedin.com/company/govsat,Space / satellite,OEM,48.0,C,New,Composite materials,Vend des sous-systèmes / composants à un OEM construisant Satellites / Space.,Hi — LUXGOVSAT S.A. ships Satellites / Space to defense customers.,Keep in watchlist,
LUXUAV,https://www.luxuav.com/,Luxembourg,Luxembourg,,C4ISR,OEM,74.0,B,New,Engines / propulsion,"Composants, sous-systèmes, software, services pour primes C4ISR.","Hi — I noticed LUXUAV builds Vehicles, UAV / drones (+10) for C4ISR.",Review website and validate opportunity,
LV Equipment BV,http://www.lvequipment.nl/,Pays-Bas,SINT MAARTENSDIJK,,Soldier systems,OEM,71.7,B,New,Electronic components,"Vend des sous-systèmes / composants à un OEM construisant Optronics / Optics, Soldier equipment.","Hi — LV Equipment BV ships Optronics / Optics, Soldier equipment to Land forces, Police / law enforcement (+1).",Review website and validate opportunity,
LV-Teh SIA,http://www.lvteh.lv/home/,Lettonie,Riga,,Counter-UAV,OEM,67.0,B,New,Engines / propulsion,Vend une brique du chain detection-effector aux primes anti-drone.,"Hi — LV-Teh SIA ships Vehicles, UAV / drones (+4) to Border / customs, Police / law enforcement (+1).",Review website and validate opportunity,
LYNRED,http://www.lynred.com/,France,VEUREY-VOROIZE,,Other,À vérifier,,D,New,To enrich,Qualifier l'activité avant tout pitch ciblé.,To enrich,No immediate action,
LYSK,https://lysk.ai/,France,BOULOGNE-BILLANCOURT,,Other,À vérifier,,D,New,To enrich,Qualifier l'activité avant tout pitch ciblé.,To enrich,No immediate action,
M&K LOGISTICS,http://www.meklogistics.com.br/,Brésil,SÃO BERNARDO DO CAMPO – SP,,Other,À vérifier,,D,New,To enrich,Qualifier l'activité avant tout pitch ciblé.,To enrich,No immediate action,
MAB ROBOTICS,https://www.mabrobotics.pl/,Pologne,POZNAŃ,https://www.linkedin.com/company/mabrobotics/,Intelligence / ISR,OEM,70.5,B,New,Energy / batteries,"Capteurs, payloads optroniques, communications pour plateformes ISR.","Hi — I noticed MAB ROBOTICS builds UAV / drones, Software / Platforms (+6) for Intelligence / ISR.",Review website and validate opportunity,
MAC JEE,http://www.macjee.com.br/,Brésil,PARAIBUNA,,Other,À vérifier,,D,New,To enrich,Qualifier l'activité avant tout pitch ciblé.,To enrich,No immediate action,
Maccaferri - EBS MAC,https://www.maccaferri.com/it/,Italie,MILANO,https://www.linkedin.com/company/maccaferri/,Space / satellite,OEM,74.6,B,New,Cloud / data services,"Vend des sous-systèmes / composants à un OEM construisant Software / Platforms, Logistics equipment.","Hi — Maccaferri - EBS MAC ships Software / Platforms, Logistics equipment (+1) to defense customers.",Review website and validate opportunity,
"MACK DEFENSE, LLC",https://www.mackdefense.com/,États-Unis,ALLENTOWN,,C4ISR,OEM,77.5,A,New,Engines / propulsion,"Composants, sous-systèmes, software, services pour primes C4ISR.","Hi — I noticed MACK DEFENSE, LLC builds Vehicles, Logistics equipment (+4) for C4ISR.",Contact sales team and qualify need,
Macrodyne Technologies Inc,http://www.macrodynepress.com/,Canada,CONCORD,https://www.linkedin.com/company/5174474,Space / satellite,OEM,76.5,A,New,Engines / propulsion,"Vend des sous-systèmes / composants à un OEM construisant Vehicles, UAV / drones.","Hi — Macrodyne Technologies Inc ships Vehicles, UAV / drones (+12) to Aerospace primes, Navy.",Contact sales team and qualify need,
MADES,http://www.mades.es/,Espagne,MALAGA,,Radar / sensors,Sous-traitant industriel,69.5,B,New,Sensors,"Front-ends RF, processeurs, mécanique de précision pour fabricants radars.","Hi — I noticed MADES builds Naval systems, Vehicles (+7) for Radar / sensors.",Review website and validate opportunity,
MAFELEC TEAM - PETERCEM SWITCHES - COMTRONIC,http://www.petercem.com/,France,CHIMILIN,https://www.linkedin.com/company/mafelec-team/,Other,À vérifier,,D,New,To enrich,Qualifier l'activité avant tout pitch ciblé.,To enrich,No immediate action,
MAG IAS GMBH,http://www.ffg-ea.com/,Allemagne,EISLINGEN,https://www.linkedin.com/company/ffg-fairfriendgroup/,Weapons,OEM,55.5,C,New,Cloud / data services,"Vend des sous-systèmes / composants à un OEM construisant Software / Platforms, Weapons.","Hi — MAG IAS GMBH ships Software / Platforms, Weapons (+1) to defense customers.",Keep in watchlist,
MAGAM SAFTEY LTD.,https://magam-safety.com/,Israël,Nof Hagalil,,Armored vehicles,Sous-traitant industriel,50.6,C,New,Engines / propulsion,"Moteurs, composites, plaques balistiques, optronique, comms pour OEM blindés.",Hi — I noticed MAGAM SAFTEY LTD.,Keep in watchlist,
MAGELLIUM ARTAL GROUP,http://www.magellium.com/,France,RAMONVILLE-SAINT-AGNE,https://www.linkedin.com/company/magellium,Intelligence / ISR,OEM,76.0,A,New,Mechanical parts,"Capteurs, payloads optroniques, communications pour plateformes ISR.","Hi — I noticed MAGELLIUM ARTAL GROUP builds Logistics equipment, Satellites / Space (+2) for Intelligence / ISR.",Contact sales team and qualify need,
MAGNA POWERTRAIN,https://engineering.mpt.magna.com/,Autriche,SANKT VALENTIN,,Other,À vérifier,,D,New,To enrich,Qualifier l'activité avant tout pitch ciblé.,To enrich,No immediate action,
MAGPUL,http://magpul.com/government,États-Unis,AUSTIN TEXAS,https://www.linkedin.com/company/magpul-industries-corp/,Intelligence / ISR,OEM,72.0,B,New,Mechanical parts,"Vend des sous-systèmes / composants à un OEM construisant Weapons, Logistics equipment.","Hi — MAGPUL ships Weapons, Logistics equipment (+3) to Land forces, Air forces (+2).",Review website and validate opportunity,
MAGYAR,http://www.magyar.fr/,France,DIJON,,Armored vehicles,OEM,59.4,C,New,Mechanical parts,"Vend des sous-systèmes / composants à un OEM construisant Logistics equipment, Vehicles.","Hi — MAGYAR ships Logistics equipment, Vehicles to defense customers.",Keep in watchlist,
MAHA SE & Co. KG.,https://www.maha.de/,Allemagne,HALDENWANG,,Radar / sensors,OEM,80.0,A,New,Engines / propulsion,"Front-ends RF, processeurs, mécanique de précision pour fabricants radars.",Hi — I noticed MAHA SE & Co.,Contact sales team and qualify need,
MAHLE,http://www.mahle.com/,Allemagne,KORNWESTHEIM,https://www.linkedin.com/company/mahle/,Simulation / training,OEM,75.0,A,New,Engines / propulsion,"Visuel, motion, haptique, IA pour fabricants de simulateurs.","Hi — I noticed MAHLE builds Vehicles, Engines / propulsion (+1) for Simulation / training.",Contact sales team and qualify need,
MAHR,http://www.mahr.com/,France,Igny,https://fr.linkedin.com/company/mahr-france,Soldier systems,OEM,80.0,A,New,RF / microwave components,"Textiles, composites, optronique, énergie pour kits soldat.","Hi — I noticed MAHR builds Communications networks, Optronics / Optics (+4) for Soldier systems.",Contact sales team and qualify need,
Maibach Industrie-Plastic,https://www.maibach-ipg.de/,Allemagne,EISLINGEN/FILS,,Other,À vérifier,,D,New,To enrich,Qualifier l'activité avant tout pitch ciblé.,To enrich,No immediate action,
Maintenance Industrielle sur Site,http://mis-france.com/,France,Beauvais,https://www.linkedin.com/company/m.i.s/?viewAsMember=true,Logistics / MRO,Bureau d'ingénierie,56.5,C,New,Mechanical parts,"Pièces de rechange, calibration, certification pour acteurs MRO.","Hi — I noticed Maintenance Industrielle sur Site builds Logistics equipment, Mechanical parts for Logistics / MRO.",Keep in watchlist,
MAINTLOG,http://www.maintlog.fr/,France,RILLIEUX LA PAPE,https://linkedin.com/company/maintlog?originalSubdomain=fr,Radar / sensors,OEM,71.5,B,New,Electronic components,"Front-ends RF, processeurs, mécanique de précision pour fabricants radars.","Hi — I noticed MAINTLOG builds Sensors, Software / Platforms (+3) for Radar / sensors.",Review website and validate opportunity,
MAISONNEUVE SAS,https://www.maisonneuve-citerne.com/,France,CERENCES,,Other,À vérifier,,D,New,To enrich,Qualifier l'activité avant tout pitch ciblé.,To enrich,No immediate action,
Makel Mekanik Mühendislik,http://www.suprobox.com/,Turquie,ISTANBUL,,Other,À vérifier,16.6,D,New,Industrial subcontracting / machining,Qualifier l'activité avant tout pitch ciblé.,Hi — I noticed Makel Mekanik Mühendislik at Eurosatory.,No immediate action,
MAKINE VE KIMYA ENDUSTRISI,https://www.mke.gov.tr/,Turquie,ANKARA,,Other,À vérifier,,D,New,To enrich,Qualifier l'activité avant tout pitch ciblé.,To enrich,No immediate action,
MANITOU,http://www.manitou.com/defence-market,France,ANCENIS CEDEX,,Logistics / MRO,OEM,59.4,C,New,RF / microwave components,Vend des sous-systèmes / composants à un OEM construisant Communications networks.,Hi — MANITOU ships Communications networks to Civil security / fire.,Keep in watchlist,
MANN+HUMMEL,https://oem.mann-hummel.com/de.html,Allemagne,LUDWIGSBURG,,Other,À vérifier,,D,New,To enrich,Qualifier l'activité avant tout pitch ciblé.,To enrich,No immediate action,
Mantis,https://www.mantisx.com/,États-Unis,OSWEGO,,Other,À vérifier,,D,New,To enrich,Qualifier l'activité avant tout pitch ciblé.,To enrich,No immediate action,
Manufacture du Haut Rhin (Manurhin),http://www.mhr-defense.com/,France,MULHOUSE CEDEX,https://www.linkedin.com/company/manufacture-haut-rhin/mycompany,Ammunition,OEM,62.4,B,New,Energetic materials,"Matériaux énergétiques, mécanique, packaging, certification.",Hi — I noticed Manufacture du Haut Rhin (Manurhin) builds Ammunition for Ammunition.,Review website and validate opportunity,
MANUFACTURE FRANCAISE DES PNEUMATIQUES,https://defense.michelingroup.com/,France,CLERMONT FERRAND CEDEX 9,,Other,À vérifier,,D,New,To enrich,Qualifier l'activité avant tout pitch ciblé.,To enrich,No immediate action,
Marathon Targets,https://www.marathon-targets.com/,États-Unis,HUNTSVILLE,,Other,À vérifier,,D,New,To enrich,Qualifier l'activité avant tout pitch ciblé.,To enrich,No immediate action,
MARCK & BALSAN,http://www.marcketbalsan.fr/,France,GENNEVILLIERS,https://www.linkedin.com/company/marcketbalsan/,UAV / drones,OEM,70.9,B,New,Electronic components,"Fournisseur de batteries, moteurs, optronique, RF, composites pour fabricants UAV.","Hi — I noticed MARCK & BALSAN builds Robotics / UGV, UAV / drones for UAV / drones.",Review website and validate opportunity,
MARDUK TECHNOLOGIES,https://www.marduk.ee/,Estonie,TALLINN,,Other,À vérifier,,D,New,To enrich,Qualifier l'activité avant tout pitch ciblé.,To enrich,No immediate action,
MARINE INSTRUMENTS,https://www.marineinstruments.es/,Espagne,NIGRÁN,,Other,À vérifier,,D,New,To enrich,Qualifier l'activité avant tout pitch ciblé.,To enrich,No immediate action,
Maritan Glass S.r.l.,https://www.maritanglass.com/it,Italie,CASALSERUGO (PD),https://www.linkedin.com/company/maritanglass,Naval defense,À vérifier,35.6,D,New,Industrial subcontracting / machining,Qualifier l'activité avant tout pitch ciblé.,Hi — I noticed Maritan Glass S.r.l.,No immediate action,
Maritan Glass S.r.l.,https://www.maritanglass.com/,Italie,CASALSERUGO (PD),,Other,À vérifier,,D,New,To enrich,Qualifier l'activité avant tout pitch ciblé.,To enrich,No immediate action,
Markforged,http://markforged.com/,États-Unis,WALTHAM,https://www.linkedin.com/company/markforged/,Other,À vérifier,20.6,D,New,Industrial subcontracting / machining,Qualifier l'activité avant tout pitch ciblé.,Hi — I noticed Markforged at Eurosatory.,No immediate action,
MARLOW ROPES LTD,http://www.marlowropes.com/,Royaume-Uni,HAILSHAM,https://www.linkedin.com/company/marlow-ropes-ltd/,Naval defense,OEM,75.0,A,New,Engines / propulsion,"Radars, sonars, comms, armement, sustainment pour primes navals.","Hi — I noticed MARLOW ROPES LTD builds Vehicles, Sensors (+4) for Naval defense.",Contact sales team and qualify need,
MAROM DOLPHIN,http://www.marom-dolphin.com/,Israël,AFULA,,Other,À vérifier,,D,New,To enrich,Qualifier l'activité avant tout pitch ciblé.,To enrich,No immediate action,
Marposs,http://www.marposs.com/,États-Unis,Auburn Hills,https://www.linkedin.com/company/marposs/,Radar / sensors,OEM,76.0,A,New,Industrial subcontracting / machining,"Front-ends RF, processeurs, mécanique de précision pour fabricants radars.","Hi — I noticed Marposs builds Electronic components, Robotics / UGV (+8) for Radar / sensors.",Contact sales team and qualify need,
MARREL SAS,http://www.marrel.com/,France,ANDREZIEUX BOUTHEON CEDEX,https://www.linkedin.com/company/marrel-sas/,Other,OEM,34.8,D,New,Engines / propulsion,Vend des sous-systèmes / composants à un OEM construisant Vehicles.,Hi — MARREL SAS ships Vehicles to defense customers.,No immediate action,
MARS A.S.,https://eshop.marsjev.cz/,République tchèque,JEVÍČKO,,Other,À vérifier,,D,New,To enrich,Qualifier l'activité avant tout pitch ciblé.,To enrich,No immediate action,
MARS Armor,http://www.marsarmor.com/,Bulgarie,KOSTINBROD,https://www.linkedin.com/company/mars-armor,Soldier systems,OEM,70.5,B,New,Composite materials,"Textiles, composites, optronique, énergie pour kits soldat.","Hi — I noticed MARS Armor builds Soldier equipment, Ammunition (+3) for Soldier systems.",Review website and validate opportunity,
MASA GROUP,http://masasim.com/,France,PARIS,https://www.linkedin.com/company/masa-group/,Intelligence / ISR,Distributeur,74.5,B,New,Cloud / data services,"Capteurs, payloads optroniques, communications pour plateformes ISR.","Hi — I noticed MASA GROUP builds Software / Platforms, Robotics / UGV (+5) for Intelligence / ISR.",Review website and validate opportunity,
MASCHINENFABRIK LIEZEN UND GIESSEREI GMBH,https://www.mfl.at/en/,Autriche,LIEZEN,,Armored vehicles,OEM,61.0,B,New,Engines / propulsion,"Moteurs, composites, plaques balistiques, optronique, comms pour OEM blindés.","Hi — I noticed MASCHINENFABRIK LIEZEN UND GIESSEREI GMBH builds Vehicles, Ammunition (+2) for Armored vehicles.",Review website and validate opportunity,
Masperotech Srl,http://www.masperotech.it/,Italie,MONZA,https://www.linkedin.com/company/masperotech/?viewAsMember=true,Soldier systems,OEM,71.5,B,New,Mechanical parts,"Textiles, composites, optronique, énergie pour kits soldat.","Hi — I noticed Masperotech Srl builds Logistics equipment, Mechanical parts (+4) for Soldier systems.",Review website and validate opportunity,
Mastsystem,http://mastsystem.com/,Finlande,HEINÄVAARA,https://www.linkedin.com/company/mastsystem,Electronic warfare,OEM,71.0,B,New,Engines / propulsion,"Amplis RF, processeurs signal, embarqué, antennes pour EW.","Hi — I noticed Mastsystem builds Vehicles, Composite materials (+6) for Electronic warfare.",Review website and validate opportunity,
Materialise NV,https://www.materialise.be/,Belgique,LEUVEN,,UAV / drones,OEM,81.0,A,New,Energy / batteries,"Fournisseur de batteries, moteurs, optronique, RF, composites pour fabricants UAV.","Hi — I noticed Materialise NV builds UAV / drones, Optronics / Optics (+10) for UAV / drones.",Contact sales team and qualify need,
MATERNA VIRTUAL SOLUTION GMBH,http://www.virtual-solution.com/,Allemagne,MÜNCHEN,,Electronic warfare,Éditeur logiciel,70.6,B,New,Mechanical parts,"Amplis RF, processeurs signal, embarqué, antennes pour EW.","Hi — I noticed MATERNA VIRTUAL SOLUTION GMBH builds Logistics equipment, Software / Platforms (+2) for Electronic warfare.",Review website and validate opportunity,
MATISEC,http://www.matisec.fr/,France,VAULX-MILIEU,https://www.linkedin.com/company/matisec,Land defense,OEM,69.5,B,New,Sensors,"Sous-systèmes, composites, certification pour primes terrestres.","Hi — I noticed MATISEC builds NRBC / CBRN, Logistics equipment (+2) for Land defense.",Review website and validate opportunity,
MATRA ELECTRONIQUE,https://www.matra-electronique.fr/,France,LACROIX ST OUEN,,Other,À vérifier,,D,New,To enrich,Qualifier l'activité avant tout pitch ciblé.,To enrich,No immediate action,
MATUZA TACTICAL,http://matuza-tactical.lt/,Lituanie,Kilučiai,,Other,À vérifier,36.6,D,New,Industrial subcontracting / machining,Qualifier l'activité avant tout pitch ciblé.,Hi — I noticed MATUZA TACTICAL at Eurosatory.,No immediate action,
MAURIN FIXATION,https://fixation.emile-maurin.fr/fr/,France,LYON CEDEX 09,,Other,À vérifier,,D,New,To enrich,Qualifier l'activité avant tout pitch ciblé.,To enrich,No immediate action,
MAXON nternational ltd.,http://www.maxonmotor.com/,Suisse,SACHSELN,,UAV / drones,OEM,77.5,A,New,Engines / propulsion,"Fournisseur de batteries, moteurs, optronique, RF, composites pour fabricants UAV.",Hi — I noticed MAXON nternational ltd.,Contact sales team and qualify need,
MBDA,http://www.mbda-systems.com/,France,LE PLESSIS ROBINSON CEDEX.,,Other,À vérifier,,D,New,To enrich,Qualifier l'activité avant tout pitch ciblé.,To enrich,No immediate action,
MC2 TECHNOLOGIES,http://www.mc2-technologies.com/,France,VILLENEUVE D'ASCQ,https://www.linkedin.com/company/mc2technologies,Intelligence / ISR,Distributeur,77.0,A,New,Energy / batteries,"Capteurs, payloads optroniques, communications pour plateformes ISR.","Hi — I noticed MC2 TECHNOLOGIES builds UAV / drones, Counter-UAV systems (+13) for Intelligence / ISR.",Contact sales team and qualify need,
McQ Inc.,https://www.mcqinc.com/,États-Unis,22405,,Other,À vérifier,4.0,D,New,To enrich,Qualifier l'activité avant tout pitch ciblé.,Hi — I noticed McQ Inc.,No immediate action,
MCSA,http://www.mcsa.fr/,France,MEREAU,https://www.linkedin.com/company/mcsa-celerc,Radar / sensors,Sous-traitant industriel,55.0,C,New,"Raw materials (steel, aluminium)","Front-ends RF, processeurs, mécanique de précision pour fabricants radars.","Hi — I noticed MCSA builds Mechanical parts, Sensors for Radar / sensors.",Keep in watchlist,
MDH DEFENCE,http://www.mdhdefence.com/,Royaume-Uni,AMESBURY,,Other,À vérifier,,D,New,To enrich,Qualifier l'activité avant tout pitch ciblé.,To enrich,No immediate action,
ME Mobil Elektronik GmbH,https://www.mobil-elektronik.com/,Allemagne,LANGENBRETTACH,https://www.linkedin.com/company/7354942,Cybersecurity,OEM,68.5,B,New,Engines / propulsion,"Threat intel, hardware appliances, cloud souverain, audits.","Hi — I noticed ME Mobil Elektronik GmbH builds Vehicles, Software / Platforms (+6) for Cybersecurity.",Review website and validate opportunity,
Mecalectro,http://www.mecalectro.com/,France,MASSY,https://www.linkedin.com/company/mecalectro-massy/,Other,À vérifier,,D,New,To enrich,Qualifier l'activité avant tout pitch ciblé.,To enrich,No immediate action,
MÉCANICAS DE PRESICIÓN TEJEDOR (MTP),https://www.mptejedor.com/,Espagne,PINTO,,Other,OEM,39.4,D,New,Cloud / data services,"Vend des sous-systèmes / composants à un OEM construisant Software / Platforms, Robotics / UGV.","Hi — MÉCANICAS DE PRESICIÓN TEJEDOR (MTP) ships Software / Platforms, Robotics / UGV to defense customers.",No immediate action,
MECANIUM,https://www.mecanium.fr/,France,Villeurbanne,,Other,À vérifier,,D,New,To enrich,Qualifier l'activité avant tout pitch ciblé.,To enrich,No immediate action,
Mecanus Innovación,https://www.linkedin.com/company/mecanus-innovacion,Espagne,ZARAGOZA,https://www.linkedin.com/company/mecanus-innovacion,Other,À vérifier,5.0,D,New,To enrich,Qualifier l'activité avant tout pitch ciblé.,Hi — I noticed Mecanus Innovación at Eurosatory.,No immediate action,
Mecapole,https://www.mecapole.fr/,France,SAINT CLAUDE,,Other,À vérifier,,D,New,To enrich,Qualifier l'activité avant tout pitch ciblé.,To enrich,No immediate action,
Mecc Alte International S.A.,https://www.meccalte.com/,Italie,CREAZZO,https://www.linkedin.com/company/meccalte/,Logistics / MRO,OEM,78.0,A,New,Mechanical parts,"Pièces de rechange, calibration, certification pour acteurs MRO.",Hi — I noticed Mecc Alte International S.A.,Contact sales team and qualify need,
MECCATRONICA,http://www.automazionispeciali.it/,Italie,PREGANZIOL,,Cybersecurity,OEM,52.6,C,New,Cloud / data services,"Threat intel, hardware appliances, cloud souverain, audits.","Hi — I noticed MECCATRONICA builds Software / Platforms, Robotics / UGV (+1) for Cybersecurity.",Keep in watchlist,
MECH COMPONENTS PRIVATE LIMITED,http://www.patodiagroup.net/,Inde,HYDERABAD,,Ammunition,OEM,50.4,C,New,Energetic materials,Vend des sous-systèmes / composants à un OEM construisant Ammunition.,Hi — MECH COMPONENTS PRIVATE LIMITED ships Ammunition to defense customers.,Keep in watchlist,
MEDIA INDIA,,France,PARIS,,Other,À vérifier,,D,New,To enrich,Qualifier l'activité avant tout pitch ciblé.,To enrich,No immediate action,
Mehler Protection,https://mehler-systems.com/,Allemagne,FULDA,https://www.linkedin.com/company/mehler-vario-system-gmbh/mycompany/,Soldier systems,OEM,75.5,A,New,Composite materials,"Vend des sous-systèmes / composants à un OEM construisant Ballistic protection, Vehicles.","Hi — Mehler Protection ships Ballistic protection, Vehicles (+4) to Special forces, Police / law enforcement (+1).",Contact sales team and qualify need,
MEN,http://www.men-defencetec.com/,Allemagne,NASSAU / LAHN,,Weapons,OEM,69.1,B,New,Mechanical parts,"Vend des sous-systèmes / composants à un OEM construisant Weapons, Ammunition.","Hi — MEN ships Weapons, Ammunition (+1) to Special forces, Police / law enforcement.",Review website and validate opportunity,
MENATEK DEFENSE TECHNOLOGIES,http://www.menatek.com.tr/,Turquie,ÜMRANIYE / ISTANBUL,https://linkedin.com/company/menatek-defense-technologies,Radar / sensors,OEM,80.0,A,New,Engines / propulsion,"Front-ends RF, processeurs, mécanique de précision pour fabricants radars.","Hi — I noticed MENATEK DEFENSE TECHNOLOGIES builds Vehicles, Mechanical parts (+3) for Radar / sensors.",Contact sales team and qualify need,
Mencl Advanced Systems s.r.o.,http://www.masystems.eu/,République tchèque,Ohrazenice,,Weapons,OEM,55.5,C,New,Engines / propulsion,"Usinage de précision, matériaux, optronique, composants munitions ITAR-friendly.",Hi — I noticed Mencl Advanced Systems s.r.o.,Keep in watchlist,
mentec GmbH,http://www.mentec.de/,Allemagne,Surberg,https://www.linkedin.com/company/mentec-gmbh,Optics / optronics,OEM,56.6,C,New,Mechanical parts,"Verre spécial, détecteurs, mécanique de précision pour optronique.","Hi — I noticed mentec GmbH builds Logistics equipment, Optronics / Optics for Optics / optronics.",Keep in watchlist,
"MEOPTA SYSTEMS, S.R.O.",http://www.meopta.com/,République tchèque,PREROV,,Other,À vérifier,,D,New,To enrich,Qualifier l'activité avant tout pitch ciblé.,To enrich,No immediate action,
MERCEDES-BENZ AG,https://www.group.mercedes-benz.com/,Allemagne,Stuttgart,,Other,À vérifier,16.6,D,New,Industrial subcontracting / machining,Qualifier l'activité avant tout pitch ciblé.,Hi — I noticed MERCEDES-BENZ AG at Eurosatory.,No immediate action,
MERIN,http://www.merin.it/,Italie,CAPENA (RM),,Other,À vérifier,,D,New,To enrich,Qualifier l'activité avant tout pitch ciblé.,To enrich,No immediate action,
MERIO,http://www.merio.fr/,France,SAINT-PAUL-TROIS-CHATEAU,,Other,À vérifier,,D,New,To enrich,Qualifier l'activité avant tout pitch ciblé.,To enrich,No immediate action,
MERSEN Advanced Materials,http://www.mersen.com/,France,GENNEVILLIERS,https://www.linkedin.com/showcase/mersen-graphite-specialties/?viewAsMember=true,Other,À vérifier,15.6,D,New,Industrial subcontracting / machining,Qualifier l'activité avant tout pitch ciblé.,Hi — I noticed MERSEN Advanced Materials at Eurosatory.,No immediate action,
MERTSAV DEFENCE,https://www.mertsav.com.tr/,Turquie,PENDİK,https://www.linkedin.com/company/mertsav-savunma-sistemleri/?viewAsMember=true,C4ISR,OEM,51.9,C,New,Mechanical parts,Vend des sous-systèmes / composants à un OEM construisant Logistics equipment.,Hi — MERTSAV DEFENCE ships Logistics equipment to defense customers.,Keep in watchlist,
"MESIT asd, s.r.o.",http://www.mesit.cz/,République tchèque,UHERSKE HRADISTE,https://www.linkedin.com/company/skupinamesit,Communications,Sous-traitant industriel,76.0,A,New,Composite materials,"RF, crypto, certification interopérabilité pour radios tactiques.","Hi — I noticed MESIT asd, s.r.o.",Contact sales team and qualify need,
METAL INDUSTRIES France,http://www.metal-industries.fr/,France,MAUREPAS,https://www.linkedin.com/company/metal-industries-france,Other,À vérifier,18.1,D,New,Industrial subcontracting / machining,Qualifier l'activité avant tout pitch ciblé.,Hi — I noticed METAL INDUSTRIES France at Eurosatory.,No immediate action,
METAL TECHNOLOGY GROUP - Angel Balevski Holding,https://www.mtgbg.com/,Bulgarie,SOFIA,,Other,À vérifier,,D,New,To enrich,Qualifier l'activité avant tout pitch ciblé.,To enrich,No immediate action,
METALLIAGES,https://www.metalliages.fr/,France,BUC,,Other,À vérifier,,D,New,To enrich,Qualifier l'activité avant tout pitch ciblé.,To enrich,No immediate action,
METEOROLOGICAL INSTRUMENTS,http://www.irdam.ch/,Suisse,YVERDON LES BAINS,,Other,À vérifier,,D,New,To enrich,Qualifier l'activité avant tout pitch ciblé.,To enrich,No immediate action,
METRAVIB DEFENCE,http://www.metravib-defence.com/,France,LISSIEU,https://www.linkedin.com/showcase/metravib-defence-protection-of-people-sites-&-vehicles,Land defense,OEM,77.0,A,New,Engines / propulsion,"Sous-systèmes, composites, certification pour primes terrestres.","Hi — I noticed METRAVIB DEFENCE builds Vehicles, Sensors (+6) for Land defense.",Contact sales team and qualify need,
METROHM France,https://www.metrohm.com/fr_fr.html,France,VILLEBON-SUR-YVETTE,https://www.linkedin.com/company/metrohm-france/,Other,À vérifier,,D,New,To enrich,Qualifier l'activité avant tout pitch ciblé.,To enrich,No immediate action,
METROPACK,http://www.metropack.fr/,France,REIMS,https://www.linkedin.com/company/metropack/,UAV / drones,OEM,69.5,B,New,Energy / batteries,"Fournisseur de batteries, moteurs, optronique, RF, composites pour fabricants UAV.","Hi — I noticed METROPACK builds UAV / drones, Soldier equipment (+3) for UAV / drones.",Review website and validate opportunity,
Meuser Optik,https://www.meuser-optik.com/,Allemagne,VILLMAR - AUMENAU,,Optics / optronics,OEM,49.7,C,New,Cloud / data services,"Vend des sous-systèmes / composants à un OEM construisant Software / Platforms, Optronics / Optics.","Hi — Meuser Optik ships Software / Platforms, Optronics / Optics to defense customers.",Keep in watchlist,
MEVACO S.A.,https://www.mevaco.gr/,Grèce,ASPROPIRGOS,,Industrial subcontracting,Sous-traitant industriel,52.7,C,New,Cloud / data services,"Matières premières, outils coupants, services qualité pour sous-traitants.",Hi — I noticed MEVACO S.A.,Keep in watchlist,
MFS DEFENSE,http://mfs-ammunition.com/,Hongrie,SIROK,,Ammunition,OEM,80.5,A,New,Cloud / data services,"Matériaux énergétiques, mécanique, packaging, certification.","Hi — I noticed MFS DEFENSE builds Software / Platforms, Ammunition (+3) for Ammunition.",Contact sales team and qualify need,
"MIC, MHTI of Armenia",https://hightech.gov.am/en/,Armenia,YEREVAN,http://www.linkedin.com/shareArticle?mini=true&url=https://hightech.gov.am/en/hetadarj-kap/hetadarj-kapi-tvyalner&title=&summary=,Ammunition,OEM,49.4,C,New,Energetic materials,Vend des sous-systèmes / composants à un OEM construisant Ammunition.,"Hi — MIC, MHTI of Armenia ships Ammunition to Defense ministries.",Keep in watchlist,
MICHIGAN ECONOMIC DEVELOPMENT CORPORATION,http://michiganbusiness.org/,États-Unis,LANSING,,Other,À vérifier,,D,New,To enrich,Qualifier l'activité avant tout pitch ciblé.,To enrich,No immediate action,
Michigan Scientific Corporation,https://www.michsci.com/,États-Unis,Milford,,Other,À vérifier,15.6,D,New,Industrial subcontracting / machining,Qualifier l'activité avant tout pitch ciblé.,Hi — I noticed Michigan Scientific Corporation at Eurosatory.,No immediate action,
MICRON INSTRUMENTS PVT LTD,https://www.microninst.com/,Inde,CHANDIGARH,,Other,À vérifier,,D,New,To enrich,Qualifier l'activité avant tout pitch ciblé.,To enrich,No immediate action,
MICROPIERRE SA,,France,BESANCON,,Other,À vérifier,,D,New,To enrich,Qualifier l'activité avant tout pitch ciblé.,To enrich,No immediate action,
MICROPOL FIBEROPTIC,,Suède,ALED,,Other,À vérifier,,D,New,To enrich,Qualifier l'activité avant tout pitch ciblé.,To enrich,No immediate action,
Microsoft,http://www.microsoft.com/,États-Unis,REDMOND.,,Simulation / training,OEM,61.7,B,New,Mechanical parts,"Visuel, motion, haptique, IA pour fabricants de simulateurs.","Hi — I noticed Microsoft builds Logistics equipment, Simulators / Training for Simulation / training.",Review website and validate opportunity,
Micross Components,https://www.micross.com/,États-Unis,MELVILLE,https://www.linkedin.com/company/micross-components/,Other,À vérifier,16.6,D,New,Industrial subcontracting / machining,Qualifier l'activité avant tout pitch ciblé.,Hi — I noticed Micross Components at Eurosatory.,No immediate action,
MIFA,https://mifa.eu/nl/,Pays-Bas,Venlo,,Optics / optronics,OEM,62.4,B,New,Industrial subcontracting / machining,"Verre spécial, détecteurs, mécanique de précision pour optronique.","Hi — I noticed MIFA builds Electronic components, Mechanical parts (+2) for Optics / optronics.",Review website and validate opportunity,
MIILUX OY,https://www.miilux.com.tr/en/homepage,Turquie,ISTANBUL,,Other,À vérifier,,D,New,To enrich,Qualifier l'activité avant tout pitch ciblé.,To enrich,No immediate action,
Miilux Oy,,Finlande,Raahe,,Other,À vérifier,,D,New,To enrich,Qualifier l'activité avant tout pitch ciblé.,To enrich,No immediate action,
Mikkelin Kehitysyhtiö MIKSEI Oy / Etelä-Savo Goes Global,https://mikseimikkeli.fi/en/hanke/etela-savo-goes-global-2/,Finlande,Mikkeli,,Logistics / MRO,Sous-traitant industriel,64.6,B,New,RF / microwave components,"Pièces de rechange, calibration, certification pour acteurs MRO.","Hi — I noticed Mikkelin Kehitysyhtiö MIKSEI Oy / Etelä-Savo Goes Global builds Communications networks, Energy / batteries for Logistics / MRO.",Review website and validate opportunity,
MIKRO-PULSSI,http://www.mikro-pulssi.fi/,Finlande,TAMPERE,,Other,À vérifier,,D,New,To enrich,Qualifier l'activité avant tout pitch ciblé.,To enrich,No immediate action,
Milda Technologies,http://milda.tech/,Lettonie,RIGA,,Other,OEM,50.1,C,New,Engines / propulsion,"Vend des sous-systèmes / composants à un OEM construisant Vehicles, Robotics / UGV.","Hi — Milda Technologies ships Vehicles, Robotics / UGV (+1) to Critical infrastructure.",Keep in watchlist,
MilDef,http://www.mildef.com/,Suède,HELSINGBORG,https://www.linkedin.com/company/mildef-group/,C4ISR,OEM,73.5,B,New,Engines / propulsion,"Composants, sous-systèmes, software, services pour primes C4ISR.","Hi — I noticed MilDef builds Vehicles, Optronics / Optics (+5) for C4ISR.",Review website and validate opportunity,
MILDEF INTERNATIONAL TECHNOLOGIES SDN BHD,http://mildef.com.my/,Malaisie,SEREMBAN,,Armored vehicles,OEM,74.5,B,New,Engines / propulsion,"Moteurs, composites, plaques balistiques, optronique, comms pour OEM blindés.","Hi — I noticed MILDEF INTERNATIONAL TECHNOLOGIES SDN BHD builds Vehicles, Logistics equipment (+4) for Armored vehicles.",Review website and validate opportunity,
Milestone Aviation Services,,Arabie saoudite,RIYADH,,Other,À vérifier,,D,New,To enrich,Qualifier l'activité avant tout pitch ciblé.,To enrich,No immediate action,
Military Defense Package / Military Box/ Container,https://www.ammodefensepackaging.com/,Chine,ZHANGJIAGANG CITY,,Armored vehicles,OEM,69.5,B,New,Energetic materials,"Vend des sous-systèmes / composants à un OEM construisant Ammunition, Vehicles.","Hi — Military Defense Package / Military Box/ Container ships Ammunition, Vehicles (+2) to Police / law enforcement.",Review website and validate opportunity,
MILITARY EQUIPMENT DENMARK,http://www.med.dk/,Danemark,REGSTRUP,https://www.linkedin.com/company/2617834/admin/settings/,Land defense,Distributeur,66.0,B,New,RF / microwave components,"Sous-systèmes, composites, certification pour primes terrestres.","Hi — I noticed MILITARY EQUIPMENT DENMARK builds Communications networks, Vehicles (+2) for Land defense.",Review website and validate opportunity,
Millog Oy,http://millog.fi/en/,Finlande,Tampere,https://fi.linkedin.com/company/millog-oy,Other,À vérifier,17.6,D,New,Industrial subcontracting / machining,Qualifier l'activité avant tout pitch ciblé.,Hi — I noticed Millog Oy at Eurosatory.,No immediate action,
Milpower Savunma Sistemleri TİC.A.Ş,https://www.milpower.com.tr/,Turquie,ANKARA,,Other,À vérifier,,D,New,To enrich,Qualifier l'activité avant tout pitch ciblé.,To enrich,No immediate action,
Milrem Robotics,http://www.milremrobotics.com/,Estonie,TALLINN,https://www.linkedin.com/company/milremrobotics/,Intelligence / ISR,Intégrateur,76.0,A,New,Engines / propulsion,"Capteurs, payloads optroniques, communications pour plateformes ISR.","Hi — I noticed Milrem Robotics builds Vehicles, UAV / drones (+5) for Intelligence / ISR.",Contact sales team and qualify need,
MILTECH HELLAS,https://miltech.gr/,Grèce,KOROPI,,Other,À vérifier,,D,New,To enrich,Qualifier l'activité avant tout pitch ciblé.,To enrich,No immediate action,
MILTON,http://www.milton-innovation.com/,France,MERIGNAC,,Other,À vérifier,,D,New,To enrich,Qualifier l'activité avant tout pitch ciblé.,To enrich,No immediate action,
MINISTÈRE DE L'INTÉRIEUR ET DES OUTRE-MER,http://www.interieur.gouv.fr/,France,PARIS,,Other,À vérifier,14.6,D,New,Industrial subcontracting / machining,Qualifier l'activité avant tout pitch ciblé.,Hi — I noticed MINISTÈRE DE L'INTÉRIEUR ET DES OUTRE-MER at Eurosatory.,No immediate action,
Ministère des Armées et des Anciens combattants,http://www.defense.gouv.fr/,France,PARIS CEDEX 15,https://www.linkedin.com/company/ministere-des-armees,Other,À vérifier,,D,New,To enrich,Qualifier l'activité avant tout pitch ciblé.,To enrich,No immediate action,
Ministère des armées et des anciens combattants - PEPS,http://www.defense.gouv.fr/,France,PARIS,,Other,À vérifier,,D,New,To enrich,Qualifier l'activité avant tout pitch ciblé.,To enrich,No immediate action,
MINISTRY OF DEFENCE,https://mod.gov.cy/,Cyprus,NICOSIA,,Other,À vérifier,,D,New,To enrich,Qualifier l'activité avant tout pitch ciblé.,To enrich,No immediate action,
Ministry of Defence of the Slovak Republic,https://www.mosr.sk/mo-sr-en/,Slovaquie,BRATISLAVA,,Other,À vérifier,,D,New,To enrich,Qualifier l'activité avant tout pitch ciblé.,To enrich,No immediate action,
Ministry of Defence Republic of Croatia,https://www.morh.hr/,Croatie,Zagreb,,Optics / optronics,OEM,67.4,B,New,Electronic components,Vend des sous-systèmes / composants à un OEM construisant Optronics / Optics.,"Hi — Ministry of Defence Republic of Croatia ships Optronics / Optics to Defense ministries, Air forces (+2).",Review website and validate opportunity,
"MINISTRY OF DEFENCE, GOVT. OF INDIA",http://www.drdo.gov.in/,Inde,NEW DHELI,,Other,À vérifier,,D,New,To enrich,Qualifier l'activité avant tout pitch ciblé.,To enrich,No immediate action,
"Ministry of Economic Development, Job Creation and Trade, Ontario, Canada",http://www.sourcefromontario.com/en/page/event/137030/ontario-eurosatory-2024,Canada,TORONTO,https://www.linkedin.com/company/ontario-ministry-of-economic-development-job-creation-and-trade/?originalSubdomain=ca,Space / satellite,OEM,84.0,A,New,Electronic components,"Composites, capteurs, comms, lancement pour primes spatiaux.","Hi — I noticed Ministry of Economic Development, Job Creation and Trade, Ontario, Canada builds Optronics / Optics, Software / Platforms (+6) for Space / satellite.",Contact sales team and qualify need,
Ministry of Economy,https://mingo.gov.hr/,Croatie,Zagreb,,Other,À vérifier,16.6,D,New,Industrial subcontracting / machining,Qualifier l'activité avant tout pitch ciblé.,Hi — I noticed Ministry of Economy at Eurosatory.,No immediate action,
Ministry of Industry and Mineral Resources,,Arabie saoudite,Riyadh,,Other,À vérifier,,D,New,To enrich,Qualifier l'activité avant tout pitch ciblé.,To enrich,No immediate action,
MINISTRY OF INDUSTRY AND TRADE OF THE CZECH REP.,https://mpo.gov.cz/en/,République tchèque,PRAHA 1,,Other,À vérifier,,D,New,To enrich,Qualifier l'activité avant tout pitch ciblé.,To enrich,No immediate action,
Ministry of Investment of Saudi Arabia,,Arabie saoudite,Riyadh,,Other,À vérifier,,D,New,To enrich,Qualifier l'activité avant tout pitch ciblé.,To enrich,No immediate action,
MIPA,http://www.mipa-paints.com/,Allemagne,ESSENBACH,,Other,À vérifier,,D,New,To enrich,Qualifier l'activité avant tout pitch ciblé.,To enrich,No immediate action,
Miranda Military,https://www.mirandamilitary.pl/,Pologne,TUREK,,Other,À vérifier,,D,New,To enrich,Qualifier l'activité avant tout pitch ciblé.,To enrich,No immediate action,
MIRION TECHNOLOGIES,http://www.mirion.com/,France,LAMANON,https://www.linkedin.com/company/mirion-technologies-france,Other,À vérifier,,D,New,To enrich,Qualifier l'activité avant tout pitch ciblé.,To enrich,No immediate action,
MIRMEX MOTOR,http://www.mirmexmotor.com/,Belgique,WAVRE,https://www.linkedin.com/company/mirmexmotor/,Other,Sous-traitant industriel,48.5,C,New,Cloud / data services,Activité à qualifier — discovery call avant pitch précis.,"Hi — I noticed MIRMEX MOTOR builds Software / Platforms, Robotics / UGV (+2) for Other.",Keep in watchlist,
Mistral Group,http://www.mistralinc.com/,États-Unis,BETHESDA,,Radar / sensors,OEM,70.0,B,New,Energy / batteries,"Front-ends RF, processeurs, mécanique de précision pour fabricants radars.","Hi — I noticed Mistral Group builds UAV / drones, Counter-UAV systems (+7) for Radar / sensors.",Review website and validate opportunity,
Mitekas,http://mitekas.com/,Lituanie,Vilnius,https://www.linkedin.com/company/mitekas-defense/,Electronic warfare,OEM,75.0,A,New,Energy / batteries,"Amplis RF, processeurs signal, embarqué, antennes pour EW.","Hi — I noticed Mitekas builds UAV / drones, Counter-UAV systems (+7) for Electronic warfare.",Contact sales team and qualify need,
Mittler Report Verlag GmbH,http://www.mittler-report.de/,Allemagne,BONN,https://www.linkedin.com/company/eurodefence,Cybersecurity,OEM,59.2,C,New,Mechanical parts,"Outils SOC/SIEM, brique de sécurité défensive pour vendeur cyber.","Hi — Mittler Report Verlag GmbH ships Logistics equipment, Communications networks to defense customers.",Keep in watchlist,
MKS Servo,https://www.mks-servo.com/,Taïwan,YILAN CITY,https://www.linkedin.com/company/96599752,UAV / drones,OEM,63.6,B,New,Energy / batteries,"Fournisseur de batteries, moteurs, optronique, RF, composites pour fabricants UAV.","Hi — I noticed MKS Servo builds UAV / drones, Engines / propulsion (+1) for UAV / drones.",Review website and validate opportunity,
MKU LIMITED,https://www.mku.com/,Inde,KANPUR,,Other,À vérifier,,D,New,To enrich,Qualifier l'activité avant tout pitch ciblé.,To enrich,No immediate action,
MNC SOLUTION,http://www.mncsolution.com/,Corée du Sud,GYEONGSANGNAM-DO,,Naval defense,OEM,65.0,B,New,Engines / propulsion,"Vend des sous-systèmes / composants à un OEM construisant Vehicles, Communications networks.","Hi — MNC SOLUTION ships Vehicles, Communications networks (+4) to Aerospace primes.",Review website and validate opportunity,
MODIRUM GESPI - Industria E Comercio De Equipamentos,https://modirumgespi.com/,Brésil,SÃO JOSÉ DOS CAMPOS,https://www.linkedin.com/company/modirumgespi/,Intelligence / ISR,Distributeur,78.0,A,New,Energy / batteries,"Capteurs, payloads optroniques, communications pour plateformes ISR.","Hi — I noticed MODIRUM GESPI - Industria E Comercio De Equipamentos builds UAV / drones, Optronics / Optics (+14) for Intelligence / ISR.",Contact sales team and qualify need,
MODISPREM,http://www.modisprem.com/,Espagne,Zuera - Zaragoza,https://www.linkedin.com/company/modisprem-s-a/about/,Armored vehicles,OEM,69.0,B,New,Mechanical parts,"Vend des sous-systèmes / composants à un OEM construisant Engines / propulsion, Vehicles.","Hi — MODISPREM ships Engines / propulsion, Vehicles (+1) to defense customers.",Review website and validate opportunity,
"MOHOC, INC.",https://www.mohoc.com/,États-Unis,BAINBRIDGE ISLAND,,Other,À vérifier,,D,New,To enrich,Qualifier l'activité avant tout pitch ciblé.,To enrich,No immediate action,
"Molex, LLC.",http://www.molex.com/,États-Unis,LISLE,https://www.linkedin.com/company/molex,Other,À vérifier,17.6,D,New,Industrial subcontracting / machining,Qualifier l'activité avant tout pitch ciblé.,"Hi — I noticed Molex, LLC.",No immediate action,
Molfar Intelligence,https://molfar.com/,Ukraine,Kyiv,,Cybersecurity,Société de services,44.4,C,New,Mechanical parts,"Threat intel, hardware appliances, cloud souverain, audits.",Hi — I noticed Molfar Intelligence builds Logistics equipment for Cybersecurity.,Keep in watchlist,
MOLPIR S.R.O.,https://www.molpir.com/,Slovaquie,SMOLENICE,,NRBC / CBRN,OEM,56.4,C,New,Mechanical parts,"Vend des sous-systèmes / composants à un OEM construisant Logistics equipment, NRBC / CBRN.","Hi — MOLPIR S.R.O. ships Logistics equipment, NRBC / CBRN (+1) to Defense ministries.",Keep in watchlist,
MOMENTUM TECHNOLOGIES (LIFEPODS),http://www.lifepods.tech/,France,LE BOULOU,https://www.linkedin.com/company/momentum-technologies-lifepods/?viewAsMember=true,Soldier systems,OEM,76.5,A,New,Energy / batteries,"Textiles, composites, optronique, énergie pour kits soldat.","Hi — I noticed MOMENTUM TECHNOLOGIES (LIFEPODS) builds UAV / drones, Ammunition (+7) for Soldier systems.",Contact sales team and qualify need,
MÖNCH PUBLISHING GROUP,https://www.monch.com/,Allemagne,BAD NEUENAHR,,Other,À vérifier,,D,New,To enrich,Qualifier l'activité avant tout pitch ciblé.,To enrich,No immediate action,
MONKILOWATT,http://www.monkilowatt.fr/,France,TOULOUSE,,Other,À vérifier,,D,New,To enrich,Qualifier l'activité avant tout pitch ciblé.,To enrich,No immediate action,
MONOPULSE,,Lituanie,Vilnius,,Other,À vérifier,,D,New,To enrich,Qualifier l'activité avant tout pitch ciblé.,To enrich,No immediate action,
MONT BLANC PRODUCTIONS,https://www.montblancproductions.fr/,France,SALLANCHES,,Other,À vérifier,,D,New,To enrich,Qualifier l'activité avant tout pitch ciblé.,To enrich,No immediate action,
MONVALIS GMBH,http://www.monvalis.de/,Allemagne,BIELEFELD,,Other,OEM,35.9,D,New,Mechanical parts,Vend des sous-systèmes / composants à un OEM construisant Logistics equipment.,Hi — MONVALIS GMBH ships Logistics equipment to defense customers.,No immediate action,
MOOG INC.,https://www.moog.com/,États-Unis,EAST AURORA,,Other,À vérifier,,D,New,To enrich,Qualifier l'activité avant tout pitch ciblé.,To enrich,No immediate action,
Moori Technologies,http://mooritech.com/,Corée du Sud,"Seongnam-si, Gyeonggi–do",,Optics / optronics,OEM,51.4,C,New,Electronic components,Vend des sous-systèmes / composants à un OEM construisant Optronics / Optics.,Hi — Moori Technologies ships Optronics / Optics to defense customers.,Keep in watchlist,
MORAI GmbH,http://www.morai.ai/,Allemagne,Garching,https://www.linkedin.com/company/morai/,Electronic warfare,Distributeur,79.0,A,New,Engines / propulsion,"Amplis RF, processeurs signal, embarqué, antennes pour EW.","Hi — I noticed MORAI GmbH builds Vehicles, UAV / drones (+11) for Electronic warfare.",Contact sales team and qualify need,
MORIN - K9 VISION,https://www.morinfrance.com/,France,MONTLHERY,,Other,À vérifier,,D,New,To enrich,Qualifier l'activité avant tout pitch ciblé.,To enrich,No immediate action,
"MOS nutrition, Emergency Food, MX3 nutrition",https://www.nutridry.com/,France,VILLENAVE D'ORNON,https://www.linkedin.com/company/nutridrygroup/?originalSubdomain=fr,Other,À vérifier,,D,New,To enrich,Qualifier l'activité avant tout pitch ciblé.,To enrich,No immediate action,
MostaTech,http://mostatech.mt/,Malta,MOSTA,https://www.linkedin.com/company/mostatech,UAV / drones,OEM,68.0,B,New,Electronic components,"Fournisseur de batteries, moteurs, optronique, RF, composites pour fabricants UAV.","Hi — I noticed MostaTech builds Optronics / Optics, Software / Platforms (+6) for UAV / drones.",Review website and validate opportunity,
Motor-G,https://motor-g.com/en/,Ukraine,Kyiv,,UAV / drones,OEM,55.6,C,New,Energy / batteries,Sub-system / payload pour OEM drones tactiques.,"Hi — Motor-G ships UAV / drones, Engines / propulsion (+1) to defense customers.",Keep in watchlist,
Motorola Solutions,http://www.motorolasolutions.com/,France,LONDON,https://www.linkedin.com/company/motorolasolutions/,Other,À vérifier,,D,New,To enrich,Qualifier l'activité avant tout pitch ciblé.,To enrich,No immediate action,
MPH,http://mph-mecanique.fr/,France,VILLEROY,https://www.linkedin.com/company/mph-mecanique/,Engineering services,OEM,58.5,C,New,Mechanical parts,"Outils CAD, simulation, certification pour bureau d'études.","Hi — I noticed MPH builds Logistics equipment, Mechanical parts (+1) for Engineering services.",Keep in watchlist,
M-Plus France,http://www.m-plusgroup.com/,France,LACHAPELLE-SOUS-ROUGEMONT,,Other,À vérifier,,D,New,To enrich,Qualifier l'activité avant tout pitch ciblé.,To enrich,No immediate action,
MPM,https://www.mpm.fr/,France,MURET,,Other,À vérifier,,D,New,To enrich,Qualifier l'activité avant tout pitch ciblé.,To enrich,No immediate action,
MPP,http://www.mpp.be/,Belgique,HAMOIR,https://linkedin.com/company/mpp-belgium,Space / satellite,Distributeur,62.6,B,New,Mechanical parts,"Composites, capteurs, comms, lancement pour primes spatiaux.","Hi — I noticed MPP builds Logistics equipment, Satellites / Space (+2) for Space / satellite.",Review website and validate opportunity,
MPS Microsystems,http://www.mpsag.com/en/,Suisse,Biel-Bienne,https://www.linkedin.com/company/mpsagcom/,Other,À vérifier,22.6,D,New,Industrial subcontracting / machining,Qualifier l'activité avant tout pitch ciblé.,Hi — I noticed MPS Microsystems at Eurosatory.,No immediate action,
Mraz Robotics s. r. o.,,Slovaquie,Bucany,,Other,À vérifier,,D,New,To enrich,Qualifier l'activité avant tout pitch ciblé.,To enrich,No immediate action,
MSI Defense Solutions,http://www.msidefense.com/,États-Unis,Mooresville,https://www.linkedin.com/company/2487734/,Counter-UAV,OEM,68.0,B,New,Engines / propulsion,"Fournisseur de RF, radars, optronique et embarqués pour stacks anti-drone.","Hi — I noticed MSI Defense Solutions builds Vehicles, UAV / drones (+4) for Counter-UAV.",Review website and validate opportunity,
MSI-Defence Systems,https://www.msi-dsl.com/,Royaume-Uni,NORWICH - NORFOLK,https://www.linkedin.com/company/msi-defence-systems-ltd/,Naval defense,OEM,71.5,B,New,Engines / propulsion,"Radars, sonars, comms, armement, sustainment pour primes navals.","Hi — I noticed MSI-Defence Systems builds Vehicles, UAV / drones (+8) for Naval defense.",Review website and validate opportunity,
MSM LAND SYSTEMS s.r.o.,https://www.msmls.sk/,Slovaquie,Trencin,,Land defense,À vérifier,29.1,D,New,Industrial subcontracting / machining,Qualifier l'activité avant tout pitch ciblé.,Hi — I noticed MSM LAND SYSTEMS s.r.o.,No immediate action,
"MSM Services, s.r.o.",http://msm.sk/,Slovaquie,DUBNICA NAD VAHOM,,Armored vehicles,OEM,66.5,B,New,Mechanical parts,"Moteurs, composites, plaques balistiques, optronique, comms pour OEM blindés.","Hi — I noticed MSM Services, s.r.o.",Review website and validate opportunity,
MTE/DGITM/SDMINT/MINT2,http://www.ecologie.gouv.fr/politiques-publiques/agence-linnovation-transports,France,LA DÉFENSE CEDEX,,Other,À vérifier,,D,New,To enrich,Qualifier l'activité avant tout pitch ciblé.,To enrich,No immediate action,
MTN Satellite,http://www.mtnsat.com/,États-Unis,Fort Lauderdale,https://www.linkedin.com/company/mtn-global/posts/?feedView=all,Space / satellite,OEM,76.1,A,New,Mechanical parts,"Vend des sous-systèmes / composants à un OEM construisant Logistics equipment, Communications networks.","Hi — MTN Satellite ships Logistics equipment, Communications networks (+2) to Critical infrastructure.",Contact sales team and qualify need,
"Mudanjiang North Alloy Tools Co., Ltd.",http://en.north-tungsten.cn/,Chine,MUDANJIANG,,Space / satellite,OEM,74.0,B,New,Mechanical parts,"Composites, capteurs, comms, lancement pour primes spatiaux.","Hi — I noticed Mudanjiang North Alloy Tools Co., Ltd.",Review website and validate opportunity,
MULTICUT A/S,,Danemark,VILDBJERG,,Other,À vérifier,,D,New,To enrich,Qualifier l'activité avant tout pitch ciblé.,To enrich,No immediate action,
MULTIVIS BRASIL LTDA,https://multivis.com/,Brésil,Rio de Janeiro,,C4ISR,Distributeur,67.6,B,New,Electronic components,"Composants, sous-systèmes, software, services pour primes C4ISR.","Hi — I noticed MULTIVIS BRASIL LTDA builds Sensors, Software / Platforms (+2) for C4ISR.",Review website and validate opportunity,
MUNEXLOG SAS,https://www.munexlog.com/,France,PARIS,,Other,À vérifier,,D,New,To enrich,Qualifier l'activité avant tout pitch ciblé.,To enrich,No immediate action,
MUNITIONS INDIA LIMITED,https://munitionsindia.in/,Inde,PUNE,,Other,À vérifier,,D,New,To enrich,Qualifier l'activité avant tout pitch ciblé.,To enrich,No immediate action,
Münstermann,http://www.muenstermann.com/,Allemagne,TELGTE,https://www.linkedin.com/company/muenstermann,Naval defense,OEM,58.8,C,New,Mechanical parts,"Vend des sous-systèmes / composants à un OEM construisant Logistics equipment, Energy / batteries.","Hi — Münstermann ships Logistics equipment, Energy / batteries (+1) to defense customers.",Keep in watchlist,
MUSTAD BELGIUM,https://www.mustad.be/,Belgique,EUPEN,,Other,À vérifier,,D,New,To enrich,Qualifier l'activité avant tout pitch ciblé.,To enrich,No immediate action,
MUSTHANE,http://www.musthane.fr/,France,WILLEMS,https://www.linkedin.com/company/musthane,Ballistic protection,À vérifier,45.1,C,New,Industrial subcontracting / machining,"Aramide, céramique, composites, certification balistique.",Hi — I noticed MUSTHANE builds — for Ballistic protection.,Keep in watchlist,
MVG Microwave Vision Group,http://www.mvg-world.com/,France,VILLEJUST,https://www.linkedin.com/company/microwave-vision-group-satimo-orbit-fr-aemi-&-remc,Other,À vérifier,,D,New,To enrich,Qualifier l'activité avant tout pitch ciblé.,To enrich,No immediate action,
MW Group,,Suède,Solna,,Other,À vérifier,,D,New,To enrich,Qualifier l'activité avant tout pitch ciblé.,To enrich,No immediate action,
Myakiatto,https://www.myakiatto.com/,France,CLERMONT FERRAND,,Other,À vérifier,,D,New,To enrich,Qualifier l'activité avant tout pitch ciblé.,To enrich,No immediate action,
MYDEFENCE COMMUNICATION,http://www.mydefence.dk/,Danemark,NR. SUNDBY,,Other,À vérifier,,D,New,To enrich,Qualifier l'activité avant tout pitch ciblé.,To enrich,No immediate action,
MZD ELEKTRIK ELEKTRONIK ELEKTROMEKANIK MEKATRONIK,http://www.mzd.com.tr/,Turquie,ANKARA,https://www.linkedin.com/company/mzdsavunma,Simulation / training,OEM,67.5,B,New,RF / microwave components,"Visuel, motion, haptique, IA pour fabricants de simulateurs.","Hi — I noticed MZD ELEKTRIK ELEKTRONIK ELEKTROMEKANIK MEKATRONIK builds Communications networks, Vehicles (+2) for Simulation / training.",Review website and validate opportunity,
Nabtesco Precision Europe GmbH,http://www.nabtesco.de/,Allemagne,DUESSELDORF,https://www.linkedin.com/company/nabtesco-precision-europe-gmbh/,Other,OEM,36.9,D,New,Mechanical parts,Vend des sous-systèmes / composants à un OEM construisant Engines / propulsion.,Hi — Nabtesco Precision Europe GmbH ships Engines / propulsion to defense customers.,No immediate action,
NAE,http://www.nae.fr/,France,SAINT-ETIENNE DU ROUVRAY,https://www.linkedin.com/company/normandie-aeroespace,Other,À vérifier,,D,New,To enrich,Qualifier l'activité avant tout pitch ciblé.,To enrich,No immediate action,
NAMMA,https://www.namma-france.com/,France,33700,,Other,À vérifier,,D,New,To enrich,Qualifier l'activité avant tout pitch ciblé.,To enrich,No immediate action,
Nammo AS,http://www.nammo.com/,Norvège,RAUFOSS,,Other,À vérifier,,D,New,To enrich,Qualifier l'activité avant tout pitch ciblé.,To enrich,No immediate action,
"NANJING CNGEIR TECHNOLOGY CO.,LTD",https://www.cngeir.com/,Chine,NANJING,,Other,À vérifier,,D,New,To enrich,Qualifier l'activité avant tout pitch ciblé.,To enrich,No immediate action,
Nanomade,https://nanomade.com/,France,TOULOUSE,www.linkedin.com/company/nanomade,Radar / sensors,OEM,64.0,B,New,Electronic components,"Front-ends RF, processeurs, mécanique de précision pour fabricants radars.","Hi — I noticed Nanomade builds Sensors, Logistics equipment (+3) for Radar / sensors.",Review website and validate opportunity,
NanoPyro,http://www.nanopyro.be/,Belgique,NIVELLES,https://www.linkedin.com/company/nanopyro/,Ammunition,OEM,62.1,B,New,Energetic materials,"Matériaux énergétiques, mécanique, packaging, certification.","Hi — I noticed NanoPyro builds Ammunition, Engines / propulsion for Ammunition.",Review website and validate opportunity,
NANOXPLORE SAS,,France,SEVRES,,Other,À vérifier,,D,New,To enrich,Qualifier l'activité avant tout pitch ciblé.,To enrich,No immediate action,
"NANTONG HANVO NEW MATERIAL TECHNOLOGY CO.,LTD",http://www.hanvomaterial.com/,Chine,NANTONG,,Other,À vérifier,16.6,D,New,Industrial subcontracting / machining,Qualifier l'activité avant tout pitch ciblé.,"Hi — I noticed NANTONG HANVO NEW MATERIAL TECHNOLOGY CO.,LTD at Eurosatory.",No immediate action,
NANUK BY PLASTICASE INC.,,Canada,TERREBONNE,,Other,À vérifier,,D,New,To enrich,Qualifier l'activité avant tout pitch ciblé.,To enrich,No immediate action,
NATION SHIELD JOURNAL,https://www.nationshield.ae/index.php/module/magazine/en/30,Émirats arabes unis,ABU DHABI,,Other,À vérifier,,D,New,To enrich,Qualifier l'activité avant tout pitch ciblé.,To enrich,No immediate action,
NATO MISSILE FIRING INSTALLATION,http://www.namfi.gr/,Grèce,"CHANIA, CRÈTE",,UAV / drones,Distributeur,76.0,A,New,Energy / batteries,Sub-system / payload pour OEM drones tactiques.,"Hi — NATO MISSILE FIRING INSTALLATION ships UAV / drones, Communications networks (+1) to Navy.",Contact sales team and qualify need,
NATRIX UGV,https://www.natrix.eu/,Lettonie,RĪGA,,C4ISR,Distributeur,62.0,B,New,Engines / propulsion,"Composants, sous-systèmes, software, services pour primes C4ISR.","Hi — I noticed NATRIX UGV builds Vehicles, UAV / drones (+6) for C4ISR.",Review website and validate opportunity,
NAUDI - THE NATIONAL ASSOCIATION OF UKRAINIAN DEFENSE INDUSTRIES,http://naudi.com.ua/,Ukraine,KYIV,https://www.linkedin.com/company/naudi/,Intelligence / ISR,OEM,70.5,B,New,Engines / propulsion,"Vend des sous-systèmes / composants à un OEM construisant Vehicles, UAV / drones.","Hi — NAUDI - THE NATIONAL ASSOCIATION OF UKRAINIAN DEFENSE INDUSTRIES ships Vehicles, UAV / drones (+9) to Police / law enforcement.",Review website and validate opportunity,
NAVANTIA,https://www.navantia.es/en/,Espagne,MADRID,,Other,À vérifier,,D,New,To enrich,Qualifier l'activité avant tout pitch ciblé.,To enrich,No immediate action,
Navigate,,Danemark,Copenhagen,,Other,À vérifier,,D,New,To enrich,Qualifier l'activité avant tout pitch ciblé.,To enrich,No immediate action,
Naxcon,https://www.naxcon.com/,Allemagne,FREIBURG,https://www.linkedin.com/company/naxcon/posts/?feedView=all,Cybersecurity,OEM,75.5,A,New,Cloud / data services,"Threat intel, hardware appliances, cloud souverain, audits.","Hi — I noticed Naxcon builds Software / Platforms, Embedded systems (+3) for Cybersecurity.",Contact sales team and qualify need,
NCS SYSTEMS,https://www.ncs-systems.eu/,France,ELANCOURT,,Other,À vérifier,,D,New,To enrich,Qualifier l'activité avant tout pitch ciblé.,To enrich,No immediate action,
NECAS A/S,,Danemark,STØVRING,,Other,À vérifier,,D,New,To enrich,Qualifier l'activité avant tout pitch ciblé.,To enrich,No immediate action,
NEDINSCO B.V.,http://www.nedinsco.com/,Pays-Bas,VENLO,https://www.linkedin.com/company/nedinsco-bv,Intelligence / ISR,OEM,68.5,B,New,Energy / batteries,"Capteurs, payloads optroniques, communications pour plateformes ISR.",Hi — I noticed NEDINSCO B.V.,Review website and validate opportunity,
NEMS GmbH,http://www.nems.de/,Allemagne,MONHEIM AM RHEIN,,Other,À vérifier,,D,New,To enrich,Qualifier l'activité avant tout pitch ciblé.,To enrich,No immediate action,
NETA COMMUNICATIONS,https://www.netacoms.com/airborneandgrounddatalinkantennasystems,Turquie,İSTANBUL,https://www.linkedin.com/company/netacoms/posts/?feedView=all,Space / satellite,Distributeur,80.0,A,New,Energy / batteries,"Composites, capteurs, comms, lancement pour primes spatiaux.","Hi — I noticed NETA COMMUNICATIONS builds UAV / drones, Sensors (+8) for Space / satellite.",Contact sales team and qualify need,
Netcompany A/S,,Danemark,København K,,Other,À vérifier,,D,New,To enrich,Qualifier l'activité avant tout pitch ciblé.,To enrich,No immediate action,
Netherlands Pavilion,http://www.nidv.eu/,Pays-Bas,THE HAGUE,,Intelligence / ISR,OEM,77.5,A,New,RF / microwave components,"Capteurs, payloads optroniques, communications pour plateformes ISR.","Hi — I noticed Netherlands Pavilion builds Communications networks, UAV / drones (+10) for Intelligence / ISR.",Contact sales team and qualify need,
Netline,http://www.netlinetech.com/,Israël,TEL AVIV,,Other,À vérifier,,D,New,To enrich,Qualifier l'activité avant tout pitch ciblé.,To enrich,No immediate action,
NEUMAN ALUMINIUM FLIESSPRESSWERK GMBH,http://www.neuman.at/technology/impact-extrusion,Autriche,LILIENFELD,https://www.linkedin.com/company/neuman-aluminium-impact-extrusion/,Radar / sensors,OEM,79.0,A,New,Engines / propulsion,"Front-ends RF, processeurs, mécanique de précision pour fabricants radars.","Hi — I noticed NEUMAN ALUMINIUM FLIESSPRESSWERK GMBH builds Vehicles, Sensors (+6) for Radar / sensors.",Contact sales team and qualify need,
NEUROCOMS,http://www.neurocoms.xyz/,Espagne,MADRID,,Electronic warfare,OEM,64.5,B,New,RF / microwave components,"Vend des sous-systèmes / composants à un OEM construisant Communications networks, UAV / drones.","Hi — NEUROCOMS ships Communications networks, UAV / drones (+2) to Critical infrastructure.",Review website and validate opportunity,
New Expo Logística,https://newexpo.com.br/,Brésil,São Paulo,,Logistics / MRO,OEM,48.4,C,New,Mechanical parts,Vend des sous-systèmes / composants à un OEM construisant Logistics equipment.,Hi — New Expo Logística ships Logistics equipment to defense customers.,Keep in watchlist,
NEW LACHAUSSEE SA,https://www.lachaussee.com/,Belgique,HERSTAL,,Other,À vérifier,,D,New,To enrich,Qualifier l'activité avant tout pitch ciblé.,To enrich,No immediate action,
New Use Energy,http://www.newuseenergy.com/,États-Unis,Anacortes,,Intelligence / ISR,Distributeur,75.5,A,New,Engines / propulsion,"Vend des sous-systèmes / composants à un OEM construisant Vehicles, UAV / drones.","Hi — New Use Energy ships Vehicles, UAV / drones (+10) to Special forces, Critical infrastructure (+2).",Contact sales team and qualify need,
NEXTDYN SYSTEMS,https://www.nextdynsystems.com/,États-Unis,FORT LEE,,Weapons,OEM,64.3,B,New,Mechanical parts,"Usinage de précision, matériaux, optronique, composants munitions ITAR-friendly.","Hi — I noticed NEXTDYN SYSTEMS builds Weapons, Ammunition (+1) for Weapons.",Review website and validate opportunity,
NEXUS FRANCE,https://nexus-groupe.com/fr/accueil/,France,ROGNES,https://www.linkedin.com/company/groupenexus,Intelligence / ISR,OEM,71.0,B,New,Engines / propulsion,"Capteurs, payloads optroniques, communications pour plateformes ISR.","Hi — I noticed NEXUS FRANCE builds Vehicles, Optronics / Optics (+5) for Intelligence / ISR.",Review website and validate opportunity,
NEXVISION SAS,https://www.nexvision.fr/,France,MARSEILLE,https://www.linkedin.com/company/nexvision-sas,Other,À vérifier,,D,New,To enrich,Qualifier l'activité avant tout pitch ciblé.,To enrich,No immediate action,
NFM GROUP AS,http://www.nfm.no/,Norvège,SKI,,Other,À vérifier,,D,New,To enrich,Qualifier l'activité avant tout pitch ciblé.,To enrich,No immediate action,
NI (now part of Emerson),http://www.ni.com/,France,COLOMBES,https://www.linkedin.com/company/niglobal,Electronic warfare,OEM,71.5,B,New,Electronic components,"Amplis RF, processeurs signal, embarqué, antennes pour EW.","Hi — I noticed NI (now part of Emerson) builds Sensors, Radars (+13) for Electronic warfare.",Review website and validate opportunity,
NICOMATIC,http://www.nicomatic.com/,France,BONS EN CHABLAIS,,Other,À vérifier,,D,New,To enrich,Qualifier l'activité avant tout pitch ciblé.,To enrich,No immediate action,
NIDEC ARISA S.L.U.,http://www.arisa.com/,Espagne,Navarrete,https://es.linkedin.com/company/nidec-arisa,Other,À vérifier,17.6,D,New,Industrial subcontracting / machining,Qualifier l'activité avant tout pitch ciblé.,Hi — I noticed NIDEC ARISA S.L.U.,No immediate action,
NIGHTVISION LASERS SPAIN NVLS,http://www.nvls.es/,Espagne,,https://www.linkedin.com/company/nightvision-lasers-spain-sl/,Intelligence / ISR,OEM,77.0,A,New,Electronic components,"Capteurs, payloads optroniques, communications pour plateformes ISR.","Hi — I noticed NIGHTVISION LASERS SPAIN NVLS builds Optronics / Optics, Soldier equipment (+2) for Intelligence / ISR.",Contact sales team and qualify need,
NIMROD Industries,https://www.nimrod-group.com/,France,Taverny,,Other,À vérifier,,D,New,To enrich,Qualifier l'activité avant tout pitch ciblé.,To enrich,No immediate action,
NIXUS,http://www.nixus2protect.com/,Slovaquie,TRENCIN,,Other,À vérifier,,D,New,To enrich,Qualifier l'activité avant tout pitch ciblé.,To enrich,No immediate action,
nLight,https://www.nlight.net/,États-Unis,Camas,,Intelligence / ISR,Distributeur,70.5,B,New,Industrial subcontracting / machining,"Capteurs, payloads optroniques, communications pour plateformes ISR.","Hi — I noticed nLight builds Electronic components, Logistics equipment (+7) for Intelligence / ISR.",Review website and validate opportunity,
NLR-Royal Netherlands Aerospace Centre,https://www.nlr.nl/,Pays-Bas,AMSTERDAM,,Other,À vérifier,,D,New,To enrich,Qualifier l'activité avant tout pitch ciblé.,To enrich,No immediate action,
NOKIA,http://www.nokia.com/industries/defense/,Finlande,MASSY,https://www.linkedin.com/company/nokia/,Other,À vérifier,17.6,D,New,Industrial subcontracting / machining,Qualifier l'activité avant tout pitch ciblé.,Hi — I noticed NOKIA at Eurosatory.,No immediate action,
NOLDEN Cars & Concepts GmbH,https://www.noldengmbh.de/,Allemagne,KÖLN,https://www.linkedin.com/company/nolden-cars-concepts-gmbh,Optics / optronics,OEM,60.4,B,New,Engines / propulsion,"Verre spécial, détecteurs, mécanique de précision pour optronique.","Hi — I noticed NOLDEN Cars & Concepts GmbH builds Vehicles, Optronics / Optics for Optics / optronics.",Review website and validate opportunity,
NO-NAIL BOXES,http://www.no-nailboxes.com/,Luxembourg,WILTZ,https://www.linkedin.com/company/no-nail-boxes,Land defense,OEM,65.0,B,New,Engines / propulsion,"Vend des sous-systèmes / composants à un OEM construisant Vehicles, Software / Platforms.","Hi — NO-NAIL BOXES ships Vehicles, Software / Platforms (+3) to Land forces.",Review website and validate opportunity,
NOPTEL OY,http://www.noptel.fi/,Finlande,OULU,,Intelligence / ISR,OEM,69.5,B,New,Energy / batteries,"Capteurs, payloads optroniques, communications pour plateformes ISR.","Hi — I noticed NOPTEL OY builds UAV / drones, Sensors (+6) for Intelligence / ISR.",Review website and validate opportunity,
Nordic Inertial Oy,http://nordicinertial.com/,Finlande,TAMPERE,https://www.linkedin.com/company/nordicinertial/,Other,OEM,37.4,D,New,Electronic components,Activité à qualifier — discovery call avant pitch précis.,Hi — I noticed Nordic Inertial Oy builds Sensors for Other.,No immediate action,
Nordic Shelter AS,http://nordicshelter.com/,Norvège,OSLO,https://www.linkedin.com/company/nordic-shelter-as/,UAV / drones,OEM,75.0,A,New,Mechanical parts,"Fournisseur de batteries, moteurs, optronique, RF, composites pour fabricants UAV.","Hi — I noticed Nordic Shelter AS builds Logistics equipment, Communications networks (+7) for UAV / drones.",Contact sales team and qualify need,
Nordic Shield Group AB,,Suède,Linköping,,Other,À vérifier,,D,New,To enrich,Qualifier l'activité avant tout pitch ciblé.,To enrich,No immediate action,
Nord-Lock Group,https://www.nord-lock.com/,France,SAINT PRIEST,https://www.linkedin.com/company/nordlockgroup/mycompany/,Other,À vérifier,,D,New,To enrich,Qualifier l'activité avant tout pitch ciblé.,To enrich,No immediate action,
NORELEM,http://www.norelem.fr/,France,FONTAINE LES GRES,https://www.linkedin.com/company/norelem/,Other,OEM,42.3,C,New,"Materials (Li-ion, electrolytes)",Vend des sous-systèmes / composants à un OEM construisant Energy / batteries.,Hi — NORELEM ships Energy / batteries to defense customers.,Keep in watchlist,
NorLense AS,http://www.norlense.no/,Norvège,STRØNSTAD,https://www.linkedin.com/company/11474735/admin/dashboard/,NRBC / CBRN,OEM,66.5,B,New,Cloud / data services,"Vend des sous-systèmes / composants à un OEM construisant Software / Platforms, Logistics equipment.","Hi — NorLense AS ships Software / Platforms, Logistics equipment (+1) to defense customers.",Review website and validate opportunity,
NORMA PRECISION,http://www.norma-ammunition.com/en-gb/products/governmental,Suède,GÖTEBORG,,Counter-UAV,OEM,74.5,B,New,Energy / batteries,Vend une brique du chain detection-effector aux primes anti-drone.,"Hi — NORMA PRECISION ships UAV / drones, Counter-UAV systems (+5) to Police / law enforcement.",Review website and validate opportunity,
Nortal,http://nortal.com/,Estonie,Tallinn,https://www.linkedin.com/company/nortal/,Cybersecurity,OEM,80.0,A,New,Mechanical parts,"Threat intel, hardware appliances, cloud souverain, audits.","Hi — I noticed Nortal builds Logistics equipment, Software / Platforms (+3) for Cybersecurity.",Contact sales team and qualify need,
"NORTH INTERNATIONAL EXHIBITION CO.,LTD",http://www.northexpo.com.cn/,Chine,BEIJING,,Other,À vérifier,18.6,D,New,Industrial subcontracting / machining,Qualifier l'activité avant tout pitch ciblé.,"Hi — I noticed NORTH INTERNATIONAL EXHIBITION CO.,LTD at Eurosatory.",No immediate action,
NORTHCOM Danmark A/S,,Danemark,Ishøj,,Other,À vérifier,,D,New,To enrich,Qualifier l'activité avant tout pitch ciblé.,To enrich,No immediate action,
NORTHROP GRUMMAN CORPORATION,http://www.northropgrumman.com/,États-Unis,FALLS CHURCH,,Other,À vérifier,,D,New,To enrich,Qualifier l'activité avant tout pitch ciblé.,To enrich,No immediate action,
Novacium,https://www.novacium.com/,France,Solaize,,Other,À vérifier,,D,New,To enrich,Qualifier l'activité avant tout pitch ciblé.,To enrich,No immediate action,
NOVADEM,http://www.novadem.com/,France,Paris,,Other,À vérifier,,D,New,To enrich,Qualifier l'activité avant tout pitch ciblé.,To enrich,No immediate action,
NOVAE SERVICES,https://www.novae-group.com/fr,France,PARIS,,Other,À vérifier,,D,New,To enrich,Qualifier l'activité avant tout pitch ciblé.,To enrich,No immediate action,
NOVAEXTERNA 3D S.L. (NOVAINDEF),https://www.novaindef.com/,Espagne,Linares,,Radar / sensors,OEM,61.8,B,New,Electronic components,"Front-ends RF, processeurs, mécanique de précision pour fabricants radars.",Hi — I noticed NOVAEXTERNA 3D S.L.,Review website and validate opportunity,
NOVAIR,http://www.novairindustries.com/,France,ROISSY CDG CEDEX,https://www.linkedin.com/company/groupe-novair/,Ammunition,OEM,68.5,B,New,Engines / propulsion,"Matériaux énergétiques, mécanique, packaging, certification.","Hi — I noticed NOVAIR builds Vehicles, Ammunition for Ammunition.",Review website and validate opportunity,
"NovaKamp (KAPI, Novae, Kamp Alliance, eV-Teknology)",http://www.novakamp.fr/,France,DOMONT,https://fr.linkedin.com/company/novakamp,Communications,OEM,74.5,B,New,Electronic components,"RF, crypto, certification interopérabilité pour radios tactiques.","Hi — I noticed NovaKamp (KAPI, Novae, Kamp Alliance, eV-Teknology) builds Tactical radios, Vehicles (+1) for Communications.",Review website and validate opportunity,
NOVIAN PRO,http://invltechnology.lt/,Lituanie,VILNIUS,https://www.linkedin.com/company/novian-pro/posts/?feedView=all,Cybersecurity,Distributeur,77.8,A,New,Cloud / data services,"Threat intel, hardware appliances, cloud souverain, audits.","Hi — I noticed NOVIAN PRO builds Software / Platforms, Cybersecurity solutions (+1) for Cybersecurity.",Contact sales team and qualify need,
NOVINTEC,https://novintec.com/,France,SULLY SUR LOIRE,,Other,À vérifier,,D,New,To enrich,Qualifier l'activité avant tout pitch ciblé.,To enrich,No immediate action,
NP AEROSPACE,https://www.np-aerospace.co.uk/,Royaume-Uni,COVENTRY,,Other,À vérifier,,D,New,To enrich,Qualifier l'activité avant tout pitch ciblé.,To enrich,No immediate action,
NSE GROUPE,http://www.nse-groupe.com/,France,ABREST,https://www.linkedin.com/company/nse-groupe/,Radar / sensors,Sous-traitant industriel,67.7,B,New,Electronic components,"Front-ends RF, processeurs, mécanique de précision pour fabricants radars.","Hi — I noticed NSE GROUPE builds Optronics / Optics, Logistics equipment (+1) for Radar / sensors.",Review website and validate opportunity,
NUANCES TECHNOLOGIES,http://www.nuances.fr/,France,PARIS,,Counter-UAV,OEM,70.5,B,New,Energy / batteries,"Fournisseur de RF, radars, optronique et embarqués pour stacks anti-drone.","Hi — I noticed NUANCES TECHNOLOGIES builds UAV / drones, Counter-UAV systems (+3) for Counter-UAV.",Review website and validate opportunity,
NUMALIS,http://www.numalis.com/,France,MONTPELLIER,https://www.linkedin.com/company/numalis/,Radar / sensors,Distributeur,74.0,B,New,Electronic components,"Front-ends RF, processeurs, mécanique de précision pour fabricants radars.","Hi — I noticed NUMALIS builds Embedded systems, Logistics equipment (+12) for Radar / sensors.",Review website and validate opportunity,
NurjanaTech,http://www.nurjanatech.com/,Italie,ELMAS,,Other,À vérifier,,D,New,To enrich,Qualifier l'activité avant tout pitch ciblé.,To enrich,No immediate action,
NUTANIX,http://www.nutanix.com/fr,France,NEUILLY SUR SEINE,https://www.linkedin.com/showcase/nutanixfrance/,Cybersecurity,OEM,73.5,B,New,Mechanical parts,"Threat intel, hardware appliances, cloud souverain, audits.","Hi — I noticed NUTANIX builds Logistics equipment, Engines / propulsion (+2) for Cybersecurity.",Review website and validate opportunity,
NVECTECH,http://www.nvectech.com/,Pologne,WARSAW,,Soldier systems,OEM,67.5,B,New,Electronic components,"Textiles, composites, optronique, énergie pour kits soldat.","Hi — I noticed NVECTECH builds Sensors, Optronics / Optics (+4) for Soldier systems.",Review website and validate opportunity,
nVent SCHROFF,https://schroff.nvent.com/en-us/,États-Unis,WARWICK,,Other,À vérifier,,D,New,To enrich,Qualifier l'activité avant tout pitch ciblé.,To enrich,No immediate action,
NVLS,http://www.nvls.es/,Espagne,ALCOBENDAS,https://www.linkedin.com/company/nightvision-lasers-spain-sl/,Intelligence / ISR,OEM,78.0,A,New,Electronic components,"Capteurs, payloads optroniques, communications pour plateformes ISR.","Hi — I noticed NVLS builds Optronics / Optics, Soldier equipment (+2) for Intelligence / ISR.",Contact sales team and qualify need,
NYCO,http://www.nyco-group.com/,France,PARIS CEDEX 08,,Other,À vérifier,,D,New,To enrich,Qualifier l'activité avant tout pitch ciblé.,To enrich,No immediate action,
Nyfors Teknologi AB,,Suède,Stockholm,,Other,À vérifier,,D,New,To enrich,Qualifier l'activité avant tout pitch ciblé.,To enrich,No immediate action,
OA KASKAD LLC,https://cascadesystems.com/,Ukraine,UKRAINE,,Electronic warfare,Distributeur,67.0,B,New,Energy / batteries,"Amplis RF, processeurs signal, embarqué, antennes pour EW.","Hi — I noticed OA KASKAD LLC builds UAV / drones, Sensors (+4) for Electronic warfare.",Review website and validate opportunity,
OBJECTIF EMBALLAGES,https://www.objectif-emballages.fr/,France,OLIVET,,Other,À vérifier,,D,New,To enrich,Qualifier l'activité avant tout pitch ciblé.,To enrich,No immediate action,
OBSAM,http://obsam.com/,France,Dinan,https://www.linkedin.com/company/obsam/posts/?feedView=all,Space / satellite,OEM,60.9,B,New,Mechanical parts,"Composites, capteurs, comms, lancement pour primes spatiaux.","Hi — I noticed OBSAM builds Logistics equipment, Software / Platforms (+1) for Space / satellite.",Review website and validate opportunity,
Observis Oy,http://www.observis.fi/,Finlande,MIKKELI,https://www.linkedin.com/company/observis-oy,Intelligence / ISR,OEM,78.0,A,New,Engines / propulsion,"Capteurs, payloads optroniques, communications pour plateformes ISR.","Hi — I noticed Observis Oy builds Vehicles, Sensors (+8) for Intelligence / ISR.",Contact sales team and qualify need,
Octane Wireless,http://www.octanewireless.com/,États-Unis,HANOVER,,UAV / drones,OEM,77.0,A,New,Engines / propulsion,Sub-system / payload pour OEM drones tactiques.,"Hi — Octane Wireless ships Vehicles, UAV / drones (+3) to Police / law enforcement, Aerospace primes (+1).",Contact sales team and qualify need,
OCTAVA DEFENCE,https://octava.ua/en/,Ukraine,KYIV,https://www.linkedin.com/company/octava-defence/posts/?feedView=all,Intelligence / ISR,OEM,76.0,A,New,Energy / batteries,"Capteurs, payloads optroniques, communications pour plateformes ISR.","Hi — I noticed OCTAVA DEFENCE builds UAV / drones, Software / Platforms (+6) for Intelligence / ISR.",Contact sales team and qualify need,
Odasiljaci i veze d.o.o.,https://www.oiv.hr/,Croatie,Zagreb,,Space / satellite,OEM,72.5,B,New,Mechanical parts,"Composites, capteurs, comms, lancement pour primes spatiaux.",Hi — I noticed Odasiljaci i veze d.o.o.,Review website and validate opportunity,
ODJECA D.O.O.,http://www.odjeca.net/,Croatie,ZAGORSKA SELA,,Other,À vérifier,,D,New,To enrich,Qualifier l'activité avant tout pitch ciblé.,To enrich,No immediate action,
ODU FRANCE,http://www.odu-connectors.fr/,France,SERRIS,https://de.linkedin.com/company/odu-connectors,Other,À vérifier,20.1,D,New,Industrial subcontracting / machining,Qualifier l'activité avant tout pitch ciblé.,Hi — I noticed ODU FRANCE at Eurosatory.,No immediate action,
ODYSSEE SYSTEMES,http://www.odyssee-systemes.fr/,France,MOUANS-SARTOUX,https://www.linkedin.com/company/odyss-e-syst-mes/?viewAsMember=true,Other,À vérifier,,D,New,To enrich,Qualifier l'activité avant tout pitch ciblé.,To enrich,No immediate action,
OIP LAND SYSTEMS,https://www.sabiex.com/,Belgique,TOURNAI,,Other,À vérifier,,D,New,To enrich,Qualifier l'activité avant tout pitch ciblé.,To enrich,No immediate action,
OIP SENSOR SYSTEMS,https://www.oip.be/,Belgique,OUDENAARDE,,Other,À vérifier,,D,New,To enrich,Qualifier l'activité avant tout pitch ciblé.,To enrich,No immediate action,
Oledcomm,https://www.oledcomm.net/fr/,France,VELIZY,https://www.linkedin.com/company/oledcomm/mycompany/verification/,Other,À vérifier,,D,New,To enrich,Qualifier l'activité avant tout pitch ciblé.,To enrich,No immediate action,
OLVID,https://olvid.io/,France,PARIS,https://www.linkedin.com/company/olvid/,Other,À vérifier,,D,New,To enrich,Qualifier l'activité avant tout pitch ciblé.,To enrich,No immediate action,
OMNIPOL Group,http://www.omnipol.cz/,République tchèque,PRAGUE,https://www.linkedin.com/company/omnipol-a-s-/,Armored vehicles,OEM,60.3,B,New,Engines / propulsion,"Moteurs, composites, plaques balistiques, optronique, comms pour OEM blindés.",Hi — I noticed OMNIPOL Group builds Vehicles for Armored vehicles.,Review website and validate opportunity,
OMP ENGINEERING,http://www.omp-italia.com/,Italie,DUEVILLE,,Logistics / MRO,OEM,56.9,C,New,Mechanical parts,Vend des sous-systèmes / composants à un OEM construisant Logistics equipment.,Hi — OMP ENGINEERING ships Logistics equipment to Land forces.,Keep in watchlist,
Ondas,https://www.ondas.com/,États-Unis,"BOSTON, MA",https://www.linkedin.com/company/ondas-inc/posts/?feedView=all,Electronic warfare,OEM,82.0,A,New,Energy / batteries,"Amplis RF, processeurs signal, embarqué, antennes pour EW.","Hi — I noticed Ondas builds UAV / drones, Counter-UAV systems (+11) for Electronic warfare.",Contact sales team and qualify need,
Onebrief,https://onebrief.com/,États-Unis,HONOLULU,https://www.linkedin.com/company/onebrief/,C4ISR,OEM,68.4,B,New,Mechanical parts,"Vend des sous-systèmes / composants à un OEM construisant Logistics equipment, Communications networks.","Hi — Onebrief ships Logistics equipment, Communications networks (+1) to Land forces, Air forces (+3).",Review website and validate opportunity,
ONEGRIP,https://cnexaie.com/,Espagne,MATARÓ,https://www.linkedin.com/company/cnex-aie-sl,Naval defense,Distributeur,63.0,B,New,Mechanical parts,"Radars, sonars, comms, armement, sustainment pour primes navals.","Hi — I noticed ONEGRIP builds Logistics equipment, Communications networks (+1) for Naval defense.",Review website and validate opportunity,
"oneNav, Inc.",https://www.onenav.ai/,États-Unis,SUNNYVALE,https://www.linkedin.com/company/onenav-inc,Space / satellite,OEM,70.5,B,New,Engines / propulsion,"Composites, capteurs, comms, lancement pour primes spatiaux.","Hi — I noticed oneNav, Inc.",Review website and validate opportunity,
OPEN SEZAM,,France,Longjumeau,,Other,À vérifier,,D,New,To enrich,Qualifier l'activité avant tout pitch ciblé.,To enrich,No immediate action,
Openworks Engineering Ltd,https://openworksengineering.com/,Royaume-Uni,PRUDHOE,www.linkedin.com/company/openworks-engineering-ltd/about/,Intelligence / ISR,Distributeur,78.5,A,New,Energy / batteries,"Capteurs, payloads optroniques, communications pour plateformes ISR.","Hi — I noticed Openworks Engineering Ltd builds UAV / drones, Counter-UAV systems (+8) for Intelligence / ISR.",Contact sales team and qualify need,
Ophir Optronics Solutions LTD,https://www.ophiropt.com/infrared-optics,Roumanie,ILFOV,https://www.linkedin.com/company/ophiroptics,Intelligence / ISR,OEM,77.0,A,New,Engines / propulsion,"Capteurs, payloads optroniques, communications pour plateformes ISR.","Hi — I noticed Ophir Optronics Solutions LTD builds Vehicles, UAV / drones (+8) for Intelligence / ISR.",Contact sales team and qualify need,
OPTICAL SOLUTIONS SRL,https://www.opticalsolutions.it/,Italie,GENOVA (GE),,Optics / optronics,OEM,58.7,C,New,Electronic components,"Vend des sous-systèmes / composants à un OEM construisant Optronics / Optics, Software / Platforms.","Hi — OPTICAL SOLUTIONS SRL ships Optronics / Optics, Software / Platforms to defense customers.",Keep in watchlist,
OPTICOELECTRON GROUP JSCo,http://www.opticoel.com/,Bulgarie,PANAGYURISHTE,,Air defense,OEM,81.0,A,New,Engines / propulsion,"Radars, missiles, comms, électroniques pour systèmes anti-aériens.","Hi — I noticed OPTICOELECTRON GROUP JSCo builds Vehicles, UAV / drones (+7) for Air defense.",Contact sales team and qualify need,
Optii,http://www.optii.ca/,Canada,"KANATA, ONTARIO",https://www.linkedin.com/company/optii-corporation,Electronic warfare,OEM,66.0,B,New,Engines / propulsion,"Amplis RF, processeurs signal, embarqué, antennes pour EW.","Hi — I noticed Optii builds Vehicles, UAV / drones (+6) for Electronic warfare.",Review website and validate opportunity,
OPTIMA TECHNIC - Mobile Solutions,http://www.optimatechnic.com/,Turquie,ANKARA,https://www.linkedin.com/company/optimatechnic/,C4ISR,OEM,64.5,B,New,Engines / propulsion,"Vend des sous-systèmes / composants à un OEM construisant Vehicles, Logistics equipment.","Hi — OPTIMA TECHNIC - Mobile Solutions ships Vehicles, Logistics equipment (+1) to defense customers.",Review website and validate opportunity,
OPTIMAL GROUP,https://optimal.pt/,Portugal,ALCABIDECHE,https://www.linkedin.com/company/optimal-structural-solutions/,Other,À vérifier,16.6,D,New,Industrial subcontracting / machining,Qualifier l'activité avant tout pitch ciblé.,Hi — I noticed OPTIMAL GROUP at Eurosatory.,No immediate action,
Optimized Electrotech Pvt Ltd,https://www.optimizedelectrotech.com/,Inde,Ahmedabad,,Other,À vérifier,,D,New,To enrich,Qualifier l'activité avant tout pitch ciblé.,To enrich,No immediate action,
OPTIMUM VEHICLE LOGISTICS,http://www.optimumvl.com/,États-Unis,MILWAUKEE,,Other,À vérifier,,D,New,To enrich,Qualifier l'activité avant tout pitch ciblé.,To enrich,No immediate action,
Optix JSC,http://www.optixco.com/,Bulgarie,PANAGYURISHTE,,Other,À vérifier,,D,New,To enrich,Qualifier l'activité avant tout pitch ciblé.,To enrich,No immediate action,
OPUS AEROSPACE,https://www.opus-aerospace.com/,France,BRETIGNY SUR ORGE,,Other,À vérifier,,D,New,To enrich,Qualifier l'activité avant tout pitch ciblé.,To enrich,No immediate action,
ORANGE,https://www.orange-business.com/fr,France,ISSY LES MOULINEAUX,https://www.linkedin.com/company/orange/posts/?feedView=all,Intelligence / ISR,Éditeur logiciel,68.0,B,New,Energy / batteries,"Capteurs, payloads optroniques, communications pour plateformes ISR.","Hi — I noticed ORANGE builds UAV / drones, Software / Platforms (+4) for Intelligence / ISR.",Review website and validate opportunity,
ORANGE SA,https://www.orange-business.com/fr,France,Issy-les-Moulineaux,,Other,À vérifier,,D,New,To enrich,Qualifier l'activité avant tout pitch ciblé.,To enrich,No immediate action,
Oransi,https://oransi.tech/,États-Unis,Radford,,UAV / drones,Bureau d'ingénierie,66.5,B,New,Energy / batteries,"Fournisseur de batteries, moteurs, optronique, RF, composites pour fabricants UAV.","Hi — I noticed Oransi builds UAV / drones, Engines / propulsion (+3) for UAV / drones.",Review website and validate opportunity,
Orbit Communication Systems,https://www.orbit-cs.com/,Israël,NETANYA,,Space / satellite,OEM,68.0,B,New,Engines / propulsion,"Composites, capteurs, comms, lancement pour primes spatiaux.","Hi — I noticed Orbit Communication Systems builds Vehicles, UAV / drones (+9) for Space / satellite.",Review website and validate opportunity,
ORBITALA Ltd.,http://www.orbitala.eu/,Bulgarie,SOFIA,,Armored vehicles,Distributeur,70.5,B,New,Engines / propulsion,"Moteurs, composites, plaques balistiques, optronique, comms pour OEM blindés.",Hi — I noticed ORBITALA Ltd.,Review website and validate opportunity,
ORBITICA,http://www.orbitica.com/,France,LABÈGE,https://fr.linkedin.com/company/orbitica,Electronic warfare,OEM,69.5,B,New,Electronic components,"Amplis RF, processeurs signal, embarqué, antennes pour EW.","Hi — I noticed ORBITICA builds Sensors, Tactical radios (+11) for Electronic warfare.",Review website and validate opportunity,
ORIGIN,https://origin-robotics.com/,Lettonie,MARUPE,https://www.linkedin.com/company/origin-robotics,Intelligence / ISR,OEM,77.0,A,New,Energy / batteries,"Capteurs, payloads optroniques, communications pour plateformes ISR.","Hi — I noticed ORIGIN builds UAV / drones, Radars (+7) for Intelligence / ISR.",Contact sales team and qualify need,
ORQA d.o.o.,https://www.orqafpv.com/,Croatie,OSIJEK,,Other,À vérifier,,D,New,To enrich,Qualifier l'activité avant tout pitch ciblé.,To enrich,No immediate action,
ORUS,https://www.orus.space/,France,VALBONNE,https://www.linkedin.com/company/orusspace/posts/?feedView=all,Other,OEM,44.4,C,New,Mechanical parts,Vend des sous-systèmes / composants à un OEM construisant Logistics equipment.,Hi — ORUS ships Logistics equipment to Critical infrastructure.,Keep in watchlist,
OSCA SISTEMAS SLU,http://www.oscasistemas.com/,Espagne,HUESCA,,Other,OEM,45.6,C,New,Electronic components,Vend des sous-systèmes / composants à un OEM construisant Robotics / UGV.,Hi — OSCA SISTEMAS SLU ships Robotics / UGV to defense customers.,Keep in watchlist,
OSCILLOQUARTZ,https://www.oscilloquartz.com/en,États-Unis,HUNTSVILLE,,Other,À vérifier,,D,New,To enrich,Qualifier l'activité avant tout pitch ciblé.,To enrich,No immediate action,
"OSG - Oran Palmach Tzuba ACC, Ltd.",http://osg-group.com/,Israël,D.M HAREI YEHUDA,https://www.linkedin.com/company/504770/admin/dashboard/,Optics / optronics,OEM,73.5,B,New,Mechanical parts,"Verre spécial, détecteurs, mécanique de précision pour optronique.","Hi — I noticed OSG - Oran Palmach Tzuba ACC, Ltd.",Review website and validate opportunity,
Oshkosh Defense,https://www.oshkoshdefense.com/,États-Unis,Oshkosh,,Other,À vérifier,,D,New,To enrich,Qualifier l'activité avant tout pitch ciblé.,To enrich,No immediate action,
OTOKAR,http://www.otokar.com/,Turquie,ISTANBUL,,Other,OEM,35.8,D,New,Engines / propulsion,Vend des sous-systèmes / composants à un OEM construisant Vehicles.,Hi — OTOKAR ships Vehicles to defense customers.,No immediate action,
OTTO,http://www.ottoexcellence.com/,États-Unis,CARPENTERSVILLE,,Logistics / MRO,OEM,73.2,B,New,"Raw materials (steel, aluminium)","Pièces de rechange, calibration, certification pour acteurs MRO.",Hi — I noticed OTTO builds Mechanical parts for Logistics / MRO.,Review website and validate opportunity,
OUVRY,http://www.ouvry.com/,France,LYON,,Other,À vérifier,,D,New,To enrich,Qualifier l'activité avant tout pitch ciblé.,To enrich,No immediate action,
Ovzon,https://www.ovzon.com/,Suède,SOLNA,,Communications,Distributeur,79.0,A,New,Electronic components,"RF, crypto, certification interopérabilité pour radios tactiques.","Hi — I noticed Ovzon builds Tactical radios, Logistics equipment (+6) for Communications.",Contact sales team and qualify need,
OWLEY,http://owley.io/,France,SAINT-SULPICE-LA-POINTE,https://www.linkedin.com/company/owleyio/,Electronic warfare,OEM,73.0,B,New,Electronic components,"Amplis RF, processeurs signal, embarqué, antennes pour EW.","Hi — I noticed OWLEY builds Sensors, Energy / batteries (+4) for Electronic warfare.",Review website and validate opportunity,
OXLEY DEVELOPMENTS COMPANY LTD,https://www.oxleygroup.com/,Royaume-Uni,CUMBRIA,,Other,À vérifier,,D,New,To enrich,Qualifier l'activité avant tout pitch ciblé.,To enrich,No immediate action,
OXYMAX,https://www.oxymax.fr/,France,SIZUN,,Other,À vérifier,,D,New,To enrich,Qualifier l'activité avant tout pitch ciblé.,To enrich,No immediate action,
Pacific Northwest Defense Coalition,http://www.pndc.us/,États-Unis,LAKE OSWEGO,,Other,À vérifier,,D,New,To enrich,Qualifier l'activité avant tout pitch ciblé.,To enrich,No immediate action,
Pagacz Defence Group,http://www.pagacz.com.pl/,Pologne,TORUN,https://www.instagram.com/pagaczdefencegroup/,Optics / optronics,OEM,66.9,B,New,Engines / propulsion,"Verre spécial, détecteurs, mécanique de précision pour optronique.","Hi — I noticed Pagacz Defence Group builds Vehicles, Optronics / Optics for Optics / optronics.",Review website and validate opportunity,
PALFINGER EMEA GmbH,http://www.palfinger.com/,Autriche,BERGHEIM,,Other,À vérifier,,D,New,To enrich,Qualifier l'activité avant tout pitch ciblé.,To enrich,No immediate action,
PALLADIUM GROUP OF COMPANIES,https://www.palladium.gen.tr/,Turquie,ISTANBUL,,Other,À vérifier,,D,New,To enrich,Qualifier l'activité avant tout pitch ciblé.,To enrich,No immediate action,
Panaro,https://www.panarocases.com/,Italie,VIGNOLA,,UAV / drones,OEM,74.3,B,New,Energy / batteries,Sub-system / payload pour OEM drones tactiques.,Hi — Panaro ships UAV / drones to defense customers.,Review website and validate opportunity,
PANASONIC CONNECT TOUGHBOOK,https://eu.connect.panasonic.com/fr/fr/toughbook,France,GENNEVILLIERS,,Other,À vérifier,,D,New,To enrich,Qualifier l'activité avant tout pitch ciblé.,To enrich,No immediate action,
PANGOLIN DEFENSE,https://www.pangolin-defense.com/,France,VIOLOT,,Other,À vérifier,,D,New,To enrich,Qualifier l'activité avant tout pitch ciblé.,To enrich,No immediate action,
PANOPTES,http://www.panoptes-fr.com/,France,CAVAILLON,https://www.linkedin.com/company/panoptesfrance,Radar / sensors,OEM,66.3,B,New,Electronic components,"Front-ends RF, processeurs, mécanique de précision pour fabricants radars.","Hi — I noticed PANOPTES builds Sensors, Communications networks (+1) for Radar / sensors.",Review website and validate opportunity,
Pantec AG,http://pantec-biosolutions.com/en,Liechtenstein,RUGGELL,https://www.linkedin.com/company/pantec-biosolutions-ag,Optics / optronics,Bureau d'ingénierie,60.2,B,New,Electronic components,"Verre spécial, détecteurs, mécanique de précision pour optronique.","Hi — I noticed Pantec AG builds Optronics / Optics, Software / Platforms for Optics / optronics.",Review website and validate opportunity,
PAPAGEORGIOU WIRELAND GP,https://www.wireland.gr/,Grèce,THESSALONIKI,https://www.linkedin.com/company/wireland-greece/,Land defense,OEM,59.4,C,New,Electronic components,"Vend des sous-systèmes / composants à un OEM construisant Robotics / UGV, Logistics equipment.","Hi — PAPAGEORGIOU WIRELAND GP ships Robotics / UGV, Logistics equipment to Land forces, Police / law enforcement (+1).",Keep in watchlist,
Paramount group Ltd,https://www.paramountgroup.com/,Émirats arabes unis,RAK,www.linkedin.com/paramount_2,Intelligence / ISR,OEM,79.0,A,New,Engines / propulsion,"Capteurs, payloads optroniques, communications pour plateformes ISR.","Hi — I noticed Paramount group Ltd builds Vehicles, UAV / drones (+10) for Intelligence / ISR.",Contact sales team and qualify need,
PARKER HANNIFIN,https://www.parker.com/fr,France,CONTAMINE-SUR-ARVE,https://www.linkedin.com/company/parker-hannifin/mycompany/,Other,À vérifier,,D,New,To enrich,Qualifier l'activité avant tout pitch ciblé.,To enrich,No immediate action,
PARNISARI ARMS,https://www.parnisariarms.com/,Italie,LESA,,Other,À vérifier,,D,New,To enrich,Qualifier l'activité avant tout pitch ciblé.,To enrich,No immediate action,
Pass-Medientechnik GmbH,http://www.voccom.audio/,Allemagne,BORGHOLZHAUSEN,https://www.linkedin.com/company/pass-medientechnik-gmbh/,Armored vehicles,OEM,54.1,C,New,Engines / propulsion,"Vend des sous-systèmes / composants à un OEM construisant Vehicles, Software / Platforms.","Hi — Pass-Medientechnik GmbH ships Vehicles, Software / Platforms to defense customers.",Keep in watchlist,
PATRIA OYJ,http://www.patriagroup.com/,Finlande,BASWARE,https://www.linkedin.com/company/patria,UAV / drones,OEM,78.5,A,New,Engines / propulsion,"Fournisseur de batteries, moteurs, optronique, RF, composites pour fabricants UAV.","Hi — I noticed PATRIA OYJ builds Vehicles, UAV / drones (+6) for UAV / drones.",Contact sales team and qualify need,
PAUL BOYE TECHNOLOGIES,http://www.paulboye.com/,France,LABARTHE-SUR-LEZE,,Other,À vérifier,,D,New,To enrich,Qualifier l'activité avant tout pitch ciblé.,To enrich,No immediate action,
PAXIS,http://www.paxisceramics.com/,Israël,MIGDAL TEFEN,,Other,À vérifier,,D,New,To enrich,Qualifier l'activité avant tout pitch ciblé.,To enrich,No immediate action,
PCB PIEZOTRONICS,http://pcbpiezotronics.fr/,France,SAINT-AUBIN,https://www.linkedin.com/company/pcbpiezotronics-fr/about/?viewAsMember=true,Space / satellite,OEM,71.5,B,New,Electronic components,"Composites, capteurs, comms, lancement pour primes spatiaux.","Hi — I noticed PCB PIEZOTRONICS builds Sensors, Electronic components (+4) for Space / satellite.",Review website and validate opportunity,
PCB Technologies,http://www.pcb-technologies.com/,Israël,MIGDAL HAEMEK,https://www.linkedin.com/company/pcb,Electronic warfare,Distributeur,71.5,B,New,Industrial subcontracting / machining,"Amplis RF, processeurs signal, embarqué, antennes pour EW.","Hi — I noticed PCB Technologies builds Electronic components, Logistics equipment (+15) for Electronic warfare.",Review website and validate opportunity,
Pearson Engineering,http://www.pearson-eng.com/,Royaume-Uni,NEWCASTLE UPON TYNE,https://www.linkedin.com/company/pearson-engineering-ltd/,UAV / drones,OEM,66.0,B,New,Engines / propulsion,Sub-system / payload pour OEM drones tactiques.,"Hi — Pearson Engineering ships Vehicles, UAV / drones (+2) to Land forces, Defense ministries.",Review website and validate opportunity,
PEL,https://www.pel-india.in/,Inde,NOIDA,,Other,À vérifier,,D,New,To enrich,Qualifier l'activité avant tout pitch ciblé.,To enrich,No immediate action,
Peli Products,http://www.peli.com/,France,PARIS,,Other,À vérifier,,D,New,To enrich,Qualifier l'activité avant tout pitch ciblé.,To enrich,No immediate action,
PENINSULA ELECTRONICS,https://www.peninsulaelectronics.com/,Inde,BENGALURU,,Other,À vérifier,,D,New,To enrich,Qualifier l'activité avant tout pitch ciblé.,To enrich,No immediate action,
Performance Interconnect,https://www.pisas.fr/,France,LABEGE cedex,,Other,À vérifier,,D,New,To enrich,Qualifier l'activité avant tout pitch ciblé.,To enrich,No immediate action,
"Perkons Energy, SIA",https://www.perkonsenergy.com/,Lettonie,Ogres novads,,C4ISR,OEM,72.5,B,New,Energy / batteries,"Vend des sous-systèmes / composants à un OEM construisant UAV / drones, Robotics / UGV.","Hi — Perkons Energy, SIA ships UAV / drones, Robotics / UGV (+6) to Police / law enforcement, Border / customs.",Review website and validate opportunity,
"PERSEUS ELECTRONICS CO., LTD",https://www.perseusfans.com/,Chine,CHENGDU,,Other,À vérifier,4.0,D,New,To enrich,Qualifier l'activité avant tout pitch ciblé.,"Hi — I noticed PERSEUS ELECTRONICS CO., LTD at Eurosatory.",No immediate action,
"PERSISTENT SYSTEMS, LLC",https://www.persistentsystems.com/,États-Unis,NEW YORK,,Other,À vérifier,,D,New,To enrich,Qualifier l'activité avant tout pitch ciblé.,To enrich,No immediate action,
PEWAG SCHNEEKETTEN GMBH,http://www.pewag.com/,Autriche,Brückl,,Other,À vérifier,,D,New,To enrich,Qualifier l'activité avant tout pitch ciblé.,To enrich,No immediate action,
PEXIP,http://www.pexip.com/,Norvège,PARIS,https://www.linkedin.com/company/pexip/,Cybersecurity,Distributeur,76.5,A,New,Mechanical parts,"Threat intel, hardware appliances, cloud souverain, audits.","Hi — I noticed PEXIP builds Logistics equipment, Communications networks (+5) for Cybersecurity.",Contact sales team and qualify need,
PGM Précision,http://www.pgmprecision.com/,France,POISY,,Other,À vérifier,,D,New,To enrich,Qualifier l'activité avant tout pitch ciblé.,To enrich,No immediate action,
PHENIX ELECTRONIQUE,https://www.agon-electronics.com/phenix/,France,LUBERSAC,,Other,À vérifier,,D,New,To enrich,Qualifier l'activité avant tout pitch ciblé.,To enrich,No immediate action,
PHOTONFIRST TECHNOLOGIES,https://www.photonfirst.com/,Pays-Bas,ALKMAAR,https://www.linkedin.com/company/photonfirst/,Space / satellite,Sous-traitant industriel,70.0,B,New,Electronic components,"Composites, capteurs, comms, lancement pour primes spatiaux.","Hi — I noticed PHOTONFIRST TECHNOLOGIES builds Sensors, Optronics / Optics (+6) for Space / satellite.",Review website and validate opportunity,
PHOTONIC OPTISCHE GERÄTE GMBH & CO KG,http://www.photonic-defence.at/,Autriche,VIENNE,https://www.linkedin.com/company/photonic-optical-solutions,Radar / sensors,OEM,80.0,A,New,Engines / propulsion,"Front-ends RF, processeurs, mécanique de précision pour fabricants radars.","Hi — I noticed PHOTONIC OPTISCHE GERÄTE GMBH & CO KG builds Vehicles, Sensors (+4) for Radar / sensors.",Contact sales team and qualify need,
PIA - Finnish Defence and Aerospace Industries,http://www.defenceindustries.fi/,Finlande,HELSINKI,https://www.linkedin.com/company/afda-fi/,Other,À vérifier,27.6,D,New,Industrial subcontracting / machining,Qualifier l'activité avant tout pitch ciblé.,Hi — I noticed PIA - Finnish Defence and Aerospace Industries at Eurosatory.,No immediate action,
PIAKO OY,http://piako.fi/en/front-page/,Finlande,NAARAJÄRVI,https://www.linkedin.com/search/results/all/?keywords=Piako%20Oy&origin=ENTITY_SEARCH_HOME_HISTORY&heroEntityKey=urn%3Ali%3Aorganization%3A20318348&position=0,Logistics / MRO,OEM,66.0,B,New,Engines / propulsion,"Pièces de rechange, calibration, certification pour acteurs MRO.","Hi — I noticed PIAKO OY builds Vehicles, Logistics equipment (+1) for Logistics / MRO.",Review website and validate opportunity,
Picomto,https://www.picomto.com/,France,LA MADELEINE,,Other,À vérifier,,D,New,To enrich,Qualifier l'activité avant tout pitch ciblé.,To enrich,No immediate action,
PID TEST & ENGINEERING GMBH,http://www.pid.team/,Allemagne,SAND,https://www.linkedin.com/company/pid-test-engineering/,Other,OEM,40.6,C,New,Mechanical parts,"Vend des sous-systèmes / composants à un OEM construisant Logistics equipment, Software / Platforms.","Hi — PID TEST & ENGINEERING GMBH ships Logistics equipment, Software / Platforms (+3) to Defense ministries.",Keep in watchlist,
PIEDRAFITA SYSTEMS,https://www.piedrafita.com/,Espagne,PARACUELLOS DE JARAMA,,Other,À vérifier,,D,New,To enrich,Qualifier l'activité avant tout pitch ciblé.,To enrich,No immediate action,
PIEMONTE - ITALY,http://www.centroestero.org/,Italie,TORINO,https://www.linkedin.com/showcase/piemonte-agency/posts/?feedView=all,Logistics / MRO,Distributeur,75.6,A,New,Engines / propulsion,"Vend des sous-systèmes / composants à un OEM construisant Vehicles, Communications networks.","Hi — PIEMONTE - ITALY ships Vehicles, Communications networks to Aerospace primes.",Contact sales team and qualify need,
PIK-AS AUSTRIA GMBH,http://www.pikas.at/,Autriche,MARIASDORF,,Other,À vérifier,,D,New,To enrich,Qualifier l'activité avant tout pitch ciblé.,To enrich,No immediate action,
Pix Coating,https://www.pixcoating.com/en/,Belgique,Thimister-Clermont,,Other,À vérifier,,D,New,To enrich,Qualifier l'activité avant tout pitch ciblé.,To enrich,No immediate action,
PLANSEE & CERATIZIT,http://www.plansee.com/,Autriche,REUTTE,https://www.linkedin.com/company/plansee/,Space / satellite,OEM,79.0,A,New,Industrial subcontracting / machining,"Composites, capteurs, comms, lancement pour primes spatiaux.","Hi — I noticed PLANSEE & CERATIZIT builds Electronic components, Logistics equipment (+8) for Space / satellite.",Contact sales team and qualify need,
plasan,http://www.plasan.com/,Israël,HAGALIL,,Other,À vérifier,,D,New,To enrich,Qualifier l'activité avant tout pitch ciblé.,To enrich,No immediate action,
Plasmateria GmbH,,Autriche,Vienna,,Other,À vérifier,,D,New,To enrich,Qualifier l'activité avant tout pitch ciblé.,To enrich,No immediate action,
platzmann federn gmbh & co. kg,https://www.platzmann.de/,Allemagne,HAGEN,,Intelligence / ISR,OEM,69.9,B,New,Electronic components,"Capteurs, payloads optroniques, communications pour plateformes ISR.",Hi — I noticed platzmann federn gmbh & co.,Review website and validate opportunity,
"PLESIUM, S.L.",http://gmsplesium.com/,Espagne,BARBERÀ DEL VALLÈS,https://www.linkedin.com/company/gms-plesium/,Armored vehicles,OEM,66.0,B,New,Engines / propulsion,"Moteurs, composites, plaques balistiques, optronique, comms pour OEM blindés.","Hi — I noticed PLESIUM, S.L.",Review website and validate opportunity,
PLTECH,https://pirateeye.net/,France,COGOLIN,,Other,À vérifier,2.0,D,New,To enrich,Qualifier l'activité avant tout pitch ciblé.,Hi — I noticed PLTECH at Eurosatory.,No immediate action,
PMB,https://www.pmb-alcen.com/,France,Peyniers,,Other,À vérifier,,D,New,To enrich,Qualifier l'activité avant tout pitch ciblé.,To enrich,No immediate action,
PMW Dynamics,http://www.pmwdynamics.com/,Royaume-Uni,ALTON,https://www.linkedin.com/company/pmw-dynamics,Space / satellite,OEM,82.0,A,New,Engines / propulsion,"Composites, capteurs, comms, lancement pour primes spatiaux.","Hi — I noticed PMW Dynamics builds Vehicles, UAV / drones (+8) for Space / satellite.",Contact sales team and qualify need,
Poam Electronics LTD,http://www.poamelectronics.com/,Royaume-Uni,STOCKPORT,https://www.linkedin.com/company/5246289/,Electronic warfare,OEM,78.0,A,New,Electronic components,"Amplis RF, processeurs signal, embarqué, antennes pour EW.","Hi — I noticed Poam Electronics LTD builds Sensors, Software / Platforms (+10) for Electronic warfare.",Contact sales team and qualify need,
POBJEDA TECNNOLOGY GORAZDE,,Bosnia and Herzegovina,GORAZDE,,Other,À vérifier,,D,New,To enrich,Qualifier l'activité avant tout pitch ciblé.,To enrich,No immediate action,
Pointers d.o.o.,https://www.pointersguardian.com/,Croatie,Popovac,,Other,À vérifier,16.6,D,New,Industrial subcontracting / machining,Qualifier l'activité avant tout pitch ciblé.,Hi — I noticed Pointers d.o.o.,No immediate action,
Polartherm,https://polartherm.fi/military/frontpage/,Finlande,LUVIA,www.linkedin.com/company/polartherm-oy,Armored vehicles,Distributeur,80.0,A,New,Cloud / data services,"Vend des sous-systèmes / composants à un OEM construisant Software / Platforms, Logistics equipment.","Hi — Polartherm ships Software / Platforms, Logistics equipment (+2) to Land forces, Air forces (+1).",Contact sales team and qualify need,
PÔLE DES MICROTECHNIQUES,https://www.pmt-innovation.com/,France,BESANÇON,,Other,À vérifier,,D,New,To enrich,Qualifier l'activité avant tout pitch ciblé.,To enrich,No immediate action,
POLIMASTER EUROPE,https://polimaster.com/,Lituanie,VILNIUS DISTRICT,,Radar / sensors,Distributeur,76.0,A,New,Cloud / data services,"Front-ends RF, processeurs, mécanique de précision pour fabricants radars.","Hi — I noticed POLIMASTER EUROPE builds Software / Platforms, Vehicles (+2) for Radar / sensors.",Contact sales team and qualify need,
POLIS PRÉCIS SAS,http://polisprecis.com/,France,GRANDFONTAINE,,Other,À vérifier,,D,New,To enrich,Qualifier l'activité avant tout pitch ciblé.,To enrich,No immediate action,
POLISH AUTOMOTIVE GROUP (PGM),https://pgm.org.pl/,Pologne,SĘDZISZÓW MŁP.,https://www.linkedin.com/company/29331809/admin/dashboard/,Other,OEM,39.5,D,New,"Materials (Li-ion, electrolytes)","Vend des sous-systèmes / composants à un OEM construisant Energy / batteries, Engines / propulsion.","Hi — POLISH AUTOMOTIVE GROUP (PGM) ships Energy / batteries, Engines / propulsion to Defense ministries.",No immediate action,
POLISH INVESTMENT AND TRADE AGENCY,http://www.paih.gov.pl/en,Pologne,WARSZAWA,https://www.linkedin.com/company/polish-investment-and-trade-agency/mycompany/verification/,Space / satellite,Sous-traitant industriel,76.0,A,New,RF / microwave components,"Composites, capteurs, comms, lancement pour primes spatiaux.","Hi — I noticed POLISH INVESTMENT AND TRADE AGENCY builds Communications networks, Energy / batteries (+5) for Space / satellite.",Contact sales team and qualify need,
POL-PLAN,https://polplan.pl/,Pologne,ZAMYSŁOWO,https://www.linkedin.com/company/pol-plan-hale-namiotowe,Logistics / MRO,À vérifier,30.6,D,New,Industrial subcontracting / machining,Qualifier l'activité avant tout pitch ciblé.,Hi — I noticed POL-PLAN at Eurosatory.,No immediate action,
POLSKA GRUPA ZBROJENIOWA S.A.,https://grupapgz.pl/,Pologne,RADOM,,Other,À vérifier,,D,New,To enrich,Qualifier l'activité avant tout pitch ciblé.,To enrich,No immediate action,
Polyfa Consultants A/S,,Danemark,Skødstrup,,Other,À vérifier,,D,New,To enrich,Qualifier l'activité avant tout pitch ciblé.,To enrich,No immediate action,
Polytronic International AG,http://www.polytronic.ch/,Suisse,MURI,,Naval defense,Sous-traitant industriel,68.5,B,New,Software,"Radars, sonars, comms, armement, sustainment pour primes navals.","Hi — I noticed Polytronic International AG builds Simulators / Training, Naval systems (+6) for Naval defense.",Review website and validate opportunity,
POONGSAN,http://www.poongsan.co.kr/en,Corée du Sud,SEOUL,,Air defense,Distributeur,72.0,B,New,Energetic materials,"Radars, missiles, comms, électroniques pour systèmes anti-aériens.","Hi — I noticed POONGSAN builds Ammunition, Electronic components (+4) for Air defense.",Review website and validate opportunity,
POWELL ELECTRONICS EUROPE,http://www.powell.com/,Irlande,KILDARE,,Logistics / MRO,OEM,47.6,C,New,Electronic components,Vend des sous-systèmes / composants à un OEM construisant Robotics / UGV.,Hi — POWELL ELECTRONICS EUROPE ships Robotics / UGV to defense customers.,Keep in watchlist,
POWER SYSTEM TECHNOLOGY,http://www.powersystemtechnology.com/,France,BERD'HUIS,https://www.linkedin.com/company/power-system-technology,Naval defense,OEM,69.5,B,New,Cloud / data services,"Radars, sonars, comms, armement, sustainment pour primes navals.","Hi — I noticed POWER SYSTEM TECHNOLOGY builds Software / Platforms, Electronic components (+12) for Naval defense.",Review website and validate opportunity,
PRECICAST,http://www.precicast.fr/,France,THORE-LA-ROCHETTE,https://www.linkedin.com/company/9414279/admin/dashboard/,Other,À vérifier,,D,New,To enrich,Qualifier l'activité avant tout pitch ciblé.,To enrich,No immediate action,
PRECI-DIP,http://www.precidip.com/,Suisse,DELÉMONT,,Other,À vérifier,,D,New,To enrich,Qualifier l'activité avant tout pitch ciblé.,To enrich,No immediate action,
PRECISION TECHNIC DEFENCE A/S,http://www.ptdefence.com/,Danemark,SVENSTRUP J,https://www.linkedin.com/company/precision-technic-defence-a-s/?viewAsMember=true,C4ISR,OEM,75.5,A,New,Engines / propulsion,"Composants, sous-systèmes, software, services pour primes C4ISR.","Hi — I noticed PRECISION TECHNIC DEFENCE A/S builds Vehicles, Sensors (+3) for C4ISR.",Contact sales team and qualify need,
Precizika Metrology,https://www.precizika.com/,Lituanie,Vilnius,,Other,À vérifier,,D,New,To enrich,Qualifier l'activité avant tout pitch ciblé.,To enrich,No immediate action,
PRESTOLITE ELECTRIC LTD,http://www.prestolite-eu.com/,Royaume-Uni,GREENFORD,https://uk.linkedin.com/company/prestolite-electric-europe,Other,OEM,38.0,D,New,Engines / propulsion,"Vend des sous-systèmes / composants à un OEM construisant Vehicles, Engines / propulsion.","Hi — PRESTOLITE ELECTRIC LTD ships Vehicles, Engines / propulsion to defense customers.",No immediate action,
Pretis d.d.,http://www.pretis.ba/,Bosnia and Herzegovina,VOGOSCA,,Other,À vérifier,,D,New,To enrich,Qualifier l'activité avant tout pitch ciblé.,To enrich,No immediate action,
Primecom,,Lituanie,Vilnius,,Other,À vérifier,,D,New,To enrich,Qualifier l'activité avant tout pitch ciblé.,To enrich,No immediate action,
PRO PATRIA ELECTRONICS KFT.,https://www.propatria-inc.com/,Hongrie,BUDAPEST,,Other,À vérifier,,D,New,To enrich,Qualifier l'activité avant tout pitch ciblé.,To enrich,No immediate action,
PROBATEC AG,http://www.probatec.de/,Allemagne,AMBERG,,Other,À vérifier,,D,New,To enrich,Qualifier l'activité avant tout pitch ciblé.,To enrich,No immediate action,
Probotica d.o.o.,https://www.probotica.hr/,Croatie,Zagreb,,Radar / sensors,OEM,67.0,B,New,Engines / propulsion,"Front-ends RF, processeurs, mécanique de précision pour fabricants radars.",Hi — I noticed Probotica d.o.o.,Review website and validate opportunity,
PROCALY SAS,http://www.procaly.com/,France,VOURLES,,Other,À vérifier,,D,New,To enrich,Qualifier l'activité avant tout pitch ciblé.,To enrich,No immediate action,
PROCOMM-MMC,http://www.procomm-mmc.com/,France,ALFORTVILLE,,Other,À vérifier,,D,New,To enrich,Qualifier l'activité avant tout pitch ciblé.,To enrich,No immediate action,
PROENGIN,http://www.proengin.com/,France,ST CYR L ECOLE,,Other,À vérifier,,D,New,To enrich,Qualifier l'activité avant tout pitch ciblé.,To enrich,No immediate action,
Professional Aircraft Engines GmbH,https://www.pace-engines.at/,Autriche,SITZENBERG-REIDLING,,Other,À vérifier,,D,New,To enrich,Qualifier l'activité avant tout pitch ciblé.,To enrich,No immediate action,
Profile Vehicles Oy,,Finlande,Iisalmi,,Other,À vérifier,,D,New,To enrich,Qualifier l'activité avant tout pitch ciblé.,To enrich,No immediate action,
Project Q,http://www.project-q.ai/,Allemagne,BERLIN,https://www.linkedin.com/company/project-q-gmbh,C4ISR,OEM,62.9,B,New,Electronic components,"Composants, sous-systèmes, software, services pour primes C4ISR.","Hi — I noticed Project Q builds Sensors, Logistics equipment (+1) for C4ISR.",Review website and validate opportunity,
PROJECT USINAGE ET INTEGRATION,http://www.project-sas.fr/,France,VENDOME,,Other,À vérifier,,D,New,To enrich,Qualifier l'activité avant tout pitch ciblé.,To enrich,No immediate action,
PROLANN,http://www.prolann-srmp.com/,France,ROSPEZ,https://fr.linkedin.com/company/prolann-srmp,Radar / sensors,OEM,60.3,B,New,Electronic components,"Front-ends RF, processeurs, mécanique de précision pour fabricants radars.","Hi — I noticed PROLANN builds Sensors, Robotics / UGV (+1) for Radar / sensors.",Review website and validate opportunity,
PROLUTECH,http://www.prolutech.com/,France,ALBY SUR CHERAN,https://fr.linkedin.com/company/prolutech,Other,À vérifier,,D,New,To enrich,Qualifier l'activité avant tout pitch ciblé.,To enrich,No immediate action,
PROMODELS,http://www.promodels.fr/,France,PARIS 12,https://www.linkedin.com/company/promodels-maquette/?viewAsMember=true,Other,À vérifier,,D,New,To enrich,Qualifier l'activité avant tout pitch ciblé.,To enrich,No immediate action,
Pronal,https://www.pronal.com/,France,LEERS,,Other,À vérifier,,D,New,To enrich,Qualifier l'activité avant tout pitch ciblé.,To enrich,No immediate action,
PRO-SYSTEMS S.P.A.,http://www.pro-systems.it/,Italie,MOZZATE (CO),,Other,À vérifier,,D,New,To enrich,Qualifier l'activité avant tout pitch ciblé.,To enrich,No immediate action,
PROTEC GROUPE,http://www.protec-groupe.com/,France,BEZONS,https://fr.linkedin.com/company/protec-industrie,Other,À vérifier,,D,New,To enrich,Qualifier l'activité avant tout pitch ciblé.,To enrich,No immediate action,
PROTECH NEW MATERIAL,http://www.chn-protech.com/,Chine,BEIJING,,Other,À vérifier,,D,New,To enrich,Qualifier l'activité avant tout pitch ciblé.,To enrich,No immediate action,
PROTECOP,http://www.protecop.com/,France,BERNAY,https://www.linkedin.com/company/protecop,Other,À vérifier,,D,New,To enrich,Qualifier l'activité avant tout pitch ciblé.,To enrich,No immediate action,
PROTOTAL Group,http://prototal.info/,Suède,JÖNKÖPING,https://www.linkedin.com/company/prototal/,UAV / drones,OEM,76.5,A,New,Energy / batteries,"Fournisseur de batteries, moteurs, optronique, RF, composites pour fabricants UAV.","Hi — I noticed PROTOTAL Group builds UAV / drones, Communications networks (+5) for UAV / drones.",Contact sales team and qualify need,
"PROTOTYPA - ZM, S.R.O.",http://www.prototypa.cz/,République tchèque,BRNO,,Other,OEM,38.9,D,New,Cloud / data services,Vend des sous-systèmes / composants à un OEM construisant Software / Platforms.,"Hi — PROTOTYPA - ZM, S.R.O.",No immediate action,
PROXFLYER AS,https://proxflyer.com/,Norvège,HØVIK,,Other,À vérifier,4.0,D,New,To enrich,Qualifier l'activité avant tout pitch ciblé.,Hi — I noticed PROXFLYER AS at Eurosatory.,No immediate action,
PSD GROUPE CELLUTEC,https://www.groupe-cellutec.fr/,France,Libourne,,Other,À vérifier,,D,New,To enrich,Qualifier l'activité avant tout pitch ciblé.,To enrich,No immediate action,
PSM Projekt System & Management GmbH,http://www.psm-spz.de/,Allemagne,KASSEL,,C4ISR,OEM,59.5,C,New,Energetic materials,"Vend des sous-systèmes / composants à un OEM construisant Ammunition, Simulators / Training.","Hi — PSM Projekt System & Management GmbH ships Ammunition, Simulators / Training (+2) to Aerospace primes.",Keep in watchlist,
PULLMAN SEAT SYSTEMS,http://www.pullmanseats.com/,Turquie,BURSA,,Other,OEM,62.5,B,New,Electronic components,"Vend des sous-systèmes / composants à un OEM construisant Robotics / UGV, Vehicles.","Hi — PULLMAN SEAT SYSTEMS ships Robotics / UGV, Vehicles to defense customers.",Review website and validate opportunity,
PULSE MC²,http://www.pulsemc2-balistique.fr/,France,EVRY CEDEX,,Other,À vérifier,,D,New,To enrich,Qualifier l'activité avant tout pitch ciblé.,To enrich,No immediate action,
PYROMERAL SYSTEMS,http://pyromeral.com/fr/,France,BARBERY,https://www.linkedin.com/company/pyromeral-systems/posts/?feedView=all,UAV / drones,OEM,62.5,B,New,Energy / batteries,"Fournisseur de batteries, moteurs, optronique, RF, composites pour fabricants UAV.","Hi — I noticed PYROMERAL SYSTEMS builds UAV / drones, Engines / propulsion (+3) for UAV / drones.",Review website and validate opportunity,
PZL Defence,https://pzl-defence.pl/,Pologne,Sędziszów Małopolski,,Counter-UAV,OEM,61.0,B,New,Energy / batteries,"Fournisseur de RF, radars, optronique et embarqués pour stacks anti-drone.","Hi — I noticed PZL Defence builds UAV / drones, Software / Platforms (+4) for Counter-UAV.",Review website and validate opportunity,
Qt Group,https://qt.io/,Finlande,ESPOO,https://www.linkedin.com/company/qtgroup,Naval defense,OEM,73.5,B,New,Engines / propulsion,"Radars, sonars, comms, armement, sustainment pour primes navals.","Hi — I noticed Qt Group builds Vehicles, Software / Platforms (+11) for Naval defense.",Review website and validate opportunity,
Quadsat ApS,http://quadsat.com/,Danemark,Odense N,https://www.linkedin.com/company/quadsat/,Intelligence / ISR,OEM,76.0,A,New,Engines / propulsion,"Capteurs, payloads optroniques, communications pour plateformes ISR.","Hi — I noticed Quadsat ApS builds Vehicles, UAV / drones (+9) for Intelligence / ISR.",Contact sales team and qualify need,
Quanhom Technology,http://www.quanhom.com/,Chine,HANGZHOU,,Other,À vérifier,,D,New,To enrich,Qualifier l'activité avant tout pitch ciblé.,To enrich,No immediate action,
QUANTUM-SYSTEMS GMBH,https://quantum-systems.com/,Allemagne,GILCHING,https://www.linkedin.com/company/quantum-systems-gmbh/posts/?feedView=all,Intelligence / ISR,OEM,75.5,A,New,Energy / batteries,"Capteurs, payloads optroniques, communications pour plateformes ISR.","Hi — I noticed QUANTUM-SYSTEMS GMBH builds UAV / drones, Counter-UAV systems (+4) for Intelligence / ISR.",Contact sales team and qualify need,
"Quickset Defense Technologies, LLC",https://www.quickset.com/,États-Unis,Northbrook,,Space / satellite,OEM,72.5,B,New,Electronic components,"Composites, capteurs, comms, lancement pour primes spatiaux.","Hi — I noticed Quickset Defense Technologies, LLC builds Sensors, Radars (+12) for Space / satellite.",Review website and validate opportunity,
QUIRI HYDROMECANIQUE,http://www.quiri.com/,France,DUTTLENHEIM,https://www.linkedin.com/company/quiri/?viewAsMember=true,Other,À vérifier,,D,New,To enrich,Qualifier l'activité avant tout pitch ciblé.,To enrich,No immediate action,
QUITTNER & SCHIMEK S.R.O,https://www.qscomp.cz/,République tchèque,STARÁ PAKA,,Other,À vérifier,,D,New,To enrich,Qualifier l'activité avant tout pitch ciblé.,To enrich,No immediate action,
"R2M Dynamics, SIA",https://www.beyron.eu/,Lettonie,Riga,,UAV / drones,OEM,70.0,B,New,Energy / batteries,"Fournisseur de batteries, moteurs, optronique, RF, composites pour fabricants UAV.","Hi — I noticed R2M Dynamics, SIA builds UAV / drones, Optronics / Optics (+6) for UAV / drones.",Review website and validate opportunity,
RADIALL,http://www.radiall.com/,France,AUBERVILLIERS,,Other,À vérifier,,D,New,To enrich,Qualifier l'activité avant tout pitch ciblé.,To enrich,No immediate action,
Radionor Communications AS,http://www.radionor.no/,Norvège,TRONDHEIM,https://www.linkedin.com/company/1574045,Other,À vérifier,17.6,D,New,Industrial subcontracting / machining,Qualifier l'activité avant tout pitch ciblé.,Hi — I noticed Radionor Communications AS at Eurosatory.,No immediate action,
RAFAEL ADVANCED DEFENSE SYSTEMS LTD,http://www.rafael.co.il/,Israël,HAIFA,https://www.linkedin.com/company/14803350/admin/,Other,À vérifier,17.6,D,New,Industrial subcontracting / machining,Qualifier l'activité avant tout pitch ciblé.,Hi — I noticed RAFAEL ADVANCED DEFENSE SYSTEMS LTD at Eurosatory.,No immediate action,
Rafinex,https://www.rafinex.com/,Luxembourg,Senningerberg,,Other,À vérifier,,D,New,To enrich,Qualifier l'activité avant tout pitch ciblé.,To enrich,No immediate action,
RAIKKA OY,http://www.raikka.fi/,Finlande,ESPOO,,Armored vehicles,Distributeur,69.5,B,New,Mechanical parts,"Moteurs, composites, plaques balistiques, optronique, comms pour OEM blindés.","Hi — I noticed RAIKKA OY builds Logistics equipment, Mechanical parts (+4) for Armored vehicles.",Review website and validate opportunity,
Raion Robotics,https://raionrobotics.com/,Corée du Sud,유성구,,Other,OEM,51.6,C,New,Electronic components,"Vend des sous-systèmes / composants à un OEM construisant Robotics / UGV, Software / Platforms.","Hi — Raion Robotics ships Robotics / UGV, Software / Platforms (+1) to defense customers.",Keep in watchlist,
RAMPINI CARLO SPA,http://www.rampini.it/,Italie,PERUGIA,https://www.linkedin.com/company/24722204/admin/dashboard/,Engineering services,OEM,64.0,B,New,"Materials (Li-ion, electrolytes)","Vend des sous-systèmes / composants à un OEM construisant Energy / batteries, Vehicles.","Hi — RAMPINI CARLO SPA ships Energy / batteries, Vehicles (+1) to defense customers.",Review website and validate opportunity,
RAPIC S.A.S,https://www.rapic.com/,France,EYZERAC,,Other,À vérifier,,D,New,To enrich,Qualifier l'activité avant tout pitch ciblé.,To enrich,No immediate action,
"RAY SERVICE, A.S.",http://www.rayservice.com/,République tchèque,STARE MESTO,https://www.linkedin.com/in/kate%C5%99ina-r%C5%AF%C5%BEi%C4%8Dkov%C3%A1-93a034117/,Armored vehicles,Distributeur,82.0,A,New,Engines / propulsion,"Moteurs, composites, plaques balistiques, optronique, comms pour OEM blindés.","Hi — I noticed RAY SERVICE, A.S.",Contact sales team and qualify need,
RAYTECH VERTRIEBSGMBH,https://www.raytech-group.com/,Autriche,BRUNN/ GEB,,Other,À vérifier,,D,New,To enrich,Qualifier l'activité avant tout pitch ciblé.,To enrich,No immediate action,
RayXagon,http://www.rayxagon.fr/,France,MERIGNAC,https://www.linkedin.com/company/rayxagon/,UAV / drones,OEM,62.5,B,New,Mechanical parts,Sub-system / payload pour OEM drones tactiques.,"Hi — RayXagon ships Logistics equipment, UAV / drones (+3) to defense customers.",Review website and validate opportunity,
RDO SPRINGS,https://www.rdosprings.com/,France,BRESLES,,Other,À vérifier,,D,New,To enrich,Qualifier l'activité avant tout pitch ciblé.,To enrich,No immediate action,
REALISCAPE SA,https://www.realiscape.ch/,Grèce,Patra,,Land defense,OEM,69.5,B,New,Mechanical parts,"Vend des sous-systèmes / composants à un OEM construisant Weapons, Simulators / Training.","Hi — REALISCAPE SA ships Weapons, Simulators / Training (+8) to Police / law enforcement, Civil security / fire (+3).",Review website and validate opportunity,
Rebound Electronics,http://reboundeu.com/,Royaume-Uni,NEWBURY,https://www.linkedin.com/company/rebound-electronics,Logistics / MRO,Distributeur,53.2,C,New,Industrial subcontracting / machining,"Pièces de rechange, calibration, certification pour acteurs MRO.",Hi — I noticed Rebound Electronics builds Electronic components for Logistics / MRO.,Keep in watchlist,
RECAS,,Suède,Trollhättan,,Other,À vérifier,,D,New,To enrich,Qualifier l'activité avant tout pitch ciblé.,To enrich,No immediate action,
Redler Technologies,http://www.redlertechnologies.com/,Israël,KFAR SABA,https://www.linkedin.com/company/redler-technologies/,Naval defense,OEM,78.0,A,New,Engines / propulsion,"Radars, sonars, comms, armement, sustainment pour primes navals.","Hi — I noticed Redler Technologies builds Vehicles, UAV / drones (+12) for Naval defense.",Contact sales team and qualify need,
"REDO, S.R.O",http://www.redo.cz/,République tchèque,PROSTEJOV,,Other,À vérifier,,D,New,To enrich,Qualifier l'activité avant tout pitch ciblé.,To enrich,No immediate action,
REDWIRE,https://rdw.com/about/,États-Unis,BEND,,Other,À vérifier,,D,New,To enrich,Qualifier l'activité avant tout pitch ciblé.,To enrich,No immediate action,
Redwire Defense Tech,https://rdw.com/,Lettonie,RIGA,,Intelligence / ISR,Distributeur,79.0,A,New,Energy / batteries,"Capteurs, payloads optroniques, communications pour plateformes ISR.","Hi — I noticed Redwire Defense Tech builds UAV / drones, Sensors (+11) for Intelligence / ISR.",Contact sales team and qualify need,
REFLEX CES,https://www.reflexces.com/,France,EVRY CEDEX,,Other,À vérifier,,D,New,To enrich,Qualifier l'activité avant tout pitch ciblé.,To enrich,No immediate action,
REGION CENTRE-VAL DE LOIRE,http://www.devup-centrevaldeloire.fr/,France,ORLEANS,,Other,À vérifier,,D,New,To enrich,Qualifier l'activité avant tout pitch ciblé.,To enrich,No immediate action,
Région Île-de-France,http://www.iledefrance.fr/,France,SAINT-OUEN,https://www.linkedin.com/company/region-ile-de-france/posts/?feedView=all,Other,OEM,46.8,C,New,"Materials (Li-ion, electrolytes)",Activité à qualifier — discovery call avant pitch précis.,Hi — I noticed Région Île-de-France builds Energy / batteries for Other.,Keep in watchlist,
REGION NOUVELLE-AQUITAINE,https://nouvelle-aquitaine.fr/,France,BORDEAUX,,Other,À vérifier,,D,New,To enrich,Qualifier l'activité avant tout pitch ciblé.,To enrich,No immediate action,
REICH GmbH - REICH MIM GmbH,http://www.reich-gmbh.com/en/products/defence,Allemagne,MELLRICHSTADT,https://www.linkedin.com/company/reich-gmbh-mellrichstadt/?viewAsMember=true,Radar / sensors,Sous-traitant industriel,67.0,B,New,Engines / propulsion,"Front-ends RF, processeurs, mécanique de précision pour fabricants radars.","Hi — I noticed REICH GmbH - REICH MIM GmbH builds Vehicles, Radars (+4) for Radar / sensors.",Review website and validate opportunity,
REINFORCE Covers,https://www.reinforce-covers.com/,Allemagne,ÜBERLINGEN,,Radar / sensors,OEM,60.5,B,New,Electronic components,"Vend des sous-systèmes / composants à un OEM construisant Radars, Logistics equipment.","Hi — REINFORCE Covers ships Radars, Logistics equipment (+3) to defense customers.",Review website and validate opportunity,
"RELLI TECHNOLOGY, INC.",http://www.relli.com/,États-Unis,BOCA RATON,,Intelligence / ISR,OEM,79.0,A,New,Engines / propulsion,"Capteurs, payloads optroniques, communications pour plateformes ISR.","Hi — I noticed RELLI TECHNOLOGY, INC.",Contact sales team and qualify need,
RELLUMIX,http://www.rellumix.com/,France,CERGY,,Other,À vérifier,,D,New,To enrich,Qualifier l'activité avant tout pitch ciblé.,To enrich,No immediate action,
REM RESSORTS,https://www.rem-ressorts.com/,France,ANGERS CEDEX 02,https://www.linkedin.com/company/rem-ressorts-angers/?viewAsMember=true,Other,À vérifier,29.1,D,New,Industrial subcontracting / machining,Activité à qualifier — discovery call avant pitch précis.,Hi — I noticed REM RESSORTS builds — for Other.,No immediate action,
REMBE Safety+Control,https://www.rembe.de/en,Allemagne,BRILON,https://www.linkedin.com/company/rembe-gmbh-safety-control,C4ISR,OEM,76.0,A,New,Engines / propulsion,"Composants, sous-systèmes, software, services pour primes C4ISR.","Hi — I noticed REMBE Safety+Control builds Vehicles, Logistics equipment (+8) for C4ISR.",Contact sales team and qualify need,
REMORQUES LOUAULT,http://www.remorques-louault.fr/,France,SAINT FARGEAU,https://www.linkedin.com/company/remorques-louault/?viewAsMember=true,Other,OEM,34.8,D,New,Engines / propulsion,Vend des sous-systèmes / composants à un OEM construisant Vehicles.,Hi — REMORQUES LOUAULT ships Vehicles to defense customers.,No immediate action,
RENAULT TRUCKS Emergency & Defense,https://www.renault-trucks.com/fr,France,SAINT PRIEST,,Other,À vérifier,,D,New,To enrich,Qualifier l'activité avant tout pitch ciblé.,To enrich,No immediate action,
Renishaw UK Sales Ltd,,Royaume-Uni,Gloucestershire,,Other,À vérifier,,D,New,To enrich,Qualifier l'activité avant tout pitch ciblé.,To enrich,No immediate action,
RENK Group,http://www.renk.com/,Allemagne,AUGSBURG,https://de.linkedin.com/company/renkgroup,Naval defense,OEM,73.5,B,New,Engines / propulsion,"Radars, sonars, comms, armement, sustainment pour primes navals.","Hi — I noticed RENK Group builds Vehicles, Engines / propulsion (+4) for Naval defense.",Review website and validate opportunity,
REPKONMachine and Tool Industry and Trade Inc.,http://www.repkon.com.tr/,Turquie,ISTANBUL,,Other,À vérifier,,D,New,To enrich,Qualifier l'activité avant tout pitch ciblé.,To enrich,No immediate action,
REPUBLIKORP,https://www.republikorp.com/,Indonésie,"JAKARTA SELATAN,",,Intelligence / ISR,OEM,72.5,B,New,Energy / batteries,"Capteurs, payloads optroniques, communications pour plateformes ISR.","Hi — I noticed REPUBLIKORP builds UAV / drones, Sensors (+10) for Intelligence / ISR.",Review website and validate opportunity,
RESA,https://www.resa-electronique.com/,France,VILLEBON SUR YVETTE,,Other,À vérifier,,D,New,To enrich,Qualifier l'activité avant tout pitch ciblé.,To enrich,No immediate action,
RESCUE TRAILER s.r.o.,,République tchèque,ZLATA OLESNICE,,Other,À vérifier,,D,New,To enrich,Qualifier l'activité avant tout pitch ciblé.,To enrich,No immediate action,
Research Electronics International,http://www.reiusa.net/,États-Unis,Cookeville,https://www.linkedin.com/company/research-electronics-international,Other,À vérifier,19.6,D,New,Industrial subcontracting / machining,Qualifier l'activité avant tout pitch ciblé.,Hi — I noticed Research Electronics International at Eurosatory.,No immediate action,
Research Triangle Regional Partnership,https://www.researchtriangle.org/,États-Unis,Raleigh,,Other,À vérifier,15.6,D,New,Industrial subcontracting / machining,Qualifier l'activité avant tout pitch ciblé.,Hi — I noticed Research Triangle Regional Partnership at Eurosatory.,No immediate action,
Resource Industries,https://www.bing.com/ck/a?!&&p=6f4cf5460f23e9b715761cf5e8fbd33df2470f54ec6f8b04ae97dba5d6032c93JmltdHM9MTc3MzAxNDQwMA&ptn=3&ver=2&hsh=4&fclid=31375213-06bf-683e-320d-469c07ed6952&psq=resource+industries+location&u=a1aHR0cHM6Ly9yZXNvdXJjZS1pbmR1c3RyaWVzLmN,Émirats arabes unis,Abu Dhabi,,Other,À vérifier,4.0,D,New,To enrich,Qualifier l'activité avant tout pitch ciblé.,Hi — I noticed Resource Industries at Eurosatory.,No immediate action,
RESSORTS MASSELIN,http://www.masselin.com/,France,LE PETIT QUEVILLY CEDEX,,Other,À vérifier,,D,New,To enrich,Qualifier l'activité avant tout pitch ciblé.,To enrich,No immediate action,
RETIA,http://www.retia.cz/,République tchèque,PARDUBICE,https://www.linkedin.com/company/retia/,Intelligence / ISR,OEM,61.0,B,New,Cloud / data services,"Vend des sous-systèmes / composants à un OEM construisant Software / Platforms, UAV / drones.","Hi — RETIA ships Software / Platforms, UAV / drones (+3) to defense customers.",Review website and validate opportunity,
Reveal Technology,https://www.revealtech.ai/,États-Unis,Bozeman,,C4ISR,OEM,72.5,B,New,Energy / batteries,"Composants, sous-systèmes, software, services pour primes C4ISR.","Hi — I noticed Reveal Technology builds UAV / drones, Sensors (+4) for C4ISR.",Review website and validate opportunity,
REVISION MILITARY LTD,http://revisionmilitary.com/,États-Unis,ESSEX JUNCTION,https://www.revisionmilitary.com,Other,À vérifier,19.6,D,New,Industrial subcontracting / machining,Qualifier l'activité avant tout pitch ciblé.,Hi — I noticed REVISION MILITARY LTD at Eurosatory.,No immediate action,
RF COM SISTEMAS,https://www.rf.com.br/,Brésil,SÃO JOSÉ DOS CAMPOS,,Other,À vérifier,,D,New,To enrich,Qualifier l'activité avant tout pitch ciblé.,To enrich,No immediate action,
RFPM,https://www.rfpm.fr/,France,VILLERS-SUR-PORT,,Other,À vérifier,,D,New,To enrich,Qualifier l'activité avant tout pitch ciblé.,To enrich,No immediate action,
RHD The Right Spring,http://www.rhd.fr/,France,CONFLANS SAINTE HONORINE,,Other,À vérifier,,D,New,To enrich,Qualifier l'activité avant tout pitch ciblé.,To enrich,No immediate action,
Rheinmetall AG,http://www.rheinmetall.com/,Allemagne,DUESSELDORF,https://de.linkedin.com/company/rheinmetall,Electronic warfare,OEM,82.0,A,New,Engines / propulsion,"Amplis RF, processeurs signal, embarqué, antennes pour EW.","Hi — I noticed Rheinmetall AG builds Vehicles, UAV / drones (+9) for Electronic warfare.",Contact sales team and qualify need,
RICHARD PONTVERT SA,http://paraboot-pro.com/,France,SAINT JEAN DE MOIRANS,https://linkedin.com/company/paraboot-pro,Other,À vérifier,,D,New,To enrich,Qualifier l'activité avant tout pitch ciblé.,To enrich,No immediate action,
RIGANTI S.p.A.,http://www.riganti.com/,Italie,SOLBIATE ARNO,https://www.linkedin.com/company/riganti-s.p.a./,Armored vehicles,OEM,75.5,A,New,"Raw materials (steel, aluminium)","Moteurs, composites, plaques balistiques, optronique, comms pour OEM blindés.",Hi — I noticed RIGANTI S.p.A.,Contact sales team and qualify need,
RINGFEDER,http://www.ringfeder-rf.com/,Allemagne,KREFELD,,Radar / sensors,OEM,78.0,A,New,Engines / propulsion,"Front-ends RF, processeurs, mécanique de précision pour fabricants radars.","Hi — I noticed RINGFEDER builds Vehicles, Communications networks (+3) for Radar / sensors.",Contact sales team and qualify need,
Rivolier Sécurité Défense,https://www.rivolier-sd.com/,France,ST JUST ST RAMBERT CEDEX,,Other,À vérifier,,D,New,To enrich,Qualifier l'activité avant tout pitch ciblé.,To enrich,No immediate action,
RIZ PE d.o.o.,https://www.riz-pe.hr/,Croatie,Zagreb,,C4ISR,OEM,52.0,C,New,Cloud / data services,"Vend des sous-systèmes / composants à un OEM construisant Software / Platforms, Tactical radios.","Hi — RIZ PE d.o.o. ships Software / Platforms, Tactical radios (+1) to defense customers.",Keep in watchlist,
"RIZHAO FZH INTERNATIONAL TRADE CO., LTD.",http://www.lomah-target.com/,Chine,RIZHAO,,Radar / sensors,OEM,69.0,B,New,Mechanical parts,"Front-ends RF, processeurs, mécanique de précision pour fabricants radars.","Hi — I noticed RIZHAO FZH INTERNATIONAL TRADE CO., LTD.",Review website and validate opportunity,
RMA SPECIAL VEHICLES,http://rmaspecialvehicles.com/,Thaïlande,CHONBURI,https://www.linkedin.com/company/rma-special-vehicles/?viewAsMember=true,Armored vehicles,OEM,80.0,A,New,Engines / propulsion,"Moteurs, composites, plaques balistiques, optronique, comms pour OEM blindés.","Hi — I noticed RMA SPECIAL VEHICLES builds Vehicles, Software / Platforms (+5) for Armored vehicles.",Contact sales team and qualify need,
R-MECA RECTIFICATION,https://groupe-rmeca.fr/,France,JOUET SUR L'AUBOIS,,Other,À vérifier,,D,New,To enrich,Qualifier l'activité avant tout pitch ciblé.,To enrich,No immediate action,
RMG INDUSTRIE,http://www.rmg-industrie.com/,France,MARNAZ,,Other,À vérifier,,D,New,To enrich,Qualifier l'activité avant tout pitch ciblé.,To enrich,No immediate action,
Robin Radar Systems,http://www.robinradar.com/,Pays-Bas,THE HAGUE,https://www.linkedin.com/company/robin-radar-systems-b-v-/posts/?feedView=all,Naval defense,Distributeur,80.0,A,New,Energy / batteries,"Radars, sonars, comms, armement, sustainment pour primes navals.","Hi — I noticed Robin Radar Systems builds UAV / drones, Counter-UAV systems (+9) for Naval defense.",Contact sales team and qualify need,
Rochling Industrial,https://www.roechling.com/fr/industrial,France,MAXEVILLE,,Other,À vérifier,,D,New,To enrich,Qualifier l'activité avant tout pitch ciblé.,To enrich,No immediate action,
Rocket Chat,https://www.rocket.chat/,États-Unis,Wilmington,,C4ISR,Distributeur,75.5,A,New,Mechanical parts,"Vend des sous-systèmes / composants à un OEM construisant Engines / propulsion, Communications networks.","Hi — Rocket Chat ships Engines / propulsion, Communications networks (+3) to Police / law enforcement, Defense ministries (+2).",Contact sales team and qualify need,
RODRIGUEZ GMBH FRANCE,,France,ST GERMAIN EN LAYE,,Other,À vérifier,,D,New,To enrich,Qualifier l'activité avant tout pitch ciblé.,To enrich,No immediate action,
ROHDE & SCHWARZ,http://www.rohde-schwarz.com/,Allemagne,MUNICH,,Other,À vérifier,,D,New,To enrich,Qualifier l'activité avant tout pitch ciblé.,To enrich,No immediate action,
ROKETSAN,http://www.roketsan.com.tr/,Turquie,ANKARA,,Other,À vérifier,,D,New,To enrich,Qualifier l'activité avant tout pitch ciblé.,To enrich,No immediate action,
ROLLON BY TIMKEN,http://www.rollon.com/fra/fr/,France,LIMONEST,https://www.linkedin.com/company/rollonspa/posts/,Logistics / MRO,OEM,69.2,B,New,Electronic components,"Pièces de rechange, calibration, certification pour acteurs MRO.","Hi — I noticed ROLLON BY TIMKEN builds Robotics / UGV, Mechanical parts for Logistics / MRO.",Review website and validate opportunity,
Rolls-Royce,http://www.mtu-solutions.com/,Allemagne,FRIEDRICHSHAFEN,https://www.linkedin.com/company/mtusolutions/,Naval defense,OEM,79.0,A,New,Engines / propulsion,"Radars, sonars, comms, armement, sustainment pour primes navals.","Hi — I noticed Rolls-Royce builds Vehicles, Energy / batteries (+6) for Naval defense.",Contact sales team and qualify need,
Rommel GmbH,http://www.r-bss.de/,Allemagne,Düsseldorf,,Ammunition,OEM,60.5,B,New,Mechanical parts,"Vend des sous-systèmes / composants à un OEM construisant Logistics equipment, Vehicles.","Hi — Rommel GmbH ships Logistics equipment, Vehicles (+2) to defense customers.",Review website and validate opportunity,
Ronika UAB,http://www.ronika.lt/,Lituanie,KAUNAS,,UAV / drones,OEM,61.0,B,New,Energy / batteries,"Fournisseur de batteries, moteurs, optronique, RF, composites pour fabricants UAV.","Hi — I noticed Ronika UAB builds UAV / drones, Composite materials (+1) for UAV / drones.",Review website and validate opportunity,
ROSHEL DEFENCE SOLUTIONS,http://roshel.ca/,Canada,BRAMPTON,https://ca.linkedin.com/company/roshel,Armored vehicles,OEM,59.0,C,New,Engines / propulsion,"Vend des sous-systèmes / composants à un OEM construisant Vehicles, Ballistic protection.","Hi — ROSHEL DEFENCE SOLUTIONS ships Vehicles, Ballistic protection (+1) to Police / law enforcement.",Keep in watchlist,
RÖSLER FRANCE,http://www.rosler.com/,France,Sens Cedex,https://www.linkedin.com/company/rosler-france/,Space / satellite,OEM,79.5,A,New,Sensors,"Composites, capteurs, comms, lancement pour primes spatiaux.","Hi — I noticed RÖSLER FRANCE builds Naval systems, Communications networks (+9) for Space / satellite.",Contact sales team and qualify need,
"ROTAC CO., LTD.",http://slipring.uk/?redirect=no,Corée du Sud,Busan,,Other,À vérifier,,D,New,To enrich,Qualifier l'activité avant tout pitch ciblé.,To enrich,No immediate action,
ROTARY CONNECTORS PRIVATE LIMITED,http://www.rotaryconnectors.com/,Inde,BENGALURU,https://www.linkedin.com/company/rotary-connectors-p-ltd/,Radar / sensors,OEM,76.0,A,New,Electronic components,"Front-ends RF, processeurs, mécanique de précision pour fabricants radars.","Hi — I noticed ROTARY CONNECTORS PRIVATE LIMITED builds Optronics / Optics, Electronic components (+3) for Radar / sensors.",Contact sales team and qualify need,
ROXEL,http://www.roxelgroup.com/,France,LE PLESSIS ROBINSON CEDEX,https://fr.linkedin.com/company/roxelfrance,UAV / drones,Distributeur,77.5,A,New,Engines / propulsion,"Fournisseur de batteries, moteurs, optronique, RF, composites pour fabricants UAV.","Hi — I noticed ROXEL builds Vehicles, UAV / drones (+8) for UAV / drones.",Contact sales team and qualify need,
Roxtec,https://www.roxtec.com/fr/,France,PARIS,https://www.linkedin.com/company/roxtec-france-sas/,Other,À vérifier,,D,New,To enrich,Qualifier l'activité avant tout pitch ciblé.,To enrich,No immediate action,
RP OPTICAL LAB,http://www.rp-optical-lab.com/,Israël,PETACH-TIKVA,https://www.linkedin.com/company/rp-optical-lab,UAV / drones,OEM,70.5,B,New,Electronic components,"Fournisseur de batteries, moteurs, optronique, RF, composites pour fabricants UAV.","Hi — I noticed RP OPTICAL LAB builds Sensors, Optronics / Optics (+5) for UAV / drones.",Review website and validate opportunity,
RSI Europe,http://rsieu.com/,Lituanie,Vilnius,,Intelligence / ISR,OEM,76.0,A,New,Energy / batteries,"Capteurs, payloads optroniques, communications pour plateformes ISR.","Hi — I noticed RSI Europe builds UAV / drones, Sensors (+12) for Intelligence / ISR.",Contact sales team and qualify need,
RTsys Monitoring Solutions,http://rtsys.com/ms,France,LANESTER,https://www.linkedin.com/company/rtsys,Naval defense,OEM,69.5,B,New,Electronic components,"Radars, sonars, comms, armement, sustainment pour primes navals.","Hi — I noticed RTsys Monitoring Solutions builds Sensors, UAV / drones (+3) for Naval defense.",Review website and validate opportunity,
RTX,http://www.rtx.com/,États-Unis,ARLINGTON,,Intelligence / ISR,OEM,80.0,A,New,Engines / propulsion,"Capteurs, payloads optroniques, communications pour plateformes ISR.","Hi — I noticed RTX builds Vehicles, Engines / propulsion (+16) for Intelligence / ISR.",Contact sales team and qualify need,
RUAG AG,https://www.ruag.ch/,Suisse,EMMEN,,Other,À vérifier,,D,New,To enrich,Qualifier l'activité avant tout pitch ciblé.,To enrich,No immediate action,
RUBBER PROCESS,https://www.rubberprocess.com/,France,BRETEUIL SUR ITON,,Other,À vérifier,,D,New,To enrich,Qualifier l'activité avant tout pitch ciblé.,To enrich,No immediate action,
RUBENA,https://www.rubena.eu/,République tchèque,NACHOD,,Other,À vérifier,,D,New,To enrich,Qualifier l'activité avant tout pitch ciblé.,To enrich,No immediate action,
RUBIS PRECIS,http://www.rubis-precis.com/,France,CHARQUEMONT,https://www.rubis-precis.com,Other,À vérifier,,D,New,To enrich,Qualifier l'activité avant tout pitch ciblé.,To enrich,No immediate action,
RUBTEC A/S,https://www.rubtec.dk/,Danemark,HORSENS,,Other,À vérifier,,D,New,To enrich,Qualifier l'activité avant tout pitch ciblé.,To enrich,No immediate action,
RUD,http://www.rud.com/,Allemagne,AALEN,,Radar / sensors,OEM,62.5,B,New,Electronic components,"Front-ends RF, processeurs, mécanique de précision pour fabricants radars.","Hi — I noticed RUD builds Sensors, Vehicles for Radar / sensors.",Review website and validate opportunity,
RunFlat International,http://www.runflatinternational.com/,Royaume-Uni,BIRMINGHAM,,Other,À vérifier,,D,New,To enrich,Qualifier l'activité avant tout pitch ciblé.,To enrich,No immediate action,
RVactuators,http://www.rvactuators.com/,République tchèque,DOLNI BREZANY,https://www.linkedin.com/company/rvactuators/,Intelligence / ISR,OEM,77.0,A,New,Electronic components,"Capteurs, payloads optroniques, communications pour plateformes ISR.","Hi — I noticed RVactuators builds Sensors, Vehicles (+8) for Intelligence / ISR.",Contact sales team and qualify need,
"RVmagnetics, a.s.",,Slovaquie,Kosice,,Other,À vérifier,,D,New,To enrich,Qualifier l'activité avant tout pitch ciblé.,To enrich,No immediate action,
RWS,http://rws-ammunition.com/,Allemagne,FÜRTH,,Ammunition,OEM,65.9,B,New,Energetic materials,"Vend des sous-systèmes / composants à un OEM construisant Ammunition, Logistics equipment.","Hi — RWS ships Ammunition, Logistics equipment (+1) to Police / law enforcement.",Review website and validate opportunity,
RXR PROTECT,https://rxrprotect.com/militaire/,France,CAEN,https://www.linkedin.com/company/6866966/admin/feed/posts/,Other,À vérifier,,D,New,To enrich,Qualifier l'activité avant tout pitch ciblé.,To enrich,No immediate action,
"S.M.S., SPOL. S R. O.",http://www.smsdefence.sk/,Slovaquie,DUBNICA NAD VAHOM,,Other,OEM,41.4,C,New,Mechanical parts,Vend des sous-systèmes / composants à un OEM construisant Logistics equipment.,"Hi — S.M.S., SPOL. S R.",Keep in watchlist,
S.T.I.D,https://stid-security.com/fr,France,GRÉASQUE,,Other,À vérifier,,D,New,To enrich,Qualifier l'activité avant tout pitch ciblé.,To enrich,No immediate action,
S2M EQUIPMENT,https://www.s2m-equipment.fr/,France,MONTLOUIS-SUR-LOIRE,,Other,À vérifier,,D,New,To enrich,Qualifier l'activité avant tout pitch ciblé.,To enrich,No immediate action,
S2P - SMART PLASTIC PRODUCTS,http://www.s-2p.com/,France,BELLIGNAT,,Other,À vérifier,,D,New,To enrich,Qualifier l'activité avant tout pitch ciblé.,To enrich,No immediate action,
SAAB,https://www.saab.com/,Suède,LINKÖPING,,Other,À vérifier,,D,New,To enrich,Qualifier l'activité avant tout pitch ciblé.,To enrich,No immediate action,
SAAB BOFORS TEST CENTER AB,http://www.testcenter.se/,Suède,KARLSKOGA,https://www.linkedin.com/company/boforstestcenter,Air defense,OEM,66.0,B,New,Energy / batteries,"Radars, missiles, comms, électroniques pour systèmes anti-aériens.","Hi — I noticed SAAB BOFORS TEST CENTER AB builds UAV / drones, Weapons (+4) for Air defense.",Review website and validate opportunity,
SAATI,http://www.saati.com/,Italie,APPIANO GENTILE (CO),,Other,À vérifier,,D,New,To enrich,Qualifier l'activité avant tout pitch ciblé.,To enrich,No immediate action,
SABENA TECHNICS,https://www.sabenatechnics.com/,France,ORLY,,C4ISR,OEM,79.0,A,New,Mechanical parts,"Composants, sous-systèmes, software, services pour primes C4ISR.","Hi — I noticed SABENA TECHNICS builds Logistics equipment, Communications networks (+5) for C4ISR.",Contact sales team and qualify need,
SADEV Industries,http://www.sadev-industries.com/,France,SAINT-PROUANT,https://www.linkedin.com/company/sadev-industries/posts/?feedView=all,Space / satellite,Distributeur,69.0,B,New,Software,"Composites, capteurs, comms, lancement pour primes spatiaux.","Hi — I noticed SADEV Industries builds Simulators / Training, Mechanical parts (+8) for Space / satellite.",Review website and validate opportunity,
Safe-Tec A/S,https://safe-tec.dk/,Danemark,Rønnede,,Other,À vérifier,,D,New,To enrich,Qualifier l'activité avant tout pitch ciblé.,To enrich,No immediate action,
SAFRAN,https://www.safran-electronics-defense.com/,France,PARIS CEDEX 15,https://www.linkedin.com/showcase/safran---defense,Other,À vérifier,,D,New,To enrich,Qualifier l'activité avant tout pitch ciblé.,To enrich,No immediate action,
SAFRAN ELECTRONICS & DEFENSE,https://www.safran-electronics-defense.com/,France,PARIS CEDEX 15,https://www.linkedin.com/showcase/safran---defense,Other,À vérifier,,D,New,To enrich,Qualifier l'activité avant tout pitch ciblé.,To enrich,No immediate action,
SAFRAN SA,https://www.safran-group.com/,France,MALAKOFF CEDEX,,Other,À vérifier,,D,New,To enrich,Qualifier l'activité avant tout pitch ciblé.,To enrich,No immediate action,
SAFT SAS,http://www.saft.com/,France,LEVALLOIS-PERRET,https://www.linkedin.com/company/saft/about/,Other,À vérifier,,D,New,To enrich,Qualifier l'activité avant tout pitch ciblé.,To enrich,No immediate action,
SAG New Technologies GmbH,,Autriche,Lend,,Other,À vérifier,,D,New,To enrich,Qualifier l'activité avant tout pitch ciblé.,To enrich,No immediate action,
SAGAERT,https://www.sagaertplastique.com/,France,MONTREUIL-SOUS-BOIS,,Other,À vérifier,,D,New,To enrich,Qualifier l'activité avant tout pitch ciblé.,To enrich,No immediate action,
SAGLAMTEK AVIATION AND DEFENCE CO,https://www.saglamtek.com/,Turquie,ANKARA,https://www.linkedin.com/company/77083579,UAV / drones,OEM,68.5,B,New,Electronic components,"Fournisseur de batteries, moteurs, optronique, RF, composites pour fabricants UAV.","Hi — I noticed SAGLAMTEK AVIATION AND DEFENCE CO builds Sensors, Software / Platforms (+8) for UAV / drones.",Review website and validate opportunity,
SAHAR,http://sahar.fr/,France,PARIS,https://fr.linkedin.com/company/sahar-data,Cybersecurity,OEM,70.6,B,New,Cloud / data services,"Threat intel, hardware appliances, cloud souverain, audits.","Hi — I noticed SAHAR builds Software / Platforms, Communications networks for Cybersecurity.",Review website and validate opportunity,
SAIB CONNECTIQUE,http://www.saib.fr/,France,LA TALAUDIERE,https://fr.linkedin.com/company/saib-connectique,Other,À vérifier,,D,New,To enrich,Qualifier l'activité avant tout pitch ciblé.,To enrich,No immediate action,
"SailRay Optical Technology Co., Ltd",https://irmonster.com/,Chine,CHENGDU,,Radar / sensors,OEM,67.0,B,New,Engines / propulsion,"Front-ends RF, processeurs, mécanique de précision pour fabricants radars.","Hi — I noticed SailRay Optical Technology Co., Ltd builds Vehicles, Optronics / Optics (+6) for Radar / sensors.",Review website and validate opportunity,
SAINT GOBAIN CERAMICS,https://www.hexoloy.com/,États-Unis,"NIAGARA FALLS, NEW YORK",,Other,À vérifier,,D,New,To enrich,Qualifier l'activité avant tout pitch ciblé.,To enrich,No immediate action,
SAINT-GOBAIN SULLY,http://www.saint-gobain-sully.com/,France,SULLY SUR LOIRE,,Other,À vérifier,,D,New,To enrich,Qualifier l'activité avant tout pitch ciblé.,To enrich,No immediate action,
SAKO,http://www.sako.global/defence-and-law-enforcement,Finlande,RIIHIMAKI,,Optics / optronics,OEM,77.0,A,New,Electronic components,"Verre spécial, détecteurs, mécanique de précision pour optronique.","Hi — I noticed SAKO builds Optronics / Optics, Weapons (+5) for Optics / optronics.",Contact sales team and qualify need,
SALTECH AG,http://www.saltech.ch/,Suisse,DULLIKEN,,Weapons,OEM,67.9,B,New,Energetic materials,"Vend des sous-systèmes / composants à un OEM construisant Ammunition, Logistics equipment.","Hi — SALTECH AG ships Ammunition, Logistics equipment (+1) to Police / law enforcement.",Review website and validate opportunity,
Salzgitter AG Defence,http://defence.salzgitter-ag.com/de/,Allemagne,ILSENBURG,,Other,À vérifier,16.6,D,New,Industrial subcontracting / machining,Qualifier l'activité avant tout pitch ciblé.,Hi — I noticed Salzgitter AG Defence at Eurosatory.,No immediate action,
SAMEL- 90,http://www.samel90.com/,Bulgarie,SAMOKOV,,Electronic warfare,OEM,67.5,B,New,Engines / propulsion,"Amplis RF, processeurs signal, embarqué, antennes pour EW.","Hi — I noticed SAMEL- 90 builds Vehicles, UAV / drones (+8) for Electronic warfare.",Review website and validate opportunity,
SAMETO,https://www.sameto.com/,France,DINAN,,Other,À vérifier,,D,New,To enrich,Qualifier l'activité avant tout pitch ciblé.,To enrich,No immediate action,
SAMHYUN,,Corée du Sud,"Changwon-si, Gyeongsangnam-do",,Other,À vérifier,,D,New,To enrich,Qualifier l'activité avant tout pitch ciblé.,To enrich,No immediate action,
"Samyang Chemical Co., Ltd.",http://samyangchem.com/en/,Corée du Sud,Seoul,,Other,À vérifier,16.6,D,New,Industrial subcontracting / machining,Qualifier l'activité avant tout pitch ciblé.,"Hi — I noticed Samyang Chemical Co., Ltd.",No immediate action,
SANDEEP METALCRAFT PVT. LTD.,https://www.sandeepmetalcraft.com/,Inde,NAGPUR,,Other,À vérifier,,D,New,To enrich,Qualifier l'activité avant tout pitch ciblé.,To enrich,No immediate action,
SANITEC INDUSTRIE,http://www.sanitec.fr/,France,TOURS,,Engineering services,Bureau d'ingénierie,35.1,D,New,Industrial subcontracting / machining,"Outils CAD, simulation, certification pour bureau d'études.",Hi — I noticed SANITEC INDUSTRIE builds — for Engineering services.,No immediate action,
"Sanlayan Group (Sanlayan Tech, Versabyte, Dexcel)",https://www.sanlayan.com/,Inde,BENGALURU,https://www.linkedin.com/company/sanlayan/,Electronic warfare,Distributeur,76.0,A,New,Electronic components,"Amplis RF, processeurs signal, embarqué, antennes pour EW.","Hi — I noticed Sanlayan Group (Sanlayan Tech, Versabyte, Dexcel) builds Radars, Software / Platforms (+8) for Electronic warfare.",Contact sales team and qualify need,
Sanok Rubber Company S.A.,https://sanokrubber.com/,Pologne,Sanok,,Space / satellite,Distributeur,66.1,B,New,Mechanical parts,Canal de distribution / représentation pour notre portefeuille.,Hi — we're scouting an exclusive distributor for Europe (+2).,Review website and validate opportunity,
SANS Institute,http://www.sans.org/,Royaume-Uni,SWANSEA,https://www.linkedin.com/company/sans-institute,Cybersecurity,Distributeur,80.0,A,New,Cloud / data services,"Threat intel, hardware appliances, cloud souverain, audits.","Hi — I noticed SANS Institute builds Software / Platforms, AI platforms (+4) for Cybersecurity.",Contact sales team and qualify need,
SAPA,https://www.sapa.es/home,Espagne,ANDOAIN,,Other,À vérifier,,D,New,To enrich,Qualifier l'activité avant tout pitch ciblé.,To enrich,No immediate action,
SAPIEN X,http://sapienxai.com/,Maroc,CASABLANCA,,UAV / drones,Distributeur,60.0,B,New,Engines / propulsion,"Fournisseur de batteries, moteurs, optronique, RF, composites pour fabricants UAV.","Hi — I noticed SAPIEN X builds Vehicles, UAV / drones (+4) for UAV / drones.",Review website and validate opportunity,
SARCO OY,,Finlande,HELSINKI,,Other,À vérifier,,D,New,To enrich,Qualifier l'activité avant tout pitch ciblé.,To enrich,No immediate action,
SAS,http://www.abeillon.com/,France,MONTREUIL,,Other,À vérifier,,D,New,To enrich,Qualifier l'activité avant tout pitch ciblé.,To enrich,No immediate action,
SAS AIR MS,,France,VAUHALLAN,,Other,À vérifier,,D,New,To enrich,Qualifier l'activité avant tout pitch ciblé.,To enrich,No immediate action,
SAS LT LOGTRANS,,France,PORT-SAINT-LOUIS-DU-RHONE,,Other,À vérifier,,D,New,To enrich,Qualifier l'activité avant tout pitch ciblé.,To enrich,No immediate action,
Saskatchewan Ministry of Trade and Export Development,https://investsk.ca/,Canada,Regina,,Other,À vérifier,,D,New,To enrich,Qualifier l'activité avant tout pitch ciblé.,To enrich,No immediate action,
SATURNE TECHNOLOGY,http://www.saturne-technology.com/,Luxembourg,CONTERN,,Other,À vérifier,,D,New,To enrich,Qualifier l'activité avant tout pitch ciblé.,To enrich,No immediate action,
Satways LTD,https://www.satways.net/,Grèce,Irakleio Attica,,Intelligence / ISR,OEM,69.5,B,New,Cloud / data services,"Capteurs, payloads optroniques, communications pour plateformes ISR.","Hi — I noticed Satways LTD builds Software / Platforms, Communications networks (+10) for Intelligence / ISR.",Review website and validate opportunity,
Saudi Chemical Company Limited,http://www.saudichemical.com/,Arabie saoudite,Riyadh,,Dual-use technology,À vérifier,30.6,D,New,Industrial subcontracting / machining,Qualifier l'activité avant tout pitch ciblé.,Hi — I noticed Saudi Chemical Company Limited at Eurosatory.,No immediate action,
SAVO DEFENCE NETWORK,https://www.savodefence.com/,Finlande,MIKKELI,,UAV / drones,Distributeur,75.0,A,New,RF / microwave components,"Fournisseur de batteries, moteurs, optronique, RF, composites pour fabricants UAV.","Hi — I noticed SAVO DEFENCE NETWORK builds Communications networks, NRBC / CBRN (+5) for UAV / drones.",Contact sales team and qualify need,
SAVOX COMMUNICATIONS LTD.,https://savox.com/,Finlande,ESPOO,,Other,À vérifier,,D,New,To enrich,Qualifier l'activité avant tout pitch ciblé.,To enrich,No immediate action,
SAVOY TECHNOLOGY,,France,QUINCY VOISINS,,Other,À vérifier,,D,New,To enrich,Qualifier l'activité avant tout pitch ciblé.,To enrich,No immediate action,
SAVRONIK ELEKTRONIK SAN. ve TIC A.S,http://www.savronik.com.tr/,Turquie,ANKARA,,Other,À vérifier,16.6,D,New,Industrial subcontracting / machining,Qualifier l'activité avant tout pitch ciblé.,Hi — I noticed SAVRONIK ELEKTRONIK SAN.,No immediate action,
SAVUNMA SANAYİİ BAŞKANLIĞI (SSB),https://ssb.gov.tr/,Turquie,ANKARA,https://www.linkedin.com/company/savunma-sanayii-baskanligi/posts/?feedView=all,Intelligence / ISR,OEM,64.5,B,New,Electronic components,"Vend des sous-systèmes / composants à un OEM construisant Radars, Robotics / UGV.","Hi — SAVUNMA SANAYİİ BAŞKANLIĞI (SSB) ships Radars, Robotics / UGV (+11) to Defense ministries, Police / law enforcement.",Review website and validate opportunity,
SBG SYSTEMS,http://www.sbg-systems.com/,France,CARRIÈRES-SUR-SEINE,https://www.linkedin.com/company/sbgsystems,Other,À vérifier,,D,New,To enrich,Qualifier l'activité avant tout pitch ciblé.,To enrich,No immediate action,
Scaleout,http://www.scaleoutsystems.com/,Suède,Uppsala,https://www.linkedin.com/company/scaleout-systems/https://,Intelligence / ISR,Éditeur logiciel,62.5,B,New,Engines / propulsion,"Capteurs, payloads optroniques, communications pour plateformes ISR.","Hi — I noticed Scaleout builds Vehicles, UAV / drones (+10) for Intelligence / ISR.",Review website and validate opportunity,
Scandex AG,http://www.scandex.de./,Allemagne,GOSLAR,,Other,À vérifier,,D,New,To enrich,Qualifier l'activité avant tout pitch ciblé.,To enrich,No immediate action,
Scania CV AB,https://www.scania.com/,Suède,Södertälje,,Other,À vérifier,,D,New,To enrich,Qualifier l'activité avant tout pitch ciblé.,To enrich,No immediate action,
Scania CV AB,https://www.scania.com/,Suède,Södertälje,,Other,À vérifier,,D,New,To enrich,Qualifier l'activité avant tout pitch ciblé.,To enrich,No immediate action,
SCANIA FRANCE,http://www.scania.fr/,France,ANGERS,https://www.linkedin.com/company/scania-france,Other,À vérifier,26.1,D,New,Industrial subcontracting / machining,Activité à qualifier — discovery call avant pitch précis.,Hi — I noticed SCANIA FRANCE builds — for Other.,No immediate action,
SCD,http://www.scd-infrared.com/,Israël,HAIFA,https://www.linkedin.com/company/scd,Intelligence / ISR,OEM,77.5,A,New,Engines / propulsion,"Capteurs, payloads optroniques, communications pour plateformes ISR.","Hi — I noticed SCD builds Vehicles, UAV / drones (+7) for Intelligence / ISR.",Contact sales team and qualify need,
Scepter Canada Inc.,https://scepter.com/products/military-products/military-ammunition-containers/,Canada,"SCARBOROUGH, ONTARIO",,Other,À vérifier,,D,New,To enrich,Qualifier l'activité avant tout pitch ciblé.,To enrich,No immediate action,
Schaublin SA,http://www.schaublin.ch/,Suisse,Delémont,https://www.linkedin.com/company/schaublin-sa/,Engineering services,Distributeur,54.6,C,New,Industrial subcontracting / machining,"Outils CAD, simulation, certification pour bureau d'études.",Hi — I noticed Schaublin SA builds — for Engineering services.,Keep in watchlist,
Schenck RoTec GmbH,https://schenck-rotec.de/startseite.html,Allemagne,Darmstadt,,Cybersecurity,OEM,67.2,B,New,Cloud / data services,"Threat intel, hardware appliances, cloud souverain, audits.","Hi — I noticed Schenck RoTec GmbH builds Software / Platforms, Logistics equipment for Cybersecurity.",Review website and validate opportunity,
Schill Reglerteknik AB,,Suède,Kista,,Other,À vérifier,,D,New,To enrich,Qualifier l'activité avant tout pitch ciblé.,To enrich,No immediate action,
SCHLEIFRING GMBH,http://www.schleifring.de/,Allemagne,FÜRSTENFELDBRUCK,https://www.linkedin.com/company/schleifring/,Naval defense,OEM,79.0,A,New,Electronic components,"Radars, sonars, comms, armement, sustainment pour primes navals.","Hi — I noticed SCHLEIFRING GMBH builds Radars, Optronics / Optics (+6) for Naval defense.",Contact sales team and qualify need,
SCHLIGLER SAS,https://www.schligler.fr/,France,VALENTIGNEY,,Other,À vérifier,,D,New,To enrich,Qualifier l'activité avant tout pitch ciblé.,To enrich,No immediate action,
Schloetter Group,http://schloetter-group.com/,Allemagne,GEISLINGEN AN DER STEIGE,https://www.linkedin.com/company/schlötter-global/,C4ISR,OEM,78.5,A,New,Engines / propulsion,"Composants, sous-systèmes, software, services pour primes C4ISR.","Hi — I noticed Schloetter Group builds Vehicles, Electronic components (+4) for C4ISR.",Contact sales team and qualify need,
Schmidt & Bender,http://www.schmidt-bender.com/,Allemagne,BIEBERTAL/ FELLINGSHAUSSEN,,Other,OEM,40.4,C,New,Mechanical parts,Vend des sous-systèmes / composants à un OEM construisant Logistics equipment.,Hi — Schmidt & Bender ships Logistics equipment to defense customers.,Keep in watchlist,
Schmitz Cargobull,http://www.cargobull.com/,Allemagne,HORSTMAR,,Other,À vérifier,,D,New,To enrich,Qualifier l'activité avant tout pitch ciblé.,To enrich,No immediate action,
SCHOELLER-BLECKMANN PRECISION TECHNOLOGY GMBH,http://sbot.co.at/,Autriche,TERNITZ,https://www.linkedin.com/company/sbo-ag/posts/?feedView=all,Other,OEM,42.4,C,New,Mechanical parts,Vend des sous-systèmes / composants à un OEM construisant Logistics equipment.,Hi — SCHOELLER-BLECKMANN PRECISION TECHNOLOGY GMBH ships Logistics equipment to defense customers.,Keep in watchlist,
SCHRADER S.A.SS,https://www.schrader-pacific.fr/,France,Pontarlier,,Other,À vérifier,,D,New,To enrich,Qualifier l'activité avant tout pitch ciblé.,To enrich,No immediate action,
SCHROTH SAFETY PRODUCTS.,http://www.schroth.com/,États-Unis,FORT LAUDERDALE,,Radar / sensors,Distributeur,73.0,B,New,Engines / propulsion,"Front-ends RF, processeurs, mécanique de précision pour fabricants radars.",Hi — I noticed SCHROTH SAFETY PRODUCTS.,Review website and validate opportunity,
Schuberth GMBH,https://www.schuberth.com/,Allemagne,agdeburg,,Other,À vérifier,,D,New,To enrich,Qualifier l'activité avant tout pitch ciblé.,To enrich,No immediate action,
Schunk Group,http://www.schunk-group.com/en,Allemagne,HEUCHELHEIM,https://www.linkedin.com/company/schunk-group,Soldier systems,OEM,82.0,A,New,Engines / propulsion,"Textiles, composites, optronique, énergie pour kits soldat.","Hi — I noticed Schunk Group builds Vehicles, Sensors (+15) for Soldier systems.",Contact sales team and qualify need,
ScioTeq bv,https://www.scioteq.com/,Belgique,Kortrijk,,Other,À vérifier,,D,New,To enrich,Qualifier l'activité avant tout pitch ciblé.,To enrich,No immediate action,
SCOPEX,http://www.scopex.fr/,France,PLOUGOUMELEN,https://fr.linkedin.com/company/scopex-sarl,UAV / drones,OEM,80.0,A,New,Energy / batteries,"Fournisseur de batteries, moteurs, optronique, RF, composites pour fabricants UAV.","Hi — I noticed SCOPEX builds UAV / drones, Soldier equipment (+5) for UAV / drones.",Contact sales team and qualify need,
SCS,https://www.mankiewicz.com/,France,GUYANCOURT,,Other,À vérifier,,D,New,To enrich,Qualifier l'activité avant tout pitch ciblé.,To enrich,No immediate action,
Scura,https://scura.ai/,Pays-Bas,GRONINGEN,,UAV / drones,OEM,53.8,C,New,Energy / batteries,Sub-system / payload pour OEM drones tactiques.,Hi — Scura ships UAV / drones to defense customers.,Keep in watchlist,
SCYTALYS S.A.,http://www.scytalys.com/,Grèce,"Neo Psychiko, Athens",,Electronic warfare,OEM,77.0,A,New,Cloud / data services,"Amplis RF, processeurs signal, embarqué, antennes pour EW.",Hi — I noticed SCYTALYS S.A.,Contact sales team and qualify need,
SealingTech,https://www.sealingtech.com/,États-Unis,COLUMBIA,,Other,À vérifier,,D,New,To enrich,Qualifier l'activité avant tout pitch ciblé.,To enrich,No immediate action,
SEAT TEC FRANCE,http://www.seattec.com/,France,WOLFISHEIM,,Other,À vérifier,,D,New,To enrich,Qualifier l'activité avant tout pitch ciblé.,To enrich,No immediate action,
"SEC TECHNOLOGIES, S.R.O.",http://www.sec-technologies.com/,Slovaquie,"LIPTOVSKY MIKULAS,",https://www.linkedin.com/company/sec-technologies,UAV / drones,Distributeur,69.5,B,New,Mechanical parts,Sub-system / payload pour OEM drones tactiques.,"Hi — SEC TECHNOLOGIES, S.R.O.",Review website and validate opportunity,
SECAN,http://www.secan.aero/,France,GENNEVILLIERS,https://www.linkedin.com/company/secan-aero/posts/?feedView=all,Other,À vérifier,,D,New,To enrich,Qualifier l'activité avant tout pitch ciblé.,To enrich,No immediate action,
Sectra Communications,http://communications.sectra.com/,Pays-Bas,THE HAGUE,https://www.linkedin.com/company/sectra/posts/?feedView=all,Cybersecurity,Distributeur,76.0,A,New,RF / microwave components,Partenariat MDR / cloud souverain / co-bid sur tenders.,Hi — Sectra Communications's Cybersecurity stack and our [your offering] cover complementary parts of the kill / decision chain.,Contact sales team and qualify need,
secunet Security Networks AG,https://www.secunet.com/,Allemagne,ESSEN,,Cybersecurity,OEM,72.1,B,New,Cloud / data services,"Threat intel, hardware appliances, cloud souverain, audits.","Hi — I noticed secunet Security Networks AG builds Software / Platforms, Communications networks for Cybersecurity.",Review website and validate opportunity,
SECURITAS FRANCE,http://www.securitas.fr/,France,ISSY LES MOULINEAUX,https://www.linkedin.com/company/securitas-france/,Other,À vérifier,20.6,D,New,Industrial subcontracting / machining,Qualifier l'activité avant tout pitch ciblé.,Hi — I noticed SECURITAS FRANCE at Eurosatory.,No immediate action,
SEERSTEMS ROBÓTICA Y SISTEMAS,https://seerstems.net/,Espagne,"Gijón, Asturias",,Other,À vérifier,,D,New,To enrich,Qualifier l'activité avant tout pitch ciblé.,To enrich,No immediate action,
SEIBERSDORF LABOR GMBH,,Autriche,SEIBERSDORF,,Other,À vérifier,,D,New,To enrich,Qualifier l'activité avant tout pitch ciblé.,To enrich,No immediate action,
"SEKO Government,Space & Defence",https://www.sekologistics.com/us/freight-forwarding/government-space-and-defense/,Pays-Bas,Rotterdam,,Other,À vérifier,,D,New,To enrich,Qualifier l'activité avant tout pitch ciblé.,To enrich,No immediate action,
SEKPY,https://sekpy.gr/,Grèce,ATHENS,https://www.linkedin.com/company/sekpy/,UAV / drones,OEM,76.0,A,New,Mechanical parts,"Fournisseur de batteries, moteurs, optronique, RF, composites pour fabricants UAV.","Hi — I noticed SEKPY builds Logistics equipment, Vehicles (+8) for UAV / drones.",Contact sales team and qualify need,
SELECTARC,http://selectarc.com/,France,GRANDVILLARS,https://www.linkedin.com/company/10083342/admin/dashboard/,Armored vehicles,OEM,77.0,A,New,Mechanical parts,"Moteurs, composites, plaques balistiques, optronique, comms pour OEM blindés.","Hi — I noticed SELECTARC builds Logistics equipment, Vehicles (+2) for Armored vehicles.",Contact sales team and qualify need,
SELHA GROUP,http://www.selhagroup.com/,France,RENAZE,,Other,À vérifier,,D,New,To enrich,Qualifier l'activité avant tout pitch ciblé.,To enrich,No immediate action,
"SELLIER & BELLOT, JSC",http://www.sellier-bellot.cz/,République tchèque,VLASIM,,Other,À vérifier,,D,New,To enrich,Qualifier l'activité avant tout pitch ciblé.,To enrich,No immediate action,
Selva Électronique,https://www.selva.fr/fr/,France,VALLET,https://www.linkedin.com/company/selva-electronique/,Industrial subcontracting,Sous-traitant industriel,61.5,B,New,Mechanical parts,"Matières premières, outils coupants, services qualité pour sous-traitants.","Hi — I noticed Selva Électronique builds Logistics equipment, Energy / batteries (+3) for Industrial subcontracting.",Review website and validate opportunity,
SEMAWORLD,http://www.semaworld.com/,France,NANTERRE,,NRBC / CBRN,OEM,60.9,B,New,Sensors,Vend des sous-systèmes / composants à un OEM construisant NRBC / CBRN.,Hi — SEMAWORLD ships NRBC / CBRN to Police / law enforcement.,Review website and validate opportunity,
SEMIP-CODECHAMP,https://www.position-sensor.com/fr,France,CHAMPAGNAT,,Other,À vérifier,,D,New,To enrich,Qualifier l'activité avant tout pitch ciblé.,To enrich,No immediate action,
SEMPER INVICTA,https://www.semper-invicta.fr/,France,CHERBOURG,,Other,À vérifier,,D,New,To enrich,Qualifier l'activité avant tout pitch ciblé.,To enrich,No immediate action,
Senhive BV,https://senhive.com/,Belgique,Hasselt,,Electronic warfare,OEM,77.5,A,New,Energy / batteries,"Amplis RF, processeurs signal, embarqué, antennes pour EW.","Hi — I noticed Senhive BV builds UAV / drones, Sensors (+8) for Electronic warfare.",Contact sales team and qualify need,
Senop Oy,http://senop.fi/,Finlande,Lievestuore,https://fi.linkedin.com/company/senop,Other,À vérifier,19.6,D,New,Industrial subcontracting / machining,Qualifier l'activité avant tout pitch ciblé.,Hi — I noticed Senop Oy at Eurosatory.,No immediate action,
SENSOR TECH Inc.,http://www.isensor.co.kr/,Corée du Sud,DAEJEON,,Electronic warfare,OEM,63.5,B,New,Electronic components,"Amplis RF, processeurs signal, embarqué, antennes pour EW.",Hi — I noticed SENSOR TECH Inc.,Review website and validate opportunity,
SENSORMICRO,http://www.sensormicro.com/,Chine,WUHAN,https://www.linkedin.com/company/sensormicro/,Soldier systems,OEM,80.0,A,New,Electronic components,"Textiles, composites, optronique, énergie pour kits soldat.","Hi — I noticed SENSORMICRO builds Sensors, Optronics / Optics (+9) for Soldier systems.",Contact sales team and qualify need,
Senssight,https://www.senssight.com/,France,les ulis,,Other,À vérifier,,D,New,To enrich,Qualifier l'activité avant tout pitch ciblé.,To enrich,No immediate action,
SENTRY,https://www.sentryvideowalls.com/,France,Villejust,,Other,À vérifier,,D,New,To enrich,Qualifier l'activité avant tout pitch ciblé.,To enrich,No immediate action,
Sentyiv B.V.,https://www.sentyiv.com/,Pays-Bas,Utrecht,,Other,À vérifier,,D,New,To enrich,Qualifier l'activité avant tout pitch ciblé.,To enrich,No immediate action,
SEO Group,https://www.seogroup.fr/,France,Toulouse,,Other,À vérifier,,D,New,To enrich,Qualifier l'activité avant tout pitch ciblé.,To enrich,No immediate action,
SEPSON,http://www.sepson.se/,Suède,VANSBRO,,Other,À vérifier,,D,New,To enrich,Qualifier l'activité avant tout pitch ciblé.,To enrich,No immediate action,
Septentrio – part of Hexagon,http://www.septentrio.com/en,Belgique,Leuven,https://www.linkedin.com/company/septentrio/,Other,OEM,37.4,D,New,Electronic components,Activité à qualifier — discovery call avant pitch précis.,Hi — I noticed Septentrio – part of Hexagon builds Sensors for Other.,No immediate action,
SERB Pharmaceuticals,http://serb.com/,France,PARIS,https://www.linkedin.com/company/serb-pharmaceuticals/,Other,À vérifier,15.6,D,New,Industrial subcontracting / machining,Qualifier l'activité avant tout pitch ciblé.,Hi — I noticed SERB Pharmaceuticals at Eurosatory.,No immediate action,
SEREME,http://www.sereme.com/,France,BONDOUFLE,,Space / satellite,OEM,60.5,B,New,Composite materials,"Composites, capteurs, comms, lancement pour primes spatiaux.",Hi — I noticed SEREME builds Satellites / Space for Space / satellite.,Review website and validate opportunity,
SERODEM,https://www.serodem.fr/,France,SAINT-PIERRE-D ENTREMONT,,Other,À vérifier,,D,New,To enrich,Qualifier l'activité avant tout pitch ciblé.,To enrich,No immediate action,
SES Space & Defence,https://www.ses.com/,Luxembourg,BETZDORF,,Other,À vérifier,,D,New,To enrich,Qualifier l'activité avant tout pitch ciblé.,To enrich,No immediate action,
SESTAN BUSCH,http://www.sestan-busch.hr/,Croatie,PRELOG,,Other,À vérifier,16.6,D,New,Industrial subcontracting / machining,Qualifier l'activité avant tout pitch ciblé.,Hi — I noticed SESTAN BUSCH at Eurosatory.,No immediate action,
SETOLITE LICHTTECHNIK GMBH,https://www.setolite.com/,Allemagne,HÜCKESWAGEN,https://www.linkedin.com/company/setolite-lichttechnik-gmbh/mycompany/,Optics / optronics,OEM,76.0,A,New,Engines / propulsion,"Vend des sous-systèmes / composants à un OEM construisant Vehicles, Optronics / Optics.","Hi — SETOLITE LICHTTECHNIK GMBH ships Vehicles, Optronics / Optics (+2) to defense customers.",Contact sales team and qualify need,
SEYNTEX,https://www.seyntex.com/,Belgique,AALTER,,Other,À vérifier,,D,New,To enrich,Qualifier l'activité avant tout pitch ciblé.,To enrich,No immediate action,
SFC Energy AG,http://www.public-security.com/,Allemagne,BRUNNTHAL,,Other,À vérifier,,D,New,To enrich,Qualifier l'activité avant tout pitch ciblé.,To enrich,No immediate action,
SFTE SPETSTECHNOEXPORT,,Ukraine,,,Other,À vérifier,,D,New,To enrich,Qualifier l'activité avant tout pitch ciblé.,To enrich,No immediate action,
SHADOW NAUTICS d.o.o.,https://www.shadow-nautics.eu/,Croatie,Sibenik,,Weapons,Distributeur,72.5,B,New,Mechanical parts,"Usinage de précision, matériaux, optronique, composants munitions ITAR-friendly.",Hi — I noticed SHADOW NAUTICS d.o.o.,Review website and validate opportunity,
"Shanghai Brilliant Textile Co.,Ltd.",http://www.brilliant-tex.com/,Chine,SHANGHAI,https://www.linkedin.com/company/brilliant-tex,Soldier systems,Distributeur,59.8,C,New,RF / microwave components,Canal de distribution / représentation pour notre portefeuille.,Hi — we're scouting an exclusive distributor for your region.,Keep in watchlist,
"SHANGHAI CAREFUL TECHNOLOGY CO.,LTD",http://www.shanghaikaifu.com/,Chine,SHANGHAI,,Other,À vérifier,,D,New,To enrich,Qualifier l'activité avant tout pitch ciblé.,To enrich,No immediate action,
"SHANGHAI H WIN NEW MATERIAL TECHNOLOGY CO., LTD.",,Chine,SHANGHAI,,Other,À vérifier,,D,New,To enrich,Qualifier l'activité avant tout pitch ciblé.,To enrich,No immediate action,
Shark Robotics,http://www.shark-robotics.com/,France,LA ROCHELLE,https://www.linkedin.com/company/sharkrobotics,Counter-UAV,OEM,79.0,A,New,Electronic components,"Fournisseur de RF, radars, optronique et embarqués pour stacks anti-drone.","Hi — I noticed Shark Robotics builds Robotics / UGV, Logistics equipment (+3) for Counter-UAV.",Contact sales team and qualify need,
SHENZHEN POWER-TIME TECHNOLOGY CO.LTD,http://www.milpowertime.com/,Chine,SHENZHEN,https://www.linkedin.com/company/milpowertime/,Radar / sensors,OEM,73.5,B,New,Engines / propulsion,"Front-ends RF, processeurs, mécanique de précision pour fabricants radars.","Hi — I noticed SHENZHEN POWER-TIME TECHNOLOGY CO.LTD builds Vehicles, Soldier equipment (+4) for Radar / sensors.",Review website and validate opportunity,
"SHENZHEN SKYFEND TECHNOLOGY CO.,LTD.",http://www.skyfend.com/,Chine,SHENZHEN,,Electronic warfare,OEM,67.0,B,New,Energy / batteries,"Amplis RF, processeurs signal, embarqué, antennes pour EW.","Hi — I noticed SHENZHEN SKYFEND TECHNOLOGY CO.,LTD.",Review website and validate opportunity,
Shield AI,http://shield.ai/,États-Unis,SAN DIEGO,https://www.youtube.com/@Shield_AI,Other,OEM,37.4,D,New,Cloud / data services,Vend des sous-systèmes / composants à un OEM construisant Software / Platforms.,Hi — Shield AI ships Software / Platforms to defense customers.,No immediate action,
SHIELD by Alpinter,http://shieldtents.com/,Belgique,RONSE,https://www.linkedin.com/company/shieldbyalpinter,Logistics / MRO,OEM,71.0,B,New,Cloud / data services,"Pièces de rechange, calibration, certification pour acteurs MRO.","Hi — I noticed SHIELD by Alpinter builds Software / Platforms, Logistics equipment (+2) for Logistics / MRO.",Review website and validate opportunity,
SHIFTERS AI INC.,http://www.shifters-ai.com/,États-Unis,"WASHINGTON,",https://www.linkedin.com/company/shifters-ai-robotics,Other,À vérifier,20.6,D,New,Industrial subcontracting / machining,Qualifier l'activité avant tout pitch ciblé.,Hi — I noticed SHIFTERS AI INC.,No immediate action,
"Shin An Information & Communications Co., Ltd.",,Corée du Sud,"Gunpo-si, Gyeonggi-do",,Other,À vérifier,,D,New,To enrich,Qualifier l'activité avant tout pitch ciblé.,To enrich,No immediate action,
SHIPYARD OF SPECIAL FACILITIES Ltd,https://www.brodosplit.hr/,Croatie,Bobovica,,Naval defense,OEM,47.6,C,New,Mechanical parts,"Vend des sous-systèmes / composants à un OEM construisant Logistics equipment, Engines / propulsion.","Hi — SHIPYARD OF SPECIAL FACILITIES Ltd ships Logistics equipment, Engines / propulsion to defense customers.",Keep in watchlist,
ShiraTech-Knowtion,https://www.knowtion.de/,Allemagne,Karlsruhe,,Radar / sensors,OEM,70.5,B,New,Electronic components,"Front-ends RF, processeurs, mécanique de précision pour fabricants radars.","Hi — I noticed ShiraTech-Knowtion builds Sensors, Software / Platforms (+5) for Radar / sensors.",Review website and validate opportunity,
ShootDrone,http://neant.fr/,France,BORDEAUX,,UAV / drones,OEM,43.8,C,New,Energy / batteries,Sub-system / payload pour OEM drones tactiques.,Hi — ShootDrone ships UAV / drones to defense customers.,Keep in watchlist,
SIA ARITEH,,Lettonie,MARUPE,,Other,À vérifier,,D,New,To enrich,Qualifier l'activité avant tout pitch ciblé.,To enrich,No immediate action,
SIA ELECTRIFY,,Lettonie,RIGA,,Other,À vérifier,,D,New,To enrich,Qualifier l'activité avant tout pitch ciblé.,To enrich,No immediate action,
SIAMIDIS SA,https://siamidis.eu/,Grèce,INOFITA,https://www.linkedin.com/company/siamidis-sa,Ballistic protection,OEM,73.4,B,New,Composite materials,"Aramide, céramique, composites, certification balistique.","Hi — I noticed SIAMIDIS SA builds Ballistic protection, Logistics equipment (+1) for Ballistic protection.",Review website and validate opportunity,
SIBAT ISRAEL MOD,http://www.sibat.mod.gov.il/,Israël,TEL AVIV,,Other,À vérifier,,D,New,To enrich,Qualifier l'activité avant tout pitch ciblé.,To enrich,No immediate action,
SIDES,http://www.sides.fr/,France,ST NAZAIRE,,Other,À vérifier,,D,New,To enrich,Qualifier l'activité avant tout pitch ciblé.,To enrich,No immediate action,
Sieć Badawcza Łukasiewicz – Przemysłowy Instytut Motoryzacji,https://pimot.lukasiewicz.gov.pl/,Pologne,Warsaw,,C4ISR,OEM,58.3,C,New,Mechanical parts,"Vend des sous-systèmes / composants à un OEM construisant Logistics equipment, Communications networks.","Hi — Sieć Badawcza Łukasiewicz – Przemysłowy Instytut Motoryzacji ships Logistics equipment, Communications networks (+1) to Defense ministries.",Keep in watchlist,
siegmund,https://www.siegmund.com/,Allemagne,OBEROTTMARSHAUSEN,https://www.linkedin.com/company/berndsiegmundgmbh,Other,OEM,60.2,B,New,Mechanical parts,"Vend des sous-systèmes / composants à un OEM construisant Logistics equipment, Software / Platforms.","Hi — siegmund ships Logistics equipment, Software / Platforms to defense customers.",Review website and validate opportunity,
Siemens Digital Industries Software,https://www.siemens.com/en-us/,France,CHATILLON,,Other,À vérifier,,D,New,To enrich,Qualifier l'activité avant tout pitch ciblé.,To enrich,No immediate action,
SIEPEL,https://www.siepel.com/,France,La Trinité-sur,,Other,À vérifier,,D,New,To enrich,Qualifier l'activité avant tout pitch ciblé.,To enrich,No immediate action,
Sierra Olympia Technologies,https://sierraolympia.com/,États-Unis,Hood River,,UAV / drones,OEM,81.0,A,New,Electronic components,"Fournisseur de batteries, moteurs, optronique, RF, composites pour fabricants UAV.","Hi — I noticed Sierra Olympia Technologies builds Sensors, Optronics / Optics (+4) for UAV / drones.",Contact sales team and qualify need,
SIG SAUER,http://www.sigsauer.com/,États-Unis,NEWINGTON,,Other,À vérifier,,D,New,To enrich,Qualifier l'activité avant tout pitch ciblé.,To enrich,No immediate action,
Sightline Intelligence,http://sightlineintelligence.com/,États-Unis,Portland,,Intelligence / ISR,OEM,67.0,B,New,Energy / batteries,"Capteurs, payloads optroniques, communications pour plateformes ISR.","Hi — I noticed Sightline Intelligence builds UAV / drones, Counter-UAV systems (+12) for Intelligence / ISR.",Review website and validate opportunity,
SIGNALGENERIX LIMITED,https://www.signalgenerix.com/,Cyprus,LIMASSOL,,Other,À vérifier,,D,New,To enrich,Qualifier l'activité avant tout pitch ciblé.,To enrich,No immediate action,
Silicon Sensing Systems,https://www.siliconsensing.com/,Royaume-Uni,PLYMOUTH,,Other,À vérifier,15.6,D,New,Industrial subcontracting / machining,Qualifier l'activité avant tout pitch ciblé.,Hi — I noticed Silicon Sensing Systems at Eurosatory.,No immediate action,
SILL OPTICS GMBH,http://www.silloptics.de/en/,Allemagne,,https://www.linkedin.com/company/sill-optics/,Other,À vérifier,,D,New,To enrich,Qualifier l'activité avant tout pitch ciblé.,To enrich,No immediate action,
SILMOR,https://silmor.eu/en/,Lettonie,RĪGA,,Other,À vérifier,,D,New,To enrich,Qualifier l'activité avant tout pitch ciblé.,To enrich,No immediate action,
SILTEC,http://www.siltec.pl/,Pologne,PRUSZKÓW,https://linkedin.com/company/siltec-sp.-z-o.o._2,Logistics / MRO,OEM,60.1,B,New,"Materials (Li-ion, electrolytes)","Pièces de rechange, calibration, certification pour acteurs MRO.","Hi — I noticed SILTEC builds Energy / batteries, Mechanical parts (+1) for Logistics / MRO.",Review website and validate opportunity,
Silvus Technologies Inc.,https://silvustechnologies.com/,États-Unis,LOS ANGELES,https://www.linkedin.com/company/silvus-technologies-inc./posts/?feedView=all,Electronic warfare,OEM,82.0,A,New,Energy / batteries,"Amplis RF, processeurs signal, embarqué, antennes pour EW.",Hi — I noticed Silvus Technologies Inc.,Contact sales team and qualify need,
SIMA INNOVATION,http://www.simainnovation.com/,Danemark,AARSLEV,https://www.linkedin.com/company/sima-innovation/posts/?feedView=all&viewAsMember=true,Logistics / MRO,OEM,63.9,B,New,Engines / propulsion,"Vend des sous-systèmes / composants à un OEM construisant Vehicles, Logistics equipment.","Hi — SIMA INNOVATION ships Vehicles, Logistics equipment to Police / law enforcement.",Review website and validate opportunity,
SIMOL,http://www.simol.com/,Italie,CODISOTTO DI LUZZARA,https://it.linkedin.com/company/simol-spa,Soldier systems,OEM,54.4,C,New,Mechanical parts,Vend des sous-systèmes / composants à un OEM construisant Logistics equipment.,Hi — SIMOL ships Logistics equipment to defense customers.,Keep in watchlist,
SIMTECH,https://www.simtech.be/,Belgique,TOURNAI,,Other,À vérifier,,D,New,To enrich,Qualifier l'activité avant tout pitch ciblé.,To enrich,No immediate action,
Sine Engineering,http://www.sineeng.com/,Ukraine,LVIV,https://www.linkedin.com/company/sine-engineering/,Counter-UAV,OEM,77.0,A,New,Energy / batteries,Vend une brique du chain detection-effector aux primes anti-drone.,"Hi — Sine Engineering ships UAV / drones, Counter-UAV systems (+4) to defense customers.",Contact sales team and qualify need,
SİNERJİ YÜKSEK TEKNOLOJİ A.Ş.,http://www.sinerjitech.com/,Turquie,KIRIKKALE MERKEZ,https://www.linkedin.com/company/sinerjiyuksekteknoloji/,Armored vehicles,OEM,56.6,C,New,Engines / propulsion,"Vend des sous-systèmes / composants à un OEM construisant Vehicles, Weapons.",Hi — SİNERJİ YÜKSEK TEKNOLOJİ A.Ş.,Keep in watchlist,
SINTRONES Technology Corp.,http://www.sintrones.com/,Taïwan,NEW TAIPEI CITY,https://www.linkedin.com/company/sintrones-technology-corp/,Space / satellite,Distributeur,76.0,A,New,Engines / propulsion,"Composites, capteurs, comms, lancement pour primes spatiaux.",Hi — I noticed SINTRONES Technology Corp.,Contact sales team and qualify need,
SIOEN BALLISTICS,http://www.sioen.be/,Belgique,ARDOOIE,,Other,À vérifier,,D,New,To enrich,Qualifier l'activité avant tout pitch ciblé.,To enrich,No immediate action,
"SISU AXLES, INC.",https://www.sisuaxles.com/,Finlande,HÄMEENLINNA,,Other,À vérifier,,D,New,To enrich,Qualifier l'activité avant tout pitch ciblé.,To enrich,No immediate action,
SKB Cases,https://www.skbcases.com/,États-Unis,Orange,,Naval defense,OEM,77.0,A,New,Engines / propulsion,"Radars, sonars, comms, armement, sustainment pour primes navals.","Hi — I noticed SKB Cases builds Vehicles, UAV / drones (+7) for Naval defense.",Contact sales team and qualify need,
SKELETON TECHNOLOGIES,http://www.skeletontech.com/,Estonie,"LUBJA, HARJUMAA",,Other,À vérifier,,D,New,To enrich,Qualifier l'activité avant tout pitch ciblé.,To enrich,No immediate action,
SKYCOPE C-UAS TECHNOLOGIES INC.,,Canada,BURNABY,,Other,À vérifier,,D,New,To enrich,Qualifier l'activité avant tout pitch ciblé.,To enrich,No immediate action,
SKYDIO,https://www.skydio.com/,États-Unis,SAN MATEO,,Other,À vérifier,,D,New,To enrich,Qualifier l'activité avant tout pitch ciblé.,To enrich,No immediate action,
SKYETON,https://skyeton.com/,Ukraine,KYIV,https://www.linkedin.com/company/skyeton/,Intelligence / ISR,Distributeur,68.0,B,New,Energy / batteries,"Capteurs, payloads optroniques, communications pour plateformes ISR.","Hi — I noticed SKYETON builds UAV / drones, Logistics equipment (+5) for Intelligence / ISR.",Review website and validate opportunity,
SkyFall,https://www.skyfall.ua/,Ukraine,KYIV,,Other,À vérifier,4.0,D,New,To enrich,Qualifier l'activité avant tout pitch ciblé.,Hi — I noticed SkyFall at Eurosatory.,No immediate action,
Skyld,https://skyld.io/,France,RENNES,,Other,À vérifier,,D,New,To enrich,Qualifier l'activité avant tout pitch ciblé.,To enrich,No immediate action,
SkyRadar,http://www.skyradar.com/,Luxembourg,Wasserbillig,https://www.linkedin.com/company/skyradar,Electronic warfare,OEM,69.0,B,New,Electronic components,"Amplis RF, processeurs signal, embarqué, antennes pour EW.","Hi — I noticed SkyRadar builds Radars, Optronics / Optics (+8) for Electronic warfare.",Review website and validate opportunity,
SKY-WATCH,http://sky-watch.com/,Danemark,STOVRING,https://www.linkedin.com/company/sky-watch/,Intelligence / ISR,OEM,81.0,A,New,Energy / batteries,"Capteurs, payloads optroniques, communications pour plateformes ISR.","Hi — I noticed SKY-WATCH builds UAV / drones, Sensors (+4) for Intelligence / ISR.",Contact sales team and qualify need,
Sky-Watch,,Danemark,Valby,,Other,À vérifier,,D,New,To enrich,Qualifier l'activité avant tout pitch ciblé.,To enrich,No immediate action,
SLM SOLUTIONS (FRANCE),https://www.nikon-slm-solutions.com/,France,STE-FOY-LÈS-LYON,,Other,À vérifier,,D,New,To enrich,Qualifier l'activité avant tout pitch ciblé.,To enrich,No immediate action,
SMAG Mobile Antenna Masts GmbH,http://www.smag.de/,Allemagne,SALZGITTER,https://linkedin.com/company/smagmasts,Intelligence / ISR,OEM,81.0,A,New,Engines / propulsion,"Capteurs, payloads optroniques, communications pour plateformes ISR.","Hi — I noticed SMAG Mobile Antenna Masts GmbH builds Vehicles, UAV / drones (+6) for Intelligence / ISR.",Contact sales team and qualify need,
SMARTSHOOTER,http://www.smart-shooter.com/,Israël,KIBBUTZ YAGUR,https://www.linkedin.com/company/smart-shooter/?viewAsMember=true,Intelligence / ISR,OEM,82.0,A,New,Engines / propulsion,"Capteurs, payloads optroniques, communications pour plateformes ISR.","Hi — I noticed SMARTSHOOTER builds Vehicles, UAV / drones (+11) for Intelligence / ISR.",Contact sales team and qualify need,
SMPP LIMITED,http://www.smgroupindia.com/,Inde,NEW DELHI,https://www.linkedin.com/company/smppdefense/,Land defense,OEM,73.5,B,New,Engines / propulsion,"Sous-systèmes, composites, certification pour primes terrestres.","Hi — I noticed SMPP LIMITED builds Vehicles, UAV / drones (+4) for Land defense.",Review website and validate opportunity,
SMS group,https://www.sms-group.com/,Allemagne,MÖNCHENGLADBACH,https://www.linkedin.com/company/sms_group/posts/?feedView=all,Logistics / MRO,Bureau d'ingénierie,68.6,B,New,Cloud / data services,"Pièces de rechange, calibration, certification pour acteurs MRO.","Hi — I noticed SMS group builds Software / Platforms, Energy / batteries (+3) for Logistics / MRO.",Review website and validate opportunity,
Smytec,https://www.smytec-ltd.com/,Royaume-Uni,LUBENHAM,www.linkedin.com/company/smytec-ltd,Intelligence / ISR,OEM,74.0,B,New,Mechanical parts,"Capteurs, payloads optroniques, communications pour plateformes ISR.","Hi — I noticed Smytec builds Logistics equipment, Software / Platforms (+5) for Intelligence / ISR.",Review website and validate opportunity,
SNDMECA INDUSTRIE,http://sndmeca.fr/,France,Soignolles en Brie,,Other,À vérifier,,D,New,To enrich,Qualifier l'activité avant tout pitch ciblé.,To enrich,No immediate action,
SNECI,https://www.sneci.com/,France,LEVALLOIS PERRET,,Other,À vérifier,,D,New,To enrich,Qualifier l'activité avant tout pitch ciblé.,To enrich,No immediate action,
Snigel,,Suède,Farsta,,Other,À vérifier,,D,New,To enrich,Qualifier l'activité avant tout pitch ciblé.,To enrich,No immediate action,
SNOWPACK,https://snowpack.eu/fr/,France,ORSAY,https://www.linkedin.com/company/snowpack/,Electronic warfare,Distributeur,77.5,A,New,Cloud / data services,"Amplis RF, processeurs signal, embarqué, antennes pour EW.","Hi — I noticed SNOWPACK builds Cybersecurity solutions, Logistics equipment (+8) for Electronic warfare.",Contact sales team and qualify need,
SOAIRTECH,https://www.soairtech.fr/,France,CHATEAUROUX,,Other,À vérifier,,D,New,To enrich,Qualifier l'activité avant tout pitch ciblé.,To enrich,No immediate action,
Sobelcomp,https://www.sobelcomp.be/,Belgique,Loncin,,Other,À vérifier,,D,New,To enrich,Qualifier l'activité avant tout pitch ciblé.,To enrich,No immediate action,
"SOCAH HYDRAULIQUE, EDH, IDSYSTEM, LUCE HYDRO",https://www.socah-hydraulique.fr/,France,CHATEAUBOURG,https://www.linkedin.com/company/groupe-socah-hydraulique/,Logistics / MRO,OEM,49.6,C,New,Industrial subcontracting / machining,"Pièces de rechange, calibration, certification pour acteurs MRO.","Hi — I noticed SOCAH HYDRAULIQUE, EDH, IDSYSTEM, LUCE HYDRO builds — for Logistics / MRO.",Keep in watchlist,
SOC-E,http://www.soc-e.com/,Espagne,Bilbao,https://www.linkedin.com/company/soc-e,Cybersecurity,OEM,71.0,B,New,Electronic components,"Threat intel, hardware appliances, cloud souverain, audits.","Hi — I noticed SOC-E builds Sensors, Electronic components (+4) for Cybersecurity.",Review website and validate opportunity,
SOCIETA' CONSORTILE A R.L.,http://www.iveco-otomelara.com/,Italie,ROMA,,C4ISR,OEM,74.0,B,New,Engines / propulsion,"Composants, sous-systèmes, software, services pour primes C4ISR.",Hi — I noticed SOCIETA' CONSORTILE A R.L.,Review website and validate opportunity,
SOCIÉTÉ D'ETUDES ET DE RÉALISATIONS THERMIQUES,http://www.sert.fr/,France,ROMANS-SUR-ISERE CEDEX,,Other,À vérifier,,D,New,To enrich,Qualifier l'activité avant tout pitch ciblé.,To enrich,No immediate action,
Société Générale,https://particuliers.sg.fr/,France,Paris,,Other,À vérifier,,D,New,To enrich,Qualifier l'activité avant tout pitch ciblé.,To enrich,No immediate action,
SOCITEC,https://www.socitec.com/,France,SARTROUVILLE,,Other,À vérifier,,D,New,To enrich,Qualifier l'activité avant tout pitch ciblé.,To enrich,No immediate action,
SOFEMA,http://www.sofema-international.com/,France,LEVALLOIS PERRET,,Logistics / MRO,OEM,60.8,B,New,Engines / propulsion,Vend des sous-systèmes / composants à un OEM construisant Vehicles.,Hi — SOFEMA ships Vehicles to defense customers.,Review website and validate opportunity,
SOFF Service AB,http://www.soff.se/,Suède,STOCKHOLM,,Other,À vérifier,,D,New,To enrich,Qualifier l'activité avant tout pitch ciblé.,To enrich,No immediate action,
SOFFICO GMBH,http://www.soffico.de/,Allemagne,AUGSBURG,,Radar / sensors,OEM,73.6,B,New,Cloud / data services,"Front-ends RF, processeurs, mécanique de précision pour fabricants radars.","Hi — I noticed SOFFICO GMBH builds Software / Platforms, Ammunition (+2) for Radar / sensors.",Review website and validate opportunity,
SOFRAME,http://www.soframe.com/,France,HANGENBIETEN,,Other,À vérifier,,D,New,To enrich,Qualifier l'activité avant tout pitch ciblé.,To enrich,No immediate action,
SOFTCRYPTUM,http://softcryptum.com/,France,PARIS,https://www.linkedin.com/company/26792271/,Electronic warfare,OEM,61.3,B,New,Electronic components,"Amplis RF, processeurs signal, embarqué, antennes pour EW.","Hi — I noticed SOFTCRYPTUM builds Sensors, Software / Platforms (+1) for Electronic warfare.",Review website and validate opportunity,
SOGECLAIR,http://sogeclair.com/,France,BLAGNAC,https://www.linkedin.com/company/groupesogeclair/?originalSubdomain=fr,Space / satellite,OEM,77.5,A,New,Engines / propulsion,"Composites, capteurs, comms, lancement pour primes spatiaux.","Hi — I noticed SOGECLAIR builds Vehicles, Software / Platforms (+8) for Space / satellite.",Contact sales team and qualify need,
SOGITEC,https://www.sogitec.com/,France,SURESNES CEDEX,,Other,À vérifier,,D,New,To enrich,Qualifier l'activité avant tout pitch ciblé.,To enrich,No immediate action,
Solarcore,https://solarcore.tech/,États-Unis,Portland,,Soldier systems,OEM,56.8,C,New,Mechanical parts,"Vend des sous-systèmes / composants à un OEM construisant Logistics equipment, Soldier equipment.","Hi — Solarcore ships Logistics equipment, Soldier equipment to Aerospace primes.",Keep in watchlist,
SOLARMTEX,http://www.solarmtex.com/,France,VIERZON,,Other,À vérifier,,D,New,To enrich,Qualifier l'activité avant tout pitch ciblé.,To enrich,No immediate action,
SOLCERA,http://www.solcera.com/,France,EVREUX,https://www.linkedin.com/company/solcera/,Radar / sensors,OEM,69.5,B,New,Electronic components,"Front-ends RF, processeurs, mécanique de précision pour fabricants radars.","Hi — I noticed SOLCERA builds Sensors, Mechanical parts (+3) for Radar / sensors.",Review website and validate opportunity,
Solstice,https://www.solstice.com/us/en,États-Unis,"MORRIS PLAINS, NJ",https://www.linkedin.com/company/solstice-advanced-materials/posts/?feedView=all,Other,À vérifier,16.6,D,New,Industrial subcontracting / machining,Qualifier l'activité avant tout pitch ciblé.,Hi — I noticed Solstice at Eurosatory.,No immediate action,
SOLUTECH INDUSTRIES,https://www.solutech-industries.fr/,France,Roquemaure,,Other,À vérifier,,D,New,To enrich,Qualifier l'activité avant tout pitch ciblé.,To enrich,No immediate action,
SOMEPIC,https://somepic-technologie.com/,France,BOUZINCOURT,,Other,À vérifier,,D,New,To enrich,Qualifier l'activité avant tout pitch ciblé.,To enrich,No immediate action,
SOPEMEA,http://sopemea.apave.com/,France,VELIZY VILLACOUBLAY CEDEX,https://www.linkedin.com/company/apave/,Simulation / training,Distributeur,72.5,B,New,RF / microwave components,"Visuel, motion, haptique, IA pour fabricants de simulateurs.","Hi — I noticed SOPEMEA builds Communications networks, Simulators / Training (+2) for Simulation / training.",Review website and validate opportunity,
SOPRA STERIA,http://www.soprasteria.com/,France,PARIS,https://www.linkedin.com/company/soprasteria/,Electronic warfare,Distributeur,75.5,A,New,Cloud / data services,"Amplis RF, processeurs signal, embarqué, antennes pour EW.","Hi — I noticed SOPRA STERIA builds Software / Platforms, Logistics equipment (+7) for Electronic warfare.",Contact sales team and qualify need,
SOPRIMA INDUSTRIE,http://www.soprima.com/,France,SAINT OUEN L'AUMONE,https://fr.linkedin.com/company/soprima-industrie,Radar / sensors,OEM,57.3,C,New,Electronic components,"Front-ends RF, processeurs, mécanique de précision pour fabricants radars.","Hi — I noticed SOPRIMA INDUSTRIE builds Sensors, Logistics equipment (+1) for Radar / sensors.",Keep in watchlist,
Sored S.A.,https://sored-sa.com/,Suisse,La Chaux-de-Fonds,,Other,À vérifier,,D,New,To enrich,Qualifier l'activité avant tout pitch ciblé.,To enrich,No immediate action,
Sotrad Water,https://www.sotradwater.be/,Belgique,Nivelles,,Other,OEM,32.4,D,New,Mechanical parts,Vend des sous-systèmes / composants à un OEM construisant Logistics equipment.,Hi — Sotrad Water ships Logistics equipment to defense customers.,No immediate action,
SOUCY INTERNATIONAL INC. - DEFENSE DIVISION,http://www.soucy-defense.com/,Canada,DRUMMONDVILLE QC,https://www.linkedin.com/company/soucy-defense,Radar / sensors,OEM,75.0,A,New,Engines / propulsion,"Front-ends RF, processeurs, mécanique de précision pour fabricants radars.",Hi — I noticed SOUCY INTERNATIONAL INC.,Contact sales team and qualify need,
Source Tactical Gear,https://www.sourcetacticalgear.net/,Israël,TIRAT A CARMEL,,Soldier systems,OEM,69.0,B,New,Composite materials,"Vend des sous-systèmes / composants à un OEM construisant Soldier equipment, Ballistic protection.","Hi — Source Tactical Gear ships Soldier equipment, Ballistic protection (+4) to Land forces, Police / law enforcement.",Review website and validate opportunity,
SP DEFENSE,https://www.honeywellsafety.com/,France,ROISSY CH DE GAULLE CEDEX,,Other,À vérifier,,D,New,To enrich,Qualifier l'activité avant tout pitch ciblé.,To enrich,No immediate action,
Space Inventor,,Danemark,Aalborg,,Other,À vérifier,,D,New,To enrich,Qualifier l'activité avant tout pitch ciblé.,To enrich,No immediate action,
SPACEBEL,https://www.spacebel.com/,Belgique,ANGLEUR,,Space / satellite,Sous-traitant industriel,69.0,B,New,Cloud / data services,"Composites, capteurs, comms, lancement pour primes spatiaux.","Hi — I noticed SPACEBEL builds Software / Platforms, Satellites / Space (+3) for Space / satellite.",Review website and validate opportunity,
SpaceForest,https://spaceforest.pl/,Pologne,GDYNIA,,Other,À vérifier,,D,New,To enrich,Qualifier l'activité avant tout pitch ciblé.,To enrich,No immediate action,
SPAFAX,https://www.www.spafaxmirrors.com/,Royaume-Uni,BASINGSTOKE,,Other,À vérifier,,D,New,To enrich,Qualifier l'activité avant tout pitch ciblé.,To enrich,No immediate action,
"Spanner SK, k.s.",,Slovaquie,Povazska Bystrica,,Other,À vérifier,,D,New,To enrich,Qualifier l'activité avant tout pitch ciblé.,To enrich,No immediate action,
Spar-Tac d.o.o.,https://www.spar-tac.com/,Croatie,Ivanic Grad,,Soldier systems,OEM,74.0,B,New,RF / microwave components,"Textiles, composites, optronique, énergie pour kits soldat.",Hi — I noticed Spar-Tac d.o.o.,Review website and validate opportunity,
SPECIALTY TECHNOLOGIES,http://www.wittenstein-motion-control.de/,Allemagne,IGERSHEIM,,Other,À vérifier,,D,New,To enrich,Qualifier l'activité avant tout pitch ciblé.,To enrich,No immediate action,
SPEG PRONERGY,https://www.faar-pronergy.com/,France,VILLEBON SUR YVETTE,,Other,À vérifier,,D,New,To enrich,Qualifier l'activité avant tout pitch ciblé.,To enrich,No immediate action,
SPETSTECHNOEXPORT,http://spetstechnoexport.com/,Ukraine,KYIV,,Other,À vérifier,18.6,D,New,Industrial subcontracting / machining,Qualifier l'activité avant tout pitch ciblé.,Hi — I noticed SPETSTECHNOEXPORT at Eurosatory.,No immediate action,
Sphere Defense,http://www.sphere-df.com/,Belgique,BRUSSELS,,Air defense,OEM,67.5,B,New,Energy / batteries,"Radars, missiles, comms, électroniques pour systèmes anti-aériens.","Hi — I noticed Sphere Defense builds UAV / drones, Counter-UAV systems (+2) for Air defense.",Review website and validate opportunity,
SPHEREA TEST ET SERVICES,http://www.spherea.com/,France,TOULOUSE CEDEX,,Other,À vérifier,,D,New,To enrich,Qualifier l'activité avant tout pitch ciblé.,To enrich,No immediate action,
SPINNER,https://www.spinner-group.com/,Allemagne,MUNICH,,Other,À vérifier,,D,New,To enrich,Qualifier l'activité avant tout pitch ciblé.,To enrich,No immediate action,
"SPIRIT SLOVENIA, BUSINESS DEVELOPMENT AGENCY",http://www.sloveniabusiness.eu/,Slovénie,LJUBLJANA,,Other,À vérifier,,D,New,To enrich,Qualifier l'activité avant tout pitch ciblé.,To enrich,No immediate action,
SPIROTEC,http://www.spirotec.fr/,France,VALFF,https://www.linkedin.com/company/spirotec/?viewAsMember=true,Other,À vérifier,15.6,D,New,Industrial subcontracting / machining,Qualifier l'activité avant tout pitch ciblé.,Hi — I noticed SPIROTEC at Eurosatory.,No immediate action,
Splast Sp. z.o.o.,https://przetworstwo-tworzyw.splast.com.pl/,Pologne,Krosno,,Logistics / MRO,À vérifier,29.6,D,New,Industrial subcontracting / machining,Qualifier l'activité avant tout pitch ciblé.,Hi — I noticed Splast Sp.,No immediate action,
SPLENDOR tekstil d.o.o.,https://splendor-tekstil.hr/,Croatie,Zagreb,,C4ISR,OEM,59.9,C,New,Mechanical parts,Vend des sous-systèmes / composants à un OEM construisant Logistics equipment.,Hi — SPLENDOR tekstil d.o.o.,Keep in watchlist,
SPRING,https://www.spring-group.fr/,France,BAULE,,Other,À vérifier,,D,New,To enrich,Qualifier l'activité avant tout pitch ciblé.,To enrich,No immediate action,
"SRC, INC",http://www.srcinc.com/,États-Unis,NORTH SYRACUSE,https://www.linkedin.com/company/SRCdefense,Intelligence / ISR,Société de services,75.5,A,New,Engines / propulsion,"Capteurs, payloads optroniques, communications pour plateformes ISR.","Hi — I noticed SRC, INC builds Vehicles, UAV / drones (+10) for Intelligence / ISR.",Contact sales team and qualify need,
SSAB / Armox protection plate,http://www.ssab.com/en/brands-and-products/armox,Suède,OXELÖSUND,https://www.linkedin.com/showcase/76883263/,Ammunition,OEM,80.0,A,New,Engines / propulsion,"Matériaux énergétiques, mécanique, packaging, certification.","Hi — I noticed SSAB / Armox protection plate builds Vehicles, Ammunition (+4) for Ammunition.",Contact sales team and qualify need,
ST Connect GmbH,http://www.st-connect.de/,Allemagne,LEVERKUSEN,https://www.linkedin.com/company/st-connect-gmbh/?viewAsMember=true,Other,À vérifier,28.1,D,New,Industrial subcontracting / machining,Qualifier l'activité avant tout pitch ciblé.,Hi — I noticed ST Connect GmbH at Eurosatory.,No immediate action,
ST ENGINEERING,http://www.stengg.com/,Singapour,SINGAPORE,https://www.linkedin.com/company/st-engineering,C4ISR,OEM,78.5,A,New,Engines / propulsion,"Composants, sous-systèmes, software, services pour primes C4ISR.","Hi — I noticed ST ENGINEERING builds Vehicles, UAV / drones (+15) for C4ISR.",Contact sales team and qualify need,
ST ENGINEERING IDIRECT,http://www.idirect.net/,Belgique,SINT-NIKLAAS,https://www.linkedin.com/company/st-engineering-idirect/,Space / satellite,OEM,45.0,C,New,Composite materials,Vend des sous-systèmes / composants à un OEM construisant Satellites / Space.,Hi — ST ENGINEERING IDIRECT ships Satellites / Space to defense customers.,Keep in watchlist,
STACEM,http://www.stacem.fr/,France,GRAND CHAMP,,Other,À vérifier,,D,New,To enrich,Qualifier l'activité avant tout pitch ciblé.,To enrich,No immediate action,
STAINLESS,http://www.stainless.eu/,France,Dannemarie-sur-Crète,https://fr.linkedin.com/company/stainless,Intelligence / ISR,Distributeur,69.5,B,New,"Materials (Li-ion, electrolytes)","Capteurs, payloads optroniques, communications pour plateformes ISR.","Hi — I noticed STAINLESS builds Energy / batteries, Vehicles (+8) for Intelligence / ISR.",Review website and validate opportunity,
Standard solutions group AB,,Suède,Sundsvall,,Other,À vérifier,,D,New,To enrich,Qualifier l'activité avant tout pitch ciblé.,To enrich,No immediate action,
STAR PACK SA,https://www.star-pack.fr/,France,CERGY - POINTOISE CEDEX,,Other,À vérifier,,D,New,To enrich,Qualifier l'activité avant tout pitch ciblé.,To enrich,No immediate action,
STARBURST SAS,,France,PARIS,,Other,À vérifier,,D,New,To enrich,Qualifier l'activité avant tout pitch ciblé.,To enrich,No immediate action,
STARK,http://stark-defence.com/,Allemagne,BERLIN,https://www.linkedin.com/company/stark-defence/,Intelligence / ISR,OEM,79.0,A,New,Energy / batteries,"Capteurs, payloads optroniques, communications pour plateformes ISR.","Hi — I noticed STARK builds UAV / drones, Counter-UAV systems (+8) for Intelligence / ISR.",Contact sales team and qualify need,
STARPLAST,https://vitalo.net/,France,LIMOGES - 87,,Other,À vérifier,,D,New,To enrich,Qualifier l'activité avant tout pitch ciblé.,To enrich,No immediate action,
STARTER,http://www.starterwinches.com/,France,SAINT OUEN L'AUMONE,,Other,À vérifier,,D,New,To enrich,Qualifier l'activité avant tout pitch ciblé.,To enrich,No immediate action,
Steel Products A/S,,Danemark,Horsens,,Other,À vérifier,,D,New,To enrich,Qualifier l'activité avant tout pitch ciblé.,To enrich,No immediate action,
STEELE CONNECT,https://www.ultratech.fr/,France,LE CHESNAY,,Other,À vérifier,,D,New,To enrich,Qualifier l'activité avant tout pitch ciblé.,To enrich,No immediate action,
Steeltec AG - Swiss Steel Group,https://swisssteel-group.com/,Suisse,Emmenbrücke,,Soldier systems,Sous-traitant industriel,68.5,B,New,"Raw materials (steel, aluminium)","Textiles, composites, optronique, énergie pour kits soldat.","Hi — I noticed Steeltec AG - Swiss Steel Group builds Mechanical parts, Vehicles (+2) for Soldier systems.",Review website and validate opportunity,
steep GmbH,https://www.steep.de/,Allemagne,BONN,https://www.linkedin.com/company/steep-gmbh,Space / satellite,Distributeur,76.0,A,New,Electronic components,"Composites, capteurs, comms, lancement pour primes spatiaux.","Hi — I noticed steep GmbH builds Radars, Software / Platforms (+5) for Space / satellite.",Contact sales team and qualify need,
Steinbach AG,http://www.steinbach-ag.de/,Allemagne,DETMOLD,,Other,À vérifier,,D,New,To enrich,Qualifier l'activité avant tout pitch ciblé.,To enrich,No immediate action,
STEINER,http://www.steiner-defense.com/,Allemagne,BAYREUTH,,Optics / optronics,Distributeur,70.9,B,New,Electronic components,Canal de distribution / représentation pour notre portefeuille.,Hi — we're scouting an exclusive distributor for Germany.,Review website and validate opportunity,
Stellar Telecommunications Sarl,http://www.stellar.tc/,Luxembourg,Bertrange,https://www.linkedin.com/company/stellartc,Naval defense,Distributeur,76.0,A,New,Cloud / data services,"Radars, sonars, comms, armement, sustainment pour primes navals.","Hi — I noticed Stellar Telecommunications Sarl builds Software / Platforms, Communications networks (+6) for Naval defense.",Contact sales team and qualify need,
STEM S.R.L.,https://www.stem.it/,Italie,MEDESANO,https://urlsand.esvalabs.com/?u=https%3A%2F%2Fwww.linkedin.com%2Fcompany%2Fstem-ems%2F&e=2f59d014&h=7e9b1c16&f=y&p=y,Intelligence / ISR,OEM,77.5,A,New,Mechanical parts,"Capteurs, payloads optroniques, communications pour plateformes ISR.",Hi — I noticed STEM S.R.L.,Contact sales team and qualify need,
STEP (Saskatchewan Trade & Export Partnership),https://sasktrade.com/,Canada,Regina,,C4ISR,Distributeur,79.4,A,New,Mechanical parts,"Composants, sous-systèmes, software, services pour primes C4ISR.","Hi — I noticed STEP (Saskatchewan Trade & Export Partnership) builds Logistics equipment, Communications networks (+1) for C4ISR.",Contact sales team and qualify need,
STERELA,https://www.sterela-defense.fr/,France,PINS-JUSTARET,https://www.linkedin.com/company/sterela-defense/,Other,À vérifier,,D,New,To enrich,Qualifier l'activité avant tout pitch ciblé.,To enrich,No immediate action,
STEVTISS,https://www.stevtiss.fr/,France,CHIRASSIMONT,,Other,À vérifier,,D,New,To enrich,Qualifier l'activité avant tout pitch ciblé.,To enrich,No immediate action,
Steyr Arms GmbH,https://www.steyr-mannlicher.com/,Autriche,St. Peter in der Au,,Other,À vérifier,,D,New,To enrich,Qualifier l'activité avant tout pitch ciblé.,To enrich,No immediate action,
STI GENLIS,http://www.sti-genlis.com/,France,GENLIS,https://www.linkedin.com/company/sti-genlis/?viewAsMember=true,Engineering services,Sous-traitant industriel,52.9,C,New,Mechanical parts,"Outils CAD, simulation, certification pour bureau d'études.",Hi — I noticed STI GENLIS builds Logistics equipment for Engineering services.,Keep in watchlist,
STI Steyr,http://sti-steyr.com/,Autriche,WALDNEUKIRCHEN,,Other,À vérifier,,D,New,To enrich,Qualifier l'activité avant tout pitch ciblé.,To enrich,No immediate action,
STIRWELD,http://stirweld.com/,France,RENNES,https://www.linkedin.com/company/stirweld/,Naval defense,OEM,74.0,B,New,Engines / propulsion,"Radars, sonars, comms, armement, sustainment pour primes navals.","Hi — I noticed STIRWELD builds Vehicles, Robotics / UGV (+8) for Naval defense.",Review website and validate opportunity,
STMB ROSSE,http://www.stmb-rosse.com/,France,LES AIX D'ANGILLON,https://www.linkedin.com/company/stmb-rosse/,Space / satellite,Sous-traitant industriel,61.9,B,New,"Raw materials (steel, aluminium)","Composites, capteurs, comms, lancement pour primes spatiaux.","Hi — I noticed STMB ROSSE builds Mechanical parts, Sensors (+2) for Space / satellite.",Review website and validate opportunity,
STOEGER,http://www.stoeger.com.tr/,Turquie,ISTANBUL,,Soldier systems,OEM,61.0,B,New,Electronic components,"Vend des sous-systèmes / composants à un OEM construisant Optronics / Optics, Soldier equipment.","Hi — STOEGER ships Optronics / Optics, Soldier equipment (+2) to Critical infrastructure.",Review website and validate opportunity,
STRATASYS,https://www.stratasys.com/,Allemagne,RHEINMUENSTER,https://www.linkedin.com/company/stratasys/posts/,UAV / drones,Distributeur,73.5,B,New,Cloud / data services,"Fournisseur de batteries, moteurs, optronique, RF, composites pour fabricants UAV.","Hi — I noticed STRATASYS builds Software / Platforms, Composite materials (+3) for UAV / drones.",Review website and validate opportunity,
STRATIFORME INDUSTRIES,http://www.stratiforme.fr/,France,BERSEE,,Other,À vérifier,,D,New,To enrich,Qualifier l'activité avant tout pitch ciblé.,To enrich,No immediate action,
STREAMWIDE,http://www.streamwide.com/,France,PARIS,,Other,À vérifier,,D,New,To enrich,Qualifier l'activité avant tout pitch ciblé.,To enrich,No immediate action,
STREIT GROUPE,http://www.groupe-streit.com/,France,PAYS DE CLERVAL,https://www.linkedin.com/company/streit-groupe,Industrial subcontracting,Sous-traitant industriel,67.5,B,New,Engines / propulsion,"Matières premières, outils coupants, services qualité pour sous-traitants.","Hi — I noticed STREIT GROUPE builds Vehicles, Mechanical parts (+3) for Industrial subcontracting.",Review website and validate opportunity,
STRYX AI,http://stryx.ai/,France,PARIS,https://www.linkedin.com/company/stryx-ai/,Counter-UAV,OEM,55.0,C,New,Energy / batteries,Vend une brique du chain detection-effector aux primes anti-drone.,"Hi — STRYX AI ships UAV / drones, Counter-UAV systems (+2) to Critical infrastructure.",Keep in watchlist,
STUDER INNOTEC,https://www.studer-innotec.com/,Suisse,SION,,Space / satellite,Distributeur,78.5,A,New,Mechanical parts,"Composites, capteurs, comms, lancement pour primes spatiaux.","Hi — I noticed STUDER INNOTEC builds Logistics equipment, Energy / batteries (+6) for Space / satellite.",Contact sales team and qualify need,
STV GROUP A.S.,http://www.stvgroup.cz/,République tchèque,PRAGUE  - NUSLE,,UAV / drones,OEM,59.5,C,New,Engines / propulsion,Sub-system / payload pour OEM drones tactiques.,"Hi — STV GROUP A.S. ships Vehicles, UAV / drones (+2) to defense customers.",Keep in watchlist,
SUADEO,http://suadeo.fr/,France,IVRY-SUR-SEINE,https://www.linkedin.com/company/suadeo-sas,Cybersecurity,Éditeur logiciel,70.0,B,New,Mechanical parts,"Threat intel, hardware appliances, cloud souverain, audits.","Hi — I noticed SUADEO builds Logistics equipment, Software / Platforms (+4) for Cybersecurity.",Review website and validate opportunity,
"SUBMERGE BALTIC, SIA",https://www.submergebaltic.com/,Lettonie,MĀRUPES NOVADS,,Other,À vérifier,15.6,D,New,Industrial subcontracting / machining,Qualifier l'activité avant tout pitch ciblé.,"Hi — I noticed SUBMERGE BALTIC, SIA at Eurosatory.",No immediate action,
SUCHIER SAS,http://www.suchier.com/,France,CHOMERAC,,Other,À vérifier,,D,New,To enrich,Qualifier l'activité avant tout pitch ciblé.,To enrich,No immediate action,
SUMA Aéro-Mécanique,https://suma-aero.com/,France,Albert,,Other,À vérifier,,D,New,To enrich,Qualifier l'activité avant tout pitch ciblé.,To enrich,No immediate action,
SUMITOMO DRIVE TECHNOLOGIES,https://www.sumitomodrive.com/,France,SERRIS,www.linkedin.com/sumitomo-drive-technologies-france,Other,À vérifier,14.6,D,New,Industrial subcontracting / machining,Qualifier l'activité avant tout pitch ciblé.,Hi — I noticed SUMITOMO DRIVE TECHNOLOGIES at Eurosatory.,No immediate action,
Supacat,https://www.supacat.com/,Royaume-Uni,HONITON,,Other,À vérifier,,D,New,To enrich,Qualifier l'activité avant tout pitch ciblé.,To enrich,No immediate action,
Suppliers From Bretagne,http://www.suppliers-from-bretagne.com/,France,CESSON-SEVIGNE,https://www.linkedin.com/company/bretagne-commerce-international,Industrial subcontracting,OEM,76.0,A,New,Mechanical parts,"Matières premières, outils coupants, services qualité pour sous-traitants.","Hi — I noticed Suppliers From Bretagne builds Logistics equipment, Vehicles (+7) for Industrial subcontracting.",Contact sales team and qualify need,
SUPRAMECA,,France,Signes,,Other,À vérifier,,D,New,To enrich,Qualifier l'activité avant tout pitch ciblé.,To enrich,No immediate action,
Svekon,http://svekon.se/,Suède,Solna,https://www.linkedin.com/company/1827116,C4ISR,OEM,71.0,B,New,Engines / propulsion,"Vend des sous-systèmes / composants à un OEM construisant Vehicles, Software / Platforms.","Hi — Svekon ships Vehicles, Software / Platforms (+4) to Land forces, Air forces (+3).",Review website and validate opportunity,
"SVOS, spol. s r.o.",http://www.armsvos.cz/,République tchèque,PRELOUC,,Other,À vérifier,,D,New,To enrich,Qualifier l'activité avant tout pitch ciblé.,To enrich,No immediate action,
SWARM Biotactics,https://www.swarm-biotactics.com/,Allemagne,KASSEL,https://www.linkedin.com/company/swarm-biotactics/posts/?feedView=all,UAV / drones,OEM,74.5,B,New,Energy / batteries,"Fournisseur de batteries, moteurs, optronique, RF, composites pour fabricants UAV.","Hi — I noticed SWARM Biotactics builds UAV / drones, Sensors (+2) for UAV / drones.",Review website and validate opportunity,
Swarmer,http://www.getswarmer.com/,Estonie,TALLIN,https://www.linkedin.com/company/getswarmer/posts/?feedView=all,Intelligence / ISR,Éditeur logiciel,72.5,B,New,Electronic components,"Capteurs, payloads optroniques, communications pour plateformes ISR.","Hi — I noticed Swarmer builds Sensors, Software / Platforms (+11) for Intelligence / ISR.",Review website and validate opportunity,
SWARMLY LTD,https://www.swarmly.aero/,Cyprus,LIMASSOL,,Other,À vérifier,,D,New,To enrich,Qualifier l'activité avant tout pitch ciblé.,To enrich,No immediate action,
SWAROVSKI OPTIK KG,http://www.swarovskioptik.com/,Autriche,ABSAM,https://www.linkedin.com/company/swarovski-optik/,Radar / sensors,OEM,75.7,A,New,Electronic components,"Front-ends RF, processeurs, mécanique de précision pour fabricants radars.","Hi — I noticed SWAROVSKI OPTIK KG builds Optronics / Optics, Sensors (+1) for Radar / sensors.",Contact sales team and qualify need,
Swebor Stål,https://www.swebor.se/,Suède,LULEÅ,,Other,À vérifier,,D,New,To enrich,Qualifier l'activité avant tout pitch ciblé.,To enrich,No immediate action,
Sweden Ballistics AB,,Suède,Järfälla,,Other,À vérifier,,D,New,To enrich,Qualifier l'activité avant tout pitch ciblé.,To enrich,No immediate action,
SWISS CAMOUTECH AG/SSZ Camouflage Technology AG,http://www.swisscamoutech.ch/,Suisse,ZUG,,Other,À vérifier,,D,New,To enrich,Qualifier l'activité avant tout pitch ciblé.,To enrich,No immediate action,
SWISS P DEFENCE,http://www.swisspdefence.com/,Suisse,THUN,,Land defense,OEM,77.5,A,New,Energetic materials,"Vend des sous-systèmes / composants à un OEM construisant Ammunition, Software / Platforms.","Hi — SWISS P DEFENCE ships Ammunition, Software / Platforms (+5) to Special forces, Police / law enforcement (+2).",Contact sales team and qualify need,
SWISSto12,https://www.swissto12.com/,Suisse,RENENS,https://www.linkedin.com/company/swissto12-sa,Space / satellite,OEM,73.0,B,New,Electronic components,"Vend des sous-systèmes / composants à un OEM construisant Tactical radios, Logistics equipment.","Hi — SWISSto12 ships Tactical radios, Logistics equipment (+5) to Aerospace primes, Critical infrastructure.",Review website and validate opportunity,
Sydor Technologies,http://sydortechnologies.com/,États-Unis,FAIRPORT,https://www.linkedin.com/company/sydor-technologies/?viewAsMember=true,Soldier systems,OEM,68.0,B,New,Mechanical parts,"Textiles, composites, optronique, énergie pour kits soldat.","Hi — I noticed Sydor Technologies builds Logistics equipment, Software / Platforms (+3) for Soldier systems.",Review website and validate opportunity,
SYMÉTRIE,http://symetrie.fr/en/,France,BOUILLARGUES,https://www.linkedin.com/company/symetrie,Space / satellite,OEM,78.0,A,New,Engines / propulsion,"Composites, capteurs, comms, lancement pour primes spatiaux.","Hi — I noticed SYMÉTRIE builds Vehicles, Optronics / Optics (+12) for Space / satellite.",Contact sales team and qualify need,
Symlab AG,http://symlab.ch/,Suisse,Freienbach,,UAV / drones,OEM,70.5,B,New,Cloud / data services,"Fournisseur de batteries, moteurs, optronique, RF, composites pour fabricants UAV.","Hi — I noticed Symlab AG builds Software / Platforms, UAV / drones (+4) for UAV / drones.",Review website and validate opportunity,
SYSNAV,http://www.sysnav.fr/?lang=en,France,VERNON,https://www.linkedin.com/company/sysnav/,Space / satellite,OEM,64.0,B,New,Engines / propulsion,"Composites, capteurs, comms, lancement pour primes spatiaux.","Hi — I noticed SYSNAV builds Vehicles, Sensors (+4) for Space / satellite.",Review website and validate opportunity,
SYSTECON GROUP AB,http://www.systecongroup.com/gl,Suède,STOCKHOLM,https://www.linkedin.com/company/systecon-ab,Naval defense,OEM,78.0,A,New,Engines / propulsion,"Radars, sonars, comms, armement, sustainment pour primes navals.","Hi — I noticed SYSTECON GROUP AB builds Vehicles, Software / Platforms (+2) for Naval defense.",Contact sales team and qualify need,
SYSTEL Inc,http://www.systelusa.com/,États-Unis,SUGAR LAND,,Other,À vérifier,,D,New,To enrich,Qualifier l'activité avant tout pitch ciblé.,To enrich,No immediate action,
Systematic A/S,https://systematic.com/int/,Danemark,AARHUS,https://www.linkedin.com/showcase/systematic-defence/,Land defense,Éditeur logiciel,74.0,B,New,Cloud / data services,"Sous-systèmes, composites, certification pour primes terrestres.","Hi — I noticed Systematic A/S builds Software / Platforms, Soldier equipment (+4) for Land defense.",Review website and validate opportunity,
SZCZĘŚNIAK Pojazdy Specjalne Sp. z o.o.,http://www.psszczesniak.pl/,Pologne,BIELSKO-BIALA,https://www.linkedin.com/company/szczesniak-special-vehicles-ltd-,Land defense,Sous-traitant industriel,57.4,C,New,Engines / propulsion,"Sous-systèmes, composites, certification pour primes terrestres.",Hi — I noticed SZCZĘŚNIAK Pojazdy Specjalne Sp.,Keep in watchlist,
Tacteris,https://www.tacteris.com/,Canada,CALGARY,,Other,À vérifier,,D,New,To enrich,Qualifier l'activité avant tout pitch ciblé.,To enrich,No immediate action,
Tactical Avionix SIA,https://www.tacticalavionix.com/,Lettonie,Sigulda,,Other,À vérifier,,D,New,To enrich,Qualifier l'activité avant tout pitch ciblé.,To enrich,No immediate action,
Tadaweb,https://www.tadaweb.com/,Luxembourg,Belvaux,,Other,À vérifier,15.6,D,New,Industrial subcontracting / machining,Qualifier l'activité avant tout pitch ciblé.,Hi — I noticed Tadaweb at Eurosatory.,No immediate action,
TAF Industries,http://taf-ua.com/en/,Ukraine,ODESSA,https://www.linkedin.com/company/tafindustriesua/,Intelligence / ISR,OEM,78.0,A,New,Engines / propulsion,"Capteurs, payloads optroniques, communications pour plateformes ISR.","Hi — I noticed TAF Industries builds Vehicles, UAV / drones (+5) for Intelligence / ISR.",Contact sales team and qualify need,
TAIHAN TEXTILE,http://www.thtc.co.kr/,Corée du Sud,SEOUL,,Soldier systems,OEM,67.8,B,New,RF / microwave components,"Vend des sous-systèmes / composants à un OEM construisant Communications networks, Soldier equipment.","Hi — TAIHAN TEXTILE ships Communications networks, Soldier equipment to Police / law enforcement.",Review website and validate opportunity,
Take Off Diffusion Ltd,https://northeagles.ch/,Suisse,La Neuveville,,Radar / sensors,Distributeur,63.1,B,New,Electronic components,"Front-ends RF, processeurs, mécanique de précision pour fabricants radars.","Hi — I noticed Take Off Diffusion Ltd builds Sensors, Communications networks for Radar / sensors.",Review website and validate opportunity,
TAMILAN,https://www.tamilanthedrone.com/,Inde,CHENNAI,https://www.linkedin.com/in/krishnamurthy-murthy-49623767?lipi=urn%3Ali%3Apage%3Ad_flagship3_profile_view_base_contact_details%3BZ5tIfhs6Tbex35m6LZZ4iA%3D%3D,UAV / drones,OEM,67.5,B,New,Energy / batteries,Sub-system / payload pour OEM drones tactiques.,"Hi — TAMILAN ships UAV / drones, Optronics / Optics (+2) to Police / law enforcement, Civil security / fire (+1).",Review website and validate opportunity,
Tampereen kaupunkiseudun elinkeino- ja kehitysyhtiö Business Tampere Oy,,Finlande,Tampere,,Other,À vérifier,,D,New,To enrich,Qualifier l'activité avant tout pitch ciblé.,To enrich,No immediate action,
TARGI KIELCE SA,http://www.mspo.pl/,Pologne,KIELCE,,Other,À vérifier,,D,New,To enrich,Qualifier l'activité avant tout pitch ciblé.,To enrich,No immediate action,
Tastitalia Srl,http://www.tastitalia.com/,Italie,CASTELFIDARDO,https://www.linkedin.com/company/tastitalia,Radar / sensors,OEM,69.0,B,New,Mechanical parts,"Front-ends RF, processeurs, mécanique de précision pour fabricants radars.","Hi — I noticed Tastitalia Srl builds Logistics equipment, Software / Platforms (+6) for Radar / sensors.",Review website and validate opportunity,
TATRA,https://www.tatratrucks.com/,République tchèque,KOPŘIVNICE,,Other,À vérifier,,D,New,To enrich,Qualifier l'activité avant tout pitch ciblé.,To enrich,No immediate action,
TATRA DEFENCE VEHICLE a.s.,https://tatradv.cz/,République tchèque,Praha 8,,C4ISR,OEM,75.0,A,New,Engines / propulsion,"Composants, sous-systèmes, software, services pour primes C4ISR.",Hi — I noticed TATRA DEFENCE VEHICLE a.s.,Contact sales team and qualify need,
Tattu,https://www.gensace.de/,Allemagne,KORSCHENBROICH,,UAV / drones,Distributeur,72.0,B,New,Engines / propulsion,Sub-system / payload pour OEM drones tactiques.,"Hi — Tattu ships Vehicles, UAV / drones (+5) to defense customers.",Review website and validate opportunity,
TAURUS,https://taurusarmas.com.br/,Brésil,SÃO LEOPOLDO,,Other,À vérifier,,D,New,To enrich,Qualifier l'activité avant tout pitch ciblé.,To enrich,No immediate action,
TAWAZUN COUNCIL,https://www.tawazun.gov.ae/en/contact-us/,Émirats arabes unis,ABU DHABI,,Other,À vérifier,,D,New,To enrich,Qualifier l'activité avant tout pitch ciblé.,To enrich,No immediate action,
TB OUTDOOR,http://tb-outdoor.com/,France,LA MONNERIE LE MONTEL,https://fr.linkedin.com/company/tarrerias-bonjean,Engineering services,OEM,65.5,B,New,Mechanical parts,"Outils CAD, simulation, certification pour bureau d'études.","Hi — I noticed TB OUTDOOR builds Logistics equipment, Robotics / UGV (+1) for Engineering services.",Review website and validate opportunity,
TBO LOGISTICS S.L.,https://www.tbologistics.com/,Espagne,Zaragoza,,Other,À vérifier,16.6,D,New,Industrial subcontracting / machining,Qualifier l'activité avant tout pitch ciblé.,Hi — I noticed TBO LOGISTICS S.L.,No immediate action,
TBT Tiefbohrtechnik,http://www.tbt.de/,Allemagne,DETTINGEN ERMS,https://www.linkedin.com/company/tbt-tiefbohrtechnik/posts/?feedView=all,Logistics / MRO,OEM,54.5,C,New,Mechanical parts,"Pièces de rechange, calibration, certification pour acteurs MRO.","Hi — I noticed TBT Tiefbohrtechnik builds Logistics equipment, Mechanical parts for Logistics / MRO.",Keep in watchlist,
TDM SAS,https://www.tdm-ing.com/,France,MERIGNAC,,Other,À vérifier,,D,New,To enrich,Qualifier l'activité avant tout pitch ciblé.,To enrich,No immediate action,
TDW GmbH,http://www.tdw-warhead-systems.com/,Allemagne,SCHROBENHAUSEN,https://www.linkedin.com/company/tdw-gmbh/?viewAsMember=true,Ammunition,OEM,65.9,B,New,Energetic materials,"Vend des sous-systèmes / composants à un OEM construisant Ammunition, Logistics equipment.","Hi — TDW GmbH ships Ammunition, Logistics equipment (+1) to Defense ministries.",Review website and validate opportunity,
TE Connectivity,http://www.te.com/defense,France,PONTOISE,https://www.linkedin.com/company/te-connectivity,Intelligence / ISR,OEM,80.0,A,New,Engines / propulsion,"Capteurs, payloads optroniques, communications pour plateformes ISR.","Hi — I noticed TE Connectivity builds Vehicles, UAV / drones (+10) for Intelligence / ISR.",Contact sales team and qualify need,
TEAL DRONES,,États-Unis,SOUTH SALT LAKE,,Other,À vérifier,,D,New,To enrich,Qualifier l'activité avant tout pitch ciblé.,To enrich,No immediate action,
TEAM 31,https://www.team31-agon.com/,France,Toulouse,,Other,À vérifier,,D,New,To enrich,Qualifier l'activité avant tout pitch ciblé.,To enrich,No immediate action,
Team Group Inc.,http://industrial.teamgroupinc.com/en/,Taïwan,New Taipei City,https://www.linkedin.com/showcase/teamgroup-industrial/,Radar / sensors,OEM,65.0,B,New,Engines / propulsion,"Front-ends RF, processeurs, mécanique de précision pour fabricants radars.",Hi — I noticed Team Group Inc.,Review website and validate opportunity,
TEAM WENDY,https://www.teamwendy.com/,États-Unis,"CLEVELAND, OHIO",,Other,À vérifier,,D,New,To enrich,Qualifier l'activité avant tout pitch ciblé.,To enrich,No immediate action,
TECHCI RHÔNE-ALPES,http://www.techci.fr/,France,SAINT GENIX SUR GUIERS,https://www.linkedin.com/company/techci-rh%C3%B4ne-alpes/,Other,À vérifier,,D,New,To enrich,Qualifier l'activité avant tout pitch ciblé.,To enrich,No immediate action,
TECHMETA WELDING,https://techmeta-engineering.com/,France,Epagny Metz-Tessy,,Other,À vérifier,,D,New,To enrich,Qualifier l'activité avant tout pitch ciblé.,To enrich,No immediate action,
TECHNAMM,http://www.technamm.fr/,France,LAMBESC,https://www.linkedin.com/company/technamm/?viewAsMember=true,Intelligence / ISR,OEM,69.6,B,New,Electronic components,"Capteurs, payloads optroniques, communications pour plateformes ISR.","Hi — I noticed TECHNAMM builds Radars, Logistics equipment (+1) for Intelligence / ISR.",Review website and validate opportunity,
TECHNIC EXPORT,http://www.technicexport.com/,France,PARIS,https://www.linkedin.com/company/technic-export75009/posts/?feedView=all&viewAsMember=true,Logistics / MRO,À vérifier,48.6,C,New,Industrial subcontracting / machining,"Pièces de rechange, calibration, certification pour acteurs MRO.",Hi — I noticed TECHNIC EXPORT builds — for Logistics / MRO.,Keep in watchlist,
TECHTERA,https://www.techtera.org/,France,ECULLY,,Other,À vérifier,,D,New,To enrich,Qualifier l'activité avant tout pitch ciblé.,To enrich,No immediate action,
TECHWAY,https://www.techway.com/,France,VILLEBON-SUR-YVETTE,,Other,À vérifier,,D,New,To enrich,Qualifier l'activité avant tout pitch ciblé.,To enrich,No immediate action,
TECNOBIT - GRUPO OESÍA,http://www.tecnobit.es/,Espagne,RIVAS VACIAMADRID,,Other,À vérifier,16.6,D,New,Industrial subcontracting / machining,Qualifier l'activité avant tout pitch ciblé.,Hi — I noticed TECNOBIT - GRUPO OESÍA at Eurosatory.,No immediate action,
TECSUP,http://www.tecsup.fr/,France,ALLONZIER-LA-CAILLE,,UAV / drones,OEM,56.1,C,New,Energy / batteries,"Fournisseur de batteries, moteurs, optronique, RF, composites pour fabricants UAV.","Hi — I noticed TECSUP builds UAV / drones, Sensors (+2) for UAV / drones.",Keep in watchlist,
Tectonic-3d,http://www.tectonic-3d.com/,Pays-Bas,EINDHOVEN,,Land defense,OEM,70.5,B,New,Engines / propulsion,"Sous-systèmes, composites, certification pour primes terrestres.","Hi — I noticed Tectonic-3d builds Vehicles, UAV / drones (+5) for Land defense.",Review website and validate opportunity,
TEDAE,http://www.tedae.org/,Espagne,MADRID,https://www.linkedin.com/company/tedae/,UAV / drones,Distributeur,69.5,B,New,Energy / batteries,"Fournisseur de batteries, moteurs, optronique, RF, composites pour fabricants UAV.","Hi — I noticed TEDAE builds UAV / drones, Logistics equipment (+6) for UAV / drones.",Review website and validate opportunity,
TEGMA,https://www.tegma.fr/,France,LIMOGES,,Other,À vérifier,,D,New,To enrich,Qualifier l'activité avant tout pitch ciblé.,To enrich,No immediate action,
TEHNICKI REMONT BRATUNAC,https://www.trb.ba/,Bosnia and Herzegovina,BRATUNAC,,Other,À vérifier,,D,New,To enrich,Qualifier l'activité avant tout pitch ciblé.,To enrich,No immediate action,
Teijin Aramid,http://www.teijinaramid.com/,Allemagne,WUPPERTAL,,Other,À vérifier,,D,New,To enrich,Qualifier l'activité avant tout pitch ciblé.,To enrich,No immediate action,
TEK CAN,https://www.aksarunflat.com.tr/,Turquie,ANKARA,,Other,À vérifier,,D,New,To enrich,Qualifier l'activité avant tout pitch ciblé.,To enrich,No immediate action,
TEK MILITARY SEATING LTD,,Royaume-Uni,KENT,,Other,À vérifier,,D,New,To enrich,Qualifier l'activité avant tout pitch ciblé.,To enrich,No immediate action,
TEKEVER,https://www.tekever.com/,France,TOULOUSE,,Other,À vérifier,,D,New,To enrich,Qualifier l'activité avant tout pitch ciblé.,To enrich,No immediate action,
Teknologisk Institut,,Danemark,Taastrup,,Other,À vérifier,,D,New,To enrich,Qualifier l'activité avant tout pitch ciblé.,To enrich,No immediate action,
TELEDYNE E2V SEMICONDUCTORS,https://semiconductors.teledyne-e2v.com/,France,SAINTE EGREVE,https://www.linkedin.com/company/e2vteledyne,Other,À vérifier,,D,New,To enrich,Qualifier l'activité avant tout pitch ciblé.,To enrich,No immediate action,
Teledyne FLIR Defense,http://defense.flir.com/,États-Unis,"WILSONVILLE, OR",https://www.linkedin.com/company/teledyne-flir,Radar / sensors,OEM,44.4,C,New,Electronic components,"Front-ends RF, processeurs, mécanique de précision pour fabricants radars.",Hi — I noticed Teledyne FLIR Defense builds Sensors for Radar / sensors.,Keep in watchlist,
TELEDYNE FLIR OEM,http://www.oem.flir.com/,États-Unis,Goleta,,Other,OEM,21.6,D,New,Industrial subcontracting / machining,Vend des sous-systèmes / composants à un OEM construisant leur build line.,Hi — TELEDYNE FLIR OEM ships — to defense customers.,No immediate action,
Teledyne Qioptiq,http://www.teledyne-ade.com/companies/qioptiq,Royaume-Uni,St. Asaph,https://www.linkedin.com/company/qioptiq_3/,Electronic warfare,OEM,68.0,B,New,Electronic components,"Amplis RF, processeurs signal, embarqué, antennes pour EW.","Hi — I noticed Teledyne Qioptiq builds Optronics / Optics, Software / Platforms (+7) for Electronic warfare.",Review website and validate opportunity,
Telegrafia a.s.,,Slovaquie,Kosice,,Other,À vérifier,,D,New,To enrich,Qualifier l'activité avant tout pitch ciblé.,To enrich,No immediate action,
Teleplan Globe,https://www.teleplanglobe.no/,Norvège,LYSAKER,,Other,À vérifier,,D,New,To enrich,Qualifier l'activité avant tout pitch ciblé.,To enrich,No immediate action,
TELESPAZIO FRANCE,https://www.telespazio.fr/fr/home,France,TOULOUSE,,Other,À vérifier,,D,New,To enrich,Qualifier l'activité avant tout pitch ciblé.,To enrich,No immediate action,
TELTRONIC,http://www.teltronic.es/,Espagne,ZARAGOZA,https://www.linkedin.com/company/teltronic/?originalSubdomain=es,Other,À vérifier,17.6,D,New,Industrial subcontracting / machining,Qualifier l'activité avant tout pitch ciblé.,Hi — I noticed TELTRONIC at Eurosatory.,No immediate action,
TEPAS AS,http://www.tepas.com/,Turquie,IZMIR,,Other,À vérifier,,D,New,To enrich,Qualifier l'activité avant tout pitch ciblé.,To enrich,No immediate action,
Terra Drone Corporation,http://terra-drone.net/global/,Japon,TOKYO,,UAV / drones,Distributeur,78.0,A,New,Energy / batteries,"Fournisseur de batteries, moteurs, optronique, RF, composites pour fabricants UAV.","Hi — I noticed Terra Drone Corporation builds UAV / drones, Logistics equipment (+3) for UAV / drones.",Contact sales team and qualify need,
TETHYS,http://www.tethys-sas.fr/,France,SIGNES,https://www.linkedin.com/company/tethys-sas/about/,Other,À vérifier,,D,New,To enrich,Qualifier l'activité avant tout pitch ciblé.,To enrich,No immediate action,
TETMET,https://www.tetmet.net/,France,PUTEAUX,,Other,À vérifier,,D,New,To enrich,Qualifier l'activité avant tout pitch ciblé.,To enrich,No immediate action,
TEXELIS DEFENSE,http://www.texelis.com/,France,LIMOGES CEDEX 1,,Other,À vérifier,,D,New,To enrich,Qualifier l'activité avant tout pitch ciblé.,To enrich,No immediate action,
TEXINOV,https://www.texinov.com/,France,Saint-Didier-De-La-Tour,,Other,À vérifier,,D,New,To enrich,Qualifier l'activité avant tout pitch ciblé.,To enrich,No immediate action,
TEXPART TECHNOLOGIES,http://www.texpart-technologies.com/,France,LISSES,https://www.linkedin.com/company/texpart-technologies/,Other,OEM,39.2,D,New,Electronic components,Activité à qualifier — discovery call avant pitch précis.,"Hi — I noticed TEXPART TECHNOLOGIES builds Robotics / UGV, Mechanical parts for Other.",No immediate action,
TEXTRON SYSTEMS,https://www.textronsystems.com/,États-Unis,Hunt Valley,,Other,À vérifier,,D,New,To enrich,Qualifier l'activité avant tout pitch ciblé.,To enrich,No immediate action,
THALES,http://www.thalesgroup.com/,France,VÉLIZY-VILLACOUBLAY,,Other,À vérifier,14.6,D,New,Industrial subcontracting / machining,Qualifier l'activité avant tout pitch ciblé.,Hi — I noticed THALES at Eurosatory.,No immediate action,
THALES BELGIUM,http://www.thalesgroup.com/,Belgique,TUBIZE,,Other,À vérifier,,D,New,To enrich,Qualifier l'activité avant tout pitch ciblé.,To enrich,No immediate action,
THALES NORWAY AS,http://thalesgroup.com/,Norvège,OSLO,,Other,À vérifier,,D,New,To enrich,Qualifier l'activité avant tout pitch ciblé.,To enrich,No immediate action,
Thales SIX GTS France,https://www.thalesgroup.com/,France,Vélizy-Villacoublay,,Other,À vérifier,,D,New,To enrich,Qualifier l'activité avant tout pitch ciblé.,To enrich,No immediate action,
"The Kinetic Group, Inc.",http://www.thekineticgroup.com/,États-Unis,Anoka,,Weapons,OEM,70.9,B,New,Energetic materials,"Vend des sous-systèmes / composants à un OEM construisant Ammunition, Logistics equipment.","Hi — The Kinetic Group, Inc.",Review website and validate opportunity,
THE PLACE BY CCI 18,https://www.linkedin.com/company/the-place-by-cci-18/,France,BOURGES,,Other,À vérifier,,D,New,To enrich,Qualifier l'activité avant tout pitch ciblé.,To enrich,No immediate action,
THE ROTATION LINK,https://www.everaxis.com/,France,LE PLESSIS ROBINSON,,Other,À vérifier,,D,New,To enrich,Qualifier l'activité avant tout pitch ciblé.,To enrich,No immediate action,
THEON SENSORS S.A.,http://www.theon.com/,Grèce,"KOROPI, ATHENS",https://gr.linkedin.com/company/theon-international,Land defense,OEM,80.0,A,New,Engines / propulsion,"Sous-systèmes, composites, certification pour primes terrestres.",Hi — I noticed THEON SENSORS S.A.,Contact sales team and qualify need,
Thermobile Industries,http://www.thermobile.com/,Pays-Bas,BREDA,,Other,À vérifier,,D,New,To enrich,Qualifier l'activité avant tout pitch ciblé.,To enrich,No immediate action,
THERMOTEKNIX,http://www.thermoteknix.com/,Royaume-Uni,CAMBRIDGE,https://www.linkedin.com/company/thermoteknix-systems-ltd,Soldier systems,OEM,77.0,A,New,Electronic components,"Textiles, composites, optronique, énergie pour kits soldat.","Hi — I noticed THERMOTEKNIX builds Optronics / Optics, Soldier equipment (+5) for Soldier systems.",Contact sales team and qualify need,
THREOD SYSTEMS,http://www.threod.com/,Estonie,VIIMSI,,Other,À vérifier,,D,New,To enrich,Qualifier l'activité avant tout pitch ciblé.,To enrich,No immediate action,
thyssenkrupp Supply Chain Solutions,http://www.thyssenkrupp-supply-chain-solutions.com/en/home,France,MAUREPAS CEDEX,https://www.linkedin.com/company/thyssenkrupp-aerospace,Logistics / MRO,OEM,64.1,B,New,Engines / propulsion,"Vend des sous-systèmes / composants à un OEM construisant Vehicles, Communications networks.","Hi — thyssenkrupp Supply Chain Solutions ships Vehicles, Communications networks to Aerospace primes.",Review website and validate opportunity,
TI.SYSTEMS,http://www.ti.systems/,Allemagne,NEUSS,,Other,À vérifier,,D,New,To enrich,Qualifier l'activité avant tout pitch ciblé.,To enrich,No immediate action,
TIAG Industries,http://www.tiag-containers.com/,France,VERSAILLES,https://www.linkedin.com/company/tiag-industries/,Land defense,OEM,63.0,B,New,Engines / propulsion,"Vend des sous-systèmes / composants à un OEM construisant Vehicles, Weapons.","Hi — TIAG Industries ships Vehicles, Weapons (+3) to Land forces.",Review website and validate opportunity,
Tiami Networks,https://www.tiaminetworks.com/,États-Unis,SACRAMENTO,https://www.linkedin.com/company/tiami-networks/,Intelligence / ISR,OEM,72.5,B,New,Energy / batteries,"Capteurs, payloads optroniques, communications pour plateformes ISR.","Hi — I noticed Tiami Networks builds UAV / drones, Counter-UAV systems (+10) for Intelligence / ISR.",Review website and validate opportunity,
Tibidabo Defence & Security,http://www.tibidaboscientific.com/,Royaume-Uni,MADISON,https://www.linkedin.com/company/tibidabo-scientific-industries/?viewAsMember=true,Intelligence / ISR,OEM,78.5,A,New,Mechanical parts,"Capteurs, payloads optroniques, communications pour plateformes ISR.","Hi — I noticed Tibidabo Defence & Security builds Logistics equipment, Vehicles (+7) for Intelligence / ISR.",Contact sales team and qualify need,
TICRA FOND,,Danemark,København K,,Other,À vérifier,,D,New,To enrich,Qualifier l'activité avant tout pitch ciblé.,To enrich,No immediate action,
TIMONEY,http://www.timoneygroup.com/,Irlande,NAVAN,,Simulation / training,OEM,66.5,B,New,Engines / propulsion,"Vend des sous-systèmes / composants à un OEM construisant Vehicles, Logistics equipment.","Hi — TIMONEY ships Vehicles, Logistics equipment (+2) to defense customers.",Review website and validate opportunity,
TITAN DEFENSE,http://www.titan-defense.com/,France,ARNAS,,Other,À vérifier,,D,New,To enrich,Qualifier l'activité avant tout pitch ciblé.,To enrich,No immediate action,
TITAN DEFENSE,,France,,,Other,À vérifier,,D,New,To enrich,Qualifier l'activité avant tout pitch ciblé.,To enrich,No immediate action,
Titomic,https://www.titomic.com/,Pays-Bas,HEERENVEEN,,Other,À vérifier,,D,New,To enrich,Qualifier l'activité avant tout pitch ciblé.,To enrich,No immediate action,
TIVOLY,http://tivoly.com/,France,BOURGES,https://www.linkedin.com/company/tivolygroup/,Other,À vérifier,,D,New,To enrich,Qualifier l'activité avant tout pitch ciblé.,To enrich,No immediate action,
TK Engineering Oy,https://tke.fi/,Finlande,Vaasa,,Cybersecurity,Sous-traitant industriel,62.0,B,New,Engines / propulsion,"Threat intel, hardware appliances, cloud souverain, audits.","Hi — I noticed TK Engineering Oy builds Vehicles, Sensors (+6) for Cybersecurity.",Review website and validate opportunity,
"TNO DEFENCE, SAFETY & SECURITY",http://www.tno.nl/en/safe/,Pays-Bas,DEN HAAG,,Electronic warfare,Sous-traitant industriel,69.5,B,New,Engines / propulsion,"Amplis RF, processeurs signal, embarqué, antennes pour EW.","Hi — I noticed TNO DEFENCE, SAFETY & SECURITY builds Vehicles, Sensors (+14) for Electronic warfare.",Review website and validate opportunity,
TOAD – Innovation Digger,https://www.toad.fr/,France,PLUGUFFAN,https://www.linkedin.com/company/toadinnovationdigger/,Other,À vérifier,,D,New,To enrich,Qualifier l'activité avant tout pitch ciblé.,To enrich,No immediate action,
TÔLERIE JANNIN-CARNET (TJC),https://www.tjc.fr/,France,FRAGNES-LA-LOYERE,,Other,À vérifier,,D,New,To enrich,Qualifier l'activité avant tout pitch ciblé.,To enrich,No immediate action,
TOMER,https://www.tomer-rs.co.il/,Israël,TEL AVIV,,Other,À vérifier,,D,New,To enrich,Qualifier l'activité avant tout pitch ciblé.,To enrich,No immediate action,
Tomorrow.io,https://www.tomorrow.io/,États-Unis,"BOSTON, MA",https://www.linkedin.com/company/tomorrow-io/posts/?feedView=all,Naval defense,Distributeur,66.0,B,New,Engines / propulsion,"Radars, sonars, comms, armement, sustainment pour primes navals.","Hi — I noticed Tomorrow.io builds Vehicles, UAV / drones (+8) for Naval defense.",Review website and validate opportunity,
TONBO IMAGING INDIA LIMITED,http://www.tonboimaging.com/,Inde,BENGALURU,https://in.linkedin.com/company/tonbo-imaging,Intelligence / ISR,OEM,75.0,A,New,Electronic components,"Capteurs, payloads optroniques, communications pour plateformes ISR.","Hi — I noticed TONBO IMAGING INDIA LIMITED builds Optronics / Optics, Vehicles (+11) for Intelligence / ISR.",Contact sales team and qualify need,
Touchwaves,https://www.touchwaves.io/,Pays-Bas,EINDHOVEN,https://www.linkedin.com/company/touchwaves/,Intelligence / ISR,OEM,81.0,A,New,Electronic components,"Capteurs, payloads optroniques, communications pour plateformes ISR.","Hi — I noticed Touchwaves builds Sensors, Software / Platforms (+11) for Intelligence / ISR.",Contact sales team and qualify need,
Tour Equipement,https://www.tourequipement.fr/,France,Ferrières,,Other,À vérifier,,D,New,To enrich,Qualifier l'activité avant tout pitch ciblé.,To enrich,No immediate action,
TOUTABRI,https://richel-group.fr/,France,EYGALIERES,https://www.linkedin.com/company/richel-group/,Soldier systems,Bureau d'ingénierie,46.6,C,New,Industrial subcontracting / machining,"Textiles, composites, optronique, énergie pour kits soldat.",Hi — I noticed TOUTABRI builds — for Soldier systems.,Keep in watchlist,
Toutenkamion Group,http://www.toutenkamion-group.com/,France,LADON,,Other,À vérifier,,D,New,To enrich,Qualifier l'activité avant tout pitch ciblé.,To enrich,No immediate action,
TPL Systèmes,https://www.tplsystemes.com/,France,SARLAT LA CANÉDA,https://www.linkedin.com/company/806769/,Other,À vérifier,,D,New,To enrich,Qualifier l'activité avant tout pitch ciblé.,To enrich,No immediate action,
TPU,https://www.tpu.ua/,Ukraine,KYIV,,Other,À vérifier,,D,New,To enrich,Qualifier l'activité avant tout pitch ciblé.,To enrich,No immediate action,
TR Equipement,http://www.tr-equipement.com/,France,ECOUFLANT,https://fr.linkedin.com/company/tr-equipement,Optics / optronics,Distributeur,77.5,A,New,Electronic components,"Verre spécial, détecteurs, mécanique de précision pour optronique.","Hi — I noticed TR Equipement builds Optronics / Optics, Soldier equipment (+3) for Optics / optronics.",Contact sales team and qualify need,
TRAAK,https://www.traak.tech/,France,MAISONS LAFFITTE,,Other,À vérifier,,D,New,To enrich,Qualifier l'activité avant tout pitch ciblé.,To enrich,No immediate action,
TRAAM S.R.O.,http://www.traam.cz/,République tchèque,PRELOUC,,Armored vehicles,OEM,58.5,C,New,Engines / propulsion,"Vend des sous-systèmes / composants à un OEM construisant Vehicles, Soldier equipment.","Hi — TRAAM S.R.O. ships Vehicles, Soldier equipment (+1) to defense customers.",Keep in watchlist,
TRA-C industrie,http://www.tra-c.com/,France,VINDRY-SUR-TURDINE,https://www.linkedin.com/company/tra-c-industrie/,Industrial subcontracting,Sous-traitant industriel,66.6,B,New,Electronic components,"Matières premières, outils coupants, services qualité pour sous-traitants.","Hi — I noticed TRA-C industrie builds Robotics / UGV, Mechanical parts (+1) for Industrial subcontracting.",Review website and validate opportunity,
Trade Estonia/Defence Estonia,https://tradewithestonia.com/,Estonie,TALLINN,,Other,À vérifier,,D,New,To enrich,Qualifier l'activité avant tout pitch ciblé.,To enrich,No immediate action,
TRANSATEL,http://www.transatel.com/,France,COURBEVOIE,https://www.linkedin.com/company/transatel/,Other,À vérifier,17.6,D,New,Industrial subcontracting / machining,Qualifier l'activité avant tout pitch ciblé.,Hi — I noticed TRANSATEL at Eurosatory.,No immediate action,
TRANSMOBIL,http://transmobile.eu/,Bulgarie,SOFIA,,Armored vehicles,OEM,65.5,B,New,Engines / propulsion,"Vend des sous-systèmes / composants à un OEM construisant Vehicles, Weapons.","Hi — TRANSMOBIL ships Vehicles, Weapons (+3) to defense customers.",Review website and validate opportunity,
TRAX TRAILERS,https://www.trax-trailers.com/,Luxembourg,FOETZ,,Other,À vérifier,,D,New,To enrich,Qualifier l'activité avant tout pitch ciblé.,To enrich,No immediate action,
TRELLEBORG CLERMONT-FERRAND SAS,https://www.trelleborg.com/,France,CLERMONT FERRAND CEDEX 2,,Other,À vérifier,,D,New,To enrich,Qualifier l'activité avant tout pitch ciblé.,To enrich,No immediate action,
TRELLISWARE TECHNOLOGIES,,États-Unis,SAN DIEGO,,Other,À vérifier,,D,New,To enrich,Qualifier l'activité avant tout pitch ciblé.,To enrich,No immediate action,
TRIARII INTERNATIONAL CONSULTING GROUP LLC,http://www.triarii-international.com/,États-Unis,STAFFORD,https://www.linkedin.com/company/triarii-international-consulting-group-llc/posts/?feedView=all,Intelligence / ISR,Distributeur,76.0,A,New,Engines / propulsion,"Capteurs, payloads optroniques, communications pour plateformes ISR.","Hi — I noticed TRIARII INTERNATIONAL CONSULTING GROUP LLC builds Vehicles, UAV / drones (+15) for Intelligence / ISR.",Contact sales team and qualify need,
"TRIJICON, INC.",https://www.trijicon.com/,États-Unis,STAFFORD,,Other,À vérifier,,D,New,To enrich,Qualifier l'activité avant tout pitch ciblé.,To enrich,No immediate action,
Tril strong d.o.o.,https://tril-strong.hr/,Croatie,Ilok,,Other,Sous-traitant industriel,21.6,D,New,Industrial subcontracting / machining,Activité à qualifier — discovery call avant pitch précis.,Hi — I noticed Tril strong d.o.o.,No immediate action,
Trimark Europe Limited,http://www.trimarkcorp.com/,Royaume-Uni,LEICESTERSHIRE,https://www.linkedin.com/company/2130328/admin/dashboard/,Armored vehicles,Sous-traitant industriel,61.8,B,New,Engines / propulsion,"Moteurs, composites, plaques balistiques, optronique, comms pour OEM blindés.","Hi — I noticed Trimark Europe Limited builds Vehicles, Naval systems for Armored vehicles.",Review website and validate opportunity,
Triplecut A/S,,Danemark,Vejle,,Other,À vérifier,,D,New,To enrich,Qualifier l'activité avant tout pitch ciblé.,To enrich,No immediate action,
TRON FUTURE TECH INC,http://www.tronfuture.com/,Taïwan,HSINCHU,https://www.linkedin.com/company/tronfuturetech/,Electronic warfare,OEM,79.0,A,New,Energy / batteries,"Amplis RF, processeurs signal, embarqué, antennes pour EW.","Hi — I noticed TRON FUTURE TECH INC builds UAV / drones, Counter-UAV systems (+14) for Electronic warfare.",Contact sales team and qualify need,
TRONICO,https://www.tronico-alcen.com/,France,SAINT PHILIBERT DE BOUAINE,https://www.linkedin.com/company/71464,Other,À vérifier,,D,New,To enrich,Qualifier l'activité avant tout pitch ciblé.,To enrich,No immediate action,
TRYAME,http://www.tryame.com/,France,PARIS,,Other,À vérifier,,D,New,To enrich,Qualifier l'activité avant tout pitch ciblé.,To enrich,No immediate action,
TSD TECHNOLOGY AND SECURITY DEVELOPMENTS,https://www.tsdinternational.com/,Espagne,Herencia (Ciudad Real),,Other,À vérifier,,D,New,To enrich,Qualifier l'activité avant tout pitch ciblé.,To enrich,No immediate action,
TSS INTERNATIONAL BV,https://www.tssh.com/,Pays-Bas,BARENDRECHT,,Other,À vérifier,,D,New,To enrich,Qualifier l'activité avant tout pitch ciblé.,To enrich,No immediate action,
TUALCOM,http://www.tualcom.com/,Turquie,"CANKAYA, ANKARA",https://www.linkedin.com/company/tualcom/,Electronic warfare,OEM,62.2,B,New,Electronic components,"Amplis RF, processeurs signal, embarqué, antennes pour EW.","Hi — I noticed TUALCOM builds Sensors, Radars (+1) for Electronic warfare.",Review website and validate opportunity,
TULEAP,http://www.tuleap.com/,France,SAINT ALBAN LEYSSE,https://www.linkedin.com/company/tuleap/,Other,À vérifier,,D,New,To enrich,Qualifier l'activité avant tout pitch ciblé.,To enrich,No immediate action,
Tulip Tech,https://www.tulip.tech/,Pays-Bas,'S-HERTOGENBOSCH,https://www.linkedin.com/company/tulip-tech,UAV / drones,Distributeur,75.5,A,New,Energy / batteries,Sub-system / payload pour OEM drones tactiques.,"Hi — Tulip Tech ships UAV / drones, Software / Platforms (+2) to Defense ministries, Critical infrastructure (+1).",Contact sales team and qualify need,
TUPACK EM2,http://www.tkdefense.eu/,France,ANCENIS CEDEX,,Other,À vérifier,,D,New,To enrich,Qualifier l'activité avant tout pitch ciblé.,To enrich,No immediate action,
Tutus,http://tutus.se/,Suède,Danderyd,https://linkedin.com/company/tutus-data,Cybersecurity,OEM,51.1,C,New,Cloud / data services,"Outils SOC/SIEM, brique de sécurité défensive pour vendeur cyber.","Hi — Tutus ships Software / Platforms, Communications networks to defense customers.",Keep in watchlist,
TWG,http://www.team-twg.com/,États-Unis,JENKS,,Other,À vérifier,,D,New,To enrich,Qualifier l'activité avant tout pitch ciblé.,To enrich,No immediate action,
TWI GLOBAL,https://www.twiglobal.com/,États-Unis,LAS VEGAS,,Other,À vérifier,,D,New,To enrich,Qualifier l'activité avant tout pitch ciblé.,To enrich,No immediate action,
TwinswHeel,https://www.twinswheel.fr/,France,FONTANES,,Other,À vérifier,,D,New,To enrich,Qualifier l'activité avant tout pitch ciblé.,To enrich,No immediate action,
TWK,https://twk.de/,Allemagne,DÜSSELDORF,www.linkedin.com/company/twk-elektronik,Other,OEM,35.9,D,New,Mechanical parts,Vend des sous-systèmes / composants à un OEM construisant Logistics equipment.,Hi — TWK ships Logistics equipment to defense customers.,No immediate action,
"TYR TACTICAL, LLC",http://www.tyrtactical.com/,États-Unis,PEORIA,,Other,À vérifier,,D,New,To enrich,Qualifier l'activité avant tout pitch ciblé.,To enrich,No immediate action,
Tyron Runflat,http://www.tyron.com/,Royaume-Uni,LOUGHBOROUGH,,Other,À vérifier,,D,New,To enrich,Qualifier l'activité avant tout pitch ciblé.,To enrich,No immediate action,
Tyto Robotics,https://www.tytorobotics.com/,Canada,GATINEAU,https://www.linkedin.com/company/tytorobotics/,Other,À vérifier,5.0,D,New,To enrich,Qualifier l'activité avant tout pitch ciblé.,Hi — I noticed Tyto Robotics at Eurosatory.,No immediate action,
U.S. Ordnance,http://www.usord.com/,États-Unis,MCCARRAN,,Land defense,Distributeur,71.6,B,New,Mechanical parts,"Vend des sous-systèmes / composants à un OEM construisant Weapons, Naval systems.","Hi — U.S. Ordnance ships Weapons, Naval systems (+2) to Defense ministries, Police / law enforcement (+3).",Review website and validate opportunity,
UAB BROLIS SEMICONDUCTORS,https://brolis-defence.com/,Lituanie,VILNIUS,,Other,À vérifier,,D,New,To enrich,Qualifier l'activité avant tout pitch ciblé.,To enrich,No immediate action,
UDINFO,http://www.udinfo-tech.com/,Taïwan,LA PALMA,https://www.linkedin.com/company/udinfocorp,Engineering services,OEM,57.8,C,New,Electronic components,Vend des sous-systèmes / composants à un OEM construisant Embedded systems.,Hi — UDINFO ships Embedded systems to Defense ministries.,Keep in watchlist,
UKR ARMO TECH,https://www.ukrarmo.tech/,Ukraine,KYIV,,Land defense,OEM,70.5,B,New,Mechanical parts,"Vend des sous-systèmes / composants à un OEM construisant Logistics equipment, Vehicles.","Hi — UKR ARMO TECH ships Logistics equipment, Vehicles (+8) to Aerospace primes, Special forces (+2).",Review website and validate opportunity,
UKRAINIAN COUNCIL OF DEFENCE INDUSTRY,http://ucdi.org.ua/en/,Ukraine,KYIV,https://www.linkedin.com/company/ukrainian-council-of-defence-industry/,UAV / drones,OEM,71.0,B,New,Mechanical parts,Sub-system / payload pour OEM drones tactiques.,"Hi — UKRAINIAN COUNCIL OF DEFENCE INDUSTRY ships Logistics equipment, UAV / drones (+1) to Land forces.",Review website and validate opportunity,
ULBRICHTS GMBH,http://www.ulbrichts.com/,Autriche,Rüstörf,https://www.linkedin.com/company/ulbrichts/,Ammunition,OEM,69.0,B,New,Mechanical parts,"Vend des sous-systèmes / composants à un OEM construisant Logistics equipment, Soldier equipment.","Hi — ULBRICHTS GMBH ships Logistics equipment, Soldier equipment (+1) to Special forces, Police / law enforcement (+1).",Review website and validate opportunity,
Ultra I&C,https://www.ultra-ic.com/,Royaume-Uni,Middlesex,,Intelligence / ISR,Distributeur,75.0,A,New,Electronic components,"Capteurs, payloads optroniques, communications pour plateformes ISR.","Hi — I noticed Ultra I&C builds Optronics / Optics, Software / Platforms (+9) for Intelligence / ISR.",Contact sales team and qualify need,
UNAC,http://www.unac.fr/,France,VERGEZE,https://www.linkedin.com/company/unac-france/,Other,À vérifier,14.6,D,New,Industrial subcontracting / machining,Qualifier l'activité avant tout pitch ciblé.,Hi — I noticed UNAC at Eurosatory.,No immediate action,
"Unfazed, SIA",https://foffindustries.com/,Lettonie,Riga,,Other,À vérifier,,D,New,To enrich,Qualifier l'activité avant tout pitch ciblé.,To enrich,No immediate action,
Unikie Oy,http://unikie.com/,Finlande,Tampere,https://www.linkedin.com/company/unikie/,Electronic warfare,OEM,69.0,B,New,Engines / propulsion,"Amplis RF, processeurs signal, embarqué, antennes pour EW.","Hi — I noticed Unikie Oy builds Vehicles, UAV / drones (+12) for Electronic warfare.",Review website and validate opportunity,
Unis Ginex d.d. Gorazde,http://www.unisginex.com/,Bosnia and Herzegovina,Gorazde,,Other,À vérifier,18.6,D,New,Industrial subcontracting / machining,Qualifier l'activité avant tout pitch ciblé.,Hi — I noticed Unis Ginex d.d.,No immediate action,
Unistring Tech Solutions,https://www.unistring.com/,Inde,HYDERABAD,,Other,À vérifier,,D,New,To enrich,Qualifier l'activité avant tout pitch ciblé.,To enrich,No immediate action,
United Group for Investment and Trade,https://www.united-git.com/,Égypte,ALEXANDRIE,,Soldier systems,Distributeur,56.1,C,New,Composite materials,Canal de distribution / représentation pour notre portefeuille.,Hi — we're scouting an exclusive distributor for Africa.,Keep in watchlist,
UNITED MILITARY SERVICES,http://www.ums.as/,Danemark,REGSTRUP,https://www.linkedin.com/company/united-military-services-a-s/?viewAsMember=true,Armored vehicles,OEM,65.0,B,New,Engines / propulsion,"Vend des sous-systèmes / composants à un OEM construisant Vehicles, Logistics equipment.","Hi — UNITED MILITARY SERVICES ships Vehicles, Logistics equipment (+4) to defense customers.",Review website and validate opportunity,
Université PSL -Pôle PSL Innovation,http://psl.eu/innovation/relations-entreprises,France,PARIS CEDEX 06,https://www.linkedin.com/school/universit%C3%A9-psl/,Intelligence / ISR,À vérifier,47.6,C,New,Industrial subcontracting / machining,"Capteurs, payloads optroniques, communications pour plateformes ISR.",Hi — I noticed Université PSL -Pôle PSL Innovation builds — for Intelligence / ISR.,Keep in watchlist,
Unmanned Defense Systems,http://www.udefenses.com/,Lituanie,Vilnius,https://www.linkedin.com/company/udefenses/,Intelligence / ISR,OEM,78.5,A,New,Energy / batteries,"Capteurs, payloads optroniques, communications pour plateformes ISR.","Hi — I noticed Unmanned Defense Systems builds UAV / drones, Sensors (+10) for Intelligence / ISR.",Contact sales team and qualify need,
Unseenlabs,http://unseenlabs.com/,France,CESSON-SEVIGNE,https://www.linkedin.com/company/unseenlabs/,Intelligence / ISR,OEM,74.5,B,New,Composite materials,"Capteurs, payloads optroniques, communications pour plateformes ISR.","Hi — I noticed Unseenlabs builds Satellites / Space, Naval systems (+4) for Intelligence / ISR.",Review website and validate opportunity,
UP LIFTING,http://www.uplifting.es/,Espagne,HUESCA,https://www.linkedin.com/company/91593635,Logistics / MRO,OEM,72.9,B,New,Mechanical parts,"Pièces de rechange, calibration, certification pour acteurs MRO.",Hi — I noticed UP LIFTING builds Logistics equipment for Logistics / MRO.,Review website and validate opportunity,
UPLIFT360 EUROPE S.A.R.L.,https://www.uplift360.tech/,Luxembourg,Esch-sur-Alzette,,Other,À vérifier,,D,New,To enrich,Qualifier l'activité avant tout pitch ciblé.,To enrich,No immediate action,
"URC Systems, spol. s r.o.",https://www.urc-systems.cz/en/,République tchèque,DRŽOVICE,,Intelligence / ISR,OEM,77.0,A,New,Engines / propulsion,"Capteurs, payloads optroniques, communications pour plateformes ISR.","Hi — I noticed URC Systems, spol.",Contact sales team and qualify need,
UROVESA URO VEHICULOS ESPECIALES SA,http://www.urovesa.com/,Espagne,SANTIAGO DE COMPOSTELA (LA CORUNA),,Other,À vérifier,,D,New,To enrich,Qualifier l'activité avant tout pitch ciblé.,To enrich,No immediate action,
UTAC,http://www.utac.com/,France,LINAS,https://www.linkedin.com/company/utaccompany/mycompany/,Intelligence / ISR,Distributeur,78.0,A,New,Engines / propulsion,"Capteurs, payloads optroniques, communications pour plateformes ISR.","Hi — I noticed UTAC builds Vehicles, Communications networks (+5) for Intelligence / ISR.",Contact sales team and qualify need,
UTILIS SAS,http://www.utilis-international.com/,France,ENNERY,,Other,À vérifier,,D,New,To enrich,Qualifier l'activité avant tout pitch ciblé.,To enrich,No immediate action,
UTM LTD,https://www.utmworldwide.com/,Royaume-Uni,MILDENHALL,,Soldier systems,OEM,81.0,A,New,Composite materials,"Textiles, composites, optronique, énergie pour kits soldat.","Hi — I noticed UTM LTD builds Soldier equipment, Weapons (+7) for Soldier systems.",Contact sales team and qualify need,
UTS Systems,https://www.uts-systems.com/,États-Unis,Fairfield,,Other,À vérifier,,D,New,To enrich,Qualifier l'activité avant tout pitch ciblé.,To enrich,No immediate action,
UXV TECHNOLOGIES APS,https://www.uxvtechnologies.com/,Danemark,ISHØJ,,Other,À vérifier,,D,New,To enrich,Qualifier l'activité avant tout pitch ciblé.,To enrich,No immediate action,
V.S.E. Vehicle Systems Engineering,http://www.v-s-e.com/,Pays-Bas,VEENENDAAL,https://www.linkedin.com/company/v-s-e-vehicle-systems-engineering-b-v-/,Radar / sensors,Distributeur,79.0,A,New,Engines / propulsion,"Front-ends RF, processeurs, mécanique de précision pour fabricants radars.",Hi — I noticed V.S.E.,Contact sales team and qualify need,
VALLON GMBH,http://www.vallon.de/,Allemagne,ENINGEN,,Other,À vérifier,,D,New,To enrich,Qualifier l'activité avant tout pitch ciblé.,To enrich,No immediate action,
VAN HALTEREN TECHNOLOGIES,http://www.vanhalteren.com/,Pays-Bas,BUNSCHOTEN,https://www.linkedin.com/company/van-halteren-technologies/,Armored vehicles,OEM,71.0,B,New,Engines / propulsion,"Moteurs, composites, plaques balistiques, optronique, comms pour OEM blindés.","Hi — I noticed VAN HALTEREN TECHNOLOGIES builds Vehicles, Ammunition (+6) for Armored vehicles.",Review website and validate opportunity,
VÅPENSMIA,http://vapensmia.no/,Norvège,DOKKA,,Other,À vérifier,,D,New,To enrich,Qualifier l'activité avant tout pitch ciblé.,To enrich,No immediate action,
Variene AI,https://variene.ai/,Grèce,Athens,,Intelligence / ISR,OEM,67.5,B,New,Engines / propulsion,"Capteurs, payloads optroniques, communications pour plateformes ISR.","Hi — I noticed Variene AI builds Vehicles, UAV / drones (+7) for Intelligence / ISR.",Review website and validate opportunity,
Vatn Systems,http://www.vatnsystems.com/,États-Unis,Bristol,,Intelligence / ISR,OEM,67.5,B,New,Engines / propulsion,"Capteurs, payloads optroniques, communications pour plateformes ISR.","Hi — I noticed Vatn Systems builds Vehicles, Sensors (+6) for Intelligence / ISR.",Review website and validate opportunity,
VBI - INSPIRE PROTECTION,https://www.inspire-protection.fr/,France,POUILLY SOUS CHARLIEU,,Other,À vérifier,,D,New,To enrich,Qualifier l'activité avant tout pitch ciblé.,To enrich,No immediate action,
VectorNav Technologies,https://vectornav.com/,États-Unis,DALLAS,https://www.linkedin.com/company/vectornav-technologies,Space / satellite,OEM,65.0,B,New,Engines / propulsion,"Composites, capteurs, comms, lancement pour primes spatiaux.","Hi — I noticed VectorNav Technologies builds Vehicles, Sensors (+8) for Space / satellite.",Review website and validate opportunity,
VEER-O-METALS PRIVATE LIMITED,https://www.veerometals.com/,Inde,Bengaluru,,Other,À vérifier,,D,New,To enrich,Qualifier l'activité avant tout pitch ciblé.,To enrich,No immediate action,
VEGA HOLSTER SRL,http://www.vegaholster.com/,Italie,CALCINAIA (PISA),,Optics / optronics,Distributeur,80.0,A,New,Electronic components,Canal de distribution / représentation pour notre portefeuille.,Hi — we're scouting an exclusive distributor for NATO (+3).,Contact sales team and qualify need,
VEGVISIR,http://www.vegvisir.ee/,Estonie,Tallinn,https://www.linkedin.com/company/vegvisirar/,Intelligence / ISR,OEM,70.5,B,New,Engines / propulsion,"Capteurs, payloads optroniques, communications pour plateformes ISR.","Hi — I noticed VEGVISIR builds Vehicles, UAV / drones (+9) for Intelligence / ISR.",Review website and validate opportunity,
Vello Elektro,https://www.vello.nl/,Pays-Bas,DUIVEN,https://www.linkedin.com/company/42420996/,Export / distribution,Distributeur,58.6,C,New,"Materials (Li-ion, electrolytes)","Vend des sous-systèmes / composants à un OEM construisant Energy / batteries, Vehicles.","Hi — Vello Elektro ships Energy / batteries, Vehicles (+1) to defense customers.",Keep in watchlist,
VENTURETEC ROTATING SYSTEMS GMBH,http://venturetec.de/defense,Allemagne,KAUFBEUREN,https://de.linkedin.com/company/venturetec-rotating-systems-gmbh,Intelligence / ISR,OEM,76.0,A,New,Engines / propulsion,"Capteurs, payloads optroniques, communications pour plateformes ISR.","Hi — I noticed VENTURETEC ROTATING SYSTEMS GMBH builds Vehicles, UAV / drones (+11) for Intelligence / ISR.",Contact sales team and qualify need,
Veptos,http://www.veptos.com/,États-Unis,New Boston,,UAV / drones,OEM,69.5,B,New,Engines / propulsion,"Fournisseur de batteries, moteurs, optronique, RF, composites pour fabricants UAV.","Hi — I noticed Veptos builds Vehicles, UAV / drones (+2) for UAV / drones.",Review website and validate opportunity,
Vericut,http://vericut.fr/,France,Rueil-Malmaison,,Other,OEM,65.0,B,New,Cloud / data services,Activité à qualifier — discovery call avant pitch précis.,"Hi — I noticed Vericut builds Software / Platforms, Robotics / UGV (+1) for Other.",Review website and validate opportunity,
VEROT,https://www.verot.com/,Espagne,"Logrezana, Asturias",,Other,À vérifier,,D,New,To enrich,Qualifier l'activité avant tout pitch ciblé.,To enrich,No immediate action,
VEX Hungarian Defense and Space Export Agency,http://www.vexhungary.com/,Hongrie,BUDAPEST,https://www.linkedin.com/company/vex-hungary/,Other,À vérifier,27.1,D,New,Industrial subcontracting / machining,Qualifier l'activité avant tout pitch ciblé.,Hi — I noticed VEX Hungarian Defense and Space Export Agency at Eurosatory.,No immediate action,
VF VENIERI SPA,http://www.vf-venieri.com/,Italie,LUGO,https://www.linkedin.com/company/vf-venieri-spa,Naval defense,Distributeur,71.5,B,New,Mechanical parts,"Radars, sonars, comms, armement, sustainment pour primes navals.","Hi — I noticed VF VENIERI SPA builds Logistics equipment, Communications networks (+3) for Naval defense.",Review website and validate opportunity,
V-great International Limited,http://www.v-great.com/,Chine,BEIJING,,Other,À vérifier,,D,New,To enrich,Qualifier l'activité avant tout pitch ciblé.,To enrich,No immediate action,
VIC TEC,,Lettonie,RIGA,,Other,À vérifier,,D,New,To enrich,Qualifier l'activité avant tout pitch ciblé.,To enrich,No immediate action,
VICTORINOX,http://www.victorinox.com/,Suisse,IBACH-SCHWYZ,,C4ISR,Distributeur,75.1,A,New,RF / microwave components,Canal de distribution / représentation pour notre portefeuille.,Hi — we're scouting an exclusive distributor for France (+2).,Contact sales team and qualify need,
Viking Lighting - INGENJÖRSFIRMA TEKNOPROD AKTIEBOLAG,http://www.vikinglighting.com/,Suède,TABY,,Radar / sensors,OEM,77.5,A,New,Electronic components,"Front-ends RF, processeurs, mécanique de précision pour fabricants radars.","Hi — I noticed Viking Lighting - INGENJÖRSFIRMA TEKNOPROD AKTIEBOLAG builds Sensors, Logistics equipment (+3) for Radar / sensors.",Contact sales team and qualify need,
VINCORION,https://www.vincorion.com/,Allemagne,WEDEL,https://www.linkedin.com/company/vincorion/,Cybersecurity,OEM,76.0,A,New,Engines / propulsion,"Threat intel, hardware appliances, cloud souverain, audits.","Hi — I noticed VINCORION builds Vehicles, Logistics equipment (+3) for Cybersecurity.",Contact sales team and qualify need,
VIPULSE TEKNOLOJI A.Ş.,http://www.vipulsetech.com/,Turquie,ANKARA,https://linkedin.com/company/vipulse-kft,Naval defense,OEM,73.0,B,New,Energy / batteries,"Radars, sonars, comms, armement, sustainment pour primes navals.",Hi — I noticed VIPULSE TEKNOLOJI A.Ş.,Review website and validate opportunity,
VIRGINIA ECONOMIC DEVELOPMENT PARTNERSHIP,http://www.vedp.org/industry/aerospace,États-Unis,RICHMOND,,Other,À vérifier,16.6,D,New,Industrial subcontracting / machining,Qualifier l'activité avant tout pitch ciblé.,Hi — I noticed VIRGINIA ECONOMIC DEVELOPMENT PARTNERSHIP at Eurosatory.,No immediate action,
VIRTUAL REALITY MEDIA,http://www.vrm.sk/,Slovaquie,TRENCIN,,Intelligence / ISR,OEM,80.5,A,New,Engines / propulsion,"Capteurs, payloads optroniques, communications pour plateformes ISR.","Hi — I noticed VIRTUAL REALITY MEDIA builds Vehicles, UAV / drones (+8) for Intelligence / ISR.",Contact sales team and qualify need,
VIRTUALWARE,https://www.virtualwareco.com/,Espagne,Basauri,,Cybersecurity,OEM,78.0,A,New,Cloud / data services,"Threat intel, hardware appliances, cloud souverain, audits.","Hi — I noticed VIRTUALWARE builds Software / Platforms, Simulators / Training (+2) for Cybersecurity.",Contact sales team and qualify need,
VISION ENGINEERING LTD,https://visioneng.fr/,France,LE PLESSIS PATÉ,https://www.linkedin.com/company/vision-engineering-france/?viewAsMember=true,Simulation / training,OEM,75.0,A,New,Industrial subcontracting / machining,"Visuel, motion, haptique, IA pour fabricants de simulateurs.","Hi — I noticed VISION ENGINEERING LTD builds Electronic components, Simulators / Training (+2) for Simulation / training.",Contact sales team and qualify need,
VITABRI,http://www.vitabri.com/,France,BESANCON,https://fr.linkedin.com/company/vitabri,Other,À vérifier,,D,New,To enrich,Qualifier l'activité avant tout pitch ciblé.,To enrich,No immediate action,
VITEC,http://www.vitec.com/,France,CHATILLON,https://www.linkedin.com/company/vitec-multimedia/,Intelligence / ISR,Intégrateur,80.0,A,New,Cloud / data services,"Vend des sous-systèmes / composants à un OEM construisant Software / Platforms, Logistics equipment.","Hi — VITEC ships Software / Platforms, Logistics equipment (+6) to Land forces, Air forces (+2).",Contact sales team and qualify need,
VITZROCELL,https://www.vitzrocell.com/,Corée du Sud,SEOUL,,Other,À vérifier,,D,New,To enrich,Qualifier l'activité avant tout pitch ciblé.,To enrich,No immediate action,
VIZGARD LTD,,Royaume-Uni,LONDON,,Other,À vérifier,,D,New,To enrich,Qualifier l'activité avant tout pitch ciblé.,To enrich,No immediate action,
VLM Robotics,https://www.vlm-robotics.fr/,France,LE BARP,,AI / data,OEM,67.5,B,New,Mechanical parts,"GPUs, cloud, data annotation, hardening cyber pour plateforme IA.","Hi — I noticed VLM Robotics builds Logistics equipment, Robotics / UGV (+3) for AI / data.",Review website and validate opportunity,
"VMV, spol. s r. o.",http://www.vmv.cz/en/,République tchèque,Jihlava,https://www.linkedin.com/company/vmv-spol.-s-r.-o./,C4ISR,OEM,64.0,B,New,Cloud / data services,"Composants, sous-systèmes, software, services pour primes C4ISR.","Hi — I noticed VMV, spol.",Review website and validate opportunity,
VODEA,http://www.vodea.com/,France,LABEGE,https://www.linkedin.com/company/vodea,Intelligence / ISR,OEM,76.0,A,New,Energy / batteries,"Capteurs, payloads optroniques, communications pour plateformes ISR.","Hi — I noticed VODEA builds UAV / drones, Sensors (+3) for Intelligence / ISR.",Contact sales team and qualify need,
Volkswagen Commercial Vehicles,http://www.vwvu.fr/,France,VILLERS-COTTER,https://www.linkedin.com/company/volkswagen-v%C3%A9hicules-utilitaires/?viewAsMember=true,Other,À vérifier,,D,New,To enrich,Qualifier l'activité avant tout pitch ciblé.,To enrich,No immediate action,
VOLT TECH,https://voltteknoloji.com.tr/,Turquie,İZMİR,,Other,À vérifier,,D,New,To enrich,Qualifier l'activité avant tout pitch ciblé.,To enrich,No immediate action,
VOLUM-E,http://www.volum-e.com/,France,BLANGY SUR BRESLE,https://www.linkedin.com/company/mmbvolum-e/,Space / satellite,OEM,66.0,B,New,Mechanical parts,"Composites, capteurs, comms, lancement pour primes spatiaux.","Hi — I noticed VOLUM-E builds Logistics equipment, Mechanical parts for Space / satellite.",Review website and validate opportunity,
VOLVO DEFENSE AB,http://www.volvodefense.com/,Suède,GÖTEBORG,,Other,À vérifier,,D,New,To enrich,Qualifier l'activité avant tout pitch ciblé.,To enrich,No immediate action,
VR CARS,https://www.vrcars.eu/,Lettonie,RĪGA,,Other,À vérifier,,D,New,To enrich,Qualifier l'activité avant tout pitch ciblé.,To enrich,No immediate action,
VR FLEETCARE,https://www.vrfleetcare.com/en/,Finlande,HELSINKI,,Armored vehicles,OEM,61.0,B,New,RF / microwave components,"Moteurs, composites, plaques balistiques, optronique, comms pour OEM blindés.","Hi — I noticed VR FLEETCARE builds Communications networks, Vehicles (+2) for Armored vehicles.",Review website and validate opportunity,
VTT Technical Research Centre of Finland Ltd,http://www.vttresearch.com/en,Finlande,Espoo,https://fi.linkedin.com/company/vtt,Intelligence / ISR,Sous-traitant industriel,72.5,B,New,Engines / propulsion,"Capteurs, payloads optroniques, communications pour plateformes ISR.","Hi — I noticed VTT Technical Research Centre of Finland Ltd builds Vehicles, UAV / drones (+10) for Intelligence / ISR.",Review website and validate opportunity,
VZDUCHOTECHNIK S.R.O.,http://www.firbach.com/,République tchèque,CHRASTAVA,,Ammunition,OEM,68.0,B,New,Mechanical parts,"Vend des sous-systèmes / composants à un OEM construisant Logistics equipment, Ammunition.",Hi — VZDUCHOTECHNIK S.R.O.,Review website and validate opportunity,
W&E PLATT PTY LTD,https://www.plattmounts.com/,Australie,INGLEBURN,,Other,À vérifier,,D,New,To enrich,Qualifier l'activité avant tout pitch ciblé.,To enrich,No immediate action,
W. L. Gore & Associes S.A.R.L.,http://www.gore.com/,France,PARIS,https://www.linkedin.com/company/gore-aerospace-defense-products,Other,À vérifier,,D,New,To enrich,Qualifier l'activité avant tout pitch ciblé.,To enrich,No immediate action,
W5 Solutions,http://w5solutions.com/,Suède,Nacka Strand,https://linkedin.com/company/w5-solution-ab/,Radar / sensors,OEM,71.0,B,New,Software,"Front-ends RF, processeurs, mécanique de précision pour fabricants radars.","Hi — I noticed W5 Solutions builds Simulators / Training, Energy / batteries (+3) for Radar / sensors.",Review website and validate opportunity,
Walaris GmbH,http://www.walaris.com/,Allemagne,Nürnberg,,Counter-UAV,Éditeur logiciel,68.0,B,New,Energy / batteries,"Fournisseur de RF, radars, optronique et embarqués pour stacks anti-drone.","Hi — I noticed Walaris GmbH builds UAV / drones, Sensors (+4) for Counter-UAV.",Review website and validate opportunity,
WALTER FRANCE,http://www.walter-tools.com/fr-fr?utm_source=Exhibition&utm_medium=referal&utm_campaign=2026-WFR-walter-eurosatory-website,France,SOULTZ-SOUS-FORETS,https://www.linkedin.com/company/waltertools,Other,OEM,33.0,D,New,Mechanical parts,Activité à qualifier — discovery call avant pitch précis.,"Hi — I noticed WALTER FRANCE builds Logistics equipment, Mechanical parts for Other.",No immediate action,
WarBird Protection Group,http://www.warbirdpro.com/,États-Unis,Kallaska,,Soldier systems,OEM,69.5,B,New,Composite materials,"Vend des sous-systèmes / composants à un OEM construisant Ballistic protection, Logistics equipment.","Hi — WarBird Protection Group ships Ballistic protection, Logistics equipment (+4) to Navy, Police / law enforcement.",Review website and validate opportunity,
WARIN,http://www.warindt.com/,Émirats arabes unis,HONGKONG,,UAV / drones,Sous-traitant industriel,68.0,B,New,Energetic materials,"Fournisseur de batteries, moteurs, optronique, RF, composites pour fabricants UAV.","Hi — I noticed WARIN builds Ammunition, Logistics equipment (+2) for UAV / drones.",Review website and validate opportunity,
WARYME,http://www.waryme.com/,France,CESSON-SEVIGNE,https://www.linkedin.com/company/waryme,Other,À vérifier,,D,New,To enrich,Qualifier l'activité avant tout pitch ciblé.,To enrich,No immediate action,
WAVELENGTH OPTO-ELECTRONIC (S) PTE. LTD.,http://www.wavelength-oe.com/,Singapour,SINGAPORE,https://www.linkedin.com/company/woe-sg/,UAV / drones,OEM,81.0,A,New,Engines / propulsion,"Fournisseur de batteries, moteurs, optronique, RF, composites pour fabricants UAV.",Hi — I noticed WAVELENGTH OPTO-ELECTRONIC (S) PTE.,Contact sales team and qualify need,
Wayren,https://wayren.ee/,Estonie,TALLINN,,C4ISR,OEM,67.5,B,New,Cloud / data services,"Vend des sous-systèmes / composants à un OEM construisant Software / Platforms, Communications networks.","Hi — Wayren ships Software / Platforms, Communications networks (+2) to Critical infrastructure.",Review website and validate opportunity,
WB GROUP,http://www.wbgroup.pl/,Pologne,OZAROW MAZOWIECKI,,Other,À vérifier,,D,New,To enrich,Qualifier l'activité avant tout pitch ciblé.,To enrich,No immediate action,
WEARIN',http://wearin.tech/,Suisse,VAUD,https://ch.linkedin.com/company/wearin,Cybersecurity,Distributeur,76.5,A,New,Electronic components,"Threat intel, hardware appliances, cloud souverain, audits.","Hi — I noticed WEARIN' builds Sensors, Vehicles (+2) for Cybersecurity.",Contact sales team and qualify need,
WEARTRONIC by Nicomatic,https://www.weartronic.com/,France,BONS EN CHABLAIS,,Other,À vérifier,,D,New,To enrich,Qualifier l'activité avant tout pitch ciblé.,To enrich,No immediate action,
Webasto,http://www.webasto.com/,Allemagne,STOCKDORF,https://www.linkedin.com/company/webasto,Export / distribution,OEM,76.0,A,New,Engines / propulsion,"Vend des sous-systèmes / composants à un OEM construisant Vehicles, Energy / batteries.","Hi — Webasto ships Vehicles, Energy / batteries (+2) to defense customers.",Contact sales team and qualify need,
WEBER RESCUE SYSTEMS,http://www.weber-rescue.com/,Allemagne,GÜGLINGEN,https://www.linkedin.com/showcase/weberrescue/,Other,À vérifier,19.6,D,New,Industrial subcontracting / machining,Qualifier l'activité avant tout pitch ciblé.,Hi — I noticed WEBER RESCUE SYSTEMS at Eurosatory.,No immediate action,
WEGSol ApS,,Danemark,Glostrup,,Other,À vérifier,,D,New,To enrich,Qualifier l'activité avant tout pitch ciblé.,To enrich,No immediate action,
WEIBEL SCIENTIFIC A/S,http://www.weibel.dk/,Danemark,ALLEROD,,Air defense,Distributeur,65.5,B,New,Energy / batteries,"Radars, missiles, comms, électroniques pour systèmes anti-aériens.","Hi — I noticed WEIBEL SCIENTIFIC A/S builds UAV / drones, Counter-UAV systems (+6) for Air defense.",Review website and validate opportunity,
WEICON,https://www.weicon.de/,Allemagne,MÜNSTER,,Naval defense,OEM,43.4,C,New,Mechanical parts,Vend des sous-systèmes / composants à un OEM construisant Logistics equipment.,Hi — WEICON ships Logistics equipment to defense customers.,Keep in watchlist,
WEILBURGER Coatings GmbH,https://www.weilburger.com/,Allemagne,WEILBURG,www.linkedin.com/company/weilburger,Other,OEM,44.4,C,New,Cloud / data services,Vend des sous-systèmes / composants à un OEM construisant Software / Platforms.,Hi — WEILBURGER Coatings GmbH ships Software / Platforms to defense customers.,Keep in watchlist,
Weiss Technik GmbH,http://www.weissdefence.com/en,Allemagne,REISKIRCHEN,https://de.linkedin.com/company/weisstechnik-international,Simulation / training,OEM,57.9,C,New,Mechanical parts,Vend des sous-systèmes / composants à un OEM construisant Logistics equipment.,Hi — Weiss Technik GmbH ships Logistics equipment to defense customers.,Keep in watchlist,
WELDALOY PRODUCTS CO.,http://www.weldaloy.com/,États-Unis,WARREN,,Other,À vérifier,,D,New,To enrich,Qualifier l'activité avant tout pitch ciblé.,To enrich,No immediate action,
WELKIT,http://welkit.com/,France,MONTROUGE,https://www.linkedin.com/company/welkit/,Other,À vérifier,,D,New,To enrich,Qualifier l'activité avant tout pitch ciblé.,To enrich,No immediate action,
WELP HOLDING GMBH,http://www.welp-group.com/,Allemagne,WILKAU-HASSLAU,https://www.linkedin.com/company/80490648/a,Counter-UAV,OEM,70.5,B,New,Engines / propulsion,"Fournisseur de RF, radars, optronique et embarqués pour stacks anti-drone.","Hi — I noticed WELP HOLDING GMBH builds Vehicles, UAV / drones (+2) for Counter-UAV.",Review website and validate opportunity,
WEO Corporation Pte Ltd,https://www.weocorp.com/,Singapour,SINGAPORE,,Other,À vérifier,,D,New,To enrich,Qualifier l'activité avant tout pitch ciblé.,To enrich,No immediate action,
WESCOM DEFENCE,http://www.wescomdefence.com/,Royaume-Uni,DRAYCOTT,https://www.linkedin.com/company/wescomgroup,Intelligence / ISR,Distributeur,76.5,A,New,Engines / propulsion,"Capteurs, payloads optroniques, communications pour plateformes ISR.","Hi — I noticed WESCOM DEFENCE builds Vehicles, UAV / drones (+7) for Intelligence / ISR.",Contact sales team and qualify need,
WEST ELETTRIC SRL,https://www.westelettric.com/,Italie,MASSAROSA,https://www.linkedin.com/company/24641741,Other,À vérifier,24.1,D,New,Industrial subcontracting / machining,Qualifier l'activité avant tout pitch ciblé.,Hi — I noticed WEST ELETTRIC SRL at Eurosatory.,No immediate action,
WF Maschinenbau,https://www.wf-maschinenbau.com/,Allemagne,SENDENHORST,,Other,OEM,40.9,C,New,Mechanical parts,"Vend des sous-systèmes / composants à un OEM construisant Logistics equipment, Engines / propulsion.","Hi — WF Maschinenbau ships Logistics equipment, Engines / propulsion (+1) to defense customers.",Keep in watchlist,
WFL MILLTURN TECHNOLOGIES GMBH & CO. KG,http://www.wfl.at/,Autriche,LINZ,,Simulation / training,OEM,56.9,C,New,Cloud / data services,"Vend des sous-systèmes / composants à un OEM construisant Software / Platforms, Robotics / UGV.",Hi — WFL MILLTURN TECHNOLOGIES GMBH & CO.,Keep in watchlist,
"WidePlus International Co,. Ltd.",http://wideplustex.com/,Taïwan,NEW TAIPEI CITY,https://www.linkedin.com/company/103684014/admin/page-posts/published/,Homeland security,OEM,45.4,C,New,Mechanical parts,Vend des sous-systèmes / composants à un OEM construisant Logistics equipment.,"Hi — WidePlus International Co,.",Keep in watchlist,
Wieland Austria,http://www.wieland.com/de/wieland-austria,Autriche,AMSTETTEN,https://www.linkedin.com/company/wielandgroup/?originalSubdomain=de,Radar / sensors,Distributeur,80.0,A,New,Cloud / data services,"Front-ends RF, processeurs, mécanique de précision pour fabricants radars.","Hi — I noticed Wieland Austria builds Software / Platforms, Engines / propulsion (+7) for Radar / sensors.",Contact sales team and qualify need,
Wihuri Aviation AB,,Suède,Stockholm,,Other,À vérifier,,D,New,To enrich,Qualifier l'activité avant tout pitch ciblé.,To enrich,No immediate action,
WILD GMBH,http://www.wild.at/,Autriche,VÖLKERMARKT,https://www.linkedin.com/company/wild-gruppe,Logistics / MRO,OEM,59.8,C,New,Industrial subcontracting / machining,"Pièces de rechange, calibration, certification pour acteurs MRO.","Hi — I noticed WILD GMBH builds Electronic components, Software / Platforms (+2) for Logistics / MRO.",Keep in watchlist,
WILDSTEER,http://www.wildsteer.com/,France,ROCHE LA MOLIERE,,Other,À vérifier,,D,New,To enrich,Qualifier l'activité avant tout pitch ciblé.,To enrich,No immediate action,
Wiley X,https://www.wileyx.eu/,Danemark,VEMB,https://www.linkedin.com/company/wiley-x-emea-llc/mycompany/verification/,Optics / optronics,Distributeur,72.9,B,New,Electronic components,Canal de distribution / représentation pour notre portefeuille.,Hi — we're scouting an exclusive distributor for France (+4).,Review website and validate opportunity,
WILL-BURT,http://www.willburt.com/,États-Unis,ORRVILLE,,Other,À vérifier,,D,New,To enrich,Qualifier l'activité avant tout pitch ciblé.,To enrich,No immediate action,
WILLIAMSON ELECTRONIQUE,,France,BOUGUENAIS CEDEX,,Other,À vérifier,,D,New,To enrich,Qualifier l'activité avant tout pitch ciblé.,To enrich,No immediate action,
"WINCHES, CAPSTANS AND WINCH SYSTEMS",http://www.rotzler.com/,Allemagne,STEINEN,https://www.linkedin.com/company/rotzler-group,Naval defense,OEM,69.1,B,New,Engines / propulsion,"Vend des sous-systèmes / composants à un OEM construisant Vehicles, Logistics equipment.","Hi — WINCHES, CAPSTANS AND WINCH SYSTEMS ships Vehicles, Logistics equipment (+2) to defense customers.",Review website and validate opportunity,
Winchester Ammunition,http://winchestermilitary.com/,États-Unis,Clayton,,Weapons,Distributeur,74.0,B,New,Energetic materials,Canal de distribution / représentation pour notre portefeuille.,Hi — we're scouting an exclusive distributor for NATO (+1).,Review website and validate opportunity,
Windracers,http://www.windracers.com/,Royaume-Uni,MIDDLESEX,https://www.linkedin.com/company/windracers,Intelligence / ISR,OEM,68.0,B,New,Energy / batteries,"Capteurs, payloads optroniques, communications pour plateformes ISR.","Hi — I noticed Windracers builds UAV / drones, Software / Platforms (+6) for Intelligence / ISR.",Review website and validate opportunity,
Winkelmann MSR Technology,https://www.winkelmann-flowforming.com/,Allemagne,AHLEN,,Other,À vérifier,,D,New,To enrich,Qualifier l'activité avant tout pitch ciblé.,To enrich,No immediate action,
Winse Power,https://winsepower.com/,Finlande,Tampere,,Optics / optronics,OEM,51.6,C,New,Electronic components,"Verre spécial, détecteurs, mécanique de précision pour optronique.","Hi — I noticed Winse Power builds Optronics / Optics, Electronic components (+1) for Optics / optronics.",Keep in watchlist,
WireTech,http://www.wiretech.kz/,Kazakhstan,ASTANA,,Other,OEM,35.8,D,New,Engines / propulsion,Vend des sous-systèmes / composants à un OEM construisant Vehicles.,Hi — WireTech ships Vehicles to defense customers.,No immediate action,
WIRETRONIC AB,,Suède,VÄNERSBORG,,Other,À vérifier,,D,New,To enrich,Qualifier l'activité avant tout pitch ciblé.,To enrich,No immediate action,
WISELED APS,http://www.wiseled.com/,Danemark,GILLELEJE,,Other,À vérifier,,D,New,To enrich,Qualifier l'activité avant tout pitch ciblé.,To enrich,No immediate action,
Witzig & Frank / Pfiffner,https://www.ffg-ea.com/,Allemagne,Offenburg,,Other,OEM,35.9,D,New,Cloud / data services,Vend des sous-systèmes / composants à un OEM construisant Software / Platforms.,Hi — Witzig & Frank / Pfiffner ships Software / Platforms to defense customers.,No immediate action,
Wolf Advanced Technology,http://wolf.ca/,Canada,AURORA,https://www.linkedin.com/company/wolf-at/,Industrial subcontracting,OEM,65.1,B,New,Electronic components,"Matières premières, outils coupants, services qualité pour sous-traitants.","Hi — I noticed Wolf Advanced Technology builds Embedded systems, Electronic components (+1) for Industrial subcontracting.",Review website and validate opportunity,
Work-Out,https://www.workout.sport/,Belgique,HASSELT,https://www.linkedin.com/company/workoutsport/,Soldier systems,OEM,71.0,B,New,Mechanical parts,"Textiles, composites, optronique, énergie pour kits soldat.","Hi — I noticed Work-Out builds Logistics equipment, Energy / batteries (+2) for Soldier systems.",Review website and validate opportunity,
Workswell s.r.o.,https://www.workswell.eu/,République tchèque,Praha 6,,UAV / drones,OEM,75.0,A,New,Engines / propulsion,"Fournisseur de batteries, moteurs, optronique, RF, composites pour fabricants UAV.",Hi — I noticed Workswell s.r.o.,Contact sales team and qualify need,
World Defense Show,https://www.worlddefnseshow.com/,Arabie saoudite,RIYADH,https://www.linkedin.com/company/worlddefenseshow,Other,À vérifier,5.0,D,New,To enrich,Qualifier l'activité avant tout pitch ciblé.,Hi — I noticed World Defense Show at Eurosatory.,No immediate action,
World Fuel,http://world-fuel.com/government,États-Unis,Tampa,,Armored vehicles,Société de services,68.0,B,New,Engines / propulsion,"Moteurs, composites, plaques balistiques, optronique, comms pour OEM blindés.","Hi — I noticed World Fuel builds Vehicles, Engines / propulsion (+2) for Armored vehicles.",Review website and validate opportunity,
WWW.KRYPTUS.COM.BR,https://kryptus.com/,Brésil,CAMPINAS,,Other,À vérifier,,D,New,To enrich,Qualifier l'activité avant tout pitch ciblé.,To enrich,No immediate action,
"X-BEAM TECH CO.,LTD",http://www.xbeamtech.co.kr/,Corée du Sud,Seoul,https://www.linkedin.com/company/xbeamtech/posts/?feedView=all,Naval defense,OEM,66.0,B,New,Electronic components,"Radars, sonars, comms, armement, sustainment pour primes navals.","Hi — I noticed X-BEAM TECH CO.,LTD builds Optronics / Optics, Logistics equipment (+8) for Naval defense.",Review website and validate opportunity,
XMOBOTS AEROESPACIAL E DEFESA,http://www.xmobots.com/,Brésil,SAO CARLOS - SP,,Other,À vérifier,,D,New,To enrich,Qualifier l'activité avant tout pitch ciblé.,To enrich,No immediate action,
XR COMMAND,http://xr-command.at/,Autriche,SALZBURG,https://www.linkedin.com/showcase/xr-command/,Other,À vérifier,27.6,D,New,Industrial subcontracting / machining,Qualifier l'activité avant tout pitch ciblé.,Hi — I noticed XR COMMAND at Eurosatory.,No immediate action,
XR Training (XRT),http://www.xrt.io/,États-Unis,"ORLANDO, FLORIDA",https://www.linkedin.com/company/xr-training-us/,Naval defense,OEM,71.0,B,New,Engines / propulsion,"Radars, sonars, comms, armement, sustainment pour primes navals.","Hi — I noticed XR Training (XRT) builds Vehicles, Software / Platforms (+5) for Naval defense.",Review website and validate opportunity,
XUBI GROUP,http://www.xubi.com/,Espagne,AZKOITIA,,Other,À vérifier,,D,New,To enrich,Qualifier l'activité avant tout pitch ciblé.,To enrich,No immediate action,
YAKUPOGLU TEKSTIL VE DERI SANAYI TICARET A.S.,https://www.ydsgroup.com.tr/,Turquie,ANKARA,www.linkedin.com/company/yakupo-lu-deri-sanayi,Optics / optronics,OEM,64.4,B,New,Electronic components,Vend des sous-systèmes / composants à un OEM construisant Optronics / Optics.,Hi — YAKUPOGLU TEKSTIL VE DERI SANAYI TICARET A.S.,Review website and validate opportunity,
YEONHAB PRECISION CO LTD,https://www.yeonhab.co.kr/,Corée du Sud,CHOONGCHUNGNAM-DO,,Other,À vérifier,,D,New,To enrich,Qualifier l'activité avant tout pitch ciblé.,To enrich,No immediate action,
"YF PROTECTOR CO.,LTD",http://www.yfarmor.com/,Chine,HANGZHOU,,Other,À vérifier,16.6,D,New,Industrial subcontracting / machining,Qualifier l'activité avant tout pitch ciblé.,"Hi — I noticed YF PROTECTOR CO.,LTD at Eurosatory.",No immediate action,
"YOUNG POONG ELECTRONICS CO., LTD",http://ypelec.co.kr/index_en.php,Corée du Sud,Gyeonggi-do,,Naval defense,À vérifier,26.6,D,New,Industrial subcontracting / machining,Qualifier l'activité avant tout pitch ciblé.,"Hi — I noticed YOUNG POONG ELECTRONICS CO., LTD at Eurosatory.",No immediate action,
YSS - Yilmaz Makina,http://yilmazdefense.com/,Turquie,ISTANBUL,,Ammunition,OEM,58.2,C,New,Energetic materials,"Matériaux énergétiques, mécanique, packaging, certification.","Hi — I noticed YSS - Yilmaz Makina builds Ammunition, Logistics equipment (+1) for Ammunition.",Keep in watchlist,
"YUAN High-Tech Development Co., Ltd.",http://www.yuan.com.tw/,Taïwan,TAIPEI,https://www.linkedin.com/company/yuan-high-tech/posts/,Other,À vérifier,22.6,D,New,Industrial subcontracting / machining,Qualifier l'activité avant tout pitch ciblé.,"Hi — I noticed YUAN High-Tech Development Co., Ltd.",No immediate action,
YUGOIMPORT-SDPR,http://www.yugoimport.com/,Serbie,BELGRADE,,Other,À vérifier,,D,New,To enrich,Qualifier l'activité avant tout pitch ciblé.,To enrich,No immediate action,
ZARGES,https://www.zarges.com/fr/,France,ALTORF,https://www.linkedin.com/company/zarges-logistic-france/?viewAsMember=true,UAV / drones,Distributeur,74.0,B,New,"Materials (Li-ion, electrolytes)","Fournisseur de batteries, moteurs, optronique, RF, composites pour fabricants UAV.","Hi — I noticed ZARGES builds Energy / batteries, Vehicles (+3) for UAV / drones.",Review website and validate opportunity,
"ZDAS, A.S.",http://www.zdas.cz/,République tchèque,Zdar nad Sazavou,,Other,À vérifier,,D,New,To enrich,Qualifier l'activité avant tout pitch ciblé.,To enrich,No immediate action,
ZEBRA PROTECTION,http://www.zebraprotection.com/,Afrique du Sud,WESTMEAD,,Other,À vérifier,,D,New,To enrich,Qualifier l'activité avant tout pitch ciblé.,To enrich,No immediate action,
ZEKATRONIC,,France,BEAUCOUZE,,Other,À vérifier,,D,New,To enrich,Qualifier l'activité avant tout pitch ciblé.,To enrich,No immediate action,
ZENITH AEROTECHNICS,https://zenith-aerotechnics.com/,France,MARIGNANE,,Other,À vérifier,,D,New,To enrich,Qualifier l'activité avant tout pitch ciblé.,To enrich,No immediate action,
ZERO COMPROMISE OPTIC GMBH,https://www.zcompoptic.com/,Autriche,MARGARETHEN AM MOOS,,Other,À vérifier,,D,New,To enrich,Qualifier l'activité avant tout pitch ciblé.,To enrich,No immediate action,
ZEVETA AMMUNITION A.S.,,République tchèque,BOJKOVICE,,Other,À vérifier,,D,New,To enrich,Qualifier l'activité avant tout pitch ciblé.,To enrich,No immediate action,
ZF Friedrichshafen AG,https://www.zf.com/,Allemagne,FRIEDRICHSHAFEN,,Other,À vérifier,,D,New,To enrich,Qualifier l'activité avant tout pitch ciblé.,To enrich,No immediate action,
ZFOAM,http://www.zfoam.com/,Espagne,Alfajarín - Zaragoza,https://linkedin.com/company/zfoam/,Logistics / MRO,OEM,64.5,B,New,Mechanical parts,"Vend des sous-systèmes / composants à un OEM construisant Logistics equipment, Communications networks.","Hi — ZFOAM ships Logistics equipment, Communications networks (+2) to defense customers.",Review website and validate opportunity,
"ZHEJIANG JICHENG ADVANCED CERAMICS CO.,LTD",http://www.jcccn.cn/,Chine,ZHEJIANG,,Ballistic protection,OEM,43.4,C,New,Composite materials,Vend des sous-systèmes / composants à un OEM construisant Ballistic protection.,"Hi — ZHEJIANG JICHENG ADVANCED CERAMICS CO.,LTD ships Ballistic protection to defense customers.",Keep in watchlist,
"ZHEJIANG LIGHT-TOUGH COMPOSITE MATERIALS CO.,LTD.",http://www.lctm.com.cn/,Chine,ZHEJIANG PROVINCE,,Other,À vérifier,,D,New,To enrich,Qualifier l'activité avant tout pitch ciblé.,To enrich,No immediate action,
ZHENDRE,http://www.zhendre.com/,France,VILLENAVE D ORNON,,Other,À vérifier,,D,New,To enrich,Qualifier l'activité avant tout pitch ciblé.,To enrich,No immediate action,
ZSE TECHNOLOGY NV,https://zse.be/,Belgique,SINT-TRUIDEN,,Other,À vérifier,,D,New,To enrich,Qualifier l'activité avant tout pitch ciblé.,To enrich,No immediate action,
ZSR,http://www.zsr.com.tr/,Turquie,BALIKESIR,https://www.linkedin.com/company/zsrmuhimmat,C4ISR,OEM,69.0,B,New,Mechanical parts,"Vend des sous-systèmes / composants à un OEM construisant Logistics equipment, Software / Platforms.","Hi — ZSR ships Logistics equipment, Software / Platforms (+2) to defense customers.",Review website and validate opportunity,
"ZTS - SPECIAL, a.s.",http://www.ztsspecial.sk/,Slovaquie,DUBNICA NAD VAHOM,,Other,OEM,35.8,D,New,Engines / propulsion,Vend des sous-systèmes / composants à un OEM construisant Vehicles.,"Hi — ZTS - SPECIAL, a.s.",No immediate action,
ZYRONE DYNAMICS,https://www.zyrone.com/,Turquie,ANKARA,https://www.linkedin.com/company/zyronedynamics/,UAV / drones,OEM,70.5,B,New,Engines / propulsion,"Fournisseur de batteries, moteurs, optronique, RF, composites pour fabricants UAV.","Hi — I noticed ZYRONE DYNAMICS builds Vehicles, UAV / drones (+6) for UAV / drones.",Review website and validate opportunity,
ООО “Electronic autonomous solutions”,https://eascompany.uz/en/,Uzbekistan,ТАШКЕНТ,https://www.linkedin.com/posts/azizbek-ubaydullaev-4a3467389_eas-dronedetection-security-activity-7385974691049603072-LW-L/?utm_source=social_share_send&utm_medium=member_desktop_web&rcm=ACoAAF-kV_sBkN5Kgc4zhMJZGEqd2rouTQ3aI5E,Electronic warfare,OEM,80.0,A,New,Engines / propulsion,"Amplis RF, processeurs signal, embarqué, antennes pour EW.","Hi — I noticed ООО “Electronic autonomous solutions” builds Vehicles, UAV / drones (+8) for Electronic warfare.",Contact sales team and qualify need,
