Name,Website,BillingCountry,BillingCity,LinkedIn__c,Industry,Type,Lead_Score__c,Lead_Rating__c,Status,Description,Next_Step__c,Buying_Need_Main__c,Lead_Source__c
"NT SERVICE"" UAB",http://ntservice.eu/,Lituanie,Kaunas,https://www.linkedin.com/company/nt-service-uab,Counter-UAV,Bureau d'ingénierie,75.0,A,New,"Fournisseur de RF, radars, optronique et embarqués pour stacks anti-drone.",Contact sales team and qualify need,Energy / batteries,Eurosatory 2026 Catalog
2H ENERGY,http://www.2henergy.fr/,France,FECAMP,https://www.linkedin.com/company/8532886,Radar / sensors,OEM,74.5,B,New,"Front-ends RF, processeurs, mécanique de précision pour fabricants radars.",Review website and validate opportunity,Engines / propulsion,Eurosatory 2026 Catalog
2oneLab,http://www.2onelab.com/,Allemagne,DARMSTADT,https://www.linkedin.com/company/2onelab-gmbh/,Soldier systems,OEM,70.5,B,New,"Vend des sous-systèmes / composants à un OEM construisant Software / Platforms, Logistics equipment.",Review website and validate opportunity,Cloud / data services,Eurosatory 2026 Catalog
3M Svenska AB,http://www.3m.com/,Suède,VARNAMO,,Other,À vérifier,,D,New,Qualifier l'activité avant tout pitch ciblé.,No immediate action,To enrich,Eurosatory 2026 Catalog
4 Flutes Machining,https://www.4flutesmachining.com/,États-Unis,Vicksburg,,Other,À vérifier,15.6,D,New,Qualifier l'activité avant tout pitch ciblé.,No immediate action,Industrial subcontracting / machining,Eurosatory 2026 Catalog
4C Strategies,http://www.4cstrategies.com/,Royaume-Uni,LONDON,https://www.linkedin.com/company/4c-strategies,Other,À vérifier,17.6,D,New,Qualifier l'activité avant tout pitch ciblé.,No immediate action,Industrial subcontracting / machining,Eurosatory 2026 Catalog
4D CONCEPT,http://www.4dconcept.fr/,France,MONTIGNY LE BRETONNEUX,https://www.linkedin.com/company/4dconcept/,Radar / sensors,Distributeur,76.0,A,New,"Front-ends RF, processeurs, mécanique de précision pour fabricants radars.",Contact sales team and qualify need,Mechanical parts,Eurosatory 2026 Catalog
4iG Space and Defence Technologies Plc.,https://4igsdt.hu/,Hongrie,BUDAPEST,,UAV / drones,OEM,51.4,C,New,Sub-system / payload pour OEM drones tactiques.,Keep in watchlist,Energy / batteries,Eurosatory 2026 Catalog
4M Tactical,https://4msystems.cz/,République tchèque,Praha - Břevnov,,Soldier systems,OEM,59.8,C,New,"Vend des sous-systèmes / composants à un OEM construisant Optronics / Optics, Soldier equipment.",Keep in watchlist,Electronic components,Eurosatory 2026 Catalog
4Security Tecnologia da Informação,https://www.4secglobal.com/,Brésil,PINHAIS - PR,https://www.linkedin.com/company/4SecGlobal,Other,OEM,46.6,C,New,"Vend des sous-systèmes / composants à un OEM construisant Communications networks, Software / Platforms.",Keep in watchlist,RF / microwave components,Eurosatory 2026 Catalog
5.0 ROBOTICS,http://www.50robotics.com/,Estonie,TALLINN,https://linkedin.com/company/50robotics,UAV / drones,OEM,80.5,A,New,"Fournisseur de batteries, moteurs, optronique, RF, composites pour fabricants UAV.",Contact sales team and qualify need,Engines / propulsion,Eurosatory 2026 Catalog
"7STARLACK CO., LTD.",http://7starlake.com/,Taïwan,NEW TAIPEI CITY,https://www.linkedin.com/company/7starlake/,Other,À vérifier,17.6,D,New,Qualifier l'activité avant tout pitch ciblé.,No immediate action,Industrial subcontracting / machining,Eurosatory 2026 Catalog
8Devices,http://8devices.com/,Lituanie,Vilnius,https://lt.linkedin.com/company/8devices,UAV / drones,Bureau d'ingénierie,78.0,A,New,"Fournisseur de batteries, moteurs, optronique, RF, composites pour fabricants UAV.",Contact sales team and qualify need,Energy / batteries,Eurosatory 2026 Catalog
A.C.S.A. STEEL FORGINGS,http://acsa.it/en/,Italie,OGGIONA CON SANTO STEFANO,https://www.linkedin.com/company/a-c-s-a-steel-forgings-s-p-a/mycompany/?viewAsMember=true,Other,Sous-traitant industriel,57.9,C,New,Activité à qualifier — discovery call avant pitch précis.,Keep in watchlist,Cloud / data services,Eurosatory 2026 Catalog
A2V SAS,https://a2v.fr/,France,VENDOME,https://www.linkedin.com/company/a2v/,Intelligence / ISR,OEM,77.0,A,New,"Capteurs, payloads optroniques, communications pour plateformes ISR.",Contact sales team and qualify need,Electronic components,Eurosatory 2026 Catalog
AADS,http://www.aads-gib.com/,Gibraltar,GIBRALTAR,https://www.linkedin.com/company/africaautomotivedistributionservices,Export / distribution,Distributeur,37.6,D,New,Canal de distribution / représentation pour notre portefeuille.,No immediate action,Industrial subcontracting / machining,Eurosatory 2026 Catalog
AAE - Advanced Armour Engineering,http://www.armoureng.com/,Émirats arabes unis,SHARJAH,https://www.linkedin.com/company/advanced-armour-engineering/,Land defense,OEM,72.0,B,New,"Sous-systèmes, composites, certification pour primes terrestres.",Review website and validate opportunity,Engines / propulsion,Eurosatory 2026 Catalog
Aage Christensen Defence,,Danemark,København C,,Other,À vérifier,,D,New,Qualifier l'activité avant tout pitch ciblé.,No immediate action,To enrich,Eurosatory 2026 Catalog
Aalberts Surface Technologies,https://www.aalberts-st.com/,France,VILLERS-COTTERÊTS,https://www.linkedin.com/company/aalberts-surface-treatment-gmbh/?lipi=urn%3Ali%3Apage%3Ad_flagship3_search_srp_all%3BZyHZAJL6R%2Be0Vv03w7BGTg%3D%3D,Electronic warfare,OEM,80.5,A,New,"Amplis RF, processeurs signal, embarqué, antennes pour EW.",Contact sales team and qualify need,Engines / propulsion,Eurosatory 2026 Catalog
Aalborg University,,Danemark,Aalborg East,,Other,À vérifier,,D,New,Qualifier l'activité avant tout pitch ciblé.,No immediate action,To enrich,Eurosatory 2026 Catalog
Aaronia AG,http://www.aaronia.de/,Allemagne,STRICKSCHEID,,Other,À vérifier,18.6,D,New,Qualifier l'activité avant tout pitch ciblé.,No immediate action,Industrial subcontracting / machining,Eurosatory 2026 Catalog
AART ELECTRONICS,https://www.aart-electronics.com/,France,CROISSY-SUR-SEINE,,Armored vehicles,OEM,66.4,B,New,"Moteurs, composites, plaques balistiques, optronique, comms pour OEM blindés.",Review website and validate opportunity,Engines / propulsion,Eurosatory 2026 Catalog
AB Giraites Ginkluotes Gamykla (GGG),http://www.ggg-ammo.lt/,Lituanie,Giraitė,https://www.linkedin.com/company/ab-giraites-ginkluotes-gamykla/,Ammunition,OEM,68.4,B,New,"Matériaux énergétiques, mécanique, packaging, certification.",Review website and validate opportunity,Energetic materials,Eurosatory 2026 Catalog
ABIMDE,https://abimde.org.br/pt-br/,Brésil,SAO PAULO,https://www.linkedin.com/company/abimde/?originalSubdomain=br,Other,À vérifier,17.6,D,New,Qualifier l'activité avant tout pitch ciblé.,No immediate action,Industrial subcontracting / machining,Eurosatory 2026 Catalog
ABMI,http://abmi-groupe.com/,France,NANTERRE,https://www.linkedin.com/company/abmi-engineering/,Engineering services,OEM,66.4,B,New,"Outils CAD, simulation, certification pour bureau d'études.",Review website and validate opportunity,Mechanical parts,Eurosatory 2026 Catalog
ABRIS Design Group,https://abris-dg.com/,Pologne,WARSZAWA,https://www.linkedin.com/company/abrisdesigngroup/posts/?feedView=all,Intelligence / ISR,OEM,75.0,A,New,"Capteurs, payloads optroniques, communications pour plateformes ISR.",Contact sales team and qualify need,Engines / propulsion,Eurosatory 2026 Catalog
Accurate Nordic,http://www.accuratenordic.com/,Suède,Kista,,Other,À vérifier,19.6,D,New,Qualifier l'activité avant tout pitch ciblé.,No immediate action,Industrial subcontracting / machining,Eurosatory 2026 Catalog
ACCURISION GMBH,,Autriche,LUSTENAU,,Other,À vérifier,,D,New,Qualifier l'activité avant tout pitch ciblé.,No immediate action,To enrich,Eurosatory 2026 Catalog
ACCUWATT TECHNOLOGIES,https://www.accuwatt-technologies.com/,France,AITON,https://www.linkedin.com/company/accuwatt-technologies-france,UAV / drones,OEM,72.0,B,New,"Fournisseur de batteries, moteurs, optronique, RF, composites pour fabricants UAV.",Review website and validate opportunity,Energy / batteries,Eurosatory 2026 Catalog
ACGB – OTS,https://www.acgb.com/,France,BAVENT,https://www.linkedin.com/company/635770/,Radar / sensors,OEM,70.5,B,New,"Front-ends RF, processeurs, mécanique de précision pour fabricants radars.",Review website and validate opportunity,Engines / propulsion,Eurosatory 2026 Catalog
ACOME GROUP,http://www.acome.com/fr,France,LANNION,https://www.linkedin.com/company/acome/,Intelligence / ISR,OEM,76.5,A,New,"Capteurs, payloads optroniques, communications pour plateformes ISR.",Contact sales team and qualify need,RF / microwave components,Eurosatory 2026 Catalog
ACS Armoured Car Systems,http://www.acs-armoured-cars.com/,Allemagne,FRIEDBERG / DERCHING,https://www.linkedin.com/company/acs-armoured-car-systems-gmbh,Ballistic protection,OEM,50.0,C,New,"Vend des sous-systèmes / composants à un OEM construisant Vehicles, Ballistic protection.",Keep in watchlist,Engines / propulsion,Eurosatory 2026 Catalog
Actemium Bonnétage Automation (AC Automation),http://acautomation.fr/,France,LE RUSSEY,,Other,À vérifier,,D,New,Qualifier l'activité avant tout pitch ciblé.,No immediate action,To enrich,Eurosatory 2026 Catalog
Actemium Maintenance Auxerre,https://www.actemium.fr/implantations/actemium-maintenance-auxerre,France,SAINT Bris Le Vineux,https://www.linkedin.com/company/actemium-france,Intelligence / ISR,OEM,80.0,A,New,"Capteurs, payloads optroniques, communications pour plateformes ISR.",Contact sales team and qualify need,Energy / batteries,Eurosatory 2026 Catalog
ACTIA AEROSPACE,https://aerospace.actia.com/,France,TOULOUSE CEDEX 4,,Other,À vérifier,,D,New,Qualifier l'activité avant tout pitch ciblé.,No immediate action,To enrich,Eurosatory 2026 Catalog
ACTinBlack Europe SARL,http://www.actinblack.com/,Luxembourg,FOETZ,,Soldier systems,OEM,65.3,B,New,"Textiles, composites, optronique, énergie pour kits soldat.",Review website and validate opportunity,Electronic components,Eurosatory 2026 Catalog
ADDEV Materials,http://addevmaterials.com/,France,PORTET-SUR-GARONNE,https://www.linkedin.com/company/addevmaterials-aerospace/,Space / satellite,OEM,77.0,A,New,"Composites, capteurs, comms, lancement pour primes spatiaux.",Contact sales team and qualify need,Electronic components,Eurosatory 2026 Catalog
ADDITESS,https://additess.com/,Cyprus,NICOSIA,https://www.linkedin.com/company/4872752/admin/feed/posts/,Intelligence / ISR,Intégrateur,82.0,A,New,"Capteurs, payloads optroniques, communications pour plateformes ISR.",Contact sales team and qualify need,Energy / batteries,Eurosatory 2026 Catalog
ADDUP,https://addupsolutions.com/fr/,France,CEBAZAT,https://www.linkedin.com/company/addup/,Other,À vérifier,14.6,D,New,Qualifier l'activité avant tout pitch ciblé.,No immediate action,Industrial subcontracting / machining,Eurosatory 2026 Catalog
ADNEC - UAE National Pavilion,http://www.adnecgroup.ae/,Émirats arabes unis,ABU DHABI,https://www.linkedin.com/company/adnecgroup/,Intelligence / ISR,OEM,81.0,A,New,"Vend des sous-systèmes / composants à un OEM construisant Vehicles, Communications networks.",Contact sales team and qualify need,Engines / propulsion,Eurosatory 2026 Catalog
ADR,http://adr-alcen.com/,France,THOMERY,https://fr.linkedin.com/company/adr-alcen,Soldier systems,OEM,76.0,A,New,"Textiles, composites, optronique, énergie pour kits soldat.",Contact sales team and qualify need,RF / microwave components,Eurosatory 2026 Catalog
ADS Group Limited,http://www.adsgroup.org.uk/,Royaume-Uni,HAMPSHIRE,https://www.linkedin.com/company/ads-group-ltd/,Cybersecurity,Intégrateur,84.5,A,New,"Threat intel, hardware appliances, cloud souverain, audits.",Contact sales team and qualify need,Cloud / data services,Eurosatory 2026 Catalog
ADV Defense,http://www.advdefense.lt/,Lituanie,Vilnius,,UAV / drones,OEM,69.5,B,New,"Fournisseur de batteries, moteurs, optronique, RF, composites pour fabricants UAV.",Review website and validate opportunity,Energy / batteries,Eurosatory 2026 Catalog
ADVANCED DESIGN SOLUTION S.R.O.,http://www.ads-cz.com/,République tchèque,KOPRIVNICE,,Armored vehicles,OEM,70.6,B,New,"Moteurs, composites, plaques balistiques, optronique, comms pour OEM blindés.",Review website and validate opportunity,Engines / propulsion,Eurosatory 2026 Catalog
ADVANTAGE AUSTRIA,http://www.advantageaustria.org/,Autriche,VIENNA,https://at.linkedin.com/company/advantageaustria,Naval defense,Distributeur,82.0,A,New,"Radars, sonars, comms, armement, sustainment pour primes navals.",Contact sales team and qualify need,RF / microwave components,Eurosatory 2026 Catalog
ADVANTECH,http://www.advantech.com/en-eu,France,RUEIL MALMAISON,https://www.linkedin.com/company/advantech-europe/,Cybersecurity,OEM,85.0,A,New,"Threat intel, hardware appliances, cloud souverain, audits.",Contact sales team and qualify need,Engines / propulsion,Eurosatory 2026 Catalog
Advent Atum Pty Ltd,http://adventatum.com/,Australie,SYDNEY,https://au.linkedin.com/company/adventatum,Intelligence / ISR,OEM,82.0,A,New,"Capteurs, payloads optroniques, communications pour plateformes ISR.",Contact sales team and qualify need,Energy / batteries,Eurosatory 2026 Catalog
adwäisEO,https://adwaiseo.eu/en/,Luxembourg,BETZDORF,,Other,À vérifier,16.6,D,New,Qualifier l'activité avant tout pitch ciblé.,No immediate action,Industrial subcontracting / machining,Eurosatory 2026 Catalog
AEC Skyline,http://www.aec-skyline.com/,Pays-Bas,Bosschenhoofd,https://www.linkedin.com/company/aec-skyline/,Intelligence / ISR,OEM,81.5,A,New,"Capteurs, payloads optroniques, communications pour plateformes ISR.",Contact sales team and qualify need,Energy / batteries,Eurosatory 2026 Catalog
Aedus Space Ltd.,https://aedusspace.com/aedusspace.html,Hongrie,Budapest,,Other,À vérifier,16.6,D,New,Qualifier l'activité avant tout pitch ciblé.,No immediate action,Industrial subcontracting / machining,Eurosatory 2026 Catalog
Aeffe srl Keelcrab,https://www.keelcrab.com/,Italie,BULGAROGRASSO,https://www.linkedin.com/company/15155176/admin/dashboard/,UAV / drones,OEM,83.0,A,New,"Fournisseur de batteries, moteurs, optronique, RF, composites pour fabricants UAV.",Contact sales team and qualify need,Energy / batteries,Eurosatory 2026 Catalog
AERIADES,http://aeriades.fr/,France,LUNÉVILLE,,Logistics / MRO,Distributeur,69.2,B,New,"Pièces de rechange, calibration, certification pour acteurs MRO.",Review website and validate opportunity,Mechanical parts,Eurosatory 2026 Catalog
AERIX SYSTEMS,https://www.aerix-systems.com/,France,MÉRIGNAC,https://fr.linkedin.com/company/aerix-systems,Radar / sensors,Équipementier,56.1,C,New,"Front-ends RF, processeurs, mécanique de précision pour fabricants radars.",Keep in watchlist,Energy / batteries,Eurosatory 2026 Catalog
AERO CONCEPT ENGINEERING,https://www.aero-ce.com/,France,MAGNY COURS,https://www.linkedin.com/company/aero-concept-engineering/,UAV / drones,OEM,71.5,B,New,"Fournisseur de batteries, moteurs, optronique, RF, composites pour fabricants UAV.",Review website and validate opportunity,Engines / propulsion,Eurosatory 2026 Catalog
AEROCENTRE,https://aero-centre.fr/,France,DEOLS,https://www.linkedin.com/company/aerocentre/,UAV / drones,Sous-traitant industriel,63.5,B,New,"Fournisseur de batteries, moteurs, optronique, RF, composites pour fabricants UAV.",Review website and validate opportunity,Mechanical parts,Eurosatory 2026 Catalog
AEROGLOW INTERNATIONAL,https://www.aeroglowinternational.com/,Royaume-Uni,SALISBURY,,Other,À vérifier,,D,New,Qualifier l'activité avant tout pitch ciblé.,No immediate action,To enrich,Eurosatory 2026 Catalog
Aeron Systems Pvt Ltd,https://aeronsystems.com/,Inde,PUNE,https://www.linkedin.com/company/aeron-systems-pvt.-ltd./about/,Land defense,OEM,74.5,B,New,"Sous-systèmes, composites, certification pour primes terrestres.",Review website and validate opportunity,Engines / propulsion,Eurosatory 2026 Catalog
AERONAUTICS GROUP,http://www.aeronautics-sys.com/,Israël,YAVNE,https://www.linkedin.com/company/aeronautics/,UAV / drones,OEM,46.8,C,New,Sub-system / payload pour OEM drones tactiques.,Keep in watchlist,Energy / batteries,Eurosatory 2026 Catalog
AEROSPACE & DEFENCE,https://www.acmh.fr/,France,HONFLEUR,,Space / satellite,OEM,69.0,B,New,"Composites, capteurs, comms, lancement pour primes spatiaux.",Review website and validate opportunity,Composite materials,Eurosatory 2026 Catalog
AEROVIRONMENT (AV),http://www.avinc.com/,États-Unis,SIMI VALLEY,https://www.linkedin.com/company/aerovironment/,Intelligence / ISR,OEM,71.5,B,New,"Capteurs, payloads optroniques, communications pour plateformes ISR.",Review website and validate opportunity,Energy / batteries,Eurosatory 2026 Catalog
AERTEC,https://www.aertecsolutions.com/,Espagne,MALAGA,https://es.linkedin.com/company/aertec,UAV / drones,OEM,68.0,B,New,"Fournisseur de batteries, moteurs, optronique, RF, composites pour fabricants UAV.",Review website and validate opportunity,Energy / batteries,Eurosatory 2026 Catalog
Africa Global Logistics,https://www.aglgroup.com/,France,PUTEAUX,https://www.linkedin.com/company/africagloballogistics/,Armored vehicles,OEM,74.5,B,New,"Moteurs, composites, plaques balistiques, optronique, comms pour OEM blindés.",Review website and validate opportunity,RF / microwave components,Eurosatory 2026 Catalog
AFRY,,Suède,SOLNA,,Other,À vérifier,,D,New,Qualifier l'activité avant tout pitch ciblé.,No immediate action,To enrich,Eurosatory 2026 Catalog
AG Optics,https://www.agoptics.co.kr/en,Corée du Sud,CHEONAN,,Radar / sensors,Distributeur,66.0,B,New,"Front-ends RF, processeurs, mécanique de précision pour fabricants radars.",Review website and validate opportunity,Electronic components,Eurosatory 2026 Catalog
AGC Plasma Technology Solutions,http://www.agc-plasma.com/,Belgique,GOSSELIES,https://www.linkedin.com/showcase/agc-plasma-technology-solutions/?viewAsMember=true,Soldier systems,Bureau d'ingénierie,73.5,B,New,"Textiles, composites, optronique, énergie pour kits soldat.",Review website and validate opportunity,"Materials (Li-ion, electrolytes)",Eurosatory 2026 Catalog
Agence Wallonne à l'Exportation et aux I.E.,https://www.awex.be/,Belgique,BRUXELLES,https://www.linkedin.com/company/wallonia-export-investment-agency/,Other,À vérifier,19.6,D,New,Qualifier l'activité avant tout pitch ciblé.,No immediate action,Industrial subcontracting / machining,Eurosatory 2026 Catalog
AGENCIJA ALAN,https://www.aalan.hr/,Croatie,ZAGREB,https://hr.linkedin.com/company/agencija-alan-d.o.o.,Land defense,Distributeur,84.0,A,New,"Sous-systèmes, composites, certification pour primes terrestres.",Contact sales team and qualify need,Engines / propulsion,Eurosatory 2026 Catalog
AGM GLOBAL VISION,http://www.agmglobalvision.eu/,Bulgarie,SOFIA,,Soldier systems,OEM,83.5,A,New,"Textiles, composites, optronique, énergie pour kits soldat.",Contact sales team and qualify need,Electronic components,Eurosatory 2026 Catalog
AGM ORTHOPAEDICS LLC,http://www.trust-tq.com/,Lettonie,RIGA,https://www.linkedin.com/company/agm-orthopaedics-trust-tq/,Electronic warfare,OEM,70.5,B,New,"Vend des sous-systèmes / composants à un OEM construisant Software / Platforms, Soldier equipment.",Review website and validate opportunity,Cloud / data services,Eurosatory 2026 Catalog
AGON ELECTRONICS,http://www.agon-electronics.com/,France,LABEGE,https://www.linkedin.com/company/ag%C3%B4n-electronics/,Industrial subcontracting,Sous-traitant industriel,61.3,B,New,"Matières premières, outils coupants, services qualité pour sous-traitants.",Review website and validate opportunity,Mechanical parts,Eurosatory 2026 Catalog
AGORAMECA,https://www.agorameca.com/,France,VINEUIL,,Industrial subcontracting,Distributeur,60.7,B,New,"Matières premières, outils coupants, services qualité pour sous-traitants.",Review website and validate opportunity,"Raw materials (steel, aluminium)",Eurosatory 2026 Catalog
AGORIA VZW/ASBL,https://www.agoria.be/en/themes/businessgroups/safety-security-defence/belgian-security-defence-industry-defence-technologies-bsdidt/belgian-security-defence-industry-bsdi,Belgique,BRUXELLES,https://www.linkedin.com/company/agoria,Other,À vérifier,18.6,D,New,Qualifier l'activité avant tout pitch ciblé.,No immediate action,Industrial subcontracting / machining,Eurosatory 2026 Catalog
AGP S GLASS EUROPE GMBH,http://www.agpglass.com/,Allemagne,DÜSSELDORF,,Armored vehicles,OEM,70.0,B,New,"Vend des sous-systèmes / composants à un OEM construisant Vehicles, Engines / propulsion.",Review website and validate opportunity,Engines / propulsion,Eurosatory 2026 Catalog
AI Verse,http://www.ai-verse.com/,France,BIOT,https://www.linkedin.com/company/ai-verse/,Intelligence / ISR,OEM,75.5,A,New,"Capteurs, payloads optroniques, communications pour plateformes ISR.",Contact sales team and qualify need,Engines / propulsion,Eurosatory 2026 Catalog
AIAD & M.O.D ITALIAN INDUSTRIES,http://www.aiad.it/,Italie,ROME,https://www.linkedin.com/company/aiad-federazione-aziende-italiane-aerospazio-difesa-sicurezza/about/,Dual-use technology,OEM,50.1,C,New,"Vend des sous-systèmes / composants à un OEM construisant Communications networks, Software / Platforms.",Keep in watchlist,RF / microwave components,Eurosatory 2026 Catalog
AICOX SOLUCIONES,https://www.aicox.com/,Espagne,Madrid,,Other,À vérifier,4.0,D,New,Qualifier l'activité avant tout pitch ciblé.,No immediate action,To enrich,Eurosatory 2026 Catalog
AIM Infrarot-Module,https://www.aim-ir.com/,Allemagne,HEILBRONN,,Space / satellite,OEM,68.0,B,New,Vend des sous-systèmes / composants à un OEM construisant Satellites / Space.,Review website and validate opportunity,Composite materials,Eurosatory 2026 Catalog
Aimpoint AB,http://www.aimpoint.com/,Suède,MALMÖ,,Other,À vérifier,,D,New,Qualifier l'activité avant tout pitch ciblé.,No immediate action,To enrich,Eurosatory 2026 Catalog
Air Target,http://www.airtarget.com/,Suède,Kista,https://www.linkedin.com/company/air-target-sweden/?viewAsMember=true,Radar / sensors,OEM,70.0,B,New,"Front-ends RF, processeurs, mécanique de précision pour fabricants radars.",Review website and validate opportunity,Engines / propulsion,Eurosatory 2026 Catalog
AIRBORNE SYSTEMS FRANCE,https://airborne-sys.com/,France,CUGNAUX,,Land defense,Distributeur,74.5,B,New,"Sous-systèmes, composites, certification pour primes terrestres.",Review website and validate opportunity,Engines / propulsion,Eurosatory 2026 Catalog
AIRBORNE TECHNOLOGIES GMBH,https://www.airbornetechnologies.at/,Autriche,WIENER NEUSTADT,https://www.linkedin.com/company/airborne-technologies-gmbh-austria/,Electronic warfare,OEM,84.5,A,New,"Amplis RF, processeurs signal, embarqué, antennes pour EW.",Contact sales team and qualify need,Engines / propulsion,Eurosatory 2026 Catalog
AIRBUS,https://www.airbus.com/,France,BLAGNAC,https://www.linkedin.com/company/airbusgroup,Intelligence / ISR,Bureau d'ingénierie,77.0,A,New,"Capteurs, payloads optroniques, communications pour plateformes ISR.",Contact sales team and qualify need,Mechanical parts,Eurosatory 2026 Catalog
Airolit AB,,Suède,Mölndal,,Other,À vérifier,,D,New,Qualifier l'activité avant tout pitch ciblé.,No immediate action,To enrich,Eurosatory 2026 Catalog
AIRSENSE Analytics,https://www.airsense.com/,Allemagne,SCHWERIN,https://www.linkedin.com/company/airsense-analytics-gmbh/,Intelligence / ISR,OEM,75.0,A,New,"Capteurs, payloads optroniques, communications pour plateformes ISR.",Contact sales team and qualify need,Electronic components,Eurosatory 2026 Catalog
AIRTECH EUROPE Sarl,http://airtech.lu/,Luxembourg,Differdange,https://www.linkedin.com/company/airtech-advanced-materials-group/,Other,OEM,52.6,C,New,Activité à qualifier — discovery call avant pitch précis.,Keep in watchlist,Industrial subcontracting / machining,Eurosatory 2026 Catalog
Airvolute,https://www.airvolute.com/,Slovaquie,Trnava,,Intelligence / ISR,Distributeur,74.0,B,New,"Capteurs, payloads optroniques, communications pour plateformes ISR.",Review website and validate opportunity,Energy / batteries,Eurosatory 2026 Catalog
Airwayz,https://www.airwayz.co/,Israël,TEL AVIV,https://www.linkedin.com/company/airwayz,UAV / drones,OEM,68.0,B,New,"Fournisseur de batteries, moteurs, optronique, RF, composites pour fabricants UAV.",Review website and validate opportunity,Cloud / data services,Eurosatory 2026 Catalog
AKAER,https://www.akaer.com.br/,Brésil,SAO JOSE DOS CAMPOS,https://www.linkedin.com/company/akaer-engenharia-ltda/,Electronic warfare,Distributeur,74.5,B,New,"Amplis RF, processeurs signal, embarqué, antennes pour EW.",Review website and validate opportunity,Cloud / data services,Eurosatory 2026 Catalog
AKG Group,http://www.akg-group.com/,France,SARREGUEMINES,https://www.linkedin.com/company/akg-thermotechnik-international-gmbh,Radar / sensors,OEM,82.0,A,New,"Front-ends RF, processeurs, mécanique de précision pour fabricants radars.",Contact sales team and qualify need,Engines / propulsion,Eurosatory 2026 Catalog
AKIRA TECHNOLOGIES,https://www.akira.pro/,France,BAYONNE,https://fr.linkedin.com/company/akira-tech,Radar / sensors,OEM,68.1,B,New,"Front-ends RF, processeurs, mécanique de précision pour fabricants radars.",Review website and validate opportunity,Mechanical parts,Eurosatory 2026 Catalog
AKMON S.A.,https://www.akmonsa.gr/,Grèce,Ano Liosia - Industrial Park Athens,https://www.linkedin.com/company/akmon-s-a/,Logistics / MRO,Distributeur,76.5,A,New,"Pièces de rechange, calibration, certification pour acteurs MRO.",Contact sales team and qualify need,Mechanical parts,Eurosatory 2026 Catalog
Aksum Armored,http://www.aksumarmored.com/,Émirats arabes unis,DUBAI,https://www.linkedin.com/company/aksumarmoredvehicles/,C4ISR,OEM,66.0,B,New,"Vend des sous-systèmes / composants à un OEM construisant Vehicles, Software / Platforms.",Review website and validate opportunity,Engines / propulsion,Eurosatory 2026 Catalog
AKTYVUS PHOTONICS,https://www.aktyvusphotonics.com/,Lituanie,VILNIUS,https://www.linkedin.com/company/86300195,Intelligence / ISR,OEM,85.0,A,New,"Capteurs, payloads optroniques, communications pour plateformes ISR.",Contact sales team and qualify need,Mechanical parts,Eurosatory 2026 Catalog
AL JUNDI JOURNAL - UAE MINISTRY OF DEFENCE,http://www.aljundi.ae/en/,Émirats arabes unis,ABU DHABI,,Other,À vérifier,19.6,D,New,Qualifier l'activité avant tout pitch ciblé.,No immediate action,Industrial subcontracting / machining,Eurosatory 2026 Catalog
ALA,http://www.alacorporation.com/,France,Toulouse,https://www.linkedin.com/company/a-l-a--spa/,Space / satellite,OEM,78.0,A,New,"Composites, capteurs, comms, lancement pour primes spatiaux.",Contact sales team and qualify need,RF / microwave components,Eurosatory 2026 Catalog
ALCEN,http://alcen.com/,France,PARIS,https://www.linkedin.com/company/alcen,Intelligence / ISR,OEM,82.0,A,New,"Capteurs, payloads optroniques, communications pour plateformes ISR.",Contact sales team and qualify need,Energy / batteries,Eurosatory 2026 Catalog
ALFAPROJ s.r.o.,http://www.alfaproj.cz/,République tchèque,Brno,,Other,À vérifier,19.6,D,New,Qualifier l'activité avant tout pitch ciblé.,No immediate action,Industrial subcontracting / machining,Eurosatory 2026 Catalog
"Aliter Technologies, a.s.",http://www.aliter.com/,Slovaquie,BRATISLAVA,https://www.linkedin.com/company/268928/,Intelligence / ISR,OEM,81.0,A,New,"Capteurs, payloads optroniques, communications pour plateformes ISR.",Contact sales team and qualify need,Engines / propulsion,Eurosatory 2026 Catalog
Allen-Vanguard,http://allenvanguard.com/,Canada,OTTAWA,https://www.linkedin.com/company/allen-vanguard/,Other,À vérifier,20.6,D,New,Qualifier l'activité avant tout pitch ciblé.,No immediate action,Industrial subcontracting / machining,Eurosatory 2026 Catalog
ALLEVIO GROUPE,https://www.allevio-groupe.com/,France,OYONNAX,https://www.linkedin.com/company/aeroplast-group/,Industrial subcontracting,Sous-traitant industriel,56.7,C,New,"Matières premières, outils coupants, services qualité pour sous-traitants.",Keep in watchlist,"Raw materials (steel, aluminium)",Eurosatory 2026 Catalog
ALLIANCE DEFENSE & SECURITY,http://www.alliance-groupe.com/,France,TOUOUGES,,Weapons,OEM,70.2,B,New,"Usinage de précision, matériaux, optronique, composants munitions ITAR-friendly.",Review website and validate opportunity,Mechanical parts,Eurosatory 2026 Catalog
Allianz Vie,http://www.allianz.fr/,France,PARIS LA DÉFENSE CEDEX,,Other,À vérifier,14.6,D,New,Qualifier l'activité avant tout pitch ciblé.,No immediate action,Industrial subcontracting / machining,Eurosatory 2026 Catalog
"ALLISON TRANSMISSION, INC.",http://www.allisontransmission.com/,États-Unis,INDIANAPOLIS,https://www.linkedin.com/company/allison-transmission,Land defense,Distributeur,81.0,A,New,"Sous-systèmes, composites, certification pour primes terrestres.",Contact sales team and qualify need,Engines / propulsion,Eurosatory 2026 Catalog
ALLWAN SECURITY,https://www.allwan.eu/,France,BEAUCOUZE,,Electronic warfare,OEM,78.0,A,New,"Amplis RF, processeurs signal, embarqué, antennes pour EW.",Contact sales team and qualify need,Energy / batteries,Eurosatory 2026 Catalog
AlmaDK,http://www.almadk.kz/,Kazakhstan,ALMATY,,Homeland security,À vérifier,22.6,D,New,Qualifier l'activité avant tout pitch ciblé.,No immediate action,Industrial subcontracting / machining,Eurosatory 2026 Catalog
ALPES USINAGE - SAS DECOPREM,,France,MARNAZ,,Other,À vérifier,,D,New,Qualifier l'activité avant tout pitch ciblé.,No immediate action,To enrich,Eurosatory 2026 Catalog
ALPHA AFFINITY GMBH,http://www.alpha-affinity.com/,Allemagne,MÜNCHEN,https://www.linkedin.com/company/alpha-affinity/,Intelligence / ISR,OEM,85.0,A,New,"Capteurs, payloads optroniques, communications pour plateformes ISR.",Contact sales team and qualify need,Energy / batteries,Eurosatory 2026 Catalog
ALPHA INNOVATIONS·RIPENERGY,http://www.alphainnovations.eu/,Belgique,LOUVAIN LA NEUVE,https://www.linkedin.com/company/alpha-innovations-sa,Logistics / MRO,OEM,77.5,A,New,"Pièces de rechange, calibration, certification pour acteurs MRO.",Contact sales team and qualify need,Cloud / data services,Eurosatory 2026 Catalog
ALPHA NUM,https://www.alpha-num.fr/,France,Lizy sur Ourcq,,Soldier systems,OEM,78.5,A,New,"Textiles, composites, optronique, énergie pour kits soldat.",Contact sales team and qualify need,Engines / propulsion,Eurosatory 2026 Catalog
Alpine Eagle,http://www.alpineeagle.com/,Allemagne,MUNICH,https://www.linkedin.com/company/alpineeagle,Intelligence / ISR,Distributeur,78.5,A,New,"Capteurs, payloads optroniques, communications pour plateformes ISR.",Contact sales team and qualify need,Energy / batteries,Eurosatory 2026 Catalog
ALSETEX,https://www.alsetex.fr/,France,PRECIGNE,https://fr.linkedin.com/company/sae-alsetex,Radar / sensors,Distributeur,68.1,B,New,"Front-ends RF, processeurs, mécanique de précision pour fabricants radars.",Review website and validate opportunity,Electronic components,Eurosatory 2026 Catalog
ALSONS GROUP,http://www.alsonsgroup.com./,Pakistan,KARACHI,https://www.linkedin.com/company/alsonsgroup/mycompany/,Other,À vérifier,19.6,D,New,Qualifier l'activité avant tout pitch ciblé.,No immediate action,Industrial subcontracting / machining,Eurosatory 2026 Catalog
ALSYMEX,https://alsymex-alcen.com/,France,Merignac,https://www.linkedin.com/company/alsymex-alcen/,Space / satellite,OEM,69.5,B,New,"Composites, capteurs, comms, lancement pour primes spatiaux.",Review website and validate opportunity,Engines / propulsion,Eurosatory 2026 Catalog
Alta Ares,https://altaares.com/,France,PARIS,https://www.linkedin.com/company/alta-ares/,Intelligence / ISR,Distributeur,77.5,A,New,"Capteurs, payloads optroniques, communications pour plateformes ISR.",Contact sales team and qualify need,Engines / propulsion,Eurosatory 2026 Catalog
ALTER TECHNOLOGY FRANCE,http://www.altertechnology.fr/,France,RAMONVILLE ST AGNE,https://www.linkedin.com/company/alter-technology-france/posts/?feedView=all,Logistics / MRO,OEM,68.5,B,New,"Pièces de rechange, calibration, certification pour acteurs MRO.",Review website and validate opportunity,Industrial subcontracting / machining,Eurosatory 2026 Catalog
ALTINAY DEFENSE TECHNOLOGIES,http://www.altinaysavunma.com/,Turquie,ISTANBUL,https://www.linkedin.com/company/altinaysavunma/,Space / satellite,OEM,71.5,B,New,"Composites, capteurs, comms, lancement pour primes spatiaux.",Review website and validate opportunity,Industrial subcontracting / machining,Eurosatory 2026 Catalog
ALTRONICS,https://altronics.fr/,France,TASSIN,https://www.linkedin.com/company/altronicsfr/,Radar / sensors,OEM,74.5,B,New,"Front-ends RF, processeurs, mécanique de précision pour fabricants radars.",Review website and validate opportunity,Electronic components,Eurosatory 2026 Catalog
ALTUS LSA S.A.,https://new.altus-lsa.gr/,Grèce,"CHANIA, CRETE",https://www.linkedin.com/company/altus-lsa,Intelligence / ISR,OEM,79.0,A,New,"Capteurs, payloads optroniques, communications pour plateformes ISR.",Contact sales team and qualify need,Energy / batteries,Eurosatory 2026 Catalog
Alurib Oy,https://savodefence.com/network/alurib-oy/,Finlande,Pieksämäki,,UAV / drones,Distributeur,81.0,A,New,"Fournisseur de batteries, moteurs, optronique, RF, composites pour fabricants UAV.",Contact sales team and qualify need,Engines / propulsion,Eurosatory 2026 Catalog
Alu-Stock,https://www.alu-stock.es/fr/,Espagne,VITORIA-GASTEIZ,,Other,À vérifier,,D,New,Qualifier l'activité avant tout pitch ciblé.,No immediate action,To enrich,Eurosatory 2026 Catalog
Alva Industries,http://www.alvaindustries.com/,Norvège,TRONDHEIM,https://www.linkedin.com/company/alva-industries/?originalSubdomain=no,Space / satellite,OEM,76.0,A,New,"Composites, capteurs, comms, lancement pour primes spatiaux.",Contact sales team and qualify need,Electronic components,Eurosatory 2026 Catalog
ALX SYSTEMS,https://www.alxsys.com/,Belgique,OUPEYE,,Other,À vérifier,4.0,D,New,Qualifier l'activité avant tout pitch ciblé.,No immediate action,To enrich,Eurosatory 2026 Catalog
ALYSOPHIL,,France,ILLKIRCH GRAFFENSTADEN,,Other,À vérifier,,D,New,Qualifier l'activité avant tout pitch ciblé.,No immediate action,To enrich,Eurosatory 2026 Catalog
AM 4 M,http://www.am-4-am.com/,Luxembourg,FOETZ,https://www.linkedin.com/company/am-4-am/,Electronic warfare,Sous-traitant industriel,65.5,B,New,"Amplis RF, processeurs signal, embarqué, antennes pour EW.",Review website and validate opportunity,Engines / propulsion,Eurosatory 2026 Catalog
AM GENERAL LLC,http://www.amgeneral.com/,États-Unis,SOUTH BEND,https://www.linkedin.com/company/am-general,Electronic warfare,OEM,74.5,B,New,"Amplis RF, processeurs signal, embarqué, antennes pour EW.",Review website and validate opportunity,Engines / propulsion,Eurosatory 2026 Catalog
AMA Spa,https://www.ama.it/,Italie,SAN MARTINO IN RIO (RE),https://www.linkedin.com/company/2393585/admin/dashboard/,Cybersecurity,OEM,79.0,A,New,"Outils SOC/SIEM, brique de sécurité défensive pour vendeur cyber.",Contact sales team and qualify need,Engines / propulsion,Eurosatory 2026 Catalog
AmaDema - Advanced Materials Design & Manufacturing Ltd,https://www.amdmcomposites.com/,Cyprus,NICOSIA,https://www.linkedin.com/company/amdm---advanced-materials-design-,Logistics / MRO,Bureau d'ingénierie,56.8,C,New,"Pièces de rechange, calibration, certification pour acteurs MRO.",Keep in watchlist,"Raw materials (carbon fiber, resins)",Eurosatory 2026 Catalog
AMAZON LEO,https://www.amazon.com/,États-Unis,ARLINGTON,https://www.linkedin.com/company/amazon/,Space / satellite,Distributeur,74.0,B,New,"Composites, capteurs, comms, lancement pour primes spatiaux.",Review website and validate opportunity,Engines / propulsion,Eurosatory 2026 Catalog
AMD DECOLLETAGE,http://www.amd-decolletage.com/,France,MARNAZ,https://www.linkedin.com/company/amd-decolletage-savoy-international/,UAV / drones,OEM,74.0,B,New,"Fournisseur de batteries, moteurs, optronique, RF, composites pour fabricants UAV.",Review website and validate opportunity,Electronic components,Eurosatory 2026 Catalog
AMEFO,https://amefo.fr/,France,CHAMBILLY,https://www.linkedin.com/in/amefo,Radar / sensors,OEM,79.0,A,New,"Front-ends RF, processeurs, mécanique de précision pour fabricants radars.",Contact sales team and qualify need,Mechanical parts,Eurosatory 2026 Catalog
AMETEK,https://www.ametek-airtechnology.com/,Royaume-Uni,SUNBURY ON THAMES,,Other,À vérifier,,D,New,Qualifier l'activité avant tout pitch ciblé.,No immediate action,To enrich,Eurosatory 2026 Catalog
AMETRA INTEGRATION,,France,PARIS,,Other,À vérifier,,D,New,Qualifier l'activité avant tout pitch ciblé.,No immediate action,To enrich,Eurosatory 2026 Catalog
AMEXCI,,Suède,Örebro,,Other,À vérifier,,D,New,Qualifier l'activité avant tout pitch ciblé.,No immediate action,To enrich,Eurosatory 2026 Catalog
AMGPRO,https://www.amgpro.fr/,France,OSNY,,Other,À vérifier,,D,New,Qualifier l'activité avant tout pitch ciblé.,No immediate action,To enrich,Eurosatory 2026 Catalog
Amicell - Amit Industries Ltd,http://www.amicell.co.il/,Israël,ASHDOD,https://www.linkedin.com/company/amit-industries/,UAV / drones,OEM,82.0,A,New,"Fournisseur de batteries, moteurs, optronique, RF, composites pour fabricants UAV.",Contact sales team and qualify need,Energy / batteries,Eurosatory 2026 Catalog
AMMUNITY SIA,http://ammunity.com/,Lettonie,Mārupes novads,https://www.linkedin.com/company/ammunityeu/,Ammunition,OEM,65.1,B,New,"Matériaux énergétiques, mécanique, packaging, certification.",Review website and validate opportunity,Energetic materials,Eurosatory 2026 Catalog
AMPHENOL,http://amphenol.com/products/,France,THYEZ,https://www.linkedin.com/company/amphenol,Radar / sensors,OEM,45.4,C,New,"Front-ends RF, processeurs, mécanique de précision pour fabricants radars.",Keep in watchlist,Electronic components,Eurosatory 2026 Catalog
AMPHINICY TECHNOLOGIES,https://amphinicy.com/,Luxembourg,Contern,,Communications,Éditeur logiciel,64.1,B,New,"RF, crypto, certification interopérabilité pour radios tactiques.",Review website and validate opportunity,Cloud / data services,Eurosatory 2026 Catalog
Amprius Technologies,https://amprius.com/,États-Unis,Fremond,,Other,À vérifier,15.6,D,New,Qualifier l'activité avant tout pitch ciblé.,No immediate action,Industrial subcontracting / machining,Eurosatory 2026 Catalog
AMZ-KUTNO S.A.,https://www.amz.pl/,Pologne,KUTNO,,Other,À vérifier,19.6,D,New,Qualifier l'activité avant tout pitch ciblé.,No immediate action,Industrial subcontracting / machining,Eurosatory 2026 Catalog
ANDAR ELECTROMECHANICAL SYSTEMS,https://www.andar.com.tr/,Turquie,ANKARA,https://www.linkedin.com/company/15195916,Radar / sensors,OEM,83.0,A,New,"Front-ends RF, processeurs, mécanique de précision pour fabricants radars.",Contact sales team and qualify need,Engines / propulsion,Eurosatory 2026 Catalog
ANDRITZ Schuler Pressen GmbH,http://www.schulergroup.com/,Allemagne,GÖPPINGEN,https://www.linkedin.com/company/andritz-schuler,Cybersecurity,OEM,71.0,B,New,"Outils SOC/SIEM, brique de sécurité défensive pour vendeur cyber.",Review website and validate opportunity,Mechanical parts,Eurosatory 2026 Catalog
ANELLO Photonics,https://anellophotonics.com/,États-Unis,SANTA CLARA,https://www.linkedin.com/company/anellophotonics,Intelligence / ISR,Distributeur,66.0,B,New,"Capteurs, payloads optroniques, communications pour plateformes ISR.",Review website and validate opportunity,Engines / propulsion,Eurosatory 2026 Catalog
ANG SARL,http://www.ang.lu/,Luxembourg,Ellange-Gare,https://www.linkedin.com/company/108560243,Electronic warfare,OEM,70.5,B,New,"Amplis RF, processeurs signal, embarqué, antennes pour EW.",Review website and validate opportunity,Cloud / data services,Eurosatory 2026 Catalog
"ANHUI YAOFENG RADAR TECHNOLOGY CO., LTD",http://www.yaofengradar.com/,Chine,HEFEI,,Counter-UAV,OEM,70.0,B,New,Vend une brique du chain detection-effector aux primes anti-drone.,Review website and validate opportunity,Energy / batteries,Eurosatory 2026 Catalog
ANMOPYC,http://www.anmopyc.es/,Espagne,ZARAGOZA,https://www.linkedin.com/company/anmopyces/posts/?feedView=all,C4ISR,Distributeur,64.8,B,New,"Composants, sous-systèmes, software, services pour primes C4ISR.",Review website and validate opportunity,Mechanical parts,Eurosatory 2026 Catalog
ANOVA R&D TECHNOLOGIES,http://www.anova.com.tr/,Turquie,ANKARA,https://www.linkedin.com/company/anova-arge,Radar / sensors,OEM,57.2,C,New,"Vend des sous-systèmes / composants à un OEM construisant Radars, Logistics equipment.",Keep in watchlist,Electronic components,Eurosatory 2026 Catalog
A-NSE,https://www.a-nse.com/,France,POURRIÈRES,http://fr.linkedin.com/company/a-nse,Intelligence / ISR,OEM,76.5,A,New,"Capteurs, payloads optroniques, communications pour plateformes ISR.",Contact sales team and qualify need,Energy / batteries,Eurosatory 2026 Catalog
Ansys,https://www.ansys.com/,France,MONTIGNY LE BRETONNEUX,https://www.linkedin.com/company/ansys-inc,Naval defense,Bureau d'ingénierie,72.5,B,New,"Radars, sonars, comms, armement, sustainment pour primes navals.",Review website and validate opportunity,Engines / propulsion,Eurosatory 2026 Catalog
ANTARES FRANCE,http://www.antares-france.com/,France,MER,,Industrial subcontracting,Sous-traitant industriel,52.7,C,New,"Matières premières, outils coupants, services qualité pour sous-traitants.",Keep in watchlist,"Raw materials (steel, aluminium)",Eurosatory 2026 Catalog
ANY-SHAPE,https://www.any-shape.com/,Belgique,VILLERS LE BOUILLET,https://www.linkedin.com/company/any-shape/,Soldier systems,OEM,79.5,A,New,"Textiles, composites, optronique, énergie pour kits soldat.",Contact sales team and qualify need,Mechanical parts,Eurosatory 2026 Catalog
AP LUX,http://www.ap-lux.com/,Luxembourg,Luxembourg,,UAV / drones,OEM,80.5,A,New,"Fournisseur de batteries, moteurs, optronique, RF, composites pour fabricants UAV.",Contact sales team and qualify need,Energy / batteries,Eurosatory 2026 Catalog
APAVE,,France,COURBEVOIE,,Other,À vérifier,,D,New,Qualifier l'activité avant tout pitch ciblé.,No immediate action,To enrich,Eurosatory 2026 Catalog
APEM,https://www.apem.com/,France,BOULOGNE-BILLANCOURT,https://www.linkedin.com/company/apem-group,C4ISR,Distributeur,75.0,A,New,"Composants, sous-systèmes, software, services pour primes C4ISR.",Contact sales team and qualify need,Cloud / data services,Eurosatory 2026 Catalog
AP-FLYER MADDOS,http://www.maddos.com/,Pologne,WARSAW,https://www.linkedin.com/company/ap-flyer/,Electronic warfare,Distributeur,79.0,A,New,"Amplis RF, processeurs signal, embarqué, antennes pour EW.",Contact sales team and qualify need,Energy / batteries,Eurosatory 2026 Catalog
APPI -TECHNOLOGY SAS,https://www.appi-technology.com/,France,NÎMES,https://www.linkedin.com/company/appi-technology/,Communications,OEM,79.0,A,New,"RF, crypto, certification interopérabilité pour radios tactiques.",Contact sales team and qualify need,Mechanical parts,Eurosatory 2026 Catalog
Appian,http://appian.com/,France,BOULOGNE-BILLANCOURT,https://www.linkedin.com/company/appian/,Cybersecurity,Distributeur,75.4,A,New,"Threat intel, hardware appliances, cloud souverain, audits.",Contact sales team and qualify need,Cloud / data services,Eurosatory 2026 Catalog
APPLICATIONS COMPOSITES,https://www.applicationscomposites.fr/,France,AUBIGNY,,Industrial subcontracting,Sous-traitant industriel,54.4,C,New,"Matières premières, outils coupants, services qualité pour sous-traitants.",Keep in watchlist,"Raw materials (steel, aluminium)",Eurosatory 2026 Catalog
"APPLIED RESEARCH ASSOCIATES, INC.",http://ara.com/,États-Unis,"ALBUQUERQUE, NM",https://www.linkedin.com/company/ara,Space / satellite,Sous-traitant industriel,68.5,B,New,"Composites, capteurs, comms, lancement pour primes spatiaux.",Review website and validate opportunity,Engines / propulsion,Eurosatory 2026 Catalog
AQ TECH,https://www.aq-tech.fr/fr/contact/,France,Sillingy,https://www.linkedin.com/company/aq-tech/,Radar / sensors,OEM,70.9,B,New,"Front-ends RF, processeurs, mécanique de précision pour fabricants radars.",Review website and validate opportunity,Electronic components,Eurosatory 2026 Catalog
AQLE,https://www.aqle.fr/,France,SAINT-JUST-EN-CHAUSSÉE,https://www.linkedin.com/company/aqle,Logistics / MRO,Distributeur,62.9,B,New,Canal de distribution / représentation pour notre portefeuille.,Review website and validate opportunity,Mechanical parts,Eurosatory 2026 Catalog
AQUA MANIA,https://www.top-star.fr/,France,MARCHEPRIME,,Soldier systems,Bureau d'ingénierie,57.3,C,New,"Textiles, composites, optronique, énergie pour kits soldat.",Keep in watchlist,Cloud / data services,Eurosatory 2026 Catalog
AQUITAINE ELECTRONIQUE (AECEGROUP),https://www.aece-group.com/,France,Serres-Castet,http://www.linkedin.com/company/aquitaineelectronique,Naval defense,Sous-traitant industriel,62.9,B,New,"Radars, sonars, comms, armement, sustainment pour primes navals.",Review website and validate opportunity,Electronic components,Eurosatory 2026 Catalog
ARAGON HUB DEFENSE,http://www.aragonexterior.es/,Espagne,ZARAGOZA,https://www.linkedin.com/company/aragon-exterior/posts/?feedView=all,Other,OEM,54.7,C,New,"Vend des sous-systèmes / composants à un OEM construisant Logistics equipment, Software / Platforms.",Keep in watchlist,Mechanical parts,Eurosatory 2026 Catalog
ARAGON PHOTONICS LABS,https://www.aragonphotonics.com/,Espagne,Zaragoza,https://www.linkedin.com/company/aragon-photonics/,Soldier systems,OEM,71.5,B,New,"Textiles, composites, optronique, énergie pour kits soldat.",Review website and validate opportunity,Electronic components,Eurosatory 2026 Catalog
Arbit Cyber Defence Systems,http://arbitcds.com/,Danemark,Hvidovre,https://www.linkedin.com/company/3032697,C4ISR,OEM,77.6,A,New,"Composants, sous-systèmes, software, services pour primes C4ISR.",Contact sales team and qualify need,Electronic components,Eurosatory 2026 Catalog
ArcelorMittal Commercial Sections S.A.,https://www.arcelormittal.com/,Luxembourg,Esch-sur-Alzette,,Other,À vérifier,15.6,D,New,Qualifier l'activité avant tout pitch ciblé.,No immediate action,Industrial subcontracting / machining,Eurosatory 2026 Catalog
Arctus Technologies,https://www.arctus.ai/,Pays-Bas,SON EN BREUGEL,https://www.linkedin.com/company/arctus-technologies/posts,UAV / drones,OEM,67.0,B,New,"Fournisseur de batteries, moteurs, optronique, RF, composites pour fabricants UAV.",Review website and validate opportunity,Energy / batteries,Eurosatory 2026 Catalog
Ares Shield AI,https://aresshield.ai/about-us/,Pologne,WROCLAW,,Intelligence / ISR,OEM,76.0,A,New,"Capteurs, payloads optroniques, communications pour plateformes ISR.",Contact sales team and qualify need,Energy / batteries,Eurosatory 2026 Catalog
ARESIA,http://www.aresia.com/,France,VILLENEUVE LA GARENNE,https://www.linkedin.com/company/aresia/,UAV / drones,Équipementier,74.0,B,New,"Fournisseur de batteries, moteurs, optronique, RF, composites pour fabricants UAV.",Review website and validate opportunity,Electronic components,Eurosatory 2026 Catalog
Arge Robotik,http://www.argerobotik.com/,Turquie,ÇEKMEKÖY,https://www.linkedin.com/company/arge-robotik,Ammunition,OEM,69.0,B,New,"Vend des sous-systèmes / composants à un OEM construisant Robotics / UGV, Software / Platforms.",Review website and validate opportunity,Electronic components,Eurosatory 2026 Catalog
Argus Interception,https://www.argus-interception.com/,Allemagne,ROTENBURG/WÜMME,https://www.linkedin.com/company/argus-interception/,Intelligence / ISR,OEM,67.5,B,New,"Capteurs, payloads optroniques, communications pour plateformes ISR.",Review website and validate opportunity,Energy / batteries,Eurosatory 2026 Catalog
ARIA SEPROLEC GROUP,http://www.aria-seprolec.fr/,France,VIRE,https://www.linkedin.com/company/aria-seprolec/,Logistics / MRO,Sous-traitant industriel,67.4,B,New,"Pièces de rechange, calibration, certification pour acteurs MRO.",Review website and validate opportunity,Mechanical parts,Eurosatory 2026 Catalog
ArianeGroup,https://www.ariane.group/,France,LES MUREAUX,https://www.linkedin.com/company/arianegroup/,Space / satellite,OEM,77.0,A,New,"Composites, capteurs, comms, lancement pour primes spatiaux.",Contact sales team and qualify need,Mechanical parts,Eurosatory 2026 Catalog
Ark Robotics,http://ark-robotics.com/,Estonie,TALLINN,https://www.linkedin.com/company/arkrobotics,Electronic warfare,OEM,80.0,A,New,"Amplis RF, processeurs signal, embarqué, antennes pour EW.",Contact sales team and qualify need,Engines / propulsion,Eurosatory 2026 Catalog
ARMATAN,http://armatan.com/,France,Sainte-Hélène-du-Lac,https://www.linkedin.com/company/armatan-sas,Radar / sensors,OEM,75.0,A,New,"Front-ends RF, processeurs, mécanique de précision pour fabricants radars.",Contact sales team and qualify need,Electronic components,Eurosatory 2026 Catalog
ARMMO,https://www.armmo.es/,Espagne,MADRID,,Intelligence / ISR,OEM,74.0,B,New,"Capteurs, payloads optroniques, communications pour plateformes ISR.",Review website and validate opportunity,Engines / propulsion,Eurosatory 2026 Catalog
ARMOUR PLATE PROCESSING,http://www.mtladv.com/,Royaume-Uni,ROTHERHAM,,Dual-use technology,OEM,43.8,C,New,Vend des sous-systèmes / composants à un OEM construisant Vehicles.,Keep in watchlist,Engines / propulsion,Eurosatory 2026 Catalog
ARMOURED VEHICLES NIGAM LIMITED,https://avnl.co.in/,Inde,Chennai,https://www.linkedin.com/in/armoured-vehicles-nigam-limited-careers-page-88744337b/,Land defense,OEM,64.5,B,New,"Vend des sous-systèmes / composants à un OEM construisant Vehicles, Engines / propulsion.",Review website and validate opportunity,Engines / propulsion,Eurosatory 2026 Catalog
Armsto,http://www.armsto.com.tr/,Turquie,ANKARA,https://tr.linkedin.com/company/armsto,Export / distribution,Distributeur,35.6,D,New,Canal de distribution / représentation pour notre portefeuille.,No immediate action,Industrial subcontracting / machining,Eurosatory 2026 Catalog
ARMTEK,https://armtek.fr/,France,STRASBOURG,https://www.linkedin.com/company/38084632/admin/feed/posts/,Cybersecurity,Distributeur,68.6,B,New,"Threat intel, hardware appliances, cloud souverain, audits.",Review website and validate opportunity,Cloud / data services,Eurosatory 2026 Catalog
ARMY RECOGNITION GROUP,http://www.armyrecognition.com/,Belgique,ANDENNE,,Electronic warfare,Distributeur,81.0,A,New,"Amplis RF, processeurs signal, embarqué, antennes pour EW.",Contact sales team and qualify need,Engines / propulsion,Eurosatory 2026 Catalog
ARNOLD MAGNETIC TECHNOLOGIES,https://www.arnoldmagnetics.com/,États-Unis,ROCHESTER,https://www.linkedin.com/company/87842,Space / satellite,OEM,83.0,A,New,"Composites, capteurs, comms, lancement pour primes spatiaux.",Contact sales team and qualify need,Engines / propulsion,Eurosatory 2026 Catalog
ARQUIMEA,https://www.arquimea.com/,Espagne,Torrejón de Ardoz,https://www.linkedin.com/company/arquimea-group/,Space / satellite,OEM,81.0,A,New,"Composites, capteurs, comms, lancement pour primes spatiaux.",Contact sales team and qualify need,Electronic components,Eurosatory 2026 Catalog
ARQUUS,http://www.arquus-defense.com/,France,78000,https://www.linkedin.com/company/arquus-defense,Electronic warfare,OEM,83.0,A,New,"Amplis RF, processeurs signal, embarqué, antennes pour EW.",Contact sales team and qualify need,Engines / propulsion,Eurosatory 2026 Catalog
Arrow Electronics,https://arrow.com/,France,CLAMART,,Other,À vérifier,,D,New,Qualifier l'activité avant tout pitch ciblé.,No immediate action,To enrich,Eurosatory 2026 Catalog
Arrow Switzerland S.à.r.l.,http://www.kevlar.com/,Suisse,MEYRIN,,Other,À vérifier,,D,New,Qualifier l'activité avant tout pitch ciblé.,No immediate action,To enrich,Eurosatory 2026 Catalog
Arsenal 2000 JSCo,https://www.arsenal-bg.com/,Bulgarie,KAZANLAK,,Other,À vérifier,15.6,D,New,Qualifier l'activité avant tout pitch ciblé.,No immediate action,Industrial subcontracting / machining,Eurosatory 2026 Catalog
ART CONCEPT COMPOSITES,http://www.art-concept.fr/,France,LAVAL CEDEX 9,https://fr.linkedin.com/company/artconceptcomposites,Other,À vérifier,15.6,D,New,Qualifier l'activité avant tout pitch ciblé.,No immediate action,Industrial subcontracting / machining,Eurosatory 2026 Catalog
ART TECH,http://www.art-tech-france.fr/,France,VINEUIL,,Other,OEM,67.5,B,New,Activité à qualifier — discovery call avant pitch précis.,Review website and validate opportunity,"Raw materials (steel, aluminium)",Eurosatory 2026 Catalog
Artillerie Inrichtingen Armaments,https://ai-armaments.com/,Pays-Bas,TILBURG,https://www.linkedin.com/in/gerardzondervan/,Counter-UAV,OEM,80.0,A,New,"Fournisseur de RF, radars, optronique et embarqués pour stacks anti-drone.",Contact sales team and qualify need,Energy / batteries,Eurosatory 2026 Catalog
ARTLIGHT,https://www.powerondrone.com/index.php?route=product/category&path=17_59,Pologne,WARSAW,,UAV / drones,OEM,50.6,C,New,Sub-system / payload pour OEM drones tactiques.,Keep in watchlist,Energy / batteries,Eurosatory 2026 Catalog
ARX Robotics GmbH,https://www.arx-robotics.com/,Allemagne,Oberding,https://www.linkedin.com/company/arx-robotics/,Intelligence / ISR,OEM,82.0,A,New,"Capteurs, payloads optroniques, communications pour plateformes ISR.",Contact sales team and qualify need,Cloud / data services,Eurosatory 2026 Catalog
ARX Robotics GmbH,http://www.arx-robotics.com/,Allemagne,Oberding,https://www.linkedin.com/company/arx-robotics/,Intelligence / ISR,OEM,82.0,A,New,"Capteurs, payloads optroniques, communications pour plateformes ISR.",Contact sales team and qualify need,Cloud / data services,Eurosatory 2026 Catalog
ASB AEROSPATIALE BATTERIES,http://www.asb-group.com/,France,BOURGES CEDEX,,Other,À vérifier,,D,New,Qualifier l'activité avant tout pitch ciblé.,No immediate action,To enrich,Eurosatory 2026 Catalog
ASCENDANCE FLIGHT TECHNOLOGIES,https://www.ascendance-ft.com/,France,TOULOUSE,https://www.linkedin.com/company/ascendance-ft/,UAV / drones,OEM,81.5,A,New,Sub-system / payload pour OEM drones tactiques.,Contact sales team and qualify need,Engines / propulsion,Eurosatory 2026 Catalog
Ascent Lumina SIA,https://www.ascentlumina.com/,Lettonie,Riga,,Other,À vérifier,,D,New,Qualifier l'activité avant tout pitch ciblé.,No immediate action,To enrich,Eurosatory 2026 Catalog
Aselsan,http://www.aselsan.com/,Turquie,ANKARA,,Other,À vérifier,17.6,D,New,Qualifier l'activité avant tout pitch ciblé.,No immediate action,Industrial subcontracting / machining,Eurosatory 2026 Catalog
ASGARD MOTORS,https://www.asgard-motors.fr/,France,SAINT JEAN LE BLANC,https://www.linkedin.com/company/asgard-motors/,Logistics / MRO,OEM,69.2,B,New,"Vend des sous-systèmes / composants à un OEM construisant Logistics equipment, Engines / propulsion.",Review website and validate opportunity,Mechanical parts,Eurosatory 2026 Catalog
ASHOKA MANUFACTURING PVT LTD,https://www.notavailable.net/,Inde,KOLKATA,,Other,À vérifier,17.6,D,New,Qualifier l'activité avant tout pitch ciblé.,No immediate action,Industrial subcontracting / machining,Eurosatory 2026 Catalog
ASMAN TECHNOLOGY,,France,CLICHY,,Other,À vérifier,,D,New,Qualifier l'activité avant tout pitch ciblé.,No immediate action,To enrich,Eurosatory 2026 Catalog
"ASPEN WATER, INC.",https://www.aspenwater.com/,États-Unis,RICHARDSON,,Radar / sensors,OEM,74.0,B,New,"Front-ends RF, processeurs, mécanique de précision pour fabricants radars.",Review website and validate opportunity,Engines / propulsion,Eurosatory 2026 Catalog
ASSEMBLICS,https://www.assemblics.com/,Belgique,HARELBEKE,https://www.linkedin.com/company/assemblics/,Radar / sensors,OEM,61.6,B,New,"Front-ends RF, processeurs, mécanique de précision pour fabricants radars.",Review website and validate opportunity,Industrial subcontracting / machining,Eurosatory 2026 Catalog
ASTECH PARIS REGION,http://www.pole-astech.org/,France,LE BOURGET,https://www.linkedin.com/company/18361791,Space / satellite,OEM,56.2,C,New,"Composites, capteurs, comms, lancement pour primes spatiaux.",Keep in watchlist,Industrial subcontracting / machining,Eurosatory 2026 Catalog
ASTERODYN,http://www.asterodyn.com/,France,HAUTEVILLE,https://www.linkedin.com/company/asterodyn/,Electronic warfare,OEM,70.6,B,New,"Amplis RF, processeurs signal, embarqué, antennes pour EW.",Review website and validate opportunity,Energy / batteries,Eurosatory 2026 Catalog
Astrolight,https://astrolightspace.com/,Lituanie,VILNIUS,https://lt.linkedin.com/in/laurynas-maciulis,Electronic warfare,OEM,77.0,A,New,"Amplis RF, processeurs signal, embarqué, antennes pour EW.",Contact sales team and qualify need,Composite materials,Eurosatory 2026 Catalog
Astronics,https://www.astronics.com/,États-Unis,East Aurora,https://www.linkedin.com/company/astronics,Intelligence / ISR,Bureau d'ingénierie,73.5,B,New,"Capteurs, payloads optroniques, communications pour plateformes ISR.",Review website and validate opportunity,Electronic components,Eurosatory 2026 Catalog
ASTURIAS HUB DEFENSA,https://www.asturiashubdefensa.com/,Espagne,"Gijón, Asturias",https://www.linkedin.com/company/asturiashubdefensa/,UAV / drones,OEM,68.0,B,New,Sub-system / payload pour OEM drones tactiques.,Review website and validate opportunity,Mechanical parts,Eurosatory 2026 Catalog
ATDI,https://www.atdi.com/,Royaume-Uni,LONDON,https://www.linkedin.com/company/14433686,Intelligence / ISR,OEM,84.0,A,New,"Capteurs, payloads optroniques, communications pour plateformes ISR.",Contact sales team and qualify need,Electronic components,Eurosatory 2026 Catalog
Atech - Embraer Group,http://www.atech.com.br/,Brésil,SAO PAULO SP,,Intelligence / ISR,OEM,78.0,A,New,"Capteurs, payloads optroniques, communications pour plateformes ISR.",Contact sales team and qualify need,Energy / batteries,Eurosatory 2026 Catalog
ATELIER BELGIUM COATINGS,https://www.belgium-coatings.be/,Belgique,GRACE-HOLLOGNE,https://www.linkedin.com/company/belgium-coatings-sa/,Engineering services,À vérifier,43.1,C,New,"Outils CAD, simulation, certification pour bureau d'études.",Keep in watchlist,Industrial subcontracting / machining,Eurosatory 2026 Catalog
ATERMES SAS,https://www.atermes.fr/fr/,France,MONTIGNY LE BRETONNEUX,https://fr.linkedin.com/company/atermes,Intelligence / ISR,Sous-traitant industriel,65.5,B,New,"Capteurs, payloads optroniques, communications pour plateformes ISR.",Review website and validate opportunity,Mechanical parts,Eurosatory 2026 Catalog
ATEŞÇİ ENGINEERING,https://www.atesci.com/,Turquie,ANKARA,https://tr.linkedin.com/company/atesci,Logistics / MRO,OEM,55.5,C,New,"Pièces de rechange, calibration, certification pour acteurs MRO.",Keep in watchlist,Mechanical parts,Eurosatory 2026 Catalog
ATI DEFENSE,http://www.atimaterials.com/,États-Unis,ARLINGTON,https://www.linkedin.com/company/atimaterials,Cybersecurity,OEM,80.5,A,New,"Threat intel, hardware appliances, cloud souverain, audits.",Contact sales team and qualify need,Engines / propulsion,Eurosatory 2026 Catalog
ATL EUROPA,https://www.atleuropa.es/,Espagne,MADRID,https://www.linkedin.com/company/atleuropa/,UAV / drones,OEM,57.0,C,New,"Fournisseur de batteries, moteurs, optronique, RF, composites pour fabricants UAV.",Keep in watchlist,Energy / batteries,Eurosatory 2026 Catalog
Atlantic Data Center,https://atlanticdc.es/,Espagne,LAS PALMAS DE GRAN CANARIA,,Armored vehicles,OEM,75.5,A,New,"Moteurs, composites, plaques balistiques, optronique, comms pour OEM blindés.",Contact sales team and qualify need,Engines / propulsion,Eurosatory 2026 Catalog
Atlas Aerospace Ltd.,https://www.atlasuas.com/,Lettonie,RIGA,https://www.linkedin.com/company/atlasuas,Electronic warfare,OEM,81.0,A,New,"Amplis RF, processeurs signal, embarqué, antennes pour EW.",Contact sales team and qualify need,Energy / batteries,Eurosatory 2026 Catalog
ATOS,http://atos.net/fr/,France,Bezons,https://www.linkedin.com/company/atos,Radar / sensors,Distributeur,69.1,B,New,"Front-ends RF, processeurs, mécanique de précision pour fabricants radars.",Review website and validate opportunity,"Materials (Li-ion, electrolytes)",Eurosatory 2026 Catalog
ATREYD,https://www.atreyd.com/,France,BORMES-LES-MIMOSAS,https://www.linkedin.com/company/atreyd/,Intelligence / ISR,OEM,73.0,B,New,"Capteurs, payloads optroniques, communications pour plateformes ISR.",Review website and validate opportunity,Engines / propulsion,Eurosatory 2026 Catalog
ATS - GROUPE AGS,https://www.groupe-ags.com/,France,SEZANNE,,Other,À vérifier,,D,New,Qualifier l'activité avant tout pitch ciblé.,No immediate action,To enrich,Eurosatory 2026 Catalog
ATS GROUP,http://www.ats.com.mk/,Macedonia,SKOPJE,https://www.linkedin.com/company/atsgroup-mk/,Soldier systems,OEM,82.0,A,New,"Textiles, composites, optronique, énergie pour kits soldat.",Contact sales team and qualify need,Energetic materials,Eurosatory 2026 Catalog
ATTAX,http://www.attax.com/,France,SAINT AOUSTRILLE,,Other,À vérifier,,D,New,Qualifier l'activité avant tout pitch ciblé.,No immediate action,To enrich,Eurosatory 2026 Catalog
AUBE ELECTRONIQUE,,France,ST THIBAULT,,Other,À vérifier,,D,New,Qualifier l'activité avant tout pitch ciblé.,No immediate action,To enrich,Eurosatory 2026 Catalog
AUBERT & DUVAL,http://www.aubertduval.com/,France,PARIS,https://www.linkedin.com/company/aubert-&-duval,Other,À vérifier,15.6,D,New,Qualifier l'activité avant tout pitch ciblé.,No immediate action,Industrial subcontracting / machining,Eurosatory 2026 Catalog
AUMOVIO France S.A.S,http://engineering-solutions.aumovio.com/,France,Toulouse,https://linkedin.com/company/aumovio-engineering-solutions,Radar / sensors,Bureau d'ingénierie,72.0,B,New,"Front-ends RF, processeurs, mécanique de précision pour fabricants radars.",Review website and validate opportunity,Engines / propulsion,Eurosatory 2026 Catalog
AUNAV,https://www.aunav.com/,Espagne,Binefar,,Other,À vérifier,,D,New,Qualifier l'activité avant tout pitch ciblé.,No immediate action,To enrich,Eurosatory 2026 Catalog
AURA AERO,http://www.aura-aero.com/,France,CUGNAUX,https://www.linkedin.com/company/aura-aero,C4ISR,Distributeur,74.0,B,New,"Composants, sous-systèmes, software, services pour primes C4ISR.",Review website and validate opportunity,Cloud / data services,Eurosatory 2026 Catalog
AUSA (Association of the US Army),http://www.ausa.org/,États-Unis,ARLINGTON,,Other,À vérifier,15.6,D,New,Qualifier l'activité avant tout pitch ciblé.,No immediate action,Industrial subcontracting / machining,Eurosatory 2026 Catalog
Australian Pavilion,https://www1.defence.gov.au/,Australie,ACT,,Other,À vérifier,4.0,D,New,Qualifier l'activité avant tout pitch ciblé.,No immediate action,To enrich,Eurosatory 2026 Catalog
AUSTRIAN DEFENCE & SECURITY INDUSTRY GROUP,https://www.wko.at/asw,Autriche,VIENNE,,Other,À vérifier,,D,New,Qualifier l'activité avant tout pitch ciblé.,No immediate action,To enrich,Eurosatory 2026 Catalog
"AUTEL ROBOTICS CO., LTD.",https://www.autelrobotics.com/,Chine,SHENZHEN,,Other,À vérifier,15.6,D,New,Qualifier l'activité avant tout pitch ciblé.,No immediate action,Industrial subcontracting / machining,Eurosatory 2026 Catalog
AUTOFLUG,http://www.autoflug.de/,Allemagne,RELLINGEN,https://www.linkedin.com/company/autoflug-gmbh/,Radar / sensors,OEM,75.0,A,New,"Front-ends RF, processeurs, mécanique de précision pour fabricants radars.",Contact sales team and qualify need,Engines / propulsion,Eurosatory 2026 Catalog
AUTOLIFT,https://www.autolift.info/,Autriche,ELIXHAUSEN,,Logistics / MRO,OEM,65.0,B,New,"Vend des sous-systèmes / composants à un OEM construisant Logistics equipment, Vehicles.",Review website and validate opportunity,Mechanical parts,Eurosatory 2026 Catalog
AUTONOMOUS GUARD,http://www.aguard-sys.com/,Israël,KFAR SABA,https://www.linkedin.com/company/109766290/admin/dashboard/,Electronic warfare,OEM,79.0,A,New,"Amplis RF, processeurs signal, embarqué, antennes pour EW.",Contact sales team and qualify need,Energy / batteries,Eurosatory 2026 Catalog
Auxsys GmbH,https://auxsys.com/,Allemagne,AACHEN,,AI / data,OEM,71.0,B,New,Module IA / fusion de données pour intégration dans la stack du client.,Review website and validate opportunity,Cloud / data services,Eurosatory 2026 Catalog
AVANTIS,http://avantis-group.com/,France,GRASSE,https://www.linkedin.com/company/groupeavantis,Radar / sensors,OEM,64.3,B,New,"Front-ends RF, processeurs, mécanique de précision pour fabricants radars.",Review website and validate opportunity,Mechanical parts,Eurosatory 2026 Catalog
AVANTIX,http://avantix.net/,France,AIX EN PROVENCE,,Other,À vérifier,,D,New,Qualifier l'activité avant tout pitch ciblé.,No immediate action,To enrich,Eurosatory 2026 Catalog
AVEC CHEM S.R.O.,http://www.avec.cz/,République tchèque,PRELOUC,,Other,À vérifier,16.6,D,New,Qualifier l'activité avant tout pitch ciblé.,No immediate action,Industrial subcontracting / machining,Eurosatory 2026 Catalog
"Aveo Engineering Group, s.r.o.",https://aveoengineering.com/,République tchèque,DRÁSOV,,Naval defense,OEM,77.0,A,New,"Radars, sonars, comms, armement, sustainment pour primes navals.",Contact sales team and qualify need,Energy / batteries,Eurosatory 2026 Catalog
"AviaNera Technologies, a.s.",http://avianeratech.com/,République tchèque,Praha 8,https://linkedin.com/company/avianera-technologies/,Counter-UAV,Distributeur,73.0,B,New,Vend une brique du chain detection-effector aux primes anti-drone.,Review website and validate opportunity,Energy / batteries,Eurosatory 2026 Catalog
AVL LIST GMBH,http://www.avl.com/,Autriche,GRAZ,,Other,À vérifier,,D,New,Qualifier l'activité avant tout pitch ciblé.,No immediate action,To enrich,Eurosatory 2026 Catalog
Avnon Enterprise Ltd,https://www.avnongroup.com/,Israël,KFAR SABA,,Intelligence / ISR,OEM,80.0,A,New,"Capteurs, payloads optroniques, communications pour plateformes ISR.",Contact sales team and qualify need,Energy / batteries,Eurosatory 2026 Catalog
Avon Protection,https://www.avon-protection.com/,Royaume-Uni,WILTSHIRE,,Other,À vérifier,,D,New,Qualifier l'activité avant tout pitch ciblé.,No immediate action,To enrich,Eurosatory 2026 Catalog
AVT EUROPE (NV),https://www.actemium.be/fr/segments-marche/solutions-de-manutention/solutions/,Belgique,ESSEN,,UAV / drones,Intégrateur,70.5,B,New,"Fournisseur de batteries, moteurs, optronique, RF, composites pour fabricants UAV.",Review website and validate opportunity,Engines / propulsion,Eurosatory 2026 Catalog
AWG TECH,http://awgtech.fr/,France,Trappes,https://www.linkedin.com/in/frédéric-geoffroy-0888bb146,Engineering services,Bureau d'ingénierie,57.4,C,New,"Outils CAD, simulation, certification pour bureau d'études.",Keep in watchlist,Mechanical parts,Eurosatory 2026 Catalog
AX Group,https://www.ax-group.com/fr/,France,Bailleul,,Other,À vérifier,,D,New,Qualifier l'activité avant tout pitch ciblé.,No immediate action,To enrich,Eurosatory 2026 Catalog
AXNES AS,http://www.axnes.com/,Norvège,GRIMSTAD,https://www.linkedin.com/company/axnes/,Other,À vérifier,20.6,D,New,Qualifier l'activité avant tout pitch ciblé.,No immediate action,Industrial subcontracting / machining,Eurosatory 2026 Catalog
AXON,http://www.axon.com/fr,France,PARIS,https://fr.linkedin.com/showcase/axon-france/,UAV / drones,Distributeur,74.0,B,New,"Fournisseur de batteries, moteurs, optronique, RF, composites pour fabricants UAV.",Review website and validate opportunity,Energy / batteries,Eurosatory 2026 Catalog
Axon' Cable,http://www.axon-cable.com/,France,MONTMIRAIL,,Other,À vérifier,,D,New,Qualifier l'activité avant tout pitch ciblé.,No immediate action,To enrich,Eurosatory 2026 Catalog
AZUR DRONES,https://www.azurdrones.com/,France,Mérigna,,UAV / drones,OEM,76.0,A,New,"Fournisseur de batteries, moteurs, optronique, RF, composites pour fabricants UAV.",Contact sales team and qualify need,Energy / batteries,Eurosatory 2026 Catalog
B Medical Systems,http://www.bmedicalsystems.com/,Luxembourg,Hosingen,https://www.linkedin.com/company/b-medical-systems/,Radar / sensors,Distributeur,76.5,A,New,"Front-ends RF, processeurs, mécanique de précision pour fabricants radars.",Contact sales team and qualify need,Engines / propulsion,Eurosatory 2026 Catalog
B&T Composites,https://www.btcomposites.gr/,Grèce,FLORINA,https://www.linkedin.com/company/101398294,UAV / drones,Sous-traitant industriel,65.5,B,New,"Fournisseur de batteries, moteurs, optronique, RF, composites pour fabricants UAV.",Review website and validate opportunity,Mechanical parts,Eurosatory 2026 Catalog
B&TAG,https://www.bt-ag.ch/,Suisse,Thun,,Armored vehicles,OEM,77.0,A,New,"Vend des sous-systèmes / composants à un OEM construisant Vehicles, Ammunition.",Contact sales team and qualify need,Engines / propulsion,Eurosatory 2026 Catalog
B.E. Meyers & Co. Inc,http://www.bemeyers.com/,États-Unis,Redmond,https://www.linkedin.com/company/be-meyers/,Soldier systems,OEM,68.0,B,New,"Textiles, composites, optronique, énergie pour kits soldat.",Review website and validate opportunity,Mechanical parts,Eurosatory 2026 Catalog
B.R. PRECISION (nom commercial),https://www.brprecision.fr/,France,VILLERS COTTERETS,https://www.linkedin.com/company/bernard-ressorts02600/,Industrial subcontracting,Sous-traitant industriel,62.8,B,New,"Matières premières, outils coupants, services qualité pour sous-traitants.",Review website and validate opportunity,Cloud / data services,Eurosatory 2026 Catalog
B.R.C,https://brc.bzh/,France,Le Pertre,,Other,À vérifier,,D,New,Qualifier l'activité avant tout pitch ciblé.,No immediate action,To enrich,Eurosatory 2026 Catalog
B.S.N. BALLABIO SRL,https://www.bsn.it/,Italie,CELLATICA,,Radar / sensors,OEM,67.0,B,New,"Front-ends RF, processeurs, mécanique de précision pour fabricants radars.",Review website and validate opportunity,Energetic materials,Eurosatory 2026 Catalog
BABCOCK INTERNATIONAL,https://www.babcockinternational.com/,Royaume-Uni,WEST MIDLANDS,,Other,À vérifier,,D,New,Qualifier l'activité avant tout pitch ciblé.,No immediate action,To enrich,Eurosatory 2026 Catalog
BACHMANN RDS,http://bachmannrds.com/,France,MORNAC,https://www.linkedin.com/company/bachmannrds,Logistics / MRO,OEM,72.0,B,New,"Pièces de rechange, calibration, certification pour acteurs MRO.",Review website and validate opportunity,Mechanical parts,Eurosatory 2026 Catalog
Backer HTF-Heating Technologies France,https://backerhtf.fr/,France,BRON,https://www.linkedin.com/company/backer-htf-heating-technologies-france/?viewAsMember=true,Intelligence / ISR,OEM,68.1,B,New,"Capteurs, payloads optroniques, communications pour plateformes ISR.",Review website and validate opportunity,Electronic components,Eurosatory 2026 Catalog
BAE SYSTEMS,http://www.baesystems.com/,Royaume-Uni,CAMBERLEY,https://www.linkedin.com/company/bae-systems,Other,À vérifier,17.6,D,New,Qualifier l'activité avant tout pitch ciblé.,No immediate action,Industrial subcontracting / machining,Eurosatory 2026 Catalog
BAGALU,https://www.bagalu.fr/,France,PRIVAS,,Other,À vérifier,,D,New,Qualifier l'activité avant tout pitch ciblé.,No immediate action,To enrich,Eurosatory 2026 Catalog
BALTIC INSTITUTE OF ADVANCED TECHNOLOGY (BPTI),https://www.bpti.lt/,Lituanie,VILNIUS,,Other,À vérifier,,D,New,Qualifier l'activité avant tout pitch ciblé.,No immediate action,To enrich,Eurosatory 2026 Catalog
BALTIC VIPER,https://balticviper.com/,Lituanie,KAUNAS,,Other,À vérifier,,D,New,Qualifier l'activité avant tout pitch ciblé.,No immediate action,To enrich,Eurosatory 2026 Catalog
Banque Européenne d'Investissement,https://www.eib.org/fr/index.htm,Luxembourg,Luxembourg,,Optics / optronics,Sous-traitant industriel,64.4,B,New,"Verre spécial, détecteurs, mécanique de précision pour optronique.",Review website and validate opportunity,Electronic components,Eurosatory 2026 Catalog
BARBAS ET PLAILLY,http://www.fonderie-barbas.com/,France,MONTOIRE SUR LE LOIR,,Other,À vérifier,,D,New,Qualifier l'activité avant tout pitch ciblé.,No immediate action,To enrich,Eurosatory 2026 Catalog
"BARRETT FIREARMS MANUFACTURING, INC.",http://www.barrett.net/,États-Unis,MURFREESBORO,,Land defense,OEM,74.0,B,New,"Sous-systèmes, composites, certification pour primes terrestres.",Review website and validate opportunity,Mechanical parts,Eurosatory 2026 Catalog
BARRON INDUSTRIES,https://www.barron-industries.com/,États-Unis,OXFORD,,Other,À vérifier,,D,New,Qualifier l'activité avant tout pitch ciblé.,No immediate action,To enrich,Eurosatory 2026 Catalog
BARTEZ GLASS,https://www.bartez.com.tr/,Turquie,BURSA,,Armored vehicles,OEM,68.0,B,New,"Vend des sous-systèmes / composants à un OEM construisant Vehicles, Ballistic protection.",Review website and validate opportunity,Engines / propulsion,Eurosatory 2026 Catalog
BASE A.Ş.,http://www.basestudio.com.tr/,Turquie,KOCAELI,https://www.linkedin.com/company/base-studio,Weapons,OEM,75.5,A,New,"Vend des sous-systèmes / composants à un OEM construisant Vehicles, Logistics equipment.",Contact sales team and qualify need,Engines / propulsion,Eurosatory 2026 Catalog
Basemark,http://www.basemark.com/,Finlande,Helsinki,https://www.linkedin.com/company/basemarkltd/,Soldier systems,Distributeur,79.0,A,New,"Textiles, composites, optronique, énergie pour kits soldat.",Contact sales team and qualify need,Engines / propulsion,Eurosatory 2026 Catalog
BATTOCCHIO,https://www.battocchio.com/,Italie,CASTELFRANCO VENETO,,Other,À vérifier,,D,New,Qualifier l'activité avant tout pitch ciblé.,No immediate action,To enrich,Eurosatory 2026 Catalog
BAUMERT,http://www.baumert.fr/,France,SCHAEFFERSHEIM,https://www.linkedin.com/company/baumert/,Electronic warfare,Bureau d'ingénierie,68.0,B,New,"Amplis RF, processeurs signal, embarqué, antennes pour EW.",Review website and validate opportunity,Energetic materials,Eurosatory 2026 Catalog
Bavarian Pavilion,http://www.bayern-international.de/,Allemagne,OHLSTADT,https://www.instagram.com/bayerninternational,Other,À vérifier,17.6,D,New,Qualifier l'activité avant tout pitch ciblé.,No immediate action,Industrial subcontracting / machining,Eurosatory 2026 Catalog
Bayraktar Grubu,http://www.bayraktar.com/,Turquie,ISTANBUL,https://www.linkedin.com/company/bayraktar-holding/posts/?feedView=all,Other,À vérifier,22.6,D,New,Qualifier l'activité avant tout pitch ciblé.,No immediate action,Industrial subcontracting / machining,Eurosatory 2026 Catalog
b-b systemtechnik GmbH,http://www.bbsystemtechnik.de/,Allemagne,DUISBURG,,Other,À vérifier,,D,New,Qualifier l'activité avant tout pitch ciblé.,No immediate action,To enrich,Eurosatory 2026 Catalog
BBS Automation GmbH,http://www.bbsautomation.com/,Allemagne,Freiberg am Neckar,,Cybersecurity,OEM,74.0,B,New,"Threat intel, hardware appliances, cloud souverain, audits.",Review website and validate opportunity,Engines / propulsion,Eurosatory 2026 Catalog
BCA BALLISTIC PROTECTION - BCA TÊXTIL LTDA,http://www.bcaballisticprotection.com.br/,Brésil,SÃO JOSÉ DOS CAMPOS - SP,,Soldier systems,OEM,51.4,C,New,"Vend des sous-systèmes / composants à un OEM construisant Soldier equipment, Ballistic protection.",Keep in watchlist,Composite materials,Eurosatory 2026 Catalog
BEAMSHOT/QUARTON USA,https://www.beamshot.com/,États-Unis,ROWLAND HEIGHTS,,Other,À vérifier,,D,New,Qualifier l'activité avant tout pitch ciblé.,No immediate action,To enrich,Eurosatory 2026 Catalog
bebob defense - a division of bebob factory GmbH,http://www.bebob-defense.de/,Allemagne,München,https://www.linkedin.com/company/bebob-factory/,Other,OEM,60.6,B,New,"Vend des sous-systèmes / composants à un OEM construisant Software / Platforms, Robotics / UGV.",Review website and validate opportunity,Cloud / data services,Eurosatory 2026 Catalog
BEFPI,https://www.befpi.com/,France,SOMMECAISE,,Other,À vérifier,,D,New,Qualifier l'activité avant tout pitch ciblé.,No immediate action,To enrich,Eurosatory 2026 Catalog
Be-Ge Seating A/S,https://seating.be-ge.com/,Danemark,FRØSTRUP,https://www.linkedin.com/company/33514035/,Other,À vérifier,17.6,D,New,Qualifier l'activité avant tout pitch ciblé.,No immediate action,Industrial subcontracting / machining,Eurosatory 2026 Catalog
BEIJING LIZHENG TECHNOLOGY INC.,http://en.lizhengtech.com/,Chine,BEIJING,,Other,À vérifier,15.6,D,New,Qualifier l'activité avant tout pitch ciblé.,No immediate action,Industrial subcontracting / machining,Eurosatory 2026 Catalog
"BEIJING MKST TECHNOLOGY CO.,LTD",http://www.mkst.cn/,Chine,BEIJING,,Soldier systems,OEM,47.6,C,New,"Vend des sous-systèmes / composants à un OEM construisant Soldier equipment, Ballistic protection.",Keep in watchlist,Composite materials,Eurosatory 2026 Catalog
"Beijing Ribri Technology Co.,Ltd.",https://www.ribri.com/,Chine,BEIJING,,Intelligence / ISR,Intégrateur,72.0,B,New,"Capteurs, payloads optroniques, communications pour plateformes ISR.",Review website and validate opportunity,Energy / batteries,Eurosatory 2026 Catalog
BEIJING TONGYIZHONG NEW MATERIAL TECHNOLOGY CORPORATION,http://www.bjtyz.com/,Chine,BEIJING,,Other,OEM,33.4,D,New,Vend des sous-systèmes / composants à un OEM construisant Logistics equipment.,No immediate action,Mechanical parts,Eurosatory 2026 Catalog
Bel (Cinch Connectivity Solutions),http://www.cinch.com/,Royaume-Uni,CHELMSFORD,https://www.linkedin.com/showcase/cinch-connectivity-solutions/,Other,À vérifier,25.6,D,New,Qualifier l'activité avant tout pitch ciblé.,No immediate action,Industrial subcontracting / machining,Eurosatory 2026 Catalog
Belina d.o.o.,http://www.belina.com/,Croatie,Krapinske Toplice,https://hr.linkedin.com/company/belina,Space / satellite,Sous-traitant industriel,65.5,B,New,"Composites, capteurs, comms, lancement pour primes spatiaux.",Review website and validate opportunity,Engines / propulsion,Eurosatory 2026 Catalog
BELL,https://www.bellflight.com/,États-Unis,FORT WORTH,,Naval defense,OEM,77.5,A,New,"Radars, sonars, comms, armement, sustainment pour primes navals.",Contact sales team and qualify need,Mechanical parts,Eurosatory 2026 Catalog
Belleville Boot Company,http://www.bellevilleboot.com/,États-Unis,BELLEVILLE,,Naval defense,OEM,58.0,C,New,Vend des sous-systèmes / composants à un OEM construisant Naval systems.,Keep in watchlist,Sensors,Eurosatory 2026 Catalog
BELSS,http://www.belss.lv/,Lettonie,LATVIA,https://www.linkedin.com/company/belss,Communications,Intégrateur,73.5,B,New,"RF, crypto, certification interopérabilité pour radios tactiques.",Review website and validate opportunity,Engines / propulsion,Eurosatory 2026 Catalog
BENELLI ARMI,http://www.benellidefense.com/,Italie,URBINO (PESARO),,Land defense,OEM,66.5,B,New,"Vend des sous-systèmes / composants à un OEM construisant Ammunition, UAV / drones.",Review website and validate opportunity,Energetic materials,Eurosatory 2026 Catalog
BERETTA (FABBRICA D’ARMI PIETRO BERETTA),http://www.berettadefense.com/,Italie,GARDONE VALTROMPIA,,Optics / optronics,OEM,69.3,B,New,"Verre spécial, détecteurs, mécanique de précision pour optronique.",Review website and validate opportunity,Mechanical parts,Eurosatory 2026 Catalog
Beretta Defense Technologies (BDT),http://berettadefensetechnologies.com/,Italie,GARDONE VAL TROMPIA  - BRESCIA,,Counter-UAV,OEM,77.0,A,New,"Fournisseur de RF, radars, optronique et embarqués pour stacks anti-drone.",Contact sales team and qualify need,Energy / batteries,Eurosatory 2026 Catalog
BERNIER,https://www.bernier.tm.fr/,France,SAINT-MICHEL-SUR-ORGE.,,Other,À vérifier,,D,New,Qualifier l'activité avant tout pitch ciblé.,No immediate action,To enrich,Eurosatory 2026 Catalog
Bertel O. Steen Defence & Security AB,http://www.bosdefence.se/,Suède,Stockholm,,Other,À vérifier,16.6,D,New,Qualifier l'activité avant tout pitch ciblé.,No immediate action,Industrial subcontracting / machining,Eurosatory 2026 Catalog
Bertin Environics,http://www.environics.fi/,Finlande,Mikkeli,https://www.linkedin.com/company/bertin-environics/,Intelligence / ISR,Distributeur,80.0,A,New,"Capteurs, payloads optroniques, communications pour plateformes ISR.",Contact sales team and qualify need,Engines / propulsion,Eurosatory 2026 Catalog
Bertin Exensor,https://www.exensor.com/,Suède,Lund,,Other,À vérifier,,D,New,Qualifier l'activité avant tout pitch ciblé.,No immediate action,To enrich,Eurosatory 2026 Catalog
Bertin Technologies,http://www.bertin-technologies.com/,France,MONTIGNY LE BRETONNEUX,https://www.linkedin.com/company/bertin-technologies,Intelligence / ISR,OEM,78.0,A,New,"Capteurs, payloads optroniques, communications pour plateformes ISR.",Contact sales team and qualify need,Engines / propulsion,Eurosatory 2026 Catalog
BERTRANDT,https://www.bertrandt.com/en/,France,VÉLIZY-VILLACOUBLAY,,Radar / sensors,Intégrateur,68.5,B,New,"Front-ends RF, processeurs, mécanique de précision pour fabricants radars.",Review website and validate opportunity,Engines / propulsion,Eurosatory 2026 Catalog
BESSIN RECTIFICATION,,France,SAINT-MARTIN-DES-ENTREES,,Other,À vérifier,,D,New,Qualifier l'activité avant tout pitch ciblé.,No immediate action,To enrich,Eurosatory 2026 Catalog
Beth-El Industries,http://beth-el.eu/,Allemagne,MUNICH,,Armored vehicles,OEM,71.0,B,New,"Vend des sous-systèmes / composants à un OEM construisant Vehicles, Simulators / Training.",Review website and validate opportunity,Engines / propulsion,Eurosatory 2026 Catalog
Beyond Electric d.o.o.,https://www.beyondmotors.io/,Slovénie,NOTRANJE GORICE,https://www.linkedin.com/in/domen-kocevar-beyond-motors/,Logistics / MRO,Distributeur,70.0,B,New,"Vend des sous-systèmes / composants à un OEM construisant Engines / propulsion, Vehicles.",Review website and validate opportunity,Mechanical parts,Eurosatory 2026 Catalog
Beyond Vision,https://beyond-vision.com/,Portugal,LISBON,,UAV / drones,OEM,78.0,A,New,Sub-system / payload pour OEM drones tactiques.,Contact sales team and qualify need,Energy / batteries,Eurosatory 2026 Catalog
BeyondComposite,http://www.beyondcomposite.com/,Portugal,VILA NOVA DE GAIA,https://www.linkedin.com/company/beyondcompositee,Soldier systems,OEM,71.0,B,New,"Textiles, composites, optronique, énergie pour kits soldat.",Review website and validate opportunity,Mechanical parts,Eurosatory 2026 Catalog
BEYRIA,http://www.beyria-emballages.com/,France,YGOS-SAINT-SATURNIN,https://www.linkedin.com/company/100594994/,Intelligence / ISR,OEM,66.6,B,New,"Capteurs, payloads optroniques, communications pour plateformes ISR.",Review website and validate opportunity,Mechanical parts,Eurosatory 2026 Catalog
BHARAT ELECTRONICS LTD,https://www.bel-india.in/,Inde,NEW DELHI,,Intelligence / ISR,Distributeur,70.5,B,New,"Capteurs, payloads optroniques, communications pour plateformes ISR.",Review website and validate opportunity,Engines / propulsion,Eurosatory 2026 Catalog
BHC Gummi-Metall GmbH - Part of RUPF Industries,http://www.rupf-industries.com/,Allemagne,MECKENHEIM,https://www.linkedin.com/company/rupf-industries-gruppe/,Other,À vérifier,17.6,D,New,Qualifier l'activité avant tout pitch ciblé.,No immediate action,Industrial subcontracting / machining,Eurosatory 2026 Catalog
BHE Ltd.,http://bhe-corp.com/,Hongrie,BUDAPEST,https://www.linkedin.com/company/bhebonn,Electronic warfare,Sous-traitant industriel,62.5,B,New,"Amplis RF, processeurs signal, embarqué, antennes pour EW.",Review website and validate opportunity,Energy / batteries,Eurosatory 2026 Catalog
Biemmedue spa,http://www.biemmedue.com/,Italie,CHERASCO,,Other,À vérifier,,D,New,Qualifier l'activité avant tout pitch ciblé.,No immediate action,To enrich,Eurosatory 2026 Catalog
Biesterfeld SE,https://www.biesterfeld.com/,Allemagne,HAMBURG,,Radar / sensors,Distributeur,79.0,A,New,"Front-ends RF, processeurs, mécanique de précision pour fabricants radars.",Contact sales team and qualify need,Mechanical parts,Eurosatory 2026 Catalog
BILLARD ENGRENAGES,https://billard-engrenages.fr/,France,PONT-SALOMON,,Other,À vérifier,,D,New,Qualifier l'activité avant tout pitch ciblé.,No immediate action,To enrich,Eurosatory 2026 Catalog
BINAS DD BUGOJNO,https://www.binas.com.ba/,Bosnia and Herzegovina,BUGOJNO,,Other,À vérifier,,D,New,Qualifier l'activité avant tout pitch ciblé.,No immediate action,To enrich,Eurosatory 2026 Catalog
BINDER,https://www.binder-world.com/,Allemagne,TUTTLINGEN,https://www.linkedin.com/company/binder-gmbh/,Intelligence / ISR,OEM,82.5,A,New,"Capteurs, payloads optroniques, communications pour plateformes ISR.",Contact sales team and qualify need,"Materials (Li-ion, electrolytes)",Eurosatory 2026 Catalog
BINZ Automotive,https://www.binz-automotive.com/,Allemagne,ILMENAU,,Other,À vérifier,,D,New,Qualifier l'activité avant tout pitch ciblé.,No immediate action,To enrich,Eurosatory 2026 Catalog
BIOEX,https://www.bio-ex.com/fr/,France,Sainte-Consorce,,Other,À vérifier,,D,New,Qualifier l'activité avant tout pitch ciblé.,No immediate action,To enrich,Eurosatory 2026 Catalog
BITTIUM,http://www.bittium.com/,Finlande,OULU,,Other,À vérifier,,D,New,Qualifier l'activité avant tout pitch ciblé.,No immediate action,To enrich,Eurosatory 2026 Catalog
Black Bruin Oy,,Finlande,Jyväskylä,,Other,À vérifier,,D,New,Qualifier l'activité avant tout pitch ciblé.,No immediate action,To enrich,Eurosatory 2026 Catalog
Black Hawk Defence Ltd,http://www.blackhawkdefence.co.uk/,Royaume-Uni,GLOUCESTER,,Air defense,OEM,76.0,A,New,"Vend des sous-systèmes / composants à un OEM construisant Vehicles, UAV / drones.",Contact sales team and qualify need,Engines / propulsion,Eurosatory 2026 Catalog
Blaschke J.,http://www.blaschke.com/,Autriche,VIENNA,https://www.linkedin.com/company/blaschke-wehrtechnik,NRBC / CBRN,OEM,52.4,C,New,Vend des sous-systèmes / composants à un OEM construisant NRBC / CBRN.,Keep in watchlist,Sensors,Eurosatory 2026 Catalog
Bliss Munitions Europe,http://www.blissmunitions-eu.com/,États-Unis,KENTWOOD,https://www.linkedin.com/company/bliss-munitions-europe/,Ammunition,Distributeur,70.4,B,New,Canal de distribution / représentation pour notre portefeuille.,Review website and validate opportunity,Energetic materials,Eurosatory 2026 Catalog
Block'Axess,https://www.blockaxess.com/,France,SAINT-ÉTIENNE,,Other,À vérifier,,D,New,Qualifier l'activité avant tout pitch ciblé.,No immediate action,To enrich,Eurosatory 2026 Catalog
Blücher GmbH,http://www.bluecher.com/,Allemagne,ERKRATH,https://www.linkedin.com/company/bl-cher-gmbh/,Soldier systems,OEM,64.0,B,New,"Vend des sous-systèmes / composants à un OEM construisant Soldier equipment, Logistics equipment.",Review website and validate opportunity,Composite materials,Eurosatory 2026 Catalog
Bluewater Sweden AB,http://bluewatergroup.com/,Suède,STOCKHOLM,,Other,À vérifier,21.6,D,New,Qualifier l'activité avant tout pitch ciblé.,No immediate action,Industrial subcontracting / machining,Eurosatory 2026 Catalog
BMC OTOMOTIV SANAYI VE TICARET A.S.,https://bmc.com.tr/,Turquie,IZMIR,,Armored vehicles,OEM,51.5,C,New,"Vend des sous-systèmes / composants à un OEM construisant Vehicles, Engines / propulsion.",Keep in watchlist,Engines / propulsion,Eurosatory 2026 Catalog
BNP Paribas,https://mabanque.bnpparibas/,France,Paris,,Other,À vérifier,,D,New,Qualifier l'activité avant tout pitch ciblé.,No immediate action,To enrich,Eurosatory 2026 Catalog
BNT Tvornica masina i hidraulike d.d.,https://www.bnt-tmh.ba/,Bosnia and Herzegovina,NOVI TRAVNIK,,Other,À vérifier,,D,New,Qualifier l'activité avant tout pitch ciblé.,No immediate action,To enrich,Eurosatory 2026 Catalog
BODY ARMOR RECYCLER,http://www.body-armor-recycler.com/,France,FRESSE SUR MOSELLE,,Ballistic protection,OEM,56.5,C,New,"Aramide, céramique, composites, certification balistique.",Keep in watchlist,"Raw materials (carbon fiber, resins)",Eurosatory 2026 Catalog
Boehringer / VDF Boehringer,https://www.ffg-ea.com/,Allemagne,Eislingen,,Other,OEM,35.9,D,New,Vend des sous-systèmes / composants à un OEM construisant Software / Platforms.,No immediate action,Cloud / data services,Eurosatory 2026 Catalog
BOLD,http://boldtechnology.com/,Espagne,MONTMELO,https://www.linkedin.com/company/bold-valuable-technology-limited/,Other,À vérifier,17.6,D,New,Qualifier l'activité avant tout pitch ciblé.,No immediate action,Industrial subcontracting / machining,Eurosatory 2026 Catalog
BOOXit,https://www.booxit.at/,Autriche,FISCHLHAM,https://www.linkedin.com/in/peter-entenfellner-16a35a8a/,Logistics / MRO,OEM,45.2,C,New,"Vend des sous-systèmes / composants à un OEM construisant Software / Platforms, Logistics equipment.",Keep in watchlist,Cloud / data services,Eurosatory 2026 Catalog
Borovo d.d.,https://www.borovo.hr/,Croatie,Vukovar,,Naval defense,À vérifier,29.1,D,New,Qualifier l'activité avant tout pitch ciblé.,No immediate action,Industrial subcontracting / machining,Eurosatory 2026 Catalog
BörüCASE,https://www.borucase.com/,Turquie,SİVAS,,UAV / drones,OEM,45.8,C,New,Sub-system / payload pour OEM drones tactiques.,Keep in watchlist,Energy / batteries,Eurosatory 2026 Catalog
Bosch Engineering GmbH,http://www.bosch-engineering.com/,Allemagne,Abstatt,,Cybersecurity,OEM,75.0,A,New,"Threat intel, hardware appliances, cloud souverain, audits.",Contact sales team and qualify need,Engines / propulsion,Eurosatory 2026 Catalog
Bosch Rexroth,http://www.boschrexroth.com/,Allemagne,LOHR AM MAIN,https://www.linkedin.com/company/bosch-rexroth/,AI / data,OEM,80.0,A,New,"GPUs, cloud, data annotation, hardening cyber pour plateforme IA.",Contact sales team and qualify need,Cloud / data services,Eurosatory 2026 Catalog
Boston Dynamics,https://www.bostondynamics.com/,États-Unis,WALTHAM,,Radar / sensors,OEM,70.5,B,New,"Front-ends RF, processeurs, mécanique de précision pour fabricants radars.",Review website and validate opportunity,Electronic components,Eurosatory 2026 Catalog
BOWAS-INDUPLAN CHEMIE GesmbH,,Autriche,Salzburg,,Other,À vérifier,,D,New,Qualifier l'activité avant tout pitch ciblé.,No immediate action,To enrich,Eurosatory 2026 Catalog
BPCE,https://www.groupebpce.com/,France,Paris,,Other,À vérifier,,D,New,Qualifier l'activité avant tout pitch ciblé.,No immediate action,To enrich,Eurosatory 2026 Catalog
Bpifrance,https://www.bpifrance.fr/,France,MAISONS-ALFORT,,Other,À vérifier,14.6,D,New,Qualifier l'activité avant tout pitch ciblé.,No immediate action,Industrial subcontracting / machining,Eurosatory 2026 Catalog
"BR Industrial Textile, a.s.",,République tchèque,Ostrava,,Other,À vérifier,,D,New,Qualifier l'activité avant tout pitch ciblé.,No immediate action,To enrich,Eurosatory 2026 Catalog
Brasa Defence Systems,https://www.brasa.lv/,Lettonie,MARUPE,,Other,À vérifier,,D,New,Qualifier l'activité avant tout pitch ciblé.,No immediate action,To enrich,Eurosatory 2026 Catalog
BREN-TRONICS,http://www.bren-tronics.com/,France,PARIS,,Other,À vérifier,,D,New,Qualifier l'activité avant tout pitch ciblé.,No immediate action,To enrich,Eurosatory 2026 Catalog
BRIE CHAMPAGNE INDUSTRIE,http://www.bc-indus.fr/,France,BELLOT,,Other,À vérifier,,D,New,Qualifier l'activité avant tout pitch ciblé.,No immediate action,To enrich,Eurosatory 2026 Catalog
Brigade de sapeurs-pompiers de Paris,https://www.pompiersparis.fr/,France,PARIS,,Other,À vérifier,,D,New,Qualifier l'activité avant tout pitch ciblé.,No immediate action,To enrich,Eurosatory 2026 Catalog
Bron Technologies,,Pologne,Warsawa,,Other,À vérifier,,D,New,Qualifier l'activité avant tout pitch ciblé.,No immediate action,To enrich,Eurosatory 2026 Catalog
Broshuis B.V.,https://www.broshuis.com/,Pays-Bas,,,Armored vehicles,OEM,72.1,B,New,"Moteurs, composites, plaques balistiques, optronique, comms pour OEM blindés.",Review website and validate opportunity,Engines / propulsion,Eurosatory 2026 Catalog
BROSWARM,,Lituanie,Vilnius,,Other,À vérifier,,D,New,Qualifier l'activité avant tout pitch ciblé.,No immediate action,To enrich,Eurosatory 2026 Catalog
BROWNELL DIATERO,http://brownell.fr/,France,Neuilly-sur-Seine,,Other,À vérifier,,D,New,Qualifier l'activité avant tout pitch ciblé.,No immediate action,To enrich,Eurosatory 2026 Catalog
"BRP, INC.",http://www.brp.com/en/,Canada,PLANO,https://linkedin.com/company/brp,Naval defense,OEM,62.5,B,New,"Vend des sous-systèmes / composants à un OEM construisant Engines / propulsion, Vehicles.",Review website and validate opportunity,Mechanical parts,Eurosatory 2026 Catalog
Bruhn Newtech A/S,https://bruhn-newtech.com/,Danemark,KØBENHAVN,,Other,À vérifier,,D,New,Qualifier l'activité avant tout pitch ciblé.,No immediate action,To enrich,Eurosatory 2026 Catalog
BRUKER,http://www.bruker.com/detection,Allemagne,"ETTLINGEN, BADEN-WUERTTEMBERG",https://www.linkedin.com/company/bruker-optics/posts/?feedView=all,Logistics / MRO,Distributeur,61.9,B,New,"Pièces de rechange, calibration, certification pour acteurs MRO.",Review website and validate opportunity,Cloud / data services,Eurosatory 2026 Catalog
BRUNELLO,http://www.brunellospa.com/,Italie,BRUNELLO,,Other,Sous-traitant industriel,34.4,D,New,Activité à qualifier — discovery call avant pitch précis.,No immediate action,Mechanical parts,Eurosatory 2026 Catalog
Bruns Exhibitions,https://www.bruns-messebau.de/,Allemagne,MUNICH,,Other,À vérifier,,D,New,Qualifier l'activité avant tout pitch ciblé.,No immediate action,To enrich,Eurosatory 2026 Catalog
BSE,https://www.bse-ambulances.com./,France,HENDAYE,,Other,À vérifier,,D,New,Qualifier l'activité avant tout pitch ciblé.,No immediate action,To enrich,Eurosatory 2026 Catalog
BT2i,https://www.bt2igroup.com/,France,MERIGNAC,,Other,À vérifier,,D,New,Qualifier l'activité avant tout pitch ciblé.,No immediate action,To enrich,Eurosatory 2026 Catalog
BTG Suisse AG,https://www.btg-suisse.ch/,Suisse,PRATTELN,,Naval defense,Distributeur,72.6,B,New,"Radars, sonars, comms, armement, sustainment pour primes navals.",Review website and validate opportunity,RF / microwave components,Eurosatory 2026 Catalog
"BTRY.ENERGY"" LLC",https://btry.energy/en,Ukraine,KIEV,https://www.linkedin.com/company/btry-energy/,Intelligence / ISR,OEM,76.5,A,New,"Vend des sous-systèmes / composants à un OEM construisant UAV / drones, Optronics / Optics.",Contact sales team and qualify need,Energy / batteries,Eurosatory 2026 Catalog
Bulletliner France,https://www.bulletliner.fr/,France,CHASSIEU,https://www.linkedin.com/company/bullet-liner-france/,Space / satellite,Distributeur,72.0,B,New,"Composites, capteurs, comms, lancement pour primes spatiaux.",Review website and validate opportunity,Engines / propulsion,Eurosatory 2026 Catalog
Business France,https://www.businessfrance.fr/,France,PARIS,,Other,À vérifier,,D,New,Qualifier l'activité avant tout pitch ciblé.,No immediate action,To enrich,Eurosatory 2026 Catalog
BUSINESS OULU / DEFTECH NORTH CLUSTER,https://www.businessoulu.com/tietoa-meista/ohjelmat-ja-hankkeet/deftech-cluster-north/,Finlande,OULU,,AI / data,Distributeur,72.4,B,New,"GPUs, cloud, data annotation, hardening cyber pour plateforme IA.",Review website and validate opportunity,RF / microwave components,Eurosatory 2026 Catalog
Büttner és Társai Szerszámelemgyártó és Kereskedelmi Ltd.,https://www.buttner.hu/hu,Hongrie,Nagyatád,,Logistics / MRO,OEM,62.0,B,New,"Pièces de rechange, calibration, certification pour acteurs MRO.",Review website and validate opportunity,"Raw materials (steel, aluminium)",Eurosatory 2026 Catalog
C.E. NIEHOFF & CO,http://www.ceniehoff.com/,États-Unis,EVANSTON ILLINOIS,,Other,À vérifier,,D,New,Qualifier l'activité avant tout pitch ciblé.,No immediate action,To enrich,Eurosatory 2026 Catalog
C.S.A. Construction Structures Aéronautiques,https://csa-creuzet.com/,France,MARMANDE,,Other,À vérifier,,D,New,Qualifier l'activité avant tout pitch ciblé.,No immediate action,To enrich,Eurosatory 2026 Catalog
CALCUB,https://www.calcub.com/,France,BERGERAC,,Other,À vérifier,,D,New,Qualifier l'activité avant tout pitch ciblé.,No immediate action,To enrich,Eurosatory 2026 Catalog
Calian,https://www.calian.com/,Canada,OTTAWA,https://www.linkedin.com/company/calian,Intelligence / ISR,OEM,82.0,A,New,"Capteurs, payloads optroniques, communications pour plateformes ISR.",Contact sales team and qualify need,Electronic components,Eurosatory 2026 Catalog
Calidus,,Émirats arabes unis,Abu Dhabi,,Other,À vérifier,,D,New,Qualifier l'activité avant tout pitch ciblé.,No immediate action,To enrich,Eurosatory 2026 Catalog
CALIP GROUP,http://www.calip-group.fr/,France,MOULT,https://www.linkedin.com/company/calip-group/,Space / satellite,Équipementier,62.2,B,New,"Composites, capteurs, comms, lancement pour primes spatiaux.",Review website and validate opportunity,"Raw materials (steel, aluminium)",Eurosatory 2026 Catalog
CALIPSO,https://seaeurope.eu/,Belgique,BRUXELLES,,Naval defense,Distributeur,74.4,B,New,Canal de distribution / représentation pour notre portefeuille.,Review website and validate opportunity,Mechanical parts,Eurosatory 2026 Catalog
Cambridge Aerospace,https://www.cambridgeaerospace.com/,Royaume-Uni,"LONDON,",,Other,À vérifier,15.6,D,New,Qualifier l'activité avant tout pitch ciblé.,No immediate action,Industrial subcontracting / machining,Eurosatory 2026 Catalog
CAMBRIDGE PIXEL,http://cambridgepixel.com/,Royaume-Uni,HERTS,https://www.linkedin.com/company/cambridge-pixel,Electronic warfare,OEM,82.0,A,New,"Amplis RF, processeurs signal, embarqué, antennes pour EW.",Contact sales team and qualify need,Energy / batteries,Eurosatory 2026 Catalog
CANADIAN ASSOCIATION OF DEFENCE AND SECURITY INDUS,http://www.defenceandsecurity.ca/,Canada,OTTAWA,,Land defense,Distributeur,79.0,A,New,"Sous-systèmes, composites, certification pour primes terrestres.",Contact sales team and qualify need,Cloud / data services,Eurosatory 2026 Catalog
Canca Savunma,http://cancasavunma.com/En/Default.aspx,Turquie,ISTANBUL,,Ammunition,Sous-traitant industriel,50.9,C,New,"Matériaux énergétiques, mécanique, packaging, certification.",Keep in watchlist,Energetic materials,Eurosatory 2026 Catalog
CANDYVOICE,,France,STRASBOURG,,Other,À vérifier,,D,New,Qualifier l'activité avant tout pitch ciblé.,No immediate action,To enrich,Eurosatory 2026 Catalog
CANiK,https://www.canikarms.com/en,Turquie,SAMSUN,,Other,À vérifier,,D,New,Qualifier l'activité avant tout pitch ciblé.,No immediate action,To enrich,Eurosatory 2026 Catalog
CAP2I,https://cap2i.eu/fr/index.php,France,SARTROUVILLE,,Other,À vérifier,,D,New,Qualifier l'activité avant tout pitch ciblé.,No immediate action,To enrich,Eurosatory 2026 Catalog
CAPAUL,,Belgique,EUPEN,,Other,À vérifier,,D,New,Qualifier l'activité avant tout pitch ciblé.,No immediate action,To enrich,Eurosatory 2026 Catalog
CAPGEMINI TECHNOLOGY SERVICES,http://www.capgemini.com/fr-fr/,France,LYON CEDEX 07,,Other,À vérifier,,D,New,Qualifier l'activité avant tout pitch ciblé.,No immediate action,To enrich,Eurosatory 2026 Catalog
Captec Group,http://www.captec-group.com/,Royaume-Uni,Fareham,https://www.linkedin.com/company/captec/,Other,À vérifier,17.6,D,New,Qualifier l'activité avant tout pitch ciblé.,No immediate action,Industrial subcontracting / machining,Eurosatory 2026 Catalog
CARBON 01,http://carbon01.com/,France,BOURGES,https://www.linkedin.com/company/19122698/admin/dashboard/,Other,À vérifier,26.1,D,New,Activité à qualifier — discovery call avant pitch précis.,No immediate action,Industrial subcontracting / machining,Eurosatory 2026 Catalog
CARBON LIGHT PVT. LTD,https://www.carbonlight.com/,Inde,Ghaziabad,,Other,À vérifier,,D,New,Qualifier l'activité avant tout pitch ciblé.,No immediate action,To enrich,Eurosatory 2026 Catalog
CARCANO SPA,https://www.carcano.it/,Italie,ALBESE CON CASSANO,https://www.linkedin.com/company/stamperia-carcano-giuseppe-s-p-a,C4ISR,Sous-traitant industriel,62.0,B,New,"Composants, sous-systèmes, software, services pour primes C4ISR.",Review website and validate opportunity,Mechanical parts,Eurosatory 2026 Catalog
Carinthia - Goldeck Textil,http://www.carinthia.eu/,Autriche,SEEBODEN,,Ammunition,OEM,48.0,C,New,"Vend des sous-systèmes / composants à un OEM construisant Energy / batteries, Ammunition.",Keep in watchlist,"Materials (Li-ion, electrolytes)",Eurosatory 2026 Catalog
Carl Aug. Picard GmbH,http://www.capicard.de/,Allemagne,REMSCHEID,https://www.linkedin.com/company/carl-aug.-picard-gmbh-&-co.-kg,Radar / sensors,OEM,83.5,A,New,"Front-ends RF, processeurs, mécanique de précision pour fabricants radars.",Contact sales team and qualify need,Industrial subcontracting / machining,Eurosatory 2026 Catalog
Carmenta Geospatial Technologies,http://www.carmenta.com/,Suède,GOTHENBURG,https://www.linkedin.com/company/carmenta-ab,Intelligence / ISR,OEM,73.0,B,New,"Capteurs, payloads optroniques, communications pour plateformes ISR.",Review website and validate opportunity,Energy / batteries,Eurosatory 2026 Catalog
CARTONI SpA,http://www.cartoni.com/,Italie,ROME,https://www.linkedin.com/company/10207092/admin/dashboard/,Air defense,Distributeur,80.0,A,New,"Radars, missiles, comms, électroniques pour systèmes anti-aériens.",Contact sales team and qualify need,Mechanical parts,Eurosatory 2026 Catalog
CASE CONSTRUCTION EQUIPMENT,https://www.casece.com/fr-fr/europe,France,ETAMPES,,Other,À vérifier,,D,New,Qualifier l'activité avant tout pitch ciblé.,No immediate action,To enrich,Eurosatory 2026 Catalog
CAT Defense,https://cat.com/defense,États-Unis,TEXAS,,Other,À vérifier,,D,New,Qualifier l'activité avant tout pitch ciblé.,No immediate action,To enrich,Eurosatory 2026 Catalog
ČATEKS,https://cateks.hr/,Croatie,ČAKOVEC,,Other,À vérifier,,D,New,Qualifier l'activité avant tout pitch ciblé.,No immediate action,To enrich,Eurosatory 2026 Catalog
CAVEL,https://www.cavel.it/EN,Italie,GROPELLO CAIROLI,https://www.linkedin.com/search/results/all/?fetchDeterministicClustersOnly=true&heroEntityKey=urn%3Ali%3Aorganization%3A74693622&keywords=cavel%20italiana%20conduttori&origin=RICH_QUERY_TYPEAHEAD_HISTORY&position=0&searchId=27d06b74-18ce-4ade-926c-f11084,Optics / optronics,OEM,71.4,B,New,"Vend des sous-systèmes / composants à un OEM construisant Logistics equipment, Communications networks.",Review website and validate opportunity,Mechanical parts,Eurosatory 2026 Catalog
CBC,https://www.cbc.com.br/,Brésil,São Paulo,,Other,À vérifier,,D,New,Qualifier l'activité avant tout pitch ciblé.,No immediate action,To enrich,Eurosatory 2026 Catalog
CCI BOURGOGNE FRANCHE COMTE,http://www.bourgognefranchecomte.cci.fr/,France,DIJON CEDEX,,Other,À vérifier,,D,New,Qualifier l'activité avant tout pitch ciblé.,No immediate action,To enrich,Eurosatory 2026 Catalog
CCI GRAND EST,http://www.industrie.cci.alsace/,France,STRASBOURG CEDEX,https://www.linkedin.com/search/results/all/?keywords=jacques%20meyer&origin=GLOBAL_SEARCH_HEADER&sid=fCD,Other,À vérifier,15.6,D,New,Qualifier l'activité avant tout pitch ciblé.,No immediate action,Industrial subcontracting / machining,Eurosatory 2026 Catalog
CCI PARIS ILE-DE-FRANCE,http://www.cci-paris-idf.fr/,France,PARIS,,Other,À vérifier,,D,New,Qualifier l'activité avant tout pitch ciblé.,No immediate action,To enrich,Eurosatory 2026 Catalog
CCI Seine-et-Marne,,France,Marne-la-Vallée Cedex 4,,Other,À vérifier,,D,New,Qualifier l'activité avant tout pitch ciblé.,No immediate action,To enrich,Eurosatory 2026 Catalog
CCO CREATIVE CONSULTING,http://www.cco-germany.eu/,Allemagne,FELDKIRCHEN,,Naval defense,Distributeur,65.4,B,New,"Radars, sonars, comms, armement, sustainment pour primes navals.",Review website and validate opportunity,Mechanical parts,Eurosatory 2026 Catalog
CDDS,https://www.cdds.ai/,Suisse,SCHLIEREN,https://www.linkedin.com/company/cdds,Radar / sensors,OEM,68.5,B,New,"Front-ends RF, processeurs, mécanique de précision pour fabricants radars.",Review website and validate opportunity,Energy / batteries,Eurosatory 2026 Catalog
CEA,https://www.cea.fr/,France,GIF SUR YVETTE CEDEX,https://www.linkedin.com/company/cea/,Space / satellite,Éditeur logiciel,68.0,B,New,"Composites, capteurs, comms, lancement pour primes spatiaux.",Review website and validate opportunity,Cloud / data services,Eurosatory 2026 Catalog
CEFA,http://www.cefa.fr/fr/,France,SOULTZ-SOUS-FORÊTS,https://fr.linkedin.com/company/cefasas,Armored vehicles,OEM,74.0,B,New,"Moteurs, composites, plaques balistiques, optronique, comms pour OEM blindés.",Review website and validate opportunity,Electronic components,Eurosatory 2026 Catalog
CEGELEC Défense,http://www.defense.cegelec.com/,France,TOULOUSE CEDEX 1,https://www.linkedin.com/company/cegelec-d-fense/,NRBC / CBRN,OEM,58.9,C,New,"Capteurs détection, filtration, EPI certifié.",Keep in watchlist,Sensors,Eurosatory 2026 Catalog
CEIA SPA,http://www.ceia.net/,Italie,52041 VICIOMAGGIO - AREZZO,,Other,À vérifier,,D,New,Qualifier l'activité avant tout pitch ciblé.,No immediate action,To enrich,Eurosatory 2026 Catalog
CELLOCK,https://www.cellock.com/,Cyprus,NICOSIA,https://www.linkedin.com/company/cellock/,Intelligence / ISR,OEM,73.0,B,New,"Capteurs, payloads optroniques, communications pour plateformes ISR.",Review website and validate opportunity,Engines / propulsion,Eurosatory 2026 Catalog
CELLULAR EXPERT,https://www.cellular-expert.com/,Lituanie,VILNIUS,,Other,À vérifier,,D,New,Qualifier l'activité avant tout pitch ciblé.,No immediate action,To enrich,Eurosatory 2026 Catalog
Cemar International Industrial,https://www.cemar-international.com/,Émirats arabes unis,DUBAI,,Other,À vérifier,,D,New,Qualifier l'activité avant tout pitch ciblé.,No immediate action,To enrich,Eurosatory 2026 Catalog
CENATS,http://www.cenats.com/,France,SERRE-LES-SAPINS,,Other,À vérifier,,D,New,Qualifier l'activité avant tout pitch ciblé.,No immediate action,To enrich,Eurosatory 2026 Catalog
Censec,,Danemark,Karup J,,Other,À vérifier,,D,New,Qualifier l'activité avant tout pitch ciblé.,No immediate action,To enrich,Eurosatory 2026 Catalog
CENSUS,https://census-labs.com/,Grèce,ATHÈNES,https://www.linkedin.com/company/census/,Cybersecurity,Distributeur,74.0,B,New,"Threat intel, hardware appliances, cloud souverain, audits.",Review website and validate opportunity,Mechanical parts,Eurosatory 2026 Catalog
CENTER OF INNOVATIVE TECHNOLOGIES LLC,https://itm-llc.uz/,Uzbekistan,TASHKENT,,Other,OEM,37.6,D,New,Vend des sous-systèmes / composants à un OEM construisant Robotics / UGV.,No immediate action,Electronic components,Eurosatory 2026 Catalog
Centigon France,http://www.centigon.fr/,France,LAMBALLE-ARMOR,https://fr.linkedin.com/company/centigon-france-sas,Intelligence / ISR,OEM,71.1,B,New,"Capteurs, payloads optroniques, communications pour plateformes ISR.",Review website and validate opportunity,Engines / propulsion,Eurosatory 2026 Catalog
CENTUM,http://centum.com/en/,Espagne,VIGO,https://www.linkedin.com/company/wearecentum/,Electronic warfare,OEM,71.0,B,New,"Amplis RF, processeurs signal, embarqué, antennes pour EW.",Review website and validate opportunity,Energy / batteries,Eurosatory 2026 Catalog
"CENTURY ARMS, INC.",https://www.centuryarms.com/,États-Unis,West Palm Beach,,Other,À vérifier,,D,New,Qualifier l'activité avant tout pitch ciblé.,No immediate action,To enrich,Eurosatory 2026 Catalog
CEOTRONICS AG,https://www.ceotronics.com/,Allemagne,RÖDERMARK,,Other,À vérifier,,D,New,Qualifier l'activité avant tout pitch ciblé.,No immediate action,To enrich,Eurosatory 2026 Catalog
CERANEXT LTD,https://ceranext.com/,Cyprus,NICOSIA,,Electronic warfare,Distributeur,67.5,B,New,"Amplis RF, processeurs signal, embarqué, antennes pour EW.",Review website and validate opportunity,Engines / propulsion,Eurosatory 2026 Catalog
CERBAIR,https://www.cerbair.com/fr/,France,MONTROUGE,,Other,À vérifier,,D,New,Qualifier l'activité avant tout pitch ciblé.,No immediate action,To enrich,Eurosatory 2026 Catalog
CERIMATEC,https://www.cerimatec.fr/,France,VAL DE REUIL,,Other,À vérifier,,D,New,Qualifier l'activité avant tout pitch ciblé.,No immediate action,To enrich,Eurosatory 2026 Catalog
CERTIX GROUP,https://www.certix-group.com/,France,Beaucouze,,Other,À vérifier,,D,New,Qualifier l'activité avant tout pitch ciblé.,No immediate action,To enrich,Eurosatory 2026 Catalog
CES Advanced Armour,http://www.cesarmour.co.uk/,Turquie,ANKARA,https://tr.linkedin.com/company/cesarmour,Soldier systems,OEM,78.0,A,New,"Textiles, composites, optronique, énergie pour kits soldat.",Contact sales team and qualify need,Composite materials,Eurosatory 2026 Catalog
Česká agentura na podporu obchodu / CzechTrade,https://www.czechtrade.eu/,République tchèque,PRAHA 2,,Other,À vérifier,,D,New,Qualifier l'activité avant tout pitch ciblé.,No immediate action,To enrich,Eurosatory 2026 Catalog
Ceska zbrojovka a.s.,http://www.czub.cz/,République tchèque,UHERSKY BROD,,Weapons,OEM,57.9,C,New,"Vend des sous-systèmes / composants à un OEM construisant Weapons, Robotics / UGV.",Keep in watchlist,Mechanical parts,Eurosatory 2026 Catalog
CET Fire Pumps,https://www.fire-pump.com/,Canada,PIERREVILLE QC,,Radar / sensors,OEM,66.6,B,New,"Front-ends RF, processeurs, mécanique de précision pour fabricants radars.",Review website and validate opportunity,Mechanical parts,Eurosatory 2026 Catalog
CETIC,https://www.cetic.fr/,France,GAZERAN,https://www.linkedin.com/company/cetic-sas/posts/?feedView=all,Space / satellite,Bureau d'ingénierie,56.3,C,New,"Composites, capteurs, comms, lancement pour primes spatiaux.",Keep in watchlist,Composite materials,Eurosatory 2026 Catalog
CetraC Technologies,https://www.cetrac.io/,France,PARIS,,Other,À vérifier,,D,New,Qualifier l'activité avant tout pitch ciblé.,No immediate action,To enrich,Eurosatory 2026 Catalog
CGR INTERNATIONAL,http://www.cgr-international.com/,France,SEVRAN,https://www.linkedin.com/company/cgrinternational-/posts/?feedView=all,Space / satellite,OEM,77.5,A,New,"Composites, capteurs, comms, lancement pour primes spatiaux.",Contact sales team and qualify need,"Raw materials (steel, aluminium)",Eurosatory 2026 Catalog
"Chaiseri Metal & Rubber Co.,Ltd.",https://www.chaiseri-defense.com/,Thaïlande,PATHUMTHANI,,Other,À vérifier,,D,New,Qualifier l'activité avant tout pitch ciblé.,No immediate action,To enrich,Eurosatory 2026 Catalog
CHELTON,https://www.chelton.com/,Royaume-Uni,MARLOW,https://www.linkedin.com/company/chelton,Electronic warfare,OEM,78.0,A,New,"Amplis RF, processeurs signal, embarqué, antennes pour EW.",Contact sales team and qualify need,Engines / propulsion,Eurosatory 2026 Catalog
Chemring Group,http://www.chemring.co.uk/,Royaume-Uni,HAMPSHIRE,,Other,À vérifier,,D,New,Qualifier l'activité avant tout pitch ciblé.,No immediate action,To enrich,Eurosatory 2026 Catalog
Chesneau Serret,https://www.chesneau-serret.com/,France,Sarrey,,Other,À vérifier,,D,New,Qualifier l'activité avant tout pitch ciblé.,No immediate action,To enrich,Eurosatory 2026 Catalog
CHESS DYNAMICS LTD,http://www.chess-dynamics.com/,Royaume-Uni,HORSHAM,,Other,À vérifier,,D,New,Qualifier l'activité avant tout pitch ciblé.,No immediate action,To enrich,Eurosatory 2026 Catalog
CHIMNEY TRAIL HEALTH,http://www.chimneytrailhealth.com/,États-Unis,WINDSOR,https://www.linkedin.com/in/matt-brown-preventive-cbt/,Electronic warfare,OEM,78.0,A,New,"Amplis RF, processeurs signal, embarqué, antennes pour EW.",Contact sales team and qualify need,Cloud / data services,Eurosatory 2026 Catalog
CHINA GREAT WALL INTERNATIONAL EXHIBITION CO LTD,http://www.chgie.com/,Chine,BEIJING,,Other,OEM,34.8,D,New,Vend des sous-systèmes / composants à un OEM construisant Energy / batteries.,No immediate action,"Materials (Li-ion, electrolytes)",Eurosatory 2026 Catalog
CHINA NORTH INDUSTRIES CORP,http://www.norinco.com.cn/,Chine,BEIJING,,Air defense,À vérifier,30.6,D,New,Qualifier l'activité avant tout pitch ciblé.,No immediate action,Industrial subcontracting / machining,Eurosatory 2026 Catalog
Chrosziel GmbH,http://www.chrosziel.com/,Allemagne,Hohenbrunn,,Optics / optronics,OEM,63.5,B,New,"Vend des sous-systèmes / composants à un OEM construisant Optronics / Optics, Logistics equipment.",Review website and validate opportunity,Electronic components,Eurosatory 2026 Catalog
CHS Spezialcontainer-Shelter and Engineering,http://www.chs-containergroup.com/,Allemagne,BREMEN,,Other,À vérifier,,D,New,Qualifier l'activité avant tout pitch ciblé.,No immediate action,To enrich,Eurosatory 2026 Catalog
CHSNOR AS,http://www.chsnor.no/,Norvège,MOELV,,Other,À vérifier,,D,New,Qualifier l'activité avant tout pitch ciblé.,No immediate action,To enrich,Eurosatory 2026 Catalog
Cicor Group,http://www.cicor.com/,France,BRONSCHHOFEN,https://www.linkedin.com/company/cicorgroup/posts/?feedView=all,Cybersecurity,Bureau d'ingénierie,74.0,B,New,"Threat intel, hardware appliances, cloud souverain, audits.",Review website and validate opportunity,Industrial subcontracting / machining,Eurosatory 2026 Catalog
CIDER ENGINEERING,http://www.ciderengineering.com/,France,ROANNE,,Other,À vérifier,,D,New,Qualifier l'activité avant tout pitch ciblé.,No immediate action,To enrich,Eurosatory 2026 Catalog
CILAS,http://www.cilas.com/,France,ORLEANS,,Other,À vérifier,,D,New,Qualifier l'activité avant tout pitch ciblé.,No immediate action,To enrich,Eurosatory 2026 Catalog
CIMES,https://www.cimesfrance.com/,France,FAMARS,,Intelligence / ISR,Bureau d'ingénierie,64.8,B,New,"Capteurs, payloads optroniques, communications pour plateformes ISR.",Review website and validate opportunity,Electronic components,Eurosatory 2026 Catalog
CINADRA,https://cinadra.com.br/,Brésil,RIO DE JANEIRO,,Other,À vérifier,19.6,D,New,Qualifier l'activité avant tout pitch ciblé.,No immediate action,Industrial subcontracting / machining,Eurosatory 2026 Catalog
CIRRA PACKAGING,https://www.cirrapackaging.com/,France,BUC CEDEX,,Other,À vérifier,,D,New,Qualifier l'activité avant tout pitch ciblé.,No immediate action,To enrich,Eurosatory 2026 Catalog
Cisco Systems France Sarl - Attn. Accounts Payable,https://cisco.fr/,France,PARIS,,Other,À vérifier,,D,New,Qualifier l'activité avant tout pitch ciblé.,No immediate action,To enrich,Eurosatory 2026 Catalog
CISTELAIER S.P.A.,https://www.cistelaier.com/,Italie,MODENA,,Other,À vérifier,,D,New,Qualifier l'activité avant tout pitch ciblé.,No immediate action,To enrich,Eurosatory 2026 Catalog
CISTEME,https://cisteme.net/,France,Limoges,,Other,À vérifier,,D,New,Qualifier l'activité avant tout pitch ciblé.,No immediate action,To enrich,Eurosatory 2026 Catalog
Clarion Defence & Security,,Royaume-Uni,London,,Other,À vérifier,,D,New,Qualifier l'activité avant tout pitch ciblé.,No immediate action,To enrich,Eurosatory 2026 Catalog
Clavister,http://www.clavister.com/,Suède,Örnsköldsvik,https://www.linkedin.com/company/clavister/,Cybersecurity,Distributeur,69.5,B,New,"Outils SOC/SIEM, brique de sécurité défensive pour vendeur cyber.",Review website and validate opportunity,Cloud / data services,Eurosatory 2026 Catalog
CLECIM SAS,http://www.clecim.com/,France,SAVIGNEUX,https://www.linkedin.com/company/clecim/?viewAsMember=true,Logistics / MRO,OEM,67.4,B,New,"Pièces de rechange, calibration, certification pour acteurs MRO.",Review website and validate opportunity,Mechanical parts,Eurosatory 2026 Catalog
"Click Bond, Inc.",https://www.clickbond.com/,États-Unis,Carson City,,UAV / drones,OEM,65.0,B,New,Sub-system / payload pour OEM drones tactiques.,Review website and validate opportunity,Engines / propulsion,Eurosatory 2026 Catalog
CLUSTER ASD ALTYTUD,https://www.altytud.fr/,France,MÉAULTE,,Other,À vérifier,,D,New,Qualifier l'activité avant tout pitch ciblé.,No immediate action,To enrich,Eurosatory 2026 Catalog
Cluster PRIMUS Défense & Sécurité,http://clusterprimus.fr/,France,TOULOUSE,https://www.linkedin.com/company/primus-cluster/,Intelligence / ISR,Sous-traitant industriel,68.5,B,New,"Capteurs, payloads optroniques, communications pour plateformes ISR.",Review website and validate opportunity,Mechanical parts,Eurosatory 2026 Catalog
CMA CGM,http://www.cmacgm-group.com/en,France,MARSEILLE,https://www.linkedin.com/company/cma-cgm/,Naval defense,OEM,69.6,B,New,"Vend des sous-systèmes / composants à un OEM construisant Logistics equipment, Engines / propulsion.",Review website and validate opportunity,Mechanical parts,Eurosatory 2026 Catalog
CMMI - CYPRUS MARINE AND MARITIME INSTITUTE,https://www.cmmi.blue/,Cyprus,LARNACA,,UAV / drones,OEM,68.0,B,New,"Fournisseur de batteries, moteurs, optronique, RF, composites pour fabricants UAV.",Review website and validate opportunity,Electronic components,Eurosatory 2026 Catalog
CMO OBERNAI,,France,OBERNAI,,Other,À vérifier,,D,New,Qualifier l'activité avant tout pitch ciblé.,No immediate action,To enrich,Eurosatory 2026 Catalog
CMP COMPOSITES,https://cmpcomposites.fr/,France,EYSINES,,Other,À vérifier,,D,New,Qualifier l'activité avant tout pitch ciblé.,No immediate action,To enrich,Eurosatory 2026 Catalog
CNC LEBRUN,https://www.cnclebrun.com/,France,HONFLEUR,,Other,À vérifier,,D,New,Qualifier l'activité avant tout pitch ciblé.,No immediate action,To enrich,Eurosatory 2026 Catalog
CNIM SYSTÈMES INDUSTRIELS,http://www.cnim-systemes-industriels.com/,France,LA SEYNE SUR MER,https://fr.linkedin.com/company/cnim-syst%C3%A8mes-industriels,Armored vehicles,Sous-traitant industriel,63.1,B,New,"Moteurs, composites, plaques balistiques, optronique, comms pour OEM blindés.",Review website and validate opportunity,Electronic components,Eurosatory 2026 Catalog
CODICA CABLES TRANSMISSIONS,,France,BARR,,Other,À vérifier,,D,New,Qualifier l'activité avant tout pitch ciblé.,No immediate action,To enrich,Eurosatory 2026 Catalog
COFIDUR EMS,http://www.cofidur-ems.com/,France,Boulazac - Isle Manoire,,Other,À vérifier,,D,New,Qualifier l'activité avant tout pitch ciblé.,No immediate action,To enrich,Eurosatory 2026 Catalog
CoFil - Colombo Filippetti SpA,http://www.cofil.it/,Italie,CASIRATE D'ADDA,https://www.linkedin.com/company/11043718,Cybersecurity,OEM,63.4,B,New,"Threat intel, hardware appliances, cloud souverain, audits.",Review website and validate opportunity,Mechanical parts,Eurosatory 2026 Catalog
COGIT COMPOSITES,http://cogit-composites.com/,France,SAINT GERMAIN DU PUY,https://www.linkedin.com/company/19126628,Simulation / training,Bureau d'ingénierie,58.0,C,New,"Visuel, motion, haptique, IA pour fabricants de simulateurs.",Keep in watchlist,Composite materials,Eurosatory 2026 Catalog
COGNE ACCIAI SPECIALI,https://www.cogne.com/,Italie,AOSTA,https://www.linkedin.com/company/cogne-acciai-speciali-spa/mycompany/verification/?viewAsMember=true,Electronic warfare,OEM,72.0,B,New,"Vend des sous-systèmes / composants à un OEM construisant Optronics / Optics, Software / Platforms.",Review website and validate opportunity,Electronic components,Eurosatory 2026 Catalog
COLT CANADA,https://www.coltcanada.com/,Canada,"KITCHENER , ONTARIO",,Other,À vérifier,,D,New,Qualifier l'activité avant tout pitch ciblé.,No immediate action,To enrich,Eurosatory 2026 Catalog
COLT CZ GROUP SE,http://www.coltczgroup.com/,République tchèque,Praha 1,,Optics / optronics,OEM,60.5,B,New,"Vend des sous-systèmes / composants à un OEM construisant Optronics / Optics, Weapons.",Review website and validate opportunity,Electronic components,Eurosatory 2026 Catalog
"Colt Electro Optics, LLC",http://coltoptics.com/,États-Unis,"Brighton, Michigan",,Other,À vérifier,16.6,D,New,Qualifier l'activité avant tout pitch ciblé.,No immediate action,Industrial subcontracting / machining,Eurosatory 2026 Catalog
COLT’S MANUFACTURING COMPANY,https://www.colt.com/,États-Unis,USA,,Other,À vérifier,,D,New,Qualifier l'activité avant tout pitch ciblé.,No immediate action,To enrich,Eurosatory 2026 Catalog
COMAND AI,https://www.comand.ai/fr,France,PARIS,https://www.linkedin.com/company/comand-ai/,Space / satellite,Distributeur,74.0,B,New,"Composites, capteurs, comms, lancement pour primes spatiaux.",Review website and validate opportunity,Cloud / data services,Eurosatory 2026 Catalog
COMBITECH,http://www.combitech.se/,Suède,Lund,,Other,À vérifier,,D,New,Qualifier l'activité avant tout pitch ciblé.,No immediate action,To enrich,Eurosatory 2026 Catalog
COMERCIAL TORRENTS,http://www.comercialtorrents.com/en/,Espagne,VELEZ RUBIO,https://www.linkedin.com/company/comercial-torrents/,Weapons,OEM,67.1,B,New,"Vend des sous-systèmes / composants à un OEM construisant Weapons, Ammunition.",Review website and validate opportunity,Mechanical parts,Eurosatory 2026 Catalog
COMEXPOSIUM SECURITY,http://www.milipol.com/,France,COURBEVOIE,,Other,À vérifier,14.6,D,New,Qualifier l'activité avant tout pitch ciblé.,No immediate action,Industrial subcontracting / machining,Eurosatory 2026 Catalog
COMMUNAUTE D'AGGLOMERATION BOURGES PLUS,http://www.cid.bourgesplus.fr/,France,BOURGES CEDEX,https://www.linkedin.com/company/cidbourges/,Intelligence / ISR,Sous-traitant industriel,70.5,B,New,"Capteurs, payloads optroniques, communications pour plateformes ISR.",Review website and validate opportunity,Cloud / data services,Eurosatory 2026 Catalog
Companhia Nitro Química Brasileira,https://nitro.com.br/,Brésil,SÃO PAULO,https://www.linkedin.com/company/htpp-nitroquimica-com-br/?viewAsMember=true,Soldier systems,À vérifier,27.6,D,New,Qualifier l'activité avant tout pitch ciblé.,No immediate action,Industrial subcontracting / machining,Eurosatory 2026 Catalog
"COMPASS ARMOR MANUFACTURING (BEIJING) CO., LTD",http://www.compassint.cn/,Chine,BEIJING,https://www.linkedin.com/company/compassarmor,Soldier systems,OEM,68.0,B,New,"Textiles, composites, optronique, énergie pour kits soldat.",Review website and validate opportunity,Engines / propulsion,Eurosatory 2026 Catalog
COMPOSHIELD,https://www.composhield.com/,Danemark,HADSTEN,https://www.linkedin.com/company/113641/feed/posts/,Other,À vérifier,16.6,D,New,Qualifier l'activité avant tout pitch ciblé.,No immediate action,Industrial subcontracting / machining,Eurosatory 2026 Catalog
Composite Builders,https://www.compositebuilders.com/,États-Unis,Holland,,Electronic warfare,Distributeur,79.0,A,New,"Amplis RF, processeurs signal, embarqué, antennes pour EW.",Contact sales team and qualify need,Cloud / data services,Eurosatory 2026 Catalog
CompoTech PLUS,https://www.compotech.com/,République tchèque,SUSICE,,Other,À vérifier,,D,New,Qualifier l'activité avant tout pitch ciblé.,No immediate action,To enrich,Eurosatory 2026 Catalog
Computacenter,https://www.computacenter.com/,France,ROISSY EN FRANCE,https://www.linkedin.com/company/computacenter/about/,Cybersecurity,Intégrateur,80.0,A,New,"Threat intel, hardware appliances, cloud souverain, audits.",Contact sales team and qualify need,Mechanical parts,Eurosatory 2026 Catalog
Comrod Communication AS,http://www.comrod.com/,Norvège,TAU,https://www.linkedin.com/company/comrod-communication-asa,Communications,Distributeur,77.0,A,New,"RF, crypto, certification interopérabilité pour radios tactiques.",Contact sales team and qualify need,Electronic components,Eurosatory 2026 Catalog
CONCURRENT TECHNOLOGIES,https://www.concurrent.tech/,Royaume-Uni,Colchester,,Electronic warfare,OEM,81.0,A,New,"Amplis RF, processeurs signal, embarqué, antennes pour EW.",Contact sales team and qualify need,Electronic components,Eurosatory 2026 Catalog
CONDOR S/A INDUSTRIA QUIMICA,http://www.condornaoletal.com.br/,Brésil,RIO DE JANEIRO,,Other,À vérifier,,D,New,Qualifier l'activité avant tout pitch ciblé.,No immediate action,To enrich,Eurosatory 2026 Catalog
Connektica,http://connektica.com/,France,Toulouse,,UAV / drones,Éditeur logiciel,67.0,B,New,"Fournisseur de batteries, moteurs, optronique, RF, composites pour fabricants UAV.",Review website and validate opportunity,Energy / batteries,Eurosatory 2026 Catalog
CONOTECH B.V.,http://conotech-security.com/,Pays-Bas,HAGUE,,UAV / drones,OEM,65.0,B,New,"Fournisseur de batteries, moteurs, optronique, RF, composites pour fabricants UAV.",Review website and validate opportunity,Energy / batteries,Eurosatory 2026 Catalog
Continental,https://www.continental-reifen.de/,Allemagne,HANNOVER,,Other,À vérifier,27.6,D,New,Qualifier l'activité avant tout pitch ciblé.,No immediate action,Industrial subcontracting / machining,Eurosatory 2026 Catalog
CONTOUR ADVANCED SYSTEMS,http://www.contouradvancedsystems.com/,Pays-Bas,VARSSEVELD,https://www.linkedin.com/company/contour-advanced-systems-bv/?originalSubdomain=nl,UAV / drones,OEM,66.0,B,New,Sub-system / payload pour OEM drones tactiques.,Review website and validate opportunity,Mechanical parts,Eurosatory 2026 Catalog
CONTROL SOLUTIONS LLC,http://www.controls.com/,États-Unis,AURORA,,Other,À vérifier,,D,New,Qualifier l'activité avant tout pitch ciblé.,No immediate action,To enrich,Eurosatory 2026 Catalog
Contromax,http://www.contromax.com/,Corée du Sud,DAEJEON,,Other,OEM,35.8,D,New,Vend des sous-systèmes / composants à un OEM construisant UAV / drones.,No immediate action,Energy / batteries,Eurosatory 2026 Catalog
CONTROP PRECISION TECHNOLOGIES LTD,http://www.controp.com/,Israël,HOD HASHARON,,Other,À vérifier,,D,New,Qualifier l'activité avant tout pitch ciblé.,No immediate action,To enrich,Eurosatory 2026 Catalog
COOK DEFENCE SYSTEMS LTD,https://www.william-cook.co.uk/,Royaume-Uni,Yorkshire,,Other,À vérifier,,D,New,Qualifier l'activité avant tout pitch ciblé.,No immediate action,To enrich,Eurosatory 2026 Catalog
Copenhagen Sensor Technology,http://www.copst.com/,Danemark,HERLEV,https://dk.linkedin.com/company/cst---copenhagen-sensor-technology,Naval defense,OEM,66.0,B,New,"Radars, sonars, comms, armement, sustainment pour primes navals.",Review website and validate opportunity,Engines / propulsion,Eurosatory 2026 Catalog
CORDM ENGRENAGES,http://www.cordm.com/,France,VERDUN,https://www.linkedin.com/cordm,Logistics / MRO,OEM,64.5,B,New,"Pièces de rechange, calibration, certification pour acteurs MRO.",Review website and validate opportunity,"Raw materials (steel, aluminium)",Eurosatory 2026 Catalog
COREEL TECHNOLOGIES (INDIA) PRIVATE LIMITED,https://coreel.com/,Inde,Bengaluru,,Other,À vérifier,,D,New,Qualifier l'activité avant tout pitch ciblé.,No immediate action,To enrich,Eurosatory 2026 Catalog
CORMACH S.R.L.,http://www.cormach.it/,Italie,MONTICHIARI  (BS),,Other,À vérifier,,D,New,Qualifier l'activité avant tout pitch ciblé.,No immediate action,To enrich,Eurosatory 2026 Catalog
Coros Space,,France,SAINT-THIBAULT-DES-VIGNES,,Other,À vérifier,,D,New,Qualifier l'activité avant tout pitch ciblé.,No immediate action,To enrich,Eurosatory 2026 Catalog
CoSENSE AR,,France,Saint-Maur-des-Fossés,,Other,À vérifier,,D,New,Qualifier l'activité avant tout pitch ciblé.,No immediate action,To enrich,Eurosatory 2026 Catalog
COSMYX,http://www.cosmyx3d.com/,France,EPINAY-SOUS-SENART,https://www.linkedin.com/company/cosmyx3d/,Electronic warfare,OEM,74.0,B,New,"Amplis RF, processeurs signal, embarqué, antennes pour EW.",Review website and validate opportunity,Cloud / data services,Eurosatory 2026 Catalog
Coupery et Masson,http://www.engrenages-coupery.com/,France,Saint Thibault des Vignes,https://www.linkedin.com/company/coupery-et-masson/,Other,OEM,49.7,C,New,Activité à qualifier — discovery call avant pitch précis.,Keep in watchlist,"Raw materials (steel, aluminium)",Eurosatory 2026 Catalog
COUSIN TRESEC SAS,http://www.cousin-group.com/fr/,France,Lille,,Logistics / MRO,OEM,70.6,B,New,"Pièces de rechange, calibration, certification pour acteurs MRO.",Review website and validate opportunity,RF / microwave components,Eurosatory 2026 Catalog
CP CASES LTD,http://www.cpcases.com/,Royaume-Uni,MIDDLESEX,,Other,À vérifier,,D,New,Qualifier l'activité avant tout pitch ciblé.,No immediate action,To enrich,Eurosatory 2026 Catalog
CP FRANCE,http://www.cpfrance.com/,France,ST HILAIRE DE BRETHMAS,,Other,À vérifier,,D,New,Qualifier l'activité avant tout pitch ciblé.,No immediate action,To enrich,Eurosatory 2026 Catalog
CPM ELETTRONICA SRL,http://www.cpmelettronica.com/,Italie,ROME,https://www.linkedin.com/company/cpm-elettronica-s.r.l./?viewAsMember=true,Electronic warfare,OEM,78.0,A,New,"Amplis RF, processeurs signal, embarqué, antennes pour EW.",Contact sales team and qualify need,Energy / batteries,Eurosatory 2026 Catalog
Crédit Agricole S.A.,https://www.credit-agricole.fr/,France,Montrouge,,Other,À vérifier,,D,New,Qualifier l'activité avant tout pitch ciblé.,No immediate action,To enrich,Eurosatory 2026 Catalog
Crédit Mutuel,https://www.creditmutuel.fr/fr/particuliers.html,France,Strasbourg,,Other,À vérifier,,D,New,Qualifier l'activité avant tout pitch ciblé.,No immediate action,To enrich,Eurosatory 2026 Catalog
C-RICH CO LTD,http://www.okcrich.com/,Corée du Sud,SEONGNAM-SI,,Ammunition,OEM,43.4,C,New,Vend des sous-systèmes / composants à un OEM construisant Ammunition.,Keep in watchlist,Energetic materials,Eurosatory 2026 Catalog
CRISTAL INNOV,https://www.cristal-innov.com/fr,France,Sainte-Hélène-du-Lac,,Other,À vérifier,,D,New,Qualifier l'activité avant tout pitch ciblé.,No immediate action,To enrich,Eurosatory 2026 Catalog
CRISTANINI,http://www.cristanini.com/,Italie,RIVOLI VERONESE (VERONA),,Other,À vérifier,18.6,D,New,Qualifier l'activité avant tout pitch ciblé.,No immediate action,Industrial subcontracting / machining,Eurosatory 2026 Catalog
Croatian Chamber of Economy,http://www.hgk.hr/,Croatie,ZAGREB,,Other,À vérifier,16.6,D,New,Qualifier l'activité avant tout pitch ciblé.,No immediate action,Industrial subcontracting / machining,Eurosatory 2026 Catalog
CROSHIELD D.O.O.,https://www.croshield.hr/,Croatie,ZAGREB,,Other,À vérifier,,D,New,Qualifier l'activité avant tout pitch ciblé.,No immediate action,To enrich,Eurosatory 2026 Catalog
CRYLA GROUP,http://www.cryla-group.com/,France,BESANCON,https://www.linkedin.com/company/crylagroup/,Space / satellite,Sous-traitant industriel,53.7,C,New,"Composites, capteurs, comms, lancement pour primes spatiaux.",Keep in watchlist,"Raw materials (steel, aluminium)",Eurosatory 2026 Catalog
CRYSTAL COMPANY,http://www.crystalcompany.nl/,Pays-Bas,HEINENOORD,,Other,À vérifier,,D,New,Qualifier l'activité avant tout pitch ciblé.,No immediate action,To enrich,Eurosatory 2026 Catalog
CS GROUP FRANCE,http://www.csgroup.eu/,France,LE PLESSIS ROBINSON,,Other,À vérifier,,D,New,Qualifier l'activité avant tout pitch ciblé.,No immediate action,To enrich,Eurosatory 2026 Catalog
CSD - COMPONENTES E SISTEMAS DE DEFESA S.A.,http://csd.ind.br/,Brésil,Paraná,https://www.linkedin.com/company/componentes-sistemas-de-defesa,UAV / drones,OEM,67.5,B,New,Sub-system / payload pour OEM drones tactiques.,Review website and validate opportunity,Energy / batteries,Eurosatory 2026 Catalog
CSG,https://www.czechoslovakgroup.cz/,République tchèque,PRAHA 8,,Other,À vérifier,15.6,D,New,Qualifier l'activité avant tout pitch ciblé.,No immediate action,Industrial subcontracting / machining,Eurosatory 2026 Catalog
CSG Defence,http://www.czechoslovakgroup.com/,République tchèque,PRAHA 8,,Other,À vérifier,,D,New,Qualifier l'activité avant tout pitch ciblé.,No immediate action,To enrich,Eurosatory 2026 Catalog
csi entwicklungstechnik GmbH,http://www.csi-online.de/,Allemagne,Gaimersheim,https://www.linkedin.com/company/csi-entwicklungstechnik/,Other,À vérifier,17.6,D,New,Qualifier l'activité avant tout pitch ciblé.,No immediate action,Industrial subcontracting / machining,Eurosatory 2026 Catalog
"CSM Industry, s.r.o.",http://csm.sk/,Slovaquie,Tisovec,,Industrial subcontracting,Sous-traitant industriel,51.0,C,New,"Matières premières, outils coupants, services qualité pour sous-traitants.",Keep in watchlist,"Raw materials (steel, aluminium)",Eurosatory 2026 Catalog
CTA INTERNATIONAL,https://www.cta-international.com/,France,BOURGES CEDEX,,Other,À vérifier,,D,New,Qualifier l'activité avant tout pitch ciblé.,No immediate action,To enrich,Eurosatory 2026 Catalog
CTECH BILISIM TEKNOLOJILERI SAN. VE TIC. A.S.,https://www.ctech.com.tr/,Turquie,ISTANBUL,www.linkedin.com/company/ctechbilisim,Intelligence / ISR,OEM,68.0,B,New,"Capteurs, payloads optroniques, communications pour plateformes ISR.",Review website and validate opportunity,Mechanical parts,Eurosatory 2026 Catalog
CTI Systems,http://www.ctisystems.com/,Luxembourg,Lentzweiler,https://www.linkedin.com/company/cti-systems,Cybersecurity,OEM,76.5,A,New,"Threat intel, hardware appliances, cloud souverain, audits.",Contact sales team and qualify need,Engines / propulsion,Eurosatory 2026 Catalog
ÇUKUROVA MAKINA IMALAT VE TICARET A.S,http://www.cumitas.com/,Turquie,MERSIN,,Other,À vérifier,,D,New,Qualifier l'activité avant tout pitch ciblé.,No immediate action,To enrich,Eurosatory 2026 Catalog
Cummins,http://www.cummins.com/,États-Unis,COLUMBUS,https://www.linkedin.com/company/cummins-inc,Other,OEM,38.0,D,New,"Vend des sous-systèmes / composants à un OEM construisant Vehicles, Engines / propulsion.",No immediate action,Engines / propulsion,Eurosatory 2026 Catalog
"CUMMINS LTD (DAR), C/O CUMMINS BUSINESS SERVICES UK",,Royaume-Uni,BLYTH,,Other,À vérifier,,D,New,Qualifier l'activité avant tout pitch ciblé.,No immediate action,To enrich,Eurosatory 2026 Catalog
Curtiss Wright Defense Solutions,,Royaume-Uni,Gwent,,Other,À vérifier,,D,New,Qualifier l'activité avant tout pitch ciblé.,No immediate action,To enrich,Eurosatory 2026 Catalog
CVN Medical,https://www.cvn.fi/,Finlande,SEINÄJOKI,https://www.linkedin.com/in/cvn-medical-7636841ba?utm_source=share&utm_campaign=share_via&utm_content=profile&utm_medium=android_app,Optics / optronics,OEM,47.4,C,New,Vend des sous-systèmes / composants à un OEM construisant Optronics / Optics.,Keep in watchlist,Electronic components,Eurosatory 2026 Catalog
Cyalume Technologies,http://www.cyalume.eu/,France,AIX EN PROVENCE CEDEX 3,,Other,À vérifier,,D,New,Qualifier l'activité avant tout pitch ciblé.,No immediate action,To enrich,Eurosatory 2026 Catalog
Cybernetica,http://cyber.ee/,Estonie,Tallinn,https://www.linkedin.com/company/cybernetica/,Naval defense,OEM,81.5,A,New,"Radars, sonars, comms, armement, sustainment pour primes navals.",Contact sales team and qualify need,Electronic components,Eurosatory 2026 Catalog
CybExer Technologies,,Estonie,Tallinn,,Other,À vérifier,,D,New,Qualifier l'activité avant tout pitch ciblé.,No immediate action,To enrich,Eurosatory 2026 Catalog
CYPRUS CHAMBER OF COMMERCE AND INDUSTRY,https://www.ccci.org.cy/,Cyprus,NICOSIA,,Other,À vérifier,15.6,D,New,Qualifier l'activité avant tout pitch ciblé.,No immediate action,Industrial subcontracting / machining,Eurosatory 2026 Catalog
CYRIC AGS LTD,https://ww.cyricags.com/,Cyprus,NICOSIA,,Other,À vérifier,4.0,D,New,Qualifier l'activité avant tout pitch ciblé.,No immediate action,To enrich,Eurosatory 2026 Catalog
"D&M Holding Company, Inc.",http://dmholding.com/,États-Unis,TAMPA,https://www.linkedin.com/company/d-m-holding-company,Armored vehicles,OEM,72.6,B,New,"Vend des sous-systèmes / composants à un OEM construisant Ammunition, Vehicles.",Review website and validate opportunity,Energetic materials,Eurosatory 2026 Catalog
D.I.OPTICAL,http://www.donginoptical.com/ko/home/,Corée du Sud,"Bucheon-si, Gyeonggi-do",,Radar / sensors,OEM,62.5,B,New,"Front-ends RF, processeurs, mécanique de précision pour fabricants radars.",Review website and validate opportunity,Engines / propulsion,Eurosatory 2026 Catalog
D7G Nigeria Ltd,https://www.d7g.ng/,Nigeria,ABUJA,,Intelligence / ISR,OEM,79.0,A,New,"Capteurs, payloads optroniques, communications pour plateformes ISR.",Contact sales team and qualify need,Energy / batteries,Eurosatory 2026 Catalog
Daff,http://www.daff.cl/,Chili,SANTIAGO,https://www.linkedin.com/company/daff-desarrollos-alimenticios/,Other,À vérifier,17.6,D,New,Qualifier l'activité avant tout pitch ciblé.,No immediate action,Industrial subcontracting / machining,Eurosatory 2026 Catalog
DA-GROUP,http://www.da-group.com/,Finlande,FORSSA,https://www.linkedin.com/company/da-group-fi/?viewAsMember=true,Electronic warfare,Sous-traitant industriel,72.5,B,New,"Amplis RF, processeurs signal, embarqué, antennes pour EW.",Review website and validate opportunity,Electronic components,Eurosatory 2026 Catalog
Daher,http://www.daher.com/,France,ORLY,https://www.linkedin.com/company/daher,Intelligence / ISR,OEM,74.0,B,New,"Capteurs, payloads optroniques, communications pour plateformes ISR.",Review website and validate opportunity,Electronic components,Eurosatory 2026 Catalog
Daimler Truck AG,http://defence.mercedes-benz-trucks.com/,Allemagne,WOERTH AM RHEIN,https://de.linkedin.com/company/daimlertruckag,Ballistic protection,OEM,72.5,B,New,"Aramide, céramique, composites, certification balistique.",Review website and validate opportunity,Engines / propulsion,Eurosatory 2026 Catalog
Danfoss,http://www.danfoss.com/,Danemark,Nordborg,https://www.linkedin.com/company/danfoss,Logistics / MRO,OEM,75.0,A,New,"Pièces de rechange, calibration, certification pour acteurs MRO.",Contact sales team and qualify need,Cloud / data services,Eurosatory 2026 Catalog
DANIELSON ENGINEERING,https://www.danielson-groupe.fr/,France,MAGNY-COURS,,Other,À vérifier,,D,New,Qualifier l'activité avant tout pitch ciblé.,No immediate action,To enrich,Eurosatory 2026 Catalog
Danish Industry,http://www.di-fos.dk/,Danemark,COPENHAGEN V,,Other,À vérifier,,D,New,Qualifier l'activité avant tout pitch ciblé.,No immediate action,To enrich,Eurosatory 2026 Catalog
DANTHERM GROUP,http://www.danthermgroup.com/,Danemark,SKIVE,,Naval defense,Distributeur,76.0,A,New,"Vend des sous-systèmes / composants à un OEM construisant Logistics equipment, Communications networks.",Contact sales team and qualify need,Mechanical parts,Eurosatory 2026 Catalog
Dark Shadows Technologies SRL,https://www.darkshadowstechnologies.com/,Roumanie,TIMISOARA,,UAV / drones,OEM,66.6,B,New,"Fournisseur de batteries, moteurs, optronique, RF, composites pour fabricants UAV.",Review website and validate opportunity,Energy / batteries,Eurosatory 2026 Catalog
DART AEROSPACE,http://dartaero.com/,Canada,HAWESBURRY,,Other,À vérifier,4.0,D,New,Qualifier l'activité avant tout pitch ciblé.,No immediate action,To enrich,Eurosatory 2026 Catalog
DASSAULT SYSTEMES SE,http://www.3ds.com/,France,VELIZY-VILLACOUBLAY CEDEX,https://fr.linkedin.com/company/dassaultsystemes,AI / data,OEM,80.0,A,New,"GPUs, cloud, data annotation, hardening cyber pour plateforme IA.",Contact sales team and qualify need,Engines / propulsion,Eurosatory 2026 Catalog
Data Design Engineering S.à r.l.,http://datadesign.engineering/latest_news,Luxembourg,ESCH-BELVAL ESCH-SUR-ALZETTE,https://www.linkedin.com/company/datadesign-engineering/posts/?feedView=all&viewAsMember=true,Space / satellite,OEM,71.5,B,New,"Composites, capteurs, comms, lancement pour primes spatiaux.",Review website and validate opportunity,RF / microwave components,Eurosatory 2026 Catalog
DataScouting,http://datascouting.com/,Grèce,THESSALONIKI,https://www.linkedin.com/company/datascouting/,Space / satellite,Distributeur,67.6,B,New,"Composites, capteurs, comms, lancement pour primes spatiaux.",Review website and validate opportunity,Cloud / data services,Eurosatory 2026 Catalog
"Dataspeed, Inc.",https://www.dataspeedinc.com/,États-Unis,Rochester Hills,,Radar / sensors,OEM,70.5,B,New,"Front-ends RF, processeurs, mécanique de précision pour fabricants radars.",Review website and validate opportunity,Engines / propulsion,Eurosatory 2026 Catalog
DBC,https://www.dbc.fr/,France,SCIONZIER,https://www.linkedin.com/company/dbc---d%C3%A9colletage-bar-cutting/,Intelligence / ISR,OEM,70.0,B,New,"Capteurs, payloads optroniques, communications pour plateformes ISR.",Review website and validate opportunity,Mechanical parts,Eurosatory 2026 Catalog
DBOX,https://dbox.lt/,Lituanie,Panevėžys,,Electronic warfare,OEM,74.0,B,New,"Amplis RF, processeurs signal, embarqué, antennes pour EW.",Review website and validate opportunity,Engines / propulsion,Eurosatory 2026 Catalog
DCI - Défense Conseil International,http://www.groupedci.com/,France,PARIS CEDEX 15,https://www.linkedin.com/company/dci-defense-conseil-international,Land defense,Société de services,76.0,A,New,"Sous-systèmes, composites, certification pour primes terrestres.",Contact sales team and qualify need,Energy / batteries,Eurosatory 2026 Catalog
DCSD,http://www.diplomatie.gouv.fr/fr/politique-etrangere-de-la-france/securite-desarmement-et-non-proliferation/la-cooperation-de-securite-et-de-defense-64255/,France,PARIS,https://www.linkedin.com/company/direction-de-la-coop%C3%A9ration-de-s%C3%A9curit%C3%A9-et-de-d%C3%A9fense/?lipi=urn%3Ali%3Apage%3Ad_flagship3_search_srp_all%3BEclO5FogReaCyNPPA9gsTQ%3D%3D,Other,À vérifier,22.6,D,New,Qualifier l'activité avant tout pitch ciblé.,No immediate action,Industrial subcontracting / machining,Eurosatory 2026 Catalog
DE DIETRICH,http://www.dedietrich.com/,France,SCHILTIGHEIM,https://www.linkedin.com/company/dedietrichgroup/?viewAsMember=true,Radar / sensors,Distributeur,75.0,A,New,"Front-ends RF, processeurs, mécanique de précision pour fabricants radars.",Contact sales team and qualify need,Engines / propulsion,Eurosatory 2026 Catalog
DE JONGE GMBH,https://www.dejonge.ai/,Allemagne,NÜRNBERG,,AI / data,OEM,64.8,B,New,"GPUs, cloud, data annotation, hardening cyber pour plateforme IA.",Review website and validate opportunity,Electronic components,Eurosatory 2026 Catalog
DECELECT,https://www.decelect.com/,France,SOISSONS,https://www.linkedin.com/company/decelect-ubiwizz,Intelligence / ISR,OEM,69.5,B,New,"Capteurs, payloads optroniques, communications pour plateformes ISR.",Review website and validate opportunity,Electronic components,Eurosatory 2026 Catalog
December1,,Ukraine,Kyiv,,Other,À vérifier,,D,New,Qualifier l'activité avant tout pitch ciblé.,No immediate action,To enrich,Eurosatory 2026 Catalog
DECODIO,https://www.decodio.com/,France,Rennes,,Other,À vérifier,,D,New,Qualifier l'activité avant tout pitch ciblé.,No immediate action,To enrich,Eurosatory 2026 Catalog
DECOR-GIPS LLC,,Ukraine,Vinnytsi,,Other,À vérifier,,D,New,Qualifier l'activité avant tout pitch ciblé.,No immediate action,To enrich,Eurosatory 2026 Catalog
Dedienne Aerospace,https://dedienne-aero.com/,France,TOULOUSE,,Other,À vérifier,,D,New,Qualifier l'activité avant tout pitch ciblé.,No immediate action,To enrich,Eurosatory 2026 Catalog
DEFAINE GMBH,https://defaine.com/,Allemagne,CHEMNITZ,,Other,À vérifier,15.6,D,New,Qualifier l'activité avant tout pitch ciblé.,No immediate action,Industrial subcontracting / machining,Eurosatory 2026 Catalog
DEFCON 5 SRL,http://www.defcon5italy.com/,Italie,MANIAGO,,Soldier systems,Distributeur,75.5,A,New,"Textiles, composites, optronique, énergie pour kits soldat.",Contact sales team and qualify need,Electronic components,Eurosatory 2026 Catalog
DEFEA - DEFENCE EXHIBITION ATHENS,https://www.defea.gr/,Grèce,ATHÈNES,https://www.linkedin.com/company/29362401,UAV / drones,Distributeur,77.0,A,New,"Fournisseur de batteries, moteurs, optronique, RF, composites pour fabricants UAV.",Contact sales team and qualify need,Energy / batteries,Eurosatory 2026 Catalog
DEFENCE RESEARCH AND DEVELOPMENT ORGANISATION,https://drdo.gov.in/,Inde,New Delhi,,Other,À vérifier,,D,New,Qualifier l'activité avant tout pitch ciblé.,No immediate action,To enrich,Eurosatory 2026 Catalog
DEFENDEC,https://www.defendec.com/,Estonie,TALLINN,,Other,À vérifier,,D,New,Qualifier l'activité avant tout pitch ciblé.,No immediate action,To enrich,Eurosatory 2026 Catalog
DEFENSE CAPITAL INDUSTRY,https://www.dci-bg.com/,Bulgarie,SOFIA,,Weapons,OEM,73.5,B,New,"Usinage de précision, matériaux, optronique, composants munitions ITAR-friendly.",Review website and validate opportunity,Mechanical parts,Eurosatory 2026 Catalog
DEFENSE SECURITY COOPERATION AGENCY,,États-Unis,ALEXANDRIA,,Other,À vérifier,,D,New,Qualifier l'activité avant tout pitch ciblé.,No immediate action,To enrich,Eurosatory 2026 Catalog
"DEFENSE TECHNOLOGY EQUIPMENT, INC.",https://www.defense-tech.com/,États-Unis,STERLING,,Other,À vérifier,,D,New,Qualifier l'activité avant tout pitch ciblé.,No immediate action,To enrich,Eurosatory 2026 Catalog
Defensor Group Sweden,http://www.defensorgroup.se/,Suède,Stockholm,https://www.linkedin.com/company/defensor-group,Electronic warfare,Sous-traitant industriel,57.9,C,New,"Amplis RF, processeurs signal, embarqué, antennes pour EW.",Keep in watchlist,RF / microwave components,Eurosatory 2026 Catalog
DEFSECINTEL SOLUTIONS OÜ,http://defsecintel.com/,Estonie,,,Intelligence / ISR,OEM,73.5,B,New,"Capteurs, payloads optroniques, communications pour plateformes ISR.",Review website and validate opportunity,Energy / batteries,Eurosatory 2026 Catalog
DEGOISEY SAS,http://www.usinage-degoisey.com/,France,ST ANDRE LES VERGERS,,Other,À vérifier,,D,New,Qualifier l'activité avant tout pitch ciblé.,No immediate action,To enrich,Eurosatory 2026 Catalog
DEGREANE Horizon,http://www.degreane-horizon.com/,France,Cuers,https://www.linkedin.com/company/25619488/admin/dashboard/,Naval defense,OEM,65.5,B,New,"Vend des sous-systèmes / composants à un OEM construisant Radars, Naval systems.",Review website and validate opportunity,Electronic components,Eurosatory 2026 Catalog
DEKIMO,https://www.dekimo.com/,Belgique,LOUVAIN LA NEUVE,,Space / satellite,OEM,67.0,B,New,"Composites, capteurs, comms, lancement pour primes spatiaux.",Review website and validate opportunity,Cloud / data services,Eurosatory 2026 Catalog
DELAIR,http://www.delair.aero/,France,LABEGE,https://www.linkedin.com/company/delair-tech/,Intelligence / ISR,OEM,76.5,A,New,"Capteurs, payloads optroniques, communications pour plateformes ISR.",Contact sales team and qualify need,Energy / batteries,Eurosatory 2026 Catalog
DÉLÉGATION QUÉBEC,https://www.investquebec.com/quebec/fr/,Canada,MONTRÉAL QC,,Other,À vérifier,,D,New,Qualifier l'activité avant tout pitch ciblé.,No immediate action,To enrich,Eurosatory 2026 Catalog
DELLNER GLASS SOLUTIONS LTD,https://www.dellnerglass.com/,Royaume-Uni,COUNTY DURHAM,,Other,À vérifier,,D,New,Qualifier l'activité avant tout pitch ciblé.,No immediate action,To enrich,Eurosatory 2026 Catalog
DELMON GROUP,https://www.delmon-group.com/,France,TERRASSON LAVILLEDIEU,,Other,À vérifier,,D,New,Qualifier l'activité avant tout pitch ciblé.,No immediate action,To enrich,Eurosatory 2026 Catalog
Delta Aero Tech,https://www.deltaerotech.com/,Italie,CANTU ( CO ),,Other,À vérifier,4.0,D,New,Qualifier l'activité avant tout pitch ciblé.,No immediate action,To enrich,Eurosatory 2026 Catalog
DELTA DEFENCE,https://www.deltadefence.eu/,Slovaquie,BRATISLAVA,,Other,À vérifier,,D,New,Qualifier l'activité avant tout pitch ciblé.,No immediate action,To enrich,Eurosatory 2026 Catalog
DELTA PREMIUM,http://deltacase.ua/,Ukraine,KYIV,,Homeland security,À vérifier,22.6,D,New,Qualifier l'activité avant tout pitch ciblé.,No immediate action,Industrial subcontracting / machining,Eurosatory 2026 Catalog
DeltaQuad,https://www.deltaquad.com/,Pays-Bas,DUIVENDRECHT,https://www.linkedin.com/company/deltaquad,Intelligence / ISR,OEM,71.0,B,New,"Capteurs, payloads optroniques, communications pour plateformes ISR.",Review website and validate opportunity,Energy / batteries,Eurosatory 2026 Catalog
DEMARKO S.A.,https://demarko-military.com/,Pologne,BYTOM,,AI / data,OEM,69.5,B,New,Module IA / fusion de données pour intégration dans la stack du client.,Review website and validate opportunity,Engines / propulsion,Eurosatory 2026 Catalog
DEMIL TECH,https://demiltech.hr/,Croatie,GOSPIĆ,,Ammunition,OEM,53.9,C,New,"Matériaux énergétiques, mécanique, packaging, certification.",Keep in watchlist,Energetic materials,Eurosatory 2026 Catalog
DENN,https://www.denn.es/,Espagne,POLINYÀ,https://www.linkedin.com/company/denn,Cybersecurity,OEM,76.0,A,New,"Threat intel, hardware appliances, cloud souverain, audits.",Contact sales team and qualify need,Cloud / data services,Eurosatory 2026 Catalog
"DEQING FOX ARMOUR CO.,LTD",http://www.foxarmour.com/,Chine,HUZHOU,,Ammunition,OEM,71.0,B,New,"Vend des sous-systèmes / composants à un OEM construisant Soldier equipment, Ammunition.",Review website and validate opportunity,Composite materials,Eurosatory 2026 Catalog
DEREMAUX Sarl,http://www.deremaux.com/,France,AUMALE,https://www.linkedin.com/company/deremaux/?viewAsMember=true,Industrial subcontracting,OEM,60.7,B,New,"Matières premières, outils coupants, services qualité pour sous-traitants.",Review website and validate opportunity,"Raw materials (steel, aluminium)",Eurosatory 2026 Catalog
DERIVERY SAS,http://www.derivery.fr/,France,PONT AUTHOU,,Other,À vérifier,,D,New,Qualifier l'activité avant tout pitch ciblé.,No immediate action,To enrich,Eurosatory 2026 Catalog
DESCHAMPS,http://www.deschamps-systems.com/,France,LA COURONNE,https://linkedin.com/company/deschamps,UAV / drones,OEM,71.5,B,New,Sub-system / payload pour OEM drones tactiques.,Review website and validate opportunity,Engines / propulsion,Eurosatory 2026 Catalog
DESTINUS,http://www.destinus.com/,France,PARIS,,Other,À vérifier,,D,New,Qualifier l'activité avant tout pitch ciblé.,No immediate action,To enrich,Eurosatory 2026 Catalog
Destinus,https://www.destinus.com/,France,Paris,,Other,À vérifier,,D,New,Qualifier l'activité avant tout pitch ciblé.,No immediate action,To enrich,Eurosatory 2026 Catalog
DEUTZ Defense Systems,https://www.deutz.com/,Allemagne,COLOGNE,,UAV / drones,OEM,81.0,A,New,"Fournisseur de batteries, moteurs, optronique, RF, composites pour fabricants UAV.",Contact sales team and qualify need,Energy / batteries,Eurosatory 2026 Catalog
DEVISMES SAS,https://www.devismes.fr/,France,FEUQUIÈRES EN VIMEU,https://www.linkedin.com/company/11175337,Intelligence / ISR,Sous-traitant industriel,64.5,B,New,"Capteurs, payloads optroniques, communications pour plateformes ISR.",Review website and validate opportunity,Electronic components,Eurosatory 2026 Catalog
D-Fend Solutions,http://d-fendsolutions.com/,Royaume-Uni,LONDON,https://www.linkedin.com/company/d-fend-solutions/,Intelligence / ISR,Distributeur,80.0,A,New,"Capteurs, payloads optroniques, communications pour plateformes ISR.",Contact sales team and qualify need,Engines / propulsion,Eurosatory 2026 Catalog
DGA/DICE/SDGQ/BUREAU DES SALONS,http://www.defense.gouv.fr/,France,PARIS CEDEX 15,,Other,À vérifier,,D,New,Qualifier l'activité avant tout pitch ciblé.,No immediate action,To enrich,Eurosatory 2026 Catalog
Diadrom Systems AB,,Suède,Gothenburg,,Other,À vérifier,,D,New,Qualifier l'activité avant tout pitch ciblé.,No immediate action,To enrich,Eurosatory 2026 Catalog
DIAGER INDUSTRIE,https://www.diager-industrie.com/,France,Poligny,,Other,À vérifier,,D,New,Qualifier l'activité avant tout pitch ciblé.,No immediate action,To enrich,Eurosatory 2026 Catalog
Diamond Aircraft,https://www.diamondaircraft.com/,Autriche,WIENER NEUSTADT,,UAV / drones,Distributeur,79.0,A,New,"Fournisseur de batteries, moteurs, optronique, RF, composites pour fabricants UAV.",Contact sales team and qualify need,Cloud / data services,Eurosatory 2026 Catalog
DIATEX SA,https://www.diatex.com/,France,ST GENIS LAVAL,,Other,À vérifier,,D,New,Qualifier l'activité avant tout pitch ciblé.,No immediate action,To enrich,Eurosatory 2026 Catalog
Diehl Defence,http://www.diehl.com/defence,Allemagne,UEBERLINGEN,,Other,À vérifier,,D,New,Qualifier l'activité avant tout pitch ciblé.,No immediate action,To enrich,Eurosatory 2026 Catalog
DIGIGRAM,https://www.digigram.com/,France,Montbonnot-Saint-Martin,,Other,À vérifier,,D,New,Qualifier l'activité avant tout pitch ciblé.,No immediate action,To enrich,Eurosatory 2026 Catalog
DIGITAL BIT SRL,https://www.digitalbit.ro/,Roumanie,BUCHAREST,,Other,À vérifier,,D,New,Qualifier l'activité avant tout pitch ciblé.,No immediate action,To enrich,Eurosatory 2026 Catalog
Digital Core Technologies Pvt Ltd,http://www.dicortech.com/,Inde,KAKKANAD,https://www.linkedin.com/company/digital-core-technologies-pvt-ltd,Cybersecurity,Bureau d'ingénierie,70.0,B,New,"Threat intel, hardware appliances, cloud souverain, audits.",Review website and validate opportunity,Cloud / data services,Eurosatory 2026 Catalog
Digital Defence Ecosystem,http://www.digitaldefence.fi/,Finlande,TAMPERE,https://www.linkedin.com/company/86868558,Other,À vérifier,17.6,D,New,Qualifier l'activité avant tout pitch ciblé.,No immediate action,Industrial subcontracting / machining,Eurosatory 2026 Catalog
"DIGITAL RESEARCH AND CONSULTING CO.,LTD",http://www.drc.co.th/,Thaïlande,BANGKOK,,Other,À vérifier,4.0,D,New,Qualifier l'activité avant tout pitch ciblé.,No immediate action,To enrich,Eurosatory 2026 Catalog
Dillinger Saarstahl,http://www.dillinger.de/,Allemagne,DILLINGEN,,Other,À vérifier,,D,New,Qualifier l'activité avant tout pitch ciblé.,No immediate action,To enrich,Eurosatory 2026 Catalog
"DILLON AERO, INC.",http://dillonaero.com/,États-Unis,POMPANO BEACH,https://dillonaeroinc.com,Intelligence / ISR,OEM,79.0,A,New,"Capteurs, payloads optroniques, communications pour plateformes ISR.",Contact sales team and qualify need,Engines / propulsion,Eurosatory 2026 Catalog
DIRECT,http://www.direct.fr/,France,SAINT-ETIENNE DU ROUVRAY,https://linkedin.com/compagnydirectdistribution,Radar / sensors,OEM,69.5,B,New,"Front-ends RF, processeurs, mécanique de précision pour fabricants radars.",Review website and validate opportunity,Engines / propulsion,Eurosatory 2026 Catalog
Direct Action,https://eu.directactiongear.com/,Pologne,Wrocław,https://www.linkedin.com/company/entire-m-sp-z-o-o/,Soldier systems,Distributeur,49.0,C,New,Canal de distribution / représentation pour notre portefeuille.,Keep in watchlist,Cloud / data services,Eurosatory 2026 Catalog
Directorate-General for Defence Industry and Space,https://ec.europa.eu/info/departments/defence-industry-and-space_en,Belgique,BRUSSELS,,Other,À vérifier,,D,New,Qualifier l'activité avant tout pitch ciblé.,No immediate action,To enrich,Eurosatory 2026 Catalog
DISTANCE,https://distance.tech/,Finlande,HELSINKI,,Intelligence / ISR,OEM,77.5,A,New,"Capteurs, payloads optroniques, communications pour plateformes ISR.",Contact sales team and qualify need,Engines / propulsion,Eurosatory 2026 Catalog
DIVISA PRECISION,http://www.divisa.ch/,Suisse,CAROUGE - GENÈVE,https://ch.linkedin.com/company/divisa-precision,Radar / sensors,OEM,66.6,B,New,"Front-ends RF, processeurs, mécanique de précision pour fabricants radars.",Review website and validate opportunity,Electronic components,Eurosatory 2026 Catalog
DIXI MICROTECHNIQUES,http://www.diximicrotechniques.com/,France,CHAUDEFONTAINE,,Other,À vérifier,,D,New,Qualifier l'activité avant tout pitch ciblé.,No immediate action,To enrich,Eurosatory 2026 Catalog
"DK UNITY, SIA",,Lettonie,RIGA,,Other,À vérifier,,D,New,Qualifier l'activité avant tout pitch ciblé.,No immediate action,To enrich,Eurosatory 2026 Catalog
DMG MORI,https://dmgmori.com/,Allemagne,BIELEFELD,https://www.linkedin.com/company/dmgmori/,Other,OEM,43.7,C,New,Activité à qualifier — discovery call avant pitch précis.,Keep in watchlist,"Raw materials (steel, aluminium)",Eurosatory 2026 Catalog
DOK-ING,https://www.dok-ing.hr/,Croatie,GRAD ZAGREB,,Other,À vérifier,,D,New,Qualifier l'activité avant tout pitch ciblé.,No immediate action,To enrich,Eurosatory 2026 Catalog
DOLL Fahrzeugbau GmbH,http://www.doll-defence.com/de/,Allemagne,OPPENAU,https://de.linkedin.com/company/doll-fahrzeugbau,Homeland security,OEM,47.9,C,New,"Vend des sous-systèmes / composants à un OEM construisant Logistics equipment, Vehicles.",Keep in watchlist,Mechanical parts,Eurosatory 2026 Catalog
DOMO TACTICAL COMMUNICATIONS LTD (DTC),http://www.domotactical.com/,Royaume-Uni,ampshire,,Other,À vérifier,,D,New,Qualifier l'activité avant tout pitch ciblé.,No immediate action,To enrich,Eurosatory 2026 Catalog
DOODLE LABS LLC,https://doodlelabs.com/,États-Unis,MARINA DEL RAY,,Other,À vérifier,15.6,D,New,Qualifier l'activité avant tout pitch ciblé.,No immediate action,Industrial subcontracting / machining,Eurosatory 2026 Catalog
DP WORLD,http://www.dpworld.com/,Pays-Bas,Hoofddorp,https://www.linkedin.com/company/dp-world/posts/?feedView=all,Armored vehicles,Sous-traitant industriel,74.0,B,New,"Moteurs, composites, plaques balistiques, optronique, comms pour OEM blindés.",Review website and validate opportunity,Engines / propulsion,Eurosatory 2026 Catalog
Dr. Bohrer Lasertec GmbH,,Autriche,Neusiedl am See,,Other,À vérifier,,D,New,Qualifier l'activité avant tout pitch ciblé.,No immediate action,To enrich,Eurosatory 2026 Catalog
DR. WERNER RÖHRS GMBH & CO.KG,http://www.roehrs.de/,Allemagne,SONTHOFEN,,Other,OEM,40.6,C,New,Vend des sous-systèmes / composants à un OEM construisant leur build line.,Keep in watchlist,Industrial subcontracting / machining,Eurosatory 2026 Catalog
DRÄGER FRANCE SAS,http://www.draeger.com/,France,ANTONY CEDEX,https://www.linkedin.com/company/draeger,Other,À vérifier,20.1,D,New,Qualifier l'activité avant tout pitch ciblé.,No immediate action,Industrial subcontracting / machining,Eurosatory 2026 Catalog
Dragon Winch,http://www.dragonwinch.com/fr/,Pologne,BALICE,https://www.linkedin.com/company/dragon-winch,Logistics / MRO,OEM,68.0,B,New,"Pièces de rechange, calibration, certification pour acteurs MRO.",Review website and validate opportunity,Cloud / data services,Eurosatory 2026 Catalog
DREHTAINER GmbH,http://www.drehtainer.com/,Allemagne,VALLUHN,,Other,À vérifier,16.6,D,New,Qualifier l'activité avant tout pitch ciblé.,No immediate action,Industrial subcontracting / machining,Eurosatory 2026 Catalog
DRIVE SYSTEM DESIGN,https://www.drivesystemdesign.com/,États-Unis,FARMINGTON HILLS,,Cybersecurity,Distributeur,75.0,A,New,"Outils SOC/SIEM, brique de sécurité défensive pour vendeur cyber.",Contact sales team and qualify need,Engines / propulsion,Eurosatory 2026 Catalog
DRONE VOLT,https://www.dronevolt.com/,France,VILLEPINTE,,C4ISR,OEM,77.0,A,New,"Composants, sous-systèmes, software, services pour primes C4ISR.",Contact sales team and qualify need,Engines / propulsion,Eurosatory 2026 Catalog
DRONE XTR,https://dronextr.fr/,France,LE HAVRE,,Intelligence / ISR,OEM,59.5,C,New,"Capteurs, payloads optroniques, communications pour plateformes ISR.",Keep in watchlist,Energy / batteries,Eurosatory 2026 Catalog
DroneShield,https://www.droneshield.com/,Australie,SYDNEY,www.linkedin.com/company/droneshield,Intelligence / ISR,Distributeur,79.0,A,New,"Capteurs, payloads optroniques, communications pour plateformes ISR.",Contact sales team and qualify need,Engines / propulsion,Eurosatory 2026 Catalog
Dronivo GmbH,https://www.dronivo.com/,Allemagne,LUDWIGSHAFEN,https://www.linkedin.com/company/dronivo/posts/?feedView=all,Other,À vérifier,5.0,D,New,Qualifier l'activité avant tout pitch ciblé.,No immediate action,To enrich,Eurosatory 2026 Catalog
Dropla Tech,,Danemark,Aarhus C,,Other,À vérifier,,D,New,Qualifier l'activité avant tout pitch ciblé.,No immediate action,To enrich,Eurosatory 2026 Catalog
DROUIN SAS,http://www.drouin.fr/,France,MÉZIÈRES-SUR-PONTHOUIN,https://www.linkedin.com/company/71478338/admin/page-posts/published/,Other,À vérifier,15.6,D,New,Qualifier l'activité avant tout pitch ciblé.,No immediate action,Industrial subcontracting / machining,Eurosatory 2026 Catalog
DRV Solutions,https://www.drv-solutions.com/,Belgique,DEINZE,https://www.linkedin.com/company/drvsolutions,UAV / drones,Bureau d'ingénierie,69.0,B,New,"Fournisseur de batteries, moteurs, optronique, RF, composites pour fabricants UAV.",Review website and validate opportunity,Mechanical parts,Eurosatory 2026 Catalog
DSG CANUSA GmbH,,Allemagne,RHEINBACH,,Other,À vérifier,,D,New,Qualifier l'activité avant tout pitch ciblé.,No immediate action,To enrich,Eurosatory 2026 Catalog
Dspnor AS,,Norvège,Laksevåg,,Other,À vérifier,,D,New,Qualifier l'activité avant tout pitch ciblé.,No immediate action,To enrich,Eurosatory 2026 Catalog
DSS,http://www.dss-cz.com/,République tchèque,PRAGUE,,Land defense,OEM,62.5,B,New,"Sous-systèmes, composites, certification pour primes terrestres.",Review website and validate opportunity,Engines / propulsion,Eurosatory 2026 Catalog
DSV,http://dsv-solutions.fr/,France,Aix-en-Provence,https://www.linkedin.com/company/dsv-developpement-strategies-ventes/?viewAsMember=true,Intelligence / ISR,OEM,69.5,B,New,"Capteurs, payloads optroniques, communications pour plateformes ISR.",Review website and validate opportunity,Energy / batteries,Eurosatory 2026 Catalog
DSV Air & Sea,,France,GENNEVILLIERS,https://www.linkedin.com/company/dsv/about/,Other,À vérifier,,D,New,Qualifier l'activité avant tout pitch ciblé.,No immediate action,To enrich,Eurosatory 2026 Catalog
DUCHENE INDUSTRIES,https://www.duchene-industries.fr/,France,RUY-MONTCEAU,,Other,À vérifier,,D,New,Qualifier l'activité avant tout pitch ciblé.,No immediate action,To enrich,Eurosatory 2026 Catalog
DUNARIT,http://www.dunarit.com/,Bulgarie,RUSE,,Other,À vérifier,,D,New,Qualifier l'activité avant tout pitch ciblé.,No immediate action,To enrich,Eurosatory 2026 Catalog
DURABOOK,http://www.durabook.com/,Taïwan,TAIPEI,https://www.linkedin.com/company/DURABOOK/,UAV / drones,Distributeur,82.0,A,New,"Fournisseur de batteries, moteurs, optronique, RF, composites pour fabricants UAV.",Contact sales team and qualify need,Energy / batteries,Eurosatory 2026 Catalog
DURKOPP,http://www.durkopp.group/,France,VIERZON,,Armored vehicles,OEM,79.0,A,New,"Moteurs, composites, plaques balistiques, optronique, comms pour OEM blindés.",Contact sales team and qualify need,Mechanical parts,Eurosatory 2026 Catalog
Đuro Đakovic Specijalna vozila,https://duro-dakovic.com/,Croatie,SLAVONSKI BROD,,Other,OEM,33.4,D,New,Vend des sous-systèmes / composants à un OEM construisant Logistics equipment.,No immediate action,Mechanical parts,Eurosatory 2026 Catalog
Dürr AG,http://www.durr-group.com/,Allemagne,BIETIGHEIM-BISSINGEN,,AI / data,Sous-traitant industriel,69.0,B,New,"GPUs, cloud, data annotation, hardening cyber pour plateforme IA.",Review website and validate opportunity,Cloud / data services,Eurosatory 2026 Catalog
Dürr Systems AG,https://www.durr.com/,Allemagne,Bietigheim-Bissingen,,Space / satellite,OEM,79.0,A,New,"Composites, capteurs, comms, lancement pour primes spatiaux.",Contact sales team and qualify need,Engines / propulsion,Eurosatory 2026 Catalog
DWC LLC,https://www.startupblink.com/,Émirats arabes unis,DUBAI,,Other,À vérifier,15.6,D,New,Qualifier l'activité avant tout pitch ciblé.,No immediate action,Industrial subcontracting / machining,Eurosatory 2026 Catalog
Dynamit Nobel Defence,http://www.dn-defence.com/,Allemagne,BURBACH,https://www.linkedin.com/company/dynamit-nobel-defence-gmbh,Land defense,OEM,79.5,A,New,"Sous-systèmes, composites, certification pour primes terrestres.",Contact sales team and qualify need,Electronic components,Eurosatory 2026 Catalog
Dynasafe US LLC,https://dynasafe.com/,États-Unis,TALLADEGA,,Weapons,OEM,78.0,A,New,"Vend des sous-systèmes / composants à un OEM construisant Ammunition, Weapons.",Contact sales team and qualify need,Energetic materials,Eurosatory 2026 Catalog
Dyneema®,http://www.dyneema.com/,États-Unis,STANLEY,,Soldier systems,Sous-traitant industriel,61.0,B,New,"Textiles, composites, optronique, énergie pour kits soldat.",Review website and validate opportunity,Engines / propulsion,Eurosatory 2026 Catalog
e.tricks,,France,Brassac Les Mines,,Other,À vérifier,,D,New,Qualifier l'activité avant tout pitch ciblé.,No immediate action,To enrich,Eurosatory 2026 Catalog
E.X LOGISTIQUE,http://e-x-logistique.com/,France,CONNANTRAY-VAUREFROY,,Other,À vérifier,,D,New,Qualifier l'activité avant tout pitch ciblé.,No immediate action,To enrich,Eurosatory 2026 Catalog
East Gear (International) Corp Limited,http://www.eastgear-int.com/,Hong-Kong,HONG KONG,,Soldier systems,Distributeur,70.0,B,New,Canal de distribution / représentation pour notre portefeuille.,Review website and validate opportunity,Composite materials,Eurosatory 2026 Catalog
EBERSPÄCHER CLIMATE CONTROL SYSTEMS INTERNATIONAL GMBH,http://www.eberspaecher.com/,Allemagne,ESSLINGEN,,Other,À vérifier,,D,New,Qualifier l'activité avant tout pitch ciblé.,No immediate action,To enrich,Eurosatory 2026 Catalog
E-boost Gmbh,https://e-boost.com/,Allemagne,WALDKIRCH,,Other,OEM,39.6,D,New,"Vend des sous-systèmes / composants à un OEM construisant Logistics equipment, Engines / propulsion.",No immediate action,Mechanical parts,Eurosatory 2026 Catalog
EBOS technologies ltd,https://www.ebosrnd.eu/,Cyprus,NICOSIA,https://www.linkedin.com/company/ebos-technologies-ltd,Cybersecurity,OEM,81.0,A,New,"Threat intel, hardware appliances, cloud souverain, audits.",Contact sales team and qualify need,Energy / batteries,Eurosatory 2026 Catalog
E-BUSINESS VENTURE,https://ebv.fr/,France,SAINT MAUR DES FOSSES,,Other,À vérifier,,D,New,Qualifier l'activité avant tout pitch ciblé.,No immediate action,To enrich,Eurosatory 2026 Catalog
Echodyne,http://www.echodyne.com/,États-Unis,KIRKLAND,https://www.linkedin.com/company/echodyne/posts/?feedView=all,Radar / sensors,OEM,45.0,C,New,Vend des sous-systèmes / composants à un OEM construisant Radars.,Keep in watchlist,Electronic components,Eurosatory 2026 Catalog
ECLIPTIC DEFENCE AND SPACE,https://www.ecliptic-ds.com/,Cyprus,NICOSIA,,Electronic warfare,Distributeur,75.0,A,New,"Amplis RF, processeurs signal, embarqué, antennes pour EW.",Contact sales team and qualify need,Energy / batteries,Eurosatory 2026 Catalog
eCon Trading Ltd.,https://econengineering.com/en/,Hongrie,Budapest,,Naval defense,Distributeur,75.0,A,New,"Radars, sonars, comms, armement, sustainment pour primes navals.",Contact sales team and qualify need,Engines / propulsion,Eurosatory 2026 Catalog
ECONOMAT DES ARMEES,https://economat-armees.com/,France,PANTIN CEDEX,,Other,À vérifier,,D,New,Qualifier l'activité avant tout pitch ciblé.,No immediate action,To enrich,Eurosatory 2026 Catalog
ECOSUN INNOVATIONS,https://www.ecosuninnovations.com/,France,WETTOLSHEIM,,Other,À vérifier,,D,New,Qualifier l'activité avant tout pitch ciblé.,No immediate action,To enrich,Eurosatory 2026 Catalog
ECOTEST GROUP,http://ecotestgroup.com/,Ukraine,LVIV,https://www.linkedin.com/company/10967767,NRBC / CBRN,Distributeur,67.0,B,New,"Vend des sous-systèmes / composants à un OEM construisant Vehicles, Software / Platforms.",Review website and validate opportunity,Engines / propulsion,Eurosatory 2026 Catalog
ECRIN SYSTEMS,http://www.ecrin.com/,France,CROLLES,https://www.linkedin.com/company/ecrin-systems/,Electronic warfare,OEM,76.0,A,New,"Amplis RF, processeurs signal, embarqué, antennes pour EW.",Contact sales team and qualify need,Engines / propulsion,Eurosatory 2026 Catalog
ED PUBLISHING,https://www.edrmagazine.eu/,France,PARIS,,Other,À vérifier,,D,New,Qualifier l'activité avant tout pitch ciblé.,No immediate action,To enrich,Eurosatory 2026 Catalog
Edeis ingénierie,http://www.edeis.com/expertises/ingenierie/,France,NANTES CEDEX 3,https://www.linkedin.com/company/edeis/,Logistics / MRO,OEM,58.4,C,New,Vend des sous-systèmes / composants à un OEM construisant Logistics equipment.,Keep in watchlist,Mechanical parts,Eurosatory 2026 Catalog
EDePro d.o.o,http://www.edepro.com/,Serbie,BELGRADE,,Space / satellite,Bureau d'ingénierie,71.0,B,New,"Composites, capteurs, comms, lancement pour primes spatiaux.",Review website and validate opportunity,Energy / batteries,Eurosatory 2026 Catalog
EDGE GROUP,https://edgegroupuae.com/,Émirats arabes unis,ABU DHABI,https://www.linkedin.com/company/edgegroup/,Other,À vérifier,17.6,D,New,Qualifier l'activité avant tout pitch ciblé.,No immediate action,Industrial subcontracting / machining,Eurosatory 2026 Catalog
EDH,https://edh.fr/,France,MESANGER,,Other,À vérifier,,D,New,Qualifier l'activité avant tout pitch ciblé.,No immediate action,To enrich,Eurosatory 2026 Catalog
EDI-USA,https://execdefense.com/,États-Unis,PHILADELPHIA,,Other,À vérifier,,D,New,Qualifier l'activité avant tout pitch ciblé.,No immediate action,To enrich,Eurosatory 2026 Catalog
EES CLEMESSY,https://www.clemessy.com/,France,SAINT JEAN DE LA RUELLE,,Other,À vérifier,,D,New,Qualifier l'activité avant tout pitch ciblé.,No immediate action,To enrich,Eurosatory 2026 Catalog
EES-CLEMESSY,https://www.clemessy.com/,France,ARRAS CEDEX 9,https://www.linkedin.com/company/eiffageenergiesystemes/,C4ISR,OEM,74.0,B,New,"Vend des sous-systèmes / composants à un OEM construisant Robotics / UGV, Logistics equipment.",Review website and validate opportunity,Electronic components,Eurosatory 2026 Catalog
efa France,https://efa-controls.com/,France,FONDETTES,https://www.linkedin.com/company/efa-france/,Radar / sensors,Sous-traitant industriel,68.0,B,New,"Front-ends RF, processeurs, mécanique de précision pour fabricants radars.",Review website and validate opportunity,Electronic components,Eurosatory 2026 Catalog
EFT GROUP Sp. z o.o.,https://eftgroup.pl/en/,Pologne,Widziszewo,,Other,OEM,48.9,C,New,"Vend des sous-systèmes / composants à un OEM construisant Vehicles, Logistics equipment.",Keep in watchlist,Engines / propulsion,Eurosatory 2026 Catalog
Ege Araç Teknolojileri A.Ş.,,Turquie,İzmir,,Other,À vérifier,,D,New,Qualifier l'activité avant tout pitch ciblé.,No immediate action,To enrich,Eurosatory 2026 Catalog
Ege Endüstri ve Ticaret A.Ş.,,Turquie,İzmir,,Other,À vérifier,,D,New,Qualifier l'activité avant tout pitch ciblé.,No immediate action,To enrich,Eurosatory 2026 Catalog
Ege Fren Sanayi A.Ş.,https://www.egefren.com.tr/,Turquie,İzmir,,Other,OEM,38.4,D,New,Vend des sous-systèmes / composants à un OEM construisant Engines / propulsion.,No immediate action,Mechanical parts,Eurosatory 2026 Catalog
EGIDE,https://www.egide-tech.com/,France,RIS-ORANGIS,https://www.linkedin.com/company/egide-tech/,Intelligence / ISR,OEM,78.0,A,New,"Capteurs, payloads optroniques, communications pour plateformes ISR.",Contact sales team and qualify need,Energy / batteries,Eurosatory 2026 Catalog
EID,http://www.eid.pt/,Portugal,CHARNECA DA CAPARICA,https://www.linkedin.com/company/eid-sa,C4ISR,OEM,76.0,A,New,"Composants, sous-systèmes, software, services pour primes C4ISR.",Contact sales team and qualify need,Engines / propulsion,Eurosatory 2026 Catalog
EINSA,https://www.einsa.es/,Espagne,ALCALA DE HENARES MADRID,,Other,À vérifier,,D,New,Qualifier l'activité avant tout pitch ciblé.,No immediate action,To enrich,Eurosatory 2026 Catalog
EIZO Rugged Solutions,http://www.eizorugged.com/,États-Unis,Orlando,https://www.linkedin.com/company/eizoruggedsolutions/,Electronic warfare,OEM,68.0,B,New,"Amplis RF, processeurs signal, embarqué, antennes pour EW.",Review website and validate opportunity,Electronic components,Eurosatory 2026 Catalog
EKOSCAN,https://www.ekoscan-ndt.com/,France,SAINT REMY,,Other,À vérifier,,D,New,Qualifier l'activité avant tout pitch ciblé.,No immediate action,To enrich,Eurosatory 2026 Catalog
Eksma Optics,http://www.eksmaoptics.com/,Lituanie,VILNIUS,https://www.linkedin.com/company/eksma-optics/,Soldier systems,OEM,68.0,B,New,"Textiles, composites, optronique, énergie pour kits soldat.",Review website and validate opportunity,Electronic components,Eurosatory 2026 Catalog
ELAUL,https://www.elaul.fr/,France,MONTAUBAN,,Other,À vérifier,,D,New,Qualifier l'activité avant tout pitch ciblé.,No immediate action,To enrich,Eurosatory 2026 Catalog
Elbe Holding,http://www.elbe-group.de/en/,Allemagne,BIETIGHEIM-BISSINGEN,,Space / satellite,OEM,72.5,B,New,"Composites, capteurs, comms, lancement pour primes spatiaux.",Review website and validate opportunity,Engines / propulsion,Eurosatory 2026 Catalog
Elbit Systems,http://www.elbitsystems.com/,Israël,HAIFA,,Other,À vérifier,,D,New,Qualifier l'activité avant tout pitch ciblé.,No immediate action,To enrich,Eurosatory 2026 Catalog
Elbit Systems Sweden AB,http://elbitsystems.se/,Suède,Gothenburg,https://www.linkedin.com/company/elbit-systems-sweden-ab/,Intelligence / ISR,OEM,69.0,B,New,"Vend des sous-systèmes / composants à un OEM construisant Optronics / Optics, Tactical radios.",Review website and validate opportunity,Electronic components,Eurosatory 2026 Catalog
"ELDIS PARDUBICE, S.R.O.",http://www.eldis.cz/,République tchèque,PARDUBICE,,Other,À vérifier,,D,New,Qualifier l'activité avant tout pitch ciblé.,No immediate action,To enrich,Eurosatory 2026 Catalog
Electro Optic Systems,https://www.eos-aus.com/,Australie,CANBERRA,,Other,À vérifier,,D,New,Qualifier l'activité avant tout pitch ciblé.,No immediate action,To enrich,Eurosatory 2026 Catalog
ELECTROPOLI SA,http://www.electropoli.com/,France,ISIGNY LE BUAT,https://www.linkedin.com/company/groupe-electropoli-sa/,Ammunition,Sous-traitant industriel,65.5,B,New,"Matériaux énergétiques, mécanique, packaging, certification.",Review website and validate opportunity,Mechanical parts,Eurosatory 2026 Catalog
Electro-therm,https://www.electrotherm.fr/,France,BRON,,Other,À vérifier,,D,New,Qualifier l'activité avant tout pitch ciblé.,No immediate action,To enrich,Eurosatory 2026 Catalog
Elektroda Zagreb d.o.o.,https://ezg.hr/,Croatie,Zaprešić,,Naval defense,Distributeur,62.5,B,New,Canal de distribution / représentation pour notre portefeuille.,Review website and validate opportunity,Sensors,Eurosatory 2026 Catalog
ELETTRONICA SPA,https://www.eltgroup.net/,Italie,ROMA,,Other,À vérifier,,D,New,Qualifier l'activité avant tout pitch ciblé.,No immediate action,To enrich,Eurosatory 2026 Catalog
"ELFYS, INC.",http://www.elfys.fi/,Finlande,ESPOO,https://www.linkedin.com/company/elfys,Intelligence / ISR,OEM,77.4,A,New,"Capteurs, payloads optroniques, communications pour plateformes ISR.",Contact sales team and qualify need,Electronic components,Eurosatory 2026 Catalog
ELGIE - Actemium Roanne Connectique,https://www.actemium.fr/implantations/actemium-roanne-connectique/presentation/,France,ROANNE,,Other,À vérifier,,D,New,Qualifier l'activité avant tout pitch ciblé.,No immediate action,To enrich,Eurosatory 2026 Catalog
ELIKA TEAM,https://elikateam.com/,France,BIARRITZ,,Other,À vérifier,,D,New,Qualifier l'activité avant tout pitch ciblé.,No immediate action,To enrich,Eurosatory 2026 Catalog
Elistair,http://www.elistair.com/,France,DARDILLY,https://www.linkedin.com/company/3720597/admin/dashboard/,Intelligence / ISR,OEM,73.5,B,New,"Capteurs, payloads optroniques, communications pour plateformes ISR.",Review website and validate opportunity,Energy / batteries,Eurosatory 2026 Catalog
Elmo Motion Control,https://www.elmomc.com/,Israël,PETACH TIKVA,https://www.linkedin.com/company/elmomotioncontrol/,Other,À vérifier,16.6,D,New,Qualifier l'activité avant tout pitch ciblé.,No immediate action,Industrial subcontracting / machining,Eurosatory 2026 Catalog
ELMON SA,https://www.elmon.com/,Grèce,ATHENS PEANIA,,Other,À vérifier,,D,New,Qualifier l'activité avant tout pitch ciblé.,No immediate action,To enrich,Eurosatory 2026 Catalog
ELNO,https://www.elno.fr/,France,ARGENTEUIL,,Other,À vérifier,,D,New,Qualifier l'activité avant tout pitch ciblé.,No immediate action,To enrich,Eurosatory 2026 Catalog
ELYNXO,http://www.elynxo.fr/,France,LES ULIS,https://www.linkedin.com/company/10376980/,Industrial subcontracting,Sous-traitant industriel,62.5,B,New,"Matières premières, outils coupants, services qualité pour sous-traitants.",Review website and validate opportunity,"Raw materials (steel, aluminium)",Eurosatory 2026 Catalog
EM&E,https://www.eme-es.com/,Espagne,ALCALÁ DE HENARES,,Other,À vérifier,,D,New,Qualifier l'activité avant tout pitch ciblé.,No immediate action,To enrich,Eurosatory 2026 Catalog
Emaan International Company,,Arabie saoudite,Riyadh,,Other,À vérifier,,D,New,Qualifier l'activité avant tout pitch ciblé.,No immediate action,To enrich,Eurosatory 2026 Catalog
EMAG,http://www.emag.com/,Allemagne,SALACH,https://www.linkedin.com/company/emaggroup,Armored vehicles,Distributeur,80.0,A,New,"Moteurs, composites, plaques balistiques, optronique, comms pour OEM blindés.",Contact sales team and qualify need,Engines / propulsion,Eurosatory 2026 Catalog
Embedl,http://www.embedl.com/,Suède,Göteborg,https://www.linkedin.com/company/embedl/,Intelligence / ISR,Distributeur,77.0,A,New,"Capteurs, payloads optroniques, communications pour plateformes ISR.",Contact sales team and qualify need,Cloud / data services,Eurosatory 2026 Catalog
EMBERION LTD,http://www.emberion.com/,Royaume-Uni,CAMBRIDGE,,Other,À vérifier,,D,New,Qualifier l'activité avant tout pitch ciblé.,No immediate action,To enrich,Eurosatory 2026 Catalog
EMBRAER,http://embraer.com/defense-security-overview/en/,Brésil,SÃO JOSÉ DOS CAMPOS,,Other,À vérifier,16.6,D,New,Qualifier l'activité avant tout pitch ciblé.,No immediate action,Industrial subcontracting / machining,Eurosatory 2026 Catalog
EMD,http://www.emd-pro.com/,France,LANESTER,,Other,À vérifier,,D,New,Qualifier l'activité avant tout pitch ciblé.,No immediate action,To enrich,Eurosatory 2026 Catalog
Emergent Swarm Solutions,https://emergentswarms.com/,Pays-Bas,DELFT,,UAV / drones,OEM,61.0,B,New,"Fournisseur de batteries, moteurs, optronique, RF, composites pour fabricants UAV.",Review website and validate opportunity,Energy / batteries,Eurosatory 2026 Catalog
Emiliana Serbatoi,http://www.emilianaserbatoi.com/,Italie,CAMPOGALLIANO,https://www.linkedin.com/company/11005217,Cybersecurity,OEM,67.5,B,New,"Outils SOC/SIEM, brique de sécurité défensive pour vendeur cyber.",Review website and validate opportunity,Engines / propulsion,Eurosatory 2026 Catalog
Emirates Cable Corporation Interconnect (ECCI),https://ecci.ae/,Émirats arabes unis,Abu Dhabi,,Logistics / MRO,À vérifier,26.6,D,New,Qualifier l'activité avant tout pitch ciblé.,No immediate action,Industrial subcontracting / machining,Eurosatory 2026 Catalog
EMITECH,http://www.emitech.fr/,France,MONTIGNY LE BRETONNEUX,,Other,À vérifier,,D,New,Qualifier l'activité avant tout pitch ciblé.,No immediate action,To enrich,Eurosatory 2026 Catalog
EMJ Metāls SIA,http://www.emjmetals.lv/,Lettonie,Ķekavas novads,https://www.linkedin.com/company/emj-metals-sia/,Other,Sous-traitant industriel,40.7,C,New,Activité à qualifier — discovery call avant pitch précis.,Keep in watchlist,Mechanical parts,Eurosatory 2026 Catalog
Empact ApS,,Danemark,København NV,,Other,À vérifier,,D,New,Qualifier l'activité avant tout pitch ciblé.,No immediate action,To enrich,Eurosatory 2026 Catalog
EMPL,https://www.empl.at/,Autriche,KALTENBACH IM ZILLERTAL,,Other,À vérifier,,D,New,Qualifier l'activité avant tout pitch ciblé.,No immediate action,To enrich,Eurosatory 2026 Catalog
EMS Concept,https://www.ems-concept.com/,France,SAVERNE,,Other,À vérifier,,D,New,Qualifier l'activité avant tout pitch ciblé.,No immediate action,To enrich,Eurosatory 2026 Catalog
EMTECH,https://www.emtechinc.net/,États-Unis,Sterling Heights,,Naval defense,OEM,68.0,B,New,"Vend des sous-systèmes / composants à un OEM construisant Vehicles, Software / Platforms.",Review website and validate opportunity,Engines / propulsion,Eurosatory 2026 Catalog
ENAG,https://www.enag.fr/,France,QUIMPER,,Other,À vérifier,,D,New,Qualifier l'activité avant tout pitch ciblé.,No immediate action,To enrich,Eurosatory 2026 Catalog
ENCORP LTD,https://encorp.eu/,Cyprus,NICOSIA,,Other,À vérifier,,D,New,Qualifier l'activité avant tout pitch ciblé.,No immediate action,To enrich,Eurosatory 2026 Catalog
Energetics Technology ltd,https://www.energetics-technology.com/,Royaume-Uni,"Ashbourne, Derbyshire",,Other,OEM,43.4,C,New,"Vend des sous-systèmes / composants à un OEM construisant Software / Platforms, Logistics equipment.",Keep in watchlist,Cloud / data services,Eurosatory 2026 Catalog
ENERGIE METAL,https://www.energie-metal.fr/,France,LE COTEAU,,Other,À vérifier,,D,New,Qualifier l'activité avant tout pitch ciblé.,No immediate action,To enrich,Eurosatory 2026 Catalog
Engineering Conception Maintenance,https://www.ecm-crit.com/,France,Paris,,Other,À vérifier,,D,New,Qualifier l'activité avant tout pitch ciblé.,No immediate action,To enrich,Eurosatory 2026 Catalog
Enidine,https://www.enidine.com/,États-Unis,Orchard Park,,Other,À vérifier,,D,New,Qualifier l'activité avant tout pitch ciblé.,No immediate action,To enrich,Eurosatory 2026 Catalog
Ensign-Bickford Aerospace & Defense,http://www.ebad.com/,États-Unis,SIMSBURY,https://www.linkedin.com/company/ensign-bickford-aerospace-&-defense-company/,Other,À vérifier,27.6,D,New,Qualifier l'activité avant tout pitch ciblé.,No immediate action,Industrial subcontracting / machining,Eurosatory 2026 Catalog
ENSTROM HELICOPTER CORPORATION,http://www.enstromhelicopter.com/,États-Unis,MENOMINEE,,Space / satellite,OEM,70.0,B,New,"Composites, capteurs, comms, lancement pour primes spatiaux.",Review website and validate opportunity,Mechanical parts,Eurosatory 2026 Catalog
Entremonde Polycoaters Limited,http://www.entremonde.com/,Inde,NASHIK,,Other,À vérifier,,D,New,Qualifier l'activité avant tout pitch ciblé.,No immediate action,To enrich,Eurosatory 2026 Catalog
EO SECURITY s.r.o.,https://www.eo-security.com/,République tchèque,Brno,,Other,À vérifier,,D,New,Qualifier l'activité avant tout pitch ciblé.,No immediate action,To enrich,Eurosatory 2026 Catalog
EODH SA,http://www.eodh-protection.com/,Grèce,THESSALONIKI,,Other,À vérifier,,D,New,Qualifier l'activité avant tout pitch ciblé.,No immediate action,To enrich,Eurosatory 2026 Catalog
EOS GmbH,http://www.eos.info/,Allemagne,Krailing,,UAV / drones,OEM,78.0,A,New,"Fournisseur de batteries, moteurs, optronique, RF, composites pour fabricants UAV.",Contact sales team and qualify need,Energy / batteries,Eurosatory 2026 Catalog
EOS TECHNOLOGIE,https://www.eos-technologie.com/,France,VARCES-ALLIÈRE-ET-RISSET,,Other,À vérifier,,D,New,Qualifier l'activité avant tout pitch ciblé.,No immediate action,To enrich,Eurosatory 2026 Catalog
EOST,https://www.eosystem.com/,Corée du Sud,SEOUL,https://www.linkedin.com/company/96136565/admin/feed/posts/,Other,À vérifier,16.6,D,New,Qualifier l'activité avant tout pitch ciblé.,No immediate action,Industrial subcontracting / machining,Eurosatory 2026 Catalog
EPCI,,France,ENNERY,https://www.linkedin.com/in/epci-engineering/,Other,À vérifier,,D,New,Qualifier l'activité avant tout pitch ciblé.,No immediate action,To enrich,Eurosatory 2026 Catalog
Epec Oy,http://www.epec.fi/,Finlande,Seinäjoki,https://www.linkedin.com/company/epec/,Simulation / training,OEM,71.5,B,New,"Visuel, motion, haptique, IA pour fabricants de simulateurs.",Review website and validate opportunity,Engines / propulsion,Eurosatory 2026 Catalog
Ephyca,https://www.ephyca.com/,Belgique,LIEGE,https://www.linkedin.com/company/ephyca/,UAV / drones,Bureau d'ingénierie,75.0,A,New,"Fournisseur de batteries, moteurs, optronique, RF, composites pour fabricants UAV.",Contact sales team and qualify need,Electronic components,Eurosatory 2026 Catalog
EPSI,http://epsi-radars.fr/,France,BEAUZELLE,https://www.linkedin.com/company/epsi-itni,Radar / sensors,Distributeur,67.5,B,New,"Front-ends RF, processeurs, mécanique de précision pour fabricants radars.",Review website and validate opportunity,Energy / batteries,Eurosatory 2026 Catalog
EPSILON,http://www.epsilon-tolerie.fr/,France,MAULEVRIER,https://fr.linkedin.com/company/epsilon-tolerie,Naval defense,Sous-traitant industriel,58.7,C,New,"Radars, sonars, comms, armement, sustainment pour primes navals.",Keep in watchlist,Electronic components,Eurosatory 2026 Catalog
Epsilor-Electric Fuel Ltd,http://www.epsilor.com/,Israël,BET SHEMESH,,UAV / drones,Distributeur,75.0,A,New,Sub-system / payload pour OEM drones tactiques.,Contact sales team and qualify need,Engines / propulsion,Eurosatory 2026 Catalog
EQUANS,http://equans.fr/,France,VELIZY VILLACOUBLAY,https://www.linkedin.com/company/equans-france/posts/?feedView=all,Electronic warfare,Distributeur,74.0,B,New,"Amplis RF, processeurs signal, embarqué, antennes pour EW.",Review website and validate opportunity,"Materials (Li-ion, electrolytes)",Eurosatory 2026 Catalog
EQUIMODAL,http://www.equimodal.com/,Espagne,Zaragoza,https://www.linkedin.com/company/equimodal/?originalSubdomain=es,Logistics / MRO,OEM,65.3,B,New,"Pièces de rechange, calibration, certification pour acteurs MRO.",Review website and validate opportunity,Mechanical parts,Eurosatory 2026 Catalog
"EQUIPOS MOVILES DE CAMPANA ARPA, S.A.U.",https://www.arpaemc.com/,Espagne,LA MUELA(ZARAGOZA),,Other,À vérifier,,D,New,Qualifier l'activité avant tout pitch ciblé.,No immediate action,To enrich,Eurosatory 2026 Catalog
ERA A.S.,http://www.era.aero/,République tchèque,PARDUBICE,,Other,À vérifier,,D,New,Qualifier l'activité avant tout pitch ciblé.,No immediate action,To enrich,Eurosatory 2026 Catalog
ERARD INDUSTRIE,https://www.erard-industrie.com/,France,CHAVANOZ,,Other,À vérifier,2.0,D,New,Qualifier l'activité avant tout pitch ciblé.,No immediate action,To enrich,Eurosatory 2026 Catalog
ERASER,https://eraser.lv/,Lettonie,RIGA,,Other,OEM,38.4,D,New,Activité à qualifier — discovery call avant pitch précis.,No immediate action,Mechanical parts,Eurosatory 2026 Catalog
Ericsson,,Suède,Kista,,Other,À vérifier,,D,New,Qualifier l'activité avant tout pitch ciblé.,No immediate action,To enrich,Eurosatory 2026 Catalog
ERLA TECHNOLOGIES S.A.S.,http://erla.fr/,France,SAINT MAURICE SUR MOSELLE,https://www.linkedin.com/company/erlatechnologies/,Intelligence / ISR,Bureau d'ingénierie,60.7,B,New,"Capteurs, payloads optroniques, communications pour plateformes ISR.",Review website and validate opportunity,Electronic components,Eurosatory 2026 Catalog
ERM Fab&Test,http://www.erm-fabtest.com/,France,CARPENTRAS,https://www.linkedin.com/company/erm-fab-test,Other,À vérifier,15.6,D,New,Qualifier l'activité avant tout pitch ciblé.,No immediate action,Industrial subcontracting / machining,Eurosatory 2026 Catalog
Esh-tech Systems,https://www.esh-tech.com/,Israël,OMER,https://www.linkedin.com/company/esh-tech-systems/?viewAsMember=true,Other,À vérifier,17.6,D,New,Qualifier l'activité avant tout pitch ciblé.,No immediate action,Industrial subcontracting / machining,Eurosatory 2026 Catalog
ESSETI PRINTED CIRCUIT BOARD,http://www.circuiti-stampati.com/,Italie,ARGELATO,https://www.linkedin.com/in/esseti-circuiti-stampati-74b37678/,Space / satellite,Sous-traitant industriel,61.1,B,New,"Composites, capteurs, comms, lancement pour primes spatiaux.",Review website and validate opportunity,Cloud / data services,Eurosatory 2026 Catalog
ESSONNE SECURITE SIDES ARMORIC HOLDING,http://www.essonnesecurite.fr/,France,TREMEUR,,Other,À vérifier,,D,New,Qualifier l'activité avant tout pitch ciblé.,No immediate action,To enrich,Eurosatory 2026 Catalog
Estonian Defence and Aerospace Industry Association,,Estonie,Tallinn,,Other,À vérifier,,D,New,Qualifier l'activité avant tout pitch ciblé.,No immediate action,To enrich,Eurosatory 2026 Catalog
ETENDARD,http://etendard.tech/,France,VAULX-EN-VELIN,https://www.linkedin.com/company/etendard-tech/posts/?feedView=all,Other,À vérifier,,D,New,Qualifier l'activité avant tout pitch ciblé.,No immediate action,To enrich,Eurosatory 2026 Catalog
Eternum Ltd.,https://www.eternum.com/en,Hongrie,Budapest,,Logistics / MRO,OEM,54.4,C,New,Vend des sous-systèmes / composants à un OEM construisant Communications networks.,Keep in watchlist,RF / microwave components,Eurosatory 2026 Catalog
ETHEREAL MACHINES,http://etherealmachines.com/,Inde,BENGALURU,https://www.linkedin.com/company/etherealmachines/,Intelligence / ISR,OEM,71.5,B,New,"Capteurs, payloads optroniques, communications pour plateformes ISR.",Review website and validate opportunity,Energy / batteries,Eurosatory 2026 Catalog
Etienne Lacroix Logistics,https://www.etienne-lacroix-logistics.com/,France,Muret,,Other,À vérifier,,D,New,Qualifier l'activité avant tout pitch ciblé.,No immediate action,To enrich,Eurosatory 2026 Catalog
"ETL Co., Ltd. (Stealth Technology)",https://www.etlst.com/,Corée du Sud,GYEONGSANGNAM-DO,,Other,À vérifier,16.6,D,New,Qualifier l'activité avant tout pitch ciblé.,No immediate action,Industrial subcontracting / machining,Eurosatory 2026 Catalog
ETRI (ROSENBERG VENDOME),http://www.etrinet.com/,France,VENDOME,https://www.linkedin.com/company/ecofit-etri/,Radar / sensors,OEM,61.6,B,New,"Front-ends RF, processeurs, mécanique de précision pour fabricants radars.",Review website and validate opportunity,Electronic components,Eurosatory 2026 Catalog
ETRONIKA,http://www.etronika.pl/start-en/,Pologne,WARSZAWA,https://www.linkedin.com/company/etronika-pl,UAV / drones,OEM,73.5,B,New,"Fournisseur de batteries, moteurs, optronique, RF, composites pour fabricants UAV.",Review website and validate opportunity,Electronic components,Eurosatory 2026 Catalog
ETS GABRIEL ET CIE,https://www.gabriel-lyon.fr/,France,TREVOUX CEDEX,,Other,À vérifier,,D,New,Qualifier l'activité avant tout pitch ciblé.,No immediate action,To enrich,Eurosatory 2026 Catalog
EUCLIDE INDUSTRIE,http://www.euclide.pro/,France,PARIS,https://www.linkedin.com/company/euclideindustrie,Space / satellite,OEM,64.5,B,New,"Composites, capteurs, comms, lancement pour primes spatiaux.",Review website and validate opportunity,Mechanical parts,Eurosatory 2026 Catalog
EURENCO S.A.S.,http://www.eurenco.com/,France,SORGUES,,Other,À vérifier,,D,New,Qualifier l'activité avant tout pitch ciblé.,No immediate action,To enrich,Eurosatory 2026 Catalog
"EURO SECURITY PRODUCTS, S.R.O.",http://www.esp-products.com/,République tchèque,Bast,https://linkedin.com/in/ondrejmuzika,Weapons,OEM,62.5,B,New,"Usinage de précision, matériaux, optronique, composants munitions ITAR-friendly.",Review website and validate opportunity,Mechanical parts,Eurosatory 2026 Catalog
EUROATLAS GmbH,https://www.euroatlas.com/,Allemagne,BREMEN,,Other,À vérifier,,D,New,Qualifier l'activité avant tout pitch ciblé.,No immediate action,To enrich,Eurosatory 2026 Catalog
EURO-COMPOSITES® S.à r.l.,http://www.euro-composites.com/,Luxembourg,ECHTERNACH,https://www.linkedin.com/company/euro-composites/,Naval defense,OEM,76.5,A,New,"Radars, sonars, comms, armement, sustainment pour primes navals.",Contact sales team and qualify need,Engines / propulsion,Eurosatory 2026 Catalog
EUROHEATER AS,http://euroheater.no/,Norvège,HAGAN,https://www.linkedin.com/company/euroheater-as/?viewAsMember=true,Homeland security,OEM,57.4,C,New,"Vend des sous-systèmes / composants à un OEM construisant Vehicles, Energy / batteries.",Keep in watchlist,Engines / propulsion,Eurosatory 2026 Catalog
EUROPEAN DEFENCE AGENCY,,Grèce,,,Other,À vérifier,,D,New,Qualifier l'activité avant tout pitch ciblé.,No immediate action,To enrich,Eurosatory 2026 Catalog
EUROPEAN DEFENSE ECONOMIC NETWORKS,http://www.edencluster.com/,France,ECCULY,https://www.linkedin.com/in/eden-cluster/,Intelligence / ISR,Sous-traitant industriel,70.0,B,New,"Capteurs, payloads optroniques, communications pour plateformes ISR.",Review website and validate opportunity,Energy / batteries,Eurosatory 2026 Catalog
EUROPLAST-NYCAST,http://www.europlast-nycast.de/,Allemagne,VELBERT,,Other,À vérifier,,D,New,Qualifier l'activité avant tout pitch ciblé.,No immediate action,To enrich,Eurosatory 2026 Catalog
EUROPROTECT FRANCE SA,http://www.europrotect.fr/,France,LYON CEDEX 09,,Other,À vérifier,,D,New,Qualifier l'activité avant tout pitch ciblé.,No immediate action,To enrich,Eurosatory 2026 Catalog
EUROSAM,http://www.eurosam.com/,France,LE PLESSIS ROBINSON,https://fr.linkedin.com/company/eurosam-gie,Naval defense,Intégrateur,72.4,B,New,"Radars, sonars, comms, armement, sustainment pour primes navals.",Review website and validate opportunity,Mechanical parts,Eurosatory 2026 Catalog
EUROSATCOM & VSATECH Associé,http://eurosatcom.eu/,France,LES ULIS,https://www.linkedin.com/company/25766007/admin/dashboard/,Space / satellite,OEM,76.5,A,New,"Composites, capteurs, comms, lancement pour primes spatiaux.",Contact sales team and qualify need,Electronic components,Eurosatory 2026 Catalog
EUROSPIKE GMBH,https://www.eurospike.com/,Allemagne,RÖTHENBACH,,Other,À vérifier,,D,New,Qualifier l'activité avant tout pitch ciblé.,No immediate action,To enrich,Eurosatory 2026 Catalog
EUROTECH INTERNATIONAL,https://www.eurotech-intl.com/,France,ST GERMAIN EN LAYE CEDEX,,Other,À vérifier,,D,New,Qualifier l'activité avant tout pitch ciblé.,No immediate action,To enrich,Eurosatory 2026 Catalog
EuroTrophy GmbH,http://www.euro-trophy.de/,Allemagne,FRANKFURT AM MAIN,https://www.linkedin.com/company/eurotrophy/,Other,À vérifier,20.1,D,New,Qualifier l'activité avant tout pitch ciblé.,No immediate action,Industrial subcontracting / machining,Eurosatory 2026 Catalog
Evertz,https://www.evertz.com/,Canada,L7L 5Z9,,Other,À vérifier,,D,New,Qualifier l'activité avant tout pitch ciblé.,No immediate action,To enrich,Eurosatory 2026 Catalog
Eviden,http://eviden.com/,France,BEZONS CEDEX,https://www.linkedin.com/company/eviden/posts,Naval defense,OEM,80.0,A,New,"Radars, sonars, comms, armement, sustainment pour primes navals.",Contact sales team and qualify need,Engines / propulsion,Eurosatory 2026 Catalog
EVPÚ a.s.,https://www.evpu.sk/,Slovaquie,NOVA DUBNICA,www.linkedin.com/company/94793184,UAV / drones,OEM,60.5,B,New,Sub-system / payload pour OEM drones tactiques.,Review website and validate opportunity,Mechanical parts,Eurosatory 2026 Catalog
EVPU DEFENCE A. S.,http://www.evpudefence.com/,République tchèque,UHERSKE HRADISTE,https://www.linkedin.com/company/18689469/,Intelligence / ISR,OEM,71.0,B,New,"Capteurs, payloads optroniques, communications pour plateformes ISR.",Review website and validate opportunity,Energy / batteries,Eurosatory 2026 Catalog
EXAIL,https://www.exail.com/,France,ST GERMAIN EN LAYE,,Other,À vérifier,,D,New,Qualifier l'activité avant tout pitch ciblé.,No immediate action,To enrich,Eurosatory 2026 Catalog
EXAVISION SAS,http://exavision.com/,France,MILHAUD,,Other,À vérifier,,D,New,Qualifier l'activité avant tout pitch ciblé.,No immediate action,To enrich,Eurosatory 2026 Catalog
EXCALIBUR ARMY,https://www.excaliburarmy.cz/,République tchèque,PRAHA,,Intelligence / ISR,OEM,78.0,A,New,"Capteurs, payloads optroniques, communications pour plateformes ISR.",Contact sales team and qualify need,Engines / propulsion,Eurosatory 2026 Catalog
EXCALIBUR INTERNATIONAL A.S.,http://www.excaliburinternational.cz/,République tchèque,PRAHA 8,https://www.linkedin.com/company/excalibur-international/,Intelligence / ISR,Distributeur,81.5,A,New,"Capteurs, payloads optroniques, communications pour plateformes ISR.",Contact sales team and qualify need,Engines / propulsion,Eurosatory 2026 Catalog
EXENS GROUP,http://www.exens-solutions.com/,France,Les Ulis,https://www.linkedin.com/company/99523318,Space / satellite,Distributeur,77.0,A,New,"Composites, capteurs, comms, lancement pour primes spatiaux.",Contact sales team and qualify need,Electronic components,Eurosatory 2026 Catalog
EXONICUS R&D,,Lettonie,VALMIERA,,Other,À vérifier,,D,New,Qualifier l'activité avant tout pitch ciblé.,No immediate action,To enrich,Eurosatory 2026 Catalog
EXOSENS,http://www.exosens.com/,France,MERIGNAC,https://fr.linkedin.com/company/exosens-group,Intelligence / ISR,OEM,80.0,A,New,"Capteurs, payloads optroniques, communications pour plateformes ISR.",Contact sales team and qualify need,Energy / batteries,Eurosatory 2026 Catalog
EXPLEO FRANCE,https://expleo.com/,France,MONTIGNY-LE-BRETONNEUX,,Space / satellite,OEM,78.5,A,New,"Composites, capteurs, comms, lancement pour primes spatiaux.",Contact sales team and qualify need,Engines / propulsion,Eurosatory 2026 Catalog
EXPLORER CASES BY GT LINE GROUP,http://www.explorercases.com/,Italie,BOLOGNA,https://www.linkedin.com/company/gt-line-srl/,UAV / drones,OEM,75.0,A,New,Sub-system / payload pour OEM drones tactiques.,Contact sales team and qualify need,Energy / batteries,Eurosatory 2026 Catalog
EXPLOSIA A.S.,https://www.explosia.cz/,République tchèque,PARDUBICE,,Other,À vérifier,,D,New,Qualifier l'activité avant tout pitch ciblé.,No immediate action,To enrich,Eurosatory 2026 Catalog
Extron,http://www.extron.com/,Pays-Bas,AMERSFOORT,,Other,À vérifier,,D,New,Qualifier l'activité avant tout pitch ciblé.,No immediate action,To enrich,Eurosatory 2026 Catalog
FA Krosno S.A.,https://www.fakrosno.pl/,Pologne,WARSAW,,Other,À vérifier,16.6,D,New,Qualifier l'activité avant tout pitch ciblé.,No immediate action,Industrial subcontracting / machining,Eurosatory 2026 Catalog
FACTEM,https://www.factem.com/,France,BAYEUX,,Other,À vérifier,,D,New,Qualifier l'activité avant tout pitch ciblé.,No immediate action,To enrich,Eurosatory 2026 Catalog
Factor Ingeniería y Decoletaje S.L.,http://factorsl.es/en/solutions/defence,Espagne,PUÇOL,https://www.linkedin.com/company/factor-ingenieria-y-decoletaje,Cybersecurity,Distributeur,69.0,B,New,"Threat intel, hardware appliances, cloud souverain, audits.",Review website and validate opportunity,Energetic materials,Eurosatory 2026 Catalog
FACTORY SYSTEMES,,France,Bailly Romainvilliers,,Other,À vérifier,,D,New,Qualifier l'activité avant tout pitch ciblé.,No immediate action,To enrich,Eurosatory 2026 Catalog
FAE,http://demining.fae-group.com/,Italie,FONDO (TN),,Radar / sensors,OEM,78.0,A,New,"Front-ends RF, processeurs, mécanique de précision pour fabricants radars.",Contact sales team and qualify need,Engines / propulsion,Eurosatory 2026 Catalog
Fairsight Vision,,Ukraine,Lviv,,Other,À vérifier,,D,New,Qualifier l'activité avant tout pitch ciblé.,No immediate action,To enrich,Eurosatory 2026 Catalog
Falck-Schmidt Corp,https://www.falck-schmidt.systems/,Danemark,ODENSE S,,Other,À vérifier,,D,New,Qualifier l'activité avant tout pitch ciblé.,No immediate action,To enrich,Eurosatory 2026 Catalog
FALCOM,http://falcom.gn.com/,Danemark,BALLERUP,,Soldier systems,OEM,53.6,C,New,"Vend des sous-systèmes / composants à un OEM construisant Logistics equipment, Engines / propulsion.",Keep in watchlist,Mechanical parts,Eurosatory 2026 Catalog
FALKEN S.A.U.,http://www.falken.es/,Espagne,MADRID,,Other,À vérifier,,D,New,Qualifier l'activité avant tout pitch ciblé.,No immediate action,To enrich,Eurosatory 2026 Catalog
FASSI,http://www.fassi.com/,Italie,ALBINO BG,https://www.linkedin.com/company/fassi-official/,AI / data,Distributeur,76.5,A,New,"GPUs, cloud, data annotation, hardening cyber pour plateforme IA.",Contact sales team and qualify need,Cloud / data services,Eurosatory 2026 Catalog
FAUN Trackway Limited,http://www.fauntrackway.co.uk/,Royaume-Uni,ANGLESEY,https://www.linkedin.com/company/faun-trackway/?viewAsMember=true,UAV / drones,Distributeur,80.0,A,New,"Fournisseur de batteries, moteurs, optronique, RF, composites pour fabricants UAV.",Contact sales team and qualify need,Energy / batteries,Eurosatory 2026 Catalog
FDH Aero,https://fdhaero.com/,États-Unis,COMMERCE,https://www.linkedin.com/company/fdhaero/,Other,À vérifier,16.6,D,New,Qualifier l'activité avant tout pitch ciblé.,No immediate action,Industrial subcontracting / machining,Eurosatory 2026 Catalog
FEDD,https://www.agon-electronics.com/fedd/,France,VAL DE LOUYRE ET CAUDEAU,,Other,À vérifier,,D,New,Qualifier l'activité avant tout pitch ciblé.,No immediate action,To enrich,Eurosatory 2026 Catalog
Fédération Bancaire Française,https://www.fbf.fr/fr/,France,PARIS,https://www.linkedin.com/company/fbf/posts/?feedView=all,Armored vehicles,OEM,70.5,B,New,"Moteurs, composites, plaques balistiques, optronique, comms pour OEM blindés.",Review website and validate opportunity,Electronic components,Eurosatory 2026 Catalog
FEDERATION OF SECURITY AND DEFENCE INDUSTRIES OF LATVIA,http://www.federacija.lv/,Lettonie,RIGA,,Other,À vérifier,,D,New,Qualifier l'activité avant tout pitch ciblé.,No immediate action,To enrich,Eurosatory 2026 Catalog
FELSENSOHN,http://felsensohnsafetybelts.com/,Turquie,BURSA,https://www.linkedin.com/company/104619788,Other,OEM,50.4,C,New,"Vend des sous-systèmes / composants à un OEM construisant Logistics equipment, Vehicles.",Keep in watchlist,Mechanical parts,Eurosatory 2026 Catalog
FERONYL SA,https://www.feronyl.com/,Belgique,MOUSCRON,,Other,À vérifier,,D,New,Qualifier l'activité avant tout pitch ciblé.,No immediate action,To enrich,Eurosatory 2026 Catalog
FEV FRANCE,http://fev.com/,France,SAINT QUENTIN EN YVELINES,,Cybersecurity,Société de services,73.0,B,New,"Threat intel, hardware appliances, cloud souverain, audits.",Review website and validate opportunity,Engines / propulsion,Eurosatory 2026 Catalog
FFG FLENSBURGER FAHRZEUGBAU GESELLSCHAFT MBH,http://www.ffg-flensburg.de/,Allemagne,FLENSBURG,,Other,À vérifier,,D,New,Qualifier l'activité avant tout pitch ciblé.,No immediate action,To enrich,Eurosatory 2026 Catalog
"FFT GD SPORTS CO,.LTD",http://www.fftsport.com/,Chine,SHENZHEN,,Homeland security,OEM,67.2,B,New,"Vend des sous-systèmes / composants à un OEM construisant Logistics equipment, Software / Platforms.",Review website and validate opportunity,Mechanical parts,Eurosatory 2026 Catalog
FGH TECHNOLOGIES,https://www.fgh-technologies.com/,France,SULLY‑SUR‑LOIRE,,Other,À vérifier,,D,New,Qualifier l'activité avant tout pitch ciblé.,No immediate action,To enrich,Eurosatory 2026 Catalog
FibreCoat,https://www.fibrecoat.de/,Allemagne,AACHEN,https://www.linkedin.com/company/37058976/,Radar / sensors,OEM,73.0,B,New,"Front-ends RF, processeurs, mécanique de précision pour fabricants radars.",Review website and validate opportunity,Energy / batteries,Eurosatory 2026 Catalog
FIDEMECA,https://www.fidemeca.com/,France,LES ESSARTS EN BOCAGE,,Other,À vérifier,,D,New,Qualifier l'activité avant tout pitch ciblé.,No immediate action,To enrich,Eurosatory 2026 Catalog
FIDUCIAL SECURITE,http://www.fiducial-securite.fr/,France,COURBEVOIE,https://fr.linkedin.com/company/fiducial-s%C3%A9curit%C3%A9,Intelligence / ISR,Distributeur,66.8,B,New,"Capteurs, payloads optroniques, communications pour plateformes ISR.",Review website and validate opportunity,Mechanical parts,Eurosatory 2026 Catalog
FIGHTLITE INDUSTRIES,https://www.fightlite.com/,États-Unis,MELBOURNE,,Other,À vérifier,15.6,D,New,Qualifier l'activité avant tout pitch ciblé.,No immediate action,Industrial subcontracting / machining,Eurosatory 2026 Catalog
filiale de SERMA Ingénieurie,https://www.tdm-ing.com/,France,MERIGNAC,,Other,À vérifier,,D,New,Qualifier l'activité avant tout pitch ciblé.,No immediate action,To enrich,Eurosatory 2026 Catalog
FINAL ADVANCED MATERIALS,https://www.final-materials.com/,France,Didenheim,,Other,À vérifier,,D,New,Qualifier l'activité avant tout pitch ciblé.,No immediate action,To enrich,Eurosatory 2026 Catalog
FINCANTIERI NEXTECH,https://www.fincantierinextech.com/,Italie,MILANO,,Naval defense,OEM,79.0,A,New,"Radars, sonars, comms, armement, sustainment pour primes navals.",Contact sales team and qualify need,Sensors,Eurosatory 2026 Catalog
FINISHED SOLUTION,http://www.finishedsolution.com/main,Corée du Sud,"Gimpo-si, Gyeonggi-do",,Other,À vérifier,,D,New,Qualifier l'activité avant tout pitch ciblé.,No immediate action,To enrich,Eurosatory 2026 Catalog
FIOCCHI MUNIZIONI,http://www.fiocchi.com/,Italie,LECCO,,Other,À vérifier,,D,New,Qualifier l'activité avant tout pitch ciblé.,No immediate action,To enrich,Eurosatory 2026 Catalog
FIRE EAGLE ARMORY,https://fireeagle-armory.com/fire-eagle-armory-armas/,Brésil,ESTEIO - RS,,Weapons,OEM,63.5,B,New,"Vend des sous-systèmes / composants à un OEM construisant Software / Platforms, Logistics equipment.",Review website and validate opportunity,Cloud / data services,Eurosatory 2026 Catalog
Fire Point,http://firepoint.technology/,Ukraine,KYIV,,UAV / drones,OEM,45.8,C,New,Sub-system / payload pour OEM drones tactiques.,Keep in watchlist,Energy / batteries,Eurosatory 2026 Catalog
FIRECO,https://www.fireco.eu/,Italie,GUSSAGO,,Other,À vérifier,,D,New,Qualifier l'activité avant tout pitch ciblé.,No immediate action,To enrich,Eurosatory 2026 Catalog
FISAZA,http://www.fisaza.com/,Émirats arabes unis,RAS AL KHAIMAH,https://www.linkedin.com/company/fisaza/,Weapons,OEM,62.2,B,New,"Usinage de précision, matériaux, optronique, composants munitions ITAR-friendly.",Review website and validate opportunity,Mechanical parts,Eurosatory 2026 Catalog
FISCHER CONNECTORS,http://www.fischerconnectors.fr/,France,CHANTELOUP-EN-BRIE,https://www.linkedin.com/company/fischer-connectors,Radar / sensors,OEM,54.2,C,New,"Front-ends RF, processeurs, mécanique de précision pour fabricants radars.",Keep in watchlist,Electronic components,Eurosatory 2026 Catalog
Fischer Panda GmbH,http://defence.fischerpanda.de/,Allemagne,PADERBORN,https://de.linkedin.com/company/fischerpanda,Other,À vérifier,17.6,D,New,Qualifier l'activité avant tout pitch ciblé.,No immediate action,Industrial subcontracting / machining,Eurosatory 2026 Catalog
FIXATION TECHNIQUE DE VIREUX,http://www.ftv-sa.fr/,France,VIREUX MOLHAIN,,Other,À vérifier,,D,New,Qualifier l'activité avant tout pitch ciblé.,No immediate action,To enrich,Eurosatory 2026 Catalog
FJORD DEFENCE AS,https://www.fjorddefencegroup.no/,Norvège,SKALLESTAD,,Other,À vérifier,,D,New,Qualifier l'activité avant tout pitch ciblé.,No immediate action,To enrich,Eurosatory 2026 Catalog
FLYING EYE,https://www.flyingeye.fr/,France,BIOT,,Other,À vérifier,,D,New,Qualifier l'activité avant tout pitch ciblé.,No immediate action,To enrich,Eurosatory 2026 Catalog
FLYING OBJECTS TECHNOLOGIES,https://www.flyingobjects.tech/,France,PARIS,https://www.linkedin.com/company/flying-objects-technologies/about/?viewAsMember=true,Space / satellite,OEM,76.0,A,New,"Composites, capteurs, comms, lancement pour primes spatiaux.",Contact sales team and qualify need,Engines / propulsion,Eurosatory 2026 Catalog
FMS USA,https://www.fms.co.il/,États-Unis,LINCOLNTON,,Other,À vérifier,,D,New,Qualifier l'activité avant tout pitch ciblé.,No immediate action,To enrich,Eurosatory 2026 Catalog
FN,http://www.fnherstal.com/,Belgique,HERSTAL,https://www.linkedin.com/company/fn-herstal,Land defense,Sous-traitant industriel,72.0,B,New,"Sous-systèmes, composites, certification pour primes terrestres.",Review website and validate opportunity,Electronic components,Eurosatory 2026 Catalog
Fonderie de Bretagne,https://www.fonderiedebretagne.com/,France,CAUDAN,,Other,À vérifier,,D,New,Qualifier l'activité avant tout pitch ciblé.,No immediate action,To enrich,Eurosatory 2026 Catalog
FORCE Technology,http://forcetechnology.com/en/defence,Danemark,Brøndby,https://www.linkedin.com/company/force-technology/posts/?feedView=all,Naval defense,OEM,82.0,A,New,"Radars, sonars, comms, armement, sustainment pour primes navals.",Contact sales team and qualify need,Engines / propulsion,Eurosatory 2026 Catalog
FORCETEK,http://www.forcetek.it/,Italie,FORCE (AP),,Other,À vérifier,,D,New,Qualifier l'activité avant tout pitch ciblé.,No immediate action,To enrich,Eurosatory 2026 Catalog
FORCIT OY,https://www.forcit.fi/defence,Finlande,HANKO,,Other,À vérifier,,D,New,Qualifier l'activité avant tout pitch ciblé.,No immediate action,To enrich,Eurosatory 2026 Catalog
FORD GLOBAL FLEET SALES,http://fordglobalfleetsales.com/,États-Unis,SOUTHFIELD,https://www.linkedin.com/company/fordglobalfleetsales/,Naval defense,Distributeur,80.0,A,New,"Radars, sonars, comms, armement, sustainment pour primes navals.",Contact sales team and qualify need,Engines / propulsion,Eurosatory 2026 Catalog
Forecr,,Estonie,Tallinn,,Other,À vérifier,,D,New,Qualifier l'activité avant tout pitch ciblé.,No immediate action,To enrich,Eurosatory 2026 Catalog
FOREIGN TRADE CHAMBER OF BOSNIA AND HERZEGOVINA,https://www.komorabih.ba/,Bosnia and Herzegovina,SARAJEVO,,Other,À vérifier,,D,New,Qualifier l'activité avant tout pitch ciblé.,No immediate action,To enrich,Eurosatory 2026 Catalog
Formnext,https://formnext.mesago.com/frankfurt/en.html,Allemagne,STUTTGART,https://www.linkedin.com/company/formnext/,Optics / optronics,OEM,75.1,A,New,"Vend des sous-systèmes / composants à un OEM construisant Software / Platforms, Engines / propulsion.",Contact sales team and qualify need,Cloud / data services,Eurosatory 2026 Catalog
Forterra,https://forterra.com/,États-Unis,Arlington,,Cybersecurity,OEM,72.5,B,New,"Threat intel, hardware appliances, cloud souverain, audits.",Review website and validate opportunity,Mechanical parts,Eurosatory 2026 Catalog
FOX KNIVES - Oreste Frati S.r.l.,https://www.foxknives.com/,Italie,MANIAGO,,Other,À vérifier,,D,New,Qualifier l'activité avant tout pitch ciblé.,No immediate action,To enrich,Eurosatory 2026 Catalog
FRACHT FRANCE,http://www.frachtgroup.com/,France,TREMBLAY EN FRANCE,https://www.linkedin.com/company/fracht-france,Naval defense,OEM,72.1,B,New,"Radars, sonars, comms, armement, sustainment pour primes navals.",Review website and validate opportunity,Mechanical parts,Eurosatory 2026 Catalog
FRANKENBURG TECHNOLOGIES OU,http://www.frankenburg.tech/,Estonie,TALLINN,https://www.linkedin.com/company/frankenburg-tech/posts/?feedView=all,Intelligence / ISR,OEM,80.0,A,New,"Capteurs, payloads optroniques, communications pour plateformes ISR.",Contact sales team and qualify need,Engines / propulsion,Eurosatory 2026 Catalog
FRANZ ACHLEITNER-FAHRZEUGBAU und Reifenzentrum GmbH,http://www.achleitner.com/,Autriche,WÖRGL,,Other,À vérifier,,D,New,Qualifier l'activité avant tout pitch ciblé.,No immediate action,To enrich,Eurosatory 2026 Catalog
Fraunhofer IAPT,https://www.iapt.fraunhofer.de/de/zukunftsfelder---branchen/zukunftsfeld-sicherheit---defense.html,Allemagne,HAMBURG,https://www.linkedin.com/company/fraunhofer-iapt/posts/?feedView=all,Weapons,Sous-traitant industriel,61.0,B,New,"Usinage de précision, matériaux, optronique, composants munitions ITAR-friendly.",Review website and validate opportunity,Software,Eurosatory 2026 Catalog
Frequentis AG,https://www.frequentis.com/,Autriche,VIENNA,https://www.linkedin.com/company/Frequentis,Intelligence / ISR,OEM,81.5,A,New,"Capteurs, payloads optroniques, communications pour plateformes ISR.",Contact sales team and qualify need,Energy / batteries,Eurosatory 2026 Catalog
FRESTEMS,http://www.frestems.fi/,Finlande,SASTAMALA,,Logistics / MRO,OEM,75.0,A,New,"Pièces de rechange, calibration, certification pour acteurs MRO.",Contact sales team and qualify need,Engines / propulsion,Eurosatory 2026 Catalog
FREWITT FABRIQUE DE MACHINES SA,https://www.frewitt.com/,Suisse,GRANGES-PACCOT,https://www.linkedin.com/company/frewitt/?viewAsMember=true,Radar / sensors,Sous-traitant industriel,50.6,C,New,"Front-ends RF, processeurs, mécanique de précision pour fabricants radars.",Keep in watchlist,Electronic components,Eurosatory 2026 Catalog
FRICTAPE,http://frictape.com/,Finlande,VANTAA,https://www.linkedin.com/company/frictape-net-ltd/,UAV / drones,OEM,46.8,C,New,Sub-system / payload pour OEM drones tactiques.,Keep in watchlist,Energy / batteries,Eurosatory 2026 Catalog
Fritz Stephan GmbH,http://www.stephan-gmbh.com/,Allemagne,GACKENBACH,https://www.linkedin.com/company/fritzstephan/?viewAsMember=true,Radar / sensors,Distributeur,68.5,B,New,"Front-ends RF, processeurs, mécanique de précision pour fabricants radars.",Review website and validate opportunity,Mechanical parts,Eurosatory 2026 Catalog
FRONIUS INTERNATIONAL GMBH,,Autriche,SATTLEDT,,Other,À vérifier,,D,New,Qualifier l'activité avant tout pitch ciblé.,No immediate action,To enrich,Eurosatory 2026 Catalog
"Fsain Technology Co., Ltd.",http://www.fsain.com/,Chine,HANGZHOU,,Intelligence / ISR,OEM,72.5,B,New,"Capteurs, payloads optroniques, communications pour plateformes ISR.",Review website and validate opportunity,Engines / propulsion,Eurosatory 2026 Catalog
FSI,http://www.fsi.no/,Norvège,OSLO,,Other,À vérifier,,D,New,Qualifier l'activité avant tout pitch ciblé.,No immediate action,To enrich,Eurosatory 2026 Catalog
FT WIND SENSORS (FT Technologies),http://fttechnologies.com/,Royaume-Uni,SUNBURY-ON-THAMES,https://www.linkedin.com/company/ft-technologies-ltd,C4ISR,Distributeur,76.5,A,New,"Composants, sous-systèmes, software, services pour primes C4ISR.",Contact sales team and qualify need,Energy / batteries,Eurosatory 2026 Catalog
FUCHS LUBRIFIANT,,France,RUEIL MALMAISON,,Other,À vérifier,,D,New,Qualifier l'activité avant tout pitch ciblé.,No immediate action,To enrich,Eurosatory 2026 Catalog
"Fulcrum Concepts, LLC",https://www.fulcrumconceptsllc.com/,États-Unis,Mattaponi,,Other,À vérifier,,D,New,Qualifier l'activité avant tout pitch ciblé.,No immediate action,To enrich,Eurosatory 2026 Catalog
FullScale,http://www.fullscale-labs.com/,France,LES ULIS,,Other,À vérifier,,D,New,Qualifier l'activité avant tout pitch ciblé.,No immediate action,To enrich,Eurosatory 2026 Catalog
FYC,https://www.fyc.fi/,Finlande,PIRKKALA,https://www.linkedin.com/company/fyc-fi,Soldier systems,OEM,70.5,B,New,"Vend des sous-systèmes / composants à un OEM construisant Soldier equipment, Ballistic protection.",Review website and validate opportunity,Composite materials,Eurosatory 2026 Catalog
Fynd Reality AS,http://www.fyndreality.com/,Norvège,Hamar,,Logistics / MRO,OEM,61.8,B,New,"Vend des sous-systèmes / composants à un OEM construisant Software / Platforms, Simulators / Training.",Review website and validate opportunity,Cloud / data services,Eurosatory 2026 Catalog
G&G PARTNERS,http://www.defshell.it/,Italie,MONTICHIARI (BRESCIA),,C4ISR,OEM,67.5,B,New,"Composants, sous-systèmes, software, services pour primes C4ISR.",Review website and validate opportunity,Engines / propulsion,Eurosatory 2026 Catalog
G&G PARTNERS France,http://www.defshell.it/fr/,France,MEUDON LA FORET,https://linkedin.com/company/g-g-partners-france,C4ISR,OEM,68.0,B,New,"Composants, sous-systèmes, software, services pour primes C4ISR.",Review website and validate opportunity,Engines / propulsion,Eurosatory 2026 Catalog
G&H,https://www.gandh.com/,Royaume-Uni,ILMINSTER,https://www.linkedin.com/company/g-h/,Intelligence / ISR,OEM,78.0,A,New,"Capteurs, payloads optroniques, communications pour plateformes ISR.",Contact sales team and qualify need,Engines / propulsion,Eurosatory 2026 Catalog
G. W. Lisk,https://www.gwlisk.com/,États-Unis,Clifton Springs,,Naval defense,Distributeur,67.5,B,New,"Radars, sonars, comms, armement, sustainment pour primes navals.",Review website and validate opportunity,Electronic components,Eurosatory 2026 Catalog
G.CARTIER TECHNOLOGIES,,France,CLUSES,,Other,À vérifier,,D,New,Qualifier l'activité avant tout pitch ciblé.,No immediate action,To enrich,Eurosatory 2026 Catalog
G.K SPACEBOATS LTD,https://www.spaceboats.eu/,Cyprus,NICOSIA,,Electronic warfare,OEM,74.5,B,New,"Amplis RF, processeurs signal, embarqué, antennes pour EW.",Review website and validate opportunity,Cloud / data services,Eurosatory 2026 Catalog
GACHES CHIMIE SPECIALITES,https://www.gaches.com/,France,TOULOUSE,https://www.linkedin.com/company/groupe-gaches-chimie/,Logistics / MRO,Distributeur,55.7,C,New,"Pièces de rechange, calibration, certification pour acteurs MRO.",Keep in watchlist,Mechanical parts,Eurosatory 2026 Catalog
GACI TECHNOLOGIES,http://www.gaci.fr/,France,VILLEBON SUR YVETTE,https://fr.linkedin.com/company/gaci-technologies,Intelligence / ISR,Bureau d'ingénierie,74.0,B,New,"Capteurs, payloads optroniques, communications pour plateformes ISR.",Review website and validate opportunity,Industrial subcontracting / machining,Eurosatory 2026 Catalog
GALEB D.D.,http://www.galeb.hr/,Croatie,OMIS,,Other,À vérifier,,D,New,Qualifier l'activité avant tout pitch ciblé.,No immediate action,To enrich,Eurosatory 2026 Catalog
GALION,,France,ANTONY,,Other,À vérifier,,D,New,Qualifier l'activité avant tout pitch ciblé.,No immediate action,To enrich,Eurosatory 2026 Catalog
GALKO D.O.O.,http://galko-mps.com/,Croatie,Mali Bukovec,https://linkedin.com/company/galko-mps?originalSubdomain=hr,Logistics / MRO,OEM,61.2,B,New,"Pièces de rechange, calibration, certification pour acteurs MRO.",Review website and validate opportunity,RF / microwave components,Eurosatory 2026 Catalog
GALLAY LTD,http://www.gallay.co.uk/,Royaume-Uni,WELLINGBOROUGH,,Other,À vérifier,,D,New,Qualifier l'activité avant tout pitch ciblé.,No immediate action,To enrich,Eurosatory 2026 Catalog
GALPERTI TECH FORGED PRODUCTS S.p.A.,http://www.galperti.com/,Italie,COLICO (LC),,C4ISR,Sous-traitant industriel,60.8,B,New,"Composants, sous-systèmes, software, services pour primes C4ISR.",Review website and validate opportunity,Mechanical parts,Eurosatory 2026 Catalog
Galvion,https://www.galvion.com/,Canada,MONTREAL,,Other,À vérifier,,D,New,Qualifier l'activité avant tout pitch ciblé.,No immediate action,To enrich,Eurosatory 2026 Catalog
GAMBER-JOHNSON,https://www.lindelectronics.com/,Allemagne,FILDERSTADT,,Other,À vérifier,,D,New,Qualifier l'activité avant tout pitch ciblé.,No immediate action,To enrich,Eurosatory 2026 Catalog
Garde nationale,http://garde-nationale.gouv.fr/,France,PARIS SP 07,https://www.linkedin.com/company/gardenationale/,Homeland security,À vérifier,21.1,D,New,Qualifier l'activité avant tout pitch ciblé.,No immediate action,Industrial subcontracting / machining,Eurosatory 2026 Catalog
GARG ASSOCIATES PVT. LTD.,https://www.gargasso.com/,Inde,Ghaziabad,,Other,À vérifier,,D,New,Qualifier l'activité avant tout pitch ciblé.,No immediate action,To enrich,Eurosatory 2026 Catalog
GARMIN FRANCE SAS,https://www.garmin.com/,France,NANTERRE CEDEX,,Other,À vérifier,,D,New,Qualifier l'activité avant tout pitch ciblé.,No immediate action,To enrich,Eurosatory 2026 Catalog
Gate Technologies,https://gate-dev.com/,Israël,BAREKET,,Logistics / MRO,À vérifier,26.6,D,New,Qualifier l'activité avant tout pitch ciblé.,No immediate action,Industrial subcontracting / machining,Eurosatory 2026 Catalog
GATTEFIN,https://gattefin.fr/,France,MEHUN SUR YEVRE,,Other,À vérifier,,D,New,Qualifier l'activité avant tout pitch ciblé.,No immediate action,To enrich,Eurosatory 2026 Catalog
GCA SUPPLY BAUDRY,http://www.baudry.fr/,France,DOMBLANS,https://www.linkedin.com/company/gca-baudry,Space / satellite,OEM,53.2,C,New,"Composites, capteurs, comms, lancement pour primes spatiaux.",Keep in watchlist,"Raw materials (steel, aluminium)",Eurosatory 2026 Catalog
GDC Middle East,,Arabie saoudite,Riyadh,,Other,À vérifier,,D,New,Qualifier l'activité avant tout pitch ciblé.,No immediate action,To enrich,Eurosatory 2026 Catalog
GDELS,http://www.gdels.com/,Espagne,MADRID,,Other,À vérifier,,D,New,Qualifier l'activité avant tout pitch ciblé.,No immediate action,To enrich,Eurosatory 2026 Catalog
GDI SIMULATION,http://www.gdi-simulation.fr/fr/,France,ELANCOURT CEDEX,https://www.linkedin.com/company/gdi-simulation/,Counter-UAV,Distributeur,67.5,B,New,"Fournisseur de RF, radars, optronique et embarqués pour stacks anti-drone.",Review website and validate opportunity,Mechanical parts,Eurosatory 2026 Catalog
GDTECH,https://www.gdtech.eu/,Belgique,ALLEUR,,Industrial subcontracting,Sous-traitant industriel,63.5,B,New,"Matières premières, outils coupants, services qualité pour sous-traitants.",Review website and validate opportunity,Cloud / data services,Eurosatory 2026 Catalog
GEFICCA SAS,http://geficca.fr/,France,COSNE-SUR-LOIRE,https://www.linkedin.com/company/geficca-s-a-/,UAV / drones,OEM,69.5,B,New,"Fournisseur de batteries, moteurs, optronique, RF, composites pour fabricants UAV.",Review website and validate opportunity,Engines / propulsion,Eurosatory 2026 Catalog
GEHRING TECHNOLOGIES GMBH + CO. KG,http://gehring-group.com/,Allemagne,OSTFILDERN,https://www.linkedin.com/company/gehring-technologies-gmbh/,Industrial subcontracting,OEM,51.8,C,New,"Matières premières, outils coupants, services qualité pour sous-traitants.",Keep in watchlist,Mechanical parts,Eurosatory 2026 Catalog
GEMINIS LATHES,https://www.geminislathes.com/,Espagne,Elgoibar,,Industrial subcontracting,Sous-traitant industriel,60.7,B,New,"Matières premières, outils coupants, services qualité pour sous-traitants.",Review website and validate opportunity,"Raw materials (steel, aluminium)",Eurosatory 2026 Catalog
General Atomics,https://www.ga.com/about/ems,États-Unis,SAN DIEGO,www.linkedin.com/company/general-atomics,Intelligence / ISR,Distributeur,79.5,A,New,"Capteurs, payloads optroniques, communications pour plateformes ISR.",Contact sales team and qualify need,Electronic components,Eurosatory 2026 Catalog
GENERAL AUTHORITY FOR MILITARY INDUSTRIES (GAMI),https://www.gami.gov.sa/en/homepage,Arabie saoudite,RIYADH,https://www.linkedin.com/company/gami-ksa/,Cybersecurity,OEM,60.2,B,New,"Outils SOC/SIEM, brique de sécurité défensive pour vendeur cyber.",Review website and validate opportunity,Mechanical parts,Eurosatory 2026 Catalog
General Cherry,,Ukraine,"Vyshneve, Kyiv Oblast",,Other,À vérifier,,D,New,Qualifier l'activité avant tout pitch ciblé.,No immediate action,To enrich,Eurosatory 2026 Catalog
General Dynamics Ordnance and Tactical Systems,http://www.gd-ots.com/,États-Unis,SAINT PETERSBURG,https://linkedin.com/company/general-dynamics-ordnance-and-tactical-systems,Ammunition,OEM,44.4,C,New,Vend des sous-systèmes / composants à un OEM construisant Ammunition.,Keep in watchlist,Energetic materials,Eurosatory 2026 Catalog
General Inspection,https://www.geninsp.com/,États-Unis,Davisburg,,Radar / sensors,Distributeur,79.0,A,New,"Front-ends RF, processeurs, mécanique de précision pour fabricants radars.",Contact sales team and qualify need,Electronic components,Eurosatory 2026 Catalog
Gentex Corporation | Ops-Core,http://www.gentexcorp.com/,États-Unis,CARBONDALE,,Soldier systems,OEM,44.0,C,New,Vend des sous-systèmes / composants à un OEM construisant Soldier equipment.,Keep in watchlist,Composite materials,Eurosatory 2026 Catalog
genua GmbH,http://www.genua.de/,Allemagne,Kirchheim,,Cybersecurity,OEM,75.0,A,New,"Threat intel, hardware appliances, cloud souverain, audits.",Contact sales team and qualify need,Cloud / data services,Eurosatory 2026 Catalog
GEOCONNECTICS,http://www.geoconnectics.com/,France,RIEDISHEIM,https://www.linkedin.com/company/geoconnectics/,Space / satellite,OEM,71.2,B,New,"Composites, capteurs, comms, lancement pour primes spatiaux.",Review website and validate opportunity,Industrial subcontracting / machining,Eurosatory 2026 Catalog
GEODIS INTERSERVICES,http://www.geodis.com/,France,LEVALLOIS PERRET CEDEX,https://www.linkedin.com/company/geodis/,Logistics / MRO,À vérifier,25.6,D,New,Qualifier l'activité avant tout pitch ciblé.,No immediate action,Industrial subcontracting / machining,Eurosatory 2026 Catalog
GEOMINES,https://www.geomines.com/,France,SIX FOURS LES PLAGES,,Other,À vérifier,,D,New,Qualifier l'activité avant tout pitch ciblé.,No immediate action,To enrich,Eurosatory 2026 Catalog
German Meeting Point / BDSV,http://www.bdsv.eu/,Allemagne,BERLIN,https://www.linkedin.com/company/bdsv-eu/,Weapons,Distributeur,74.5,B,New,"Usinage de précision, matériaux, optronique, composants munitions ITAR-friendly.",Review website and validate opportunity,Cloud / data services,Eurosatory 2026 Catalog
Germandrones GmbH,https://www.germandrones.com/,Allemagne,BERLIN,,Other,À vérifier,,D,New,Qualifier l'activité avant tout pitch ciblé.,No immediate action,To enrich,Eurosatory 2026 Catalog
GES,https://www.ges.com/,États-Unis,LAS VEGAS,,Other,À vérifier,,D,New,Qualifier l'activité avant tout pitch ciblé.,No immediate action,To enrich,Eurosatory 2026 Catalog
GESELLSCHAFT FÜR LEISTUNGSELEKTRONIK MBH,http://www.syko.de/,Allemagne,MAINHAUSEN,,Other,À vérifier,,D,New,Qualifier l'activité avant tout pitch ciblé.,No immediate action,To enrich,Eurosatory 2026 Catalog
GETAC,http://fr.getac.com/,Allemagne,DÜSSELDORF,,Other,À vérifier,,D,New,Qualifier l'activité avant tout pitch ciblé.,No immediate action,To enrich,Eurosatory 2026 Catalog
GETELEC,http://www.getelec.com/,France,BUC,https://www.linkedin.com/company/getelec,Radar / sensors,Bureau d'ingénierie,62.5,B,New,"Front-ends RF, processeurs, mécanique de précision pour fabricants radars.",Review website and validate opportunity,Electronic components,Eurosatory 2026 Catalog
GICAT,https://www.gicat.com/,France,PARIS CEDEX 17,,Other,À vérifier,,D,New,Qualifier l'activité avant tout pitch ciblé.,No immediate action,To enrich,Eurosatory 2026 Catalog
GICAT -ENERGIE OPERATIONNELLE,http://www.gicat.fr/,France,PARIS,,Other,À vérifier,,D,New,Qualifier l'activité avant tout pitch ciblé.,No immediate action,To enrich,Eurosatory 2026 Catalog
Gilat Defense,http://www.gilat.com/industries/defense/,Israël,PETACH TIKVA,https://www.linkedin.com/showcase/gilat-defense,Homeland security,À vérifier,39.6,D,New,Qualifier l'activité avant tout pitch ciblé.,No immediate action,Industrial subcontracting / machining,Eurosatory 2026 Catalog
GILLET GROUP,http://www.gillet-group.com/,France,NOGENT,https://www.linkedin.com/company/gillet-group-sa/,Naval defense,OEM,67.8,B,New,"Radars, sonars, comms, armement, sustainment pour primes navals.",Review website and validate opportunity,Electronic components,Eurosatory 2026 Catalog
GLADIATOR TECHNOLOGIES,https://gladiatortechnologies.com/,États-Unis,SNOQUALMIE,,Other,À vérifier,,D,New,Qualifier l'activité avant tout pitch ciblé.,No immediate action,To enrich,Eurosatory 2026 Catalog
GLASSART,https://www.glassart.gr/,Grèce,PAIANIA,,Logistics / MRO,OEM,69.9,B,New,"Pièces de rechange, calibration, certification pour acteurs MRO.",Review website and validate opportunity,Mechanical parts,Eurosatory 2026 Catalog
GLAUCUS APS,,Danemark,Copenhagen,,Other,À vérifier,,D,New,Qualifier l'activité avant tout pitch ciblé.,No immediate action,To enrich,Eurosatory 2026 Catalog
GLENAIR,https://glenair.com/,France,TOULOUSE,,Other,À vérifier,,D,New,Qualifier l'activité avant tout pitch ciblé.,No immediate action,To enrich,Eurosatory 2026 Catalog
Global Clearance Solutions AG,http://www.gcs.ch/,Allemagne,STOCKACH,https://www.linkedin.com/company/global-clearance-solutions-gcs-/,Land defense,OEM,75.0,A,New,"Sous-systèmes, composites, certification pour primes terrestres.",Contact sales team and qualify need,Cloud / data services,Eurosatory 2026 Catalog
GLOBAL RTS Ltd.,http://www.global-rts.bg/en,Bulgarie,SOFIA,https://share.google/ocm7tZDBRzM0uXTWC,Logistics / MRO,À vérifier,45.6,C,New,Qualifier l'activité avant tout pitch ciblé.,Keep in watchlist,Industrial subcontracting / machining,Eurosatory 2026 Catalog
Global Towing Systems Ltd.,https://www.globaltowingsystems.com/,Hongrie,Komlo,,Other,OEM,53.9,C,New,"Vend des sous-systèmes / composants à un OEM construisant Vehicles, Logistics equipment.",Keep in watchlist,Engines / propulsion,Eurosatory 2026 Catalog
GLOBAL WIRE HARNESS SAVUNMA HAVACILIK TASARIM,https://www.globalwireharness.com/,Turquie,ANKARA,,Other,À vérifier,,D,New,Qualifier l'activité avant tout pitch ciblé.,No immediate action,To enrich,Eurosatory 2026 Catalog
GLOCK GMBH,https://www.glock.com/,Autriche,DEUTSCH-WAGRAM,,Other,À vérifier,,D,New,Qualifier l'activité avant tout pitch ciblé.,No immediate action,To enrich,Eurosatory 2026 Catalog
GMT,http://www.gmt-gmbh.de/,France,FLORANGE CEDEX,,Other,À vérifier,,D,New,Qualifier l'activité avant tout pitch ciblé.,No immediate action,To enrich,Eurosatory 2026 Catalog
GMV,,Espagne,,,Other,À vérifier,,D,New,Qualifier l'activité avant tout pitch ciblé.,No immediate action,To enrich,Eurosatory 2026 Catalog
Goldhofer,http://www.goldhofer.com/,Allemagne,MEMMINGEN,,Naval defense,OEM,68.0,B,New,"Radars, sonars, comms, armement, sustainment pour primes navals.",Review website and validate opportunity,Cloud / data services,Eurosatory 2026 Catalog
GOLZ SAS FRANCE,https://www.golz.fr/,France,BERSTETT,,Other,À vérifier,,D,New,Qualifier l'activité avant tout pitch ciblé.,No immediate action,To enrich,Eurosatory 2026 Catalog
Goodluck Defence And Aerospace,https://www.goodluckindia.com/,Inde,Sikandrabad,,Other,À vérifier,,D,New,Qualifier l'activité avant tout pitch ciblé.,No immediate action,To enrich,Eurosatory 2026 Catalog
Goodmill Systems Oy,https://goodmillsystems.com/,Finlande,Espoo,,Other,À vérifier,,D,New,Qualifier l'activité avant tout pitch ciblé.,No immediate action,To enrich,Eurosatory 2026 Catalog
Goodyear Operations,http://www.goodyear.com/,Luxembourg,Colmar Berg,,Naval defense,OEM,77.0,A,New,"Radars, sonars, comms, armement, sustainment pour primes navals.",Contact sales team and qualify need,Engines / propulsion,Eurosatory 2026 Catalog
GORIZIANE GROUP SPA,http://www.goriziane.it/,Italie,VILLESSE GO,https://www.linkedin.com/company/goriziane,Soldier systems,OEM,62.0,B,New,"Textiles, composites, optronique, énergie pour kits soldat.",Review website and validate opportunity,Mechanical parts,Eurosatory 2026 Catalog
goSmart GmbH,https://www.go-smart.de/,Allemagne,Nürnberg,,Communications,OEM,56.9,C,New,"RF, crypto, certification interopérabilité pour radios tactiques.",Keep in watchlist,RF / microwave components,Eurosatory 2026 Catalog
Government of Alberta,https://www.alberta.ca/choose-alberta-canada,Canada,Edmonton,,Space / satellite,Distributeur,78.0,A,New,"Composites, capteurs, comms, lancement pour primes spatiaux.",Contact sales team and qualify need,Engines / propulsion,Eurosatory 2026 Catalog
GOVINI,https://www.govini.com/,États-Unis,ARLINGTON,,AI / data,Éditeur logiciel,61.7,B,New,"GPUs, cloud, data annotation, hardening cyber pour plateforme IA.",Review website and validate opportunity,Cloud / data services,Eurosatory 2026 Catalog
GRADEL SARL,http://gradel.lu/,Luxembourg,ELLANGE,https://linkedin.com/company/gradel,UAV / drones,Distributeur,80.0,A,New,"Fournisseur de batteries, moteurs, optronique, RF, composites pour fabricants UAV.",Contact sales team and qualify need,Mechanical parts,Eurosatory 2026 Catalog
Granta Solutions,https://www.grantaautonomy.com/,Lituanie,VILNIUS,,Other,À vérifier,,D,New,Qualifier l'activité avant tout pitch ciblé.,No immediate action,To enrich,Eurosatory 2026 Catalog
GREEN AL METALURJİ VE GERİ DÖNÜŞÜM,https://greenmetalurji.com/,Turquie,ISTANBUL,,C4ISR,OEM,47.6,C,New,"Vend des sous-systèmes / composants à un OEM construisant Logistics equipment, Engines / propulsion.",Keep in watchlist,Mechanical parts,Eurosatory 2026 Catalog
GREEN POWER TURBINE SYSTEMS,http://www.gpts.rs/,Serbie,BELGRADE,,Other,À vérifier,,D,New,Qualifier l'activité avant tout pitch ciblé.,No immediate action,To enrich,Eurosatory 2026 Catalog
GREENMOT,https://www.greenmot.com/,France,VILLEFRANCHE-SUR-SAÔNE,https://www.linkedin.com/company/greenmot,Radar / sensors,OEM,76.0,A,New,"Front-ends RF, processeurs, mécanique de précision pour fabricants radars.",Contact sales team and qualify need,Electronic components,Eurosatory 2026 Catalog
Gremsy Joint Stock Company,https://gremsy.com/,Vietnam,HO CHI MINH,,Naval defense,OEM,67.5,B,New,"Radars, sonars, comms, armement, sustainment pour primes navals.",Review website and validate opportunity,Energy / batteries,Eurosatory 2026 Catalog
GREYSTONE SAS,https://plouf.fr/pages/vetements-de-quart-flottants,France,NICE,https://www.linkedin.com/company/45867018/admin/dashboard/,Soldier systems,OEM,60.4,B,New,Vend des sous-systèmes / composants à un OEM construisant Logistics equipment.,Review website and validate opportunity,Mechanical parts,Eurosatory 2026 Catalog
Grinding Technology Srl.,https://www.ffg-ea.com/,Italie,Cassine,,Other,OEM,35.9,D,New,Vend des sous-systèmes / composants à un OEM construisant Software / Platforms.,No immediate action,Cloud / data services,Eurosatory 2026 Catalog
GripID,https://www.gripid.eu/,France,PARIS,https://www.linkedin.com/company/89258739,Radar / sensors,OEM,66.1,B,New,"Front-ends RF, processeurs, mécanique de précision pour fabricants radars.",Review website and validate opportunity,Cloud / data services,Eurosatory 2026 Catalog
GROB-WERKE GmbH & Co. KG,https://www.grobgroup.com/,Allemagne,MINDELHEIM,https://www.linkedin.com/company/grob-werke-gmbh-&-co-kg/posts/?feedView=all,Other,À vérifier,16.6,D,New,Qualifier l'activité avant tout pitch ciblé.,No immediate action,Industrial subcontracting / machining,Eurosatory 2026 Catalog
Groundspace,http://groundspace.io/,France,CLAPIERS,https://www.linkedin.com/company/groundspace,Space / satellite,OEM,70.5,B,New,"Vend des sous-systèmes / composants à un OEM construisant Software / Platforms, Satellites / Space.",Review website and validate opportunity,Cloud / data services,Eurosatory 2026 Catalog
Group ACB,http://www.groupacb.com/,Belgique,Dendermonde,https://www.linkedin.com/company/acb-nv-atlantec-sas,Other,OEM,34.4,D,New,Activité à qualifier — discovery call avant pitch précis.,No immediate action,Industrial subcontracting / machining,Eurosatory 2026 Catalog
Group STSI,https://www.group-stsi.com/,France,Chemaudin et Vaux,,Other,À vérifier,,D,New,Qualifier l'activité avant tout pitch ciblé.,No immediate action,To enrich,Eurosatory 2026 Catalog
GROUPE 6NAPSE,http://6-napse.com/,France,VAL DE REUIL,https://www.linkedin.com/company/groupe-6napse/,UAV / drones,OEM,74.0,B,New,"Fournisseur de batteries, moteurs, optronique, RF, composites pour fabricants UAV.",Review website and validate opportunity,Mechanical parts,Eurosatory 2026 Catalog
GROUPE ABILIS,https://www.groupe-abilis.fr/,France,ARPAJON,,Other,À vérifier,,D,New,Qualifier l'activité avant tout pitch ciblé.,No immediate action,To enrich,Eurosatory 2026 Catalog
GROUPE DREYER DEFENSE,http://www.easycube.fr/,France,AVIGNON,,Other,À vérifier,,D,New,Qualifier l'activité avant tout pitch ciblé.,No immediate action,To enrich,Eurosatory 2026 Catalog
GROUPE DROUAULT INDUSTRIES,https://www.drouault-industries.com/,France,CONDE SUR VIRE,,Other,À vérifier,,D,New,Qualifier l'activité avant tout pitch ciblé.,No immediate action,To enrich,Eurosatory 2026 Catalog
GROUPE ESARIS INDUSTRIES,http://www.esaris.fr/,France,ILLKIRCH-GRAFFENSTADEN,https://www.linkedin.com/company/esaris-industries/,Space / satellite,Sous-traitant industriel,42.1,C,New,"Composites, capteurs, comms, lancement pour primes spatiaux.",Keep in watchlist,Industrial subcontracting / machining,Eurosatory 2026 Catalog
GROUPE GAMI,http://www.groupe-gami.com/,France,CORBAS,https://www.linkedin.com/company/groupegami,Engineering services,OEM,58.5,C,New,"Outils CAD, simulation, certification pour bureau d'études.",Keep in watchlist,"Raw materials (steel, aluminium)",Eurosatory 2026 Catalog
Groupe GODET,https://www.groupe-godet.fr/,France,ROISSY-EN-FRANCE,,Other,À vérifier,,D,New,Qualifier l'activité avant tout pitch ciblé.,No immediate action,To enrich,Eurosatory 2026 Catalog
GROUPE GONZALES,http://www.gonzales.fr/,France,ESTRABLIN,https://fr.linkedin.com/company/groupegonzales,Industrial subcontracting,Sous-traitant industriel,50.5,C,New,"Matières premières, outils coupants, services qualité pour sous-traitants.",Keep in watchlist,Electronic components,Eurosatory 2026 Catalog
GROUPE INGENITIS LEVIGNE MSJ Industrie,http://www.ets-levigne.com/,France,PONT DU CHATEAU,https://www.linkedin.com/company/groupe-msj-industrie-levigne-m%C3%A9canome-cmf-zalau/posts/?feedView=all,UAV / drones,Sous-traitant industriel,62.5,B,New,"Fournisseur de batteries, moteurs, optronique, RF, composites pour fabricants UAV.",Review website and validate opportunity,Energy / batteries,Eurosatory 2026 Catalog
GROUPE PG,https://www.groupe-pg.fr/,France,ROUXMESNIL-BOUTEILLES,,Other,À vérifier,,D,New,Qualifier l'activité avant tout pitch ciblé.,No immediate action,To enrich,Eurosatory 2026 Catalog
GROUPE PIROUX,http://www.piroux.com/,France,VAL REVERMONT,https://www.linkedin.com/company/groupe-piroux,Engineering services,Bureau d'ingénierie,55.5,C,New,"Outils CAD, simulation, certification pour bureau d'études.",Keep in watchlist,Mechanical parts,Eurosatory 2026 Catalog
GROUPE POMMIER,http://pommier.eu/,France,,https://www.linkedin.com/company/pommier/about,Other,À vérifier,,D,New,Qualifier l'activité avant tout pitch ciblé.,No immediate action,To enrich,Eurosatory 2026 Catalog
GROUPE SAVOY,https://www.groupe-savoy.fr/,France,Cluses,,Other,À vérifier,,D,New,Qualifier l'activité avant tout pitch ciblé.,No immediate action,To enrich,Eurosatory 2026 Catalog
GROUPE SSI,http://www.groupe-ssi.com/,France,VERSAILLES,,Other,À vérifier,,D,New,Qualifier l'activité avant tout pitch ciblé.,No immediate action,To enrich,Eurosatory 2026 Catalog
GROUPEMECA,https://groupemeca.com/,Belgique,Herstal,,Other,À vérifier,,D,New,Qualifier l'activité avant tout pitch ciblé.,No immediate action,To enrich,Eurosatory 2026 Catalog
GROUPEMENT D'INTÉRÊT ÉCONOMIQUE DEFENSE NBC,http://www.defensenbc.fr/,France,TRANS EN PROVENCE,,Other,À vérifier,,D,New,Qualifier l'activité avant tout pitch ciblé.,No immediate action,To enrich,Eurosatory 2026 Catalog
"GS Engineering, Inc.",https://www.gsengineering.com/,États-Unis,Houghton,,Radar / sensors,OEM,70.0,B,New,"Front-ends RF, processeurs, mécanique de précision pour fabricants radars.",Review website and validate opportunity,Engines / propulsion,Eurosatory 2026 Catalog
GSCI Advanced Photonics,http://www.gsci.net/,Canada,WOODBRIDGE,,Other,À vérifier,,D,New,Qualifier l'activité avant tout pitch ciblé.,No immediate action,To enrich,Eurosatory 2026 Catalog
G-SHOCK,https://gshock.casio.com/,France,MASSY,,Other,À vérifier,,D,New,Qualifier l'activité avant tout pitch ciblé.,No immediate action,To enrich,Eurosatory 2026 Catalog
GSMK CRYPTOPHONE,https://www.gsmk.de/,Allemagne,BERLIN,,Other,À vérifier,,D,New,Qualifier l'activité avant tout pitch ciblé.,No immediate action,To enrich,Eurosatory 2026 Catalog
GTD DEFENSE & SECURITY SOLUTIONS SLU,https://www.gtd.eu/defense-security,Espagne,El Puerto de Santa María,,Intelligence / ISR,Distributeur,75.5,A,New,"Capteurs, payloads optroniques, communications pour plateformes ISR.",Contact sales team and qualify need,Engines / propulsion,Eurosatory 2026 Catalog
Guardform s.r.o.,http://www.guardform.eu/,République tchèque,Brno,,Other,À vérifier,16.6,D,New,Qualifier l'activité avant tout pitch ciblé.,No immediate action,Industrial subcontracting / machining,Eurosatory 2026 Catalog
Guardiaris,http://www.guardiaris.com/,Slovénie,LJUBLJANA,https://si.linkedin.com/company/guardiaris,Air defense,OEM,77.0,A,New,"Radars, missiles, comms, électroniques pour systèmes anti-aériens.",Contact sales team and qualify need,Engines / propulsion,Eurosatory 2026 Catalog
GUEDO SAS,http://www.guedo.fr/en/precision-engineering/,France,SAINT AVÉ,,Other,À vérifier,,D,New,Qualifier l'activité avant tout pitch ciblé.,No immediate action,To enrich,Eurosatory 2026 Catalog
GUMARNY ZUBRI,https://www.guzu.cz/,République tchèque,ZUBRI,,Other,À vérifier,,D,New,Qualifier l'activité avant tout pitch ciblé.,No immediate action,To enrich,Eurosatory 2026 Catalog
GUMI CITY,http://www.gumi.go.kr/,Corée du Sud,GUMI-SI,,Other,À vérifier,16.6,D,New,Qualifier l'activité avant tout pitch ciblé.,No immediate action,Industrial subcontracting / machining,Eurosatory 2026 Catalog
GuS Glass + Safety GmbH & Co. KG,http://www.gus-germany.com/,Allemagne,LUEBBECKE,,Other,À vérifier,,D,New,Qualifier l'activité avant tout pitch ciblé.,No immediate action,To enrich,Eurosatory 2026 Catalog
GuS Periscopes Ltd,http://www.gus-periscopes.com/,Royaume-Uni,Cwmbran,https://www.linkedin.com/company/102276696,Optics / optronics,OEM,79.0,A,New,"Verre spécial, détecteurs, mécanique de précision pour optronique.",Contact sales team and qualify need,Engines / propulsion,Eurosatory 2026 Catalog
H.P. Marketing & Consulting Wüst GmbH,https://hp-jammer.de/,Allemagne,REINFELD,,Counter-UAV,OEM,69.5,B,New,"Fournisseur de RF, radars, optronique et embarqués pour stacks anti-drone.",Review website and validate opportunity,Energy / batteries,Eurosatory 2026 Catalog
H3D,http://www.h3dgamma.com/,États-Unis,ANN ARBOR,https://www.linkedin.com/company/h3d-inc-,UAV / drones,OEM,73.5,B,New,"Fournisseur de batteries, moteurs, optronique, RF, composites pour fabricants UAV.",Review website and validate opportunity,Engines / propulsion,Eurosatory 2026 Catalog
HABIA,https://www.habia.com/,Allemagne,WIPPERFÜRTH,,Other,À vérifier,,D,New,Qualifier l'activité avant tout pitch ciblé.,No immediate action,To enrich,Eurosatory 2026 Catalog
HAERAUX TECHNOLOGIES,https://haeraux.fr/,France,MONTIERCHAUME,,Other,À vérifier,,D,New,Qualifier l'activité avant tout pitch ciblé.,No immediate action,To enrich,Eurosatory 2026 Catalog
Haivision,https://www.haivision.com/,Canada,MONTREAL,,Other,À vérifier,,D,New,Qualifier l'activité avant tout pitch ciblé.,No immediate action,To enrich,Eurosatory 2026 Catalog
HAIX,http://www.haix.com/,Allemagne,MAINBURG,https://de.linkedin.com/company/haixgroup,Other,OEM,53.2,C,New,"Vend des sous-systèmes / composants à un OEM construisant Software / Platforms, Logistics equipment.",Keep in watchlist,Cloud / data services,Eurosatory 2026 Catalog
Halfar System GmbH,http://www.halfar.com/,Allemagne,BIELEFELD,https://www.linkedin.com/company/halfar-system-gmbh/,Naval defense,OEM,44.1,C,New,Vend des sous-systèmes / composants à un OEM construisant leur build line.,Keep in watchlist,Industrial subcontracting / machining,Eurosatory 2026 Catalog
HAMMER WINCH,https://www.hammerwinch.com/,Turquie,ANKARA,,Other,À vérifier,,D,New,Qualifier l'activité avant tout pitch ciblé.,No immediate action,To enrich,Eurosatory 2026 Catalog
"HAMPIAUX SAS ""LE LORRAIN",http://lelorrain.fr/,France,HEILLECOURT,https://www.linkedin.com/company/le-lorrain-hampiaux-sas,Logistics / MRO,OEM,61.1,B,New,"Pièces de rechange, calibration, certification pour acteurs MRO.",Review website and validate opportunity,RF / microwave components,Eurosatory 2026 Catalog
Hanwha,https://www.hanwhaaerospace.co.kr/kor/index.do,Corée du Sud,SEOUL,,Other,À vérifier,,D,New,Qualifier l'activité avant tout pitch ciblé.,No immediate action,To enrich,Eurosatory 2026 Catalog
Hanza,,Finlande,Hattula,,Other,À vérifier,,D,New,Qualifier l'activité avant tout pitch ciblé.,No immediate action,To enrich,Eurosatory 2026 Catalog
HARMATTAN AI,https://www.harmattan.ai/,France,PARIS,https://www.linkedin.com/company/harmattan-ai/,Intelligence / ISR,OEM,78.0,A,New,"Capteurs, payloads optroniques, communications pour plateformes ISR.",Contact sales team and qualify need,Energy / batteries,Eurosatory 2026 Catalog
Harmonic Drive SE,http://www.harmonicdrive.de/,Allemagne,LIMBURG/LAHN,https://www.linkedin.com/company/harmonic-drive-se/posts/?feedView=all,UAV / drones,OEM,73.0,B,New,"Fournisseur de batteries, moteurs, optronique, RF, composites pour fabricants UAV.",Review website and validate opportunity,Electronic components,Eurosatory 2026 Catalog
HATZ,https://www.hatz.com/fr-france/,France,CHASSIEU,https://www.linkedin.com/company/hatz-diesel-france/,Radar / sensors,Bureau d'ingénierie,70.0,B,New,"Front-ends RF, processeurs, mécanique de précision pour fabricants radars.",Review website and validate opportunity,Mechanical parts,Eurosatory 2026 Catalog
HAVELSAN,http://www.havelsan.com/,Turquie,ANKARA,https://tr.linkedin.com/company/havelsan,Naval defense,OEM,82.0,A,New,"Radars, sonars, comms, armement, sustainment pour primes navals.",Contact sales team and qualify need,Energy / batteries,Eurosatory 2026 Catalog
HawAI.tech,https://hawaitech.com/,France,GRENOBLE,,Other,À vérifier,,D,New,Qualifier l'activité avant tout pitch ciblé.,No immediate action,To enrich,Eurosatory 2026 Catalog
HDS,https://www.eas.gr/,Grèce,Hymettus-Athens,https://www.linkedin.com/company/hellenic-defence-systems-s.a./,Weapons,OEM,64.5,B,New,"Vend des sous-systèmes / composants à un OEM construisant Logistics equipment, Vehicles.",Review website and validate opportunity,Mechanical parts,Eurosatory 2026 Catalog
HEADMIND PARTNERS,http://www.headmind.com/,France,PARIS,https://www.linkedin.com/company/headmind-partners,Other,Distributeur,19.6,D,New,Canal de distribution / représentation pour notre portefeuille.,No immediate action,Industrial subcontracting / machining,Eurosatory 2026 Catalog
HEBCO INDUSTRIE,http://hebcoindustrie.com/,France,LAMOTTE BEUVRON,,Other,À vérifier,,D,New,Qualifier l'activité avant tout pitch ciblé.,No immediate action,To enrich,Eurosatory 2026 Catalog
Heckler & Koch GmbH,http://www.heckler-koch.com/,Allemagne,OBERNDORF/NECKAR,,Other,À vérifier,,D,New,Qualifier l'activité avant tout pitch ciblé.,No immediate action,To enrich,Eurosatory 2026 Catalog
HEINZMANN,https://www.heinzmann.com/,Allemagne,SCHÖNAU IM SCHWARZWALD,https://www.linkedin.com/company/heinzmann-gmbh-cokg/,Naval defense,OEM,70.5,B,New,"Radars, sonars, comms, armement, sustainment pour primes navals.",Review website and validate opportunity,Engines / propulsion,Eurosatory 2026 Catalog
HeiQ,http://www.heiq.com/,Suisse,Schlieren,https://www.linkedin.com/company/heiq/,Export / distribution,Distributeur,61.0,B,New,"Vend des sous-systèmes / composants à un OEM construisant Software / Platforms, Communications networks.",Review website and validate opportunity,Cloud / data services,Eurosatory 2026 Catalog
HELLAS SAT,https://www.hellas-sat.net/,Grèce,"Koropi, Athens",,Space / satellite,Distributeur,75.0,A,New,Canal de distribution / représentation pour notre portefeuille.,Contact sales team and qualify need,Composite materials,Eurosatory 2026 Catalog
HELLAS SAT CONSORTIUM LTD,https://www.hellas-sat.net/,Cyprus,KOFINOU,,Space / satellite,Distributeur,75.0,A,New,Canal de distribution / représentation pour notre portefeuille.,Contact sales team and qualify need,Composite materials,Eurosatory 2026 Catalog
Hellwig & Lünenschloss,http://www.hul-gmbh.de/,Allemagne,GEVELSBERG,https://www.linkedin.com/company/37096701/,Other,OEM,37.4,D,New,"Vend des sous-systèmes / composants à un OEM construisant Logistics equipment, Vehicles.",No immediate action,Mechanical parts,Eurosatory 2026 Catalog
HELSING,https://helsing.ai/,France,PARIS,,Other,À vérifier,,D,New,Qualifier l'activité avant tout pitch ciblé.,No immediate action,To enrich,Eurosatory 2026 Catalog
Hemco d.o.o.,https://www.hemco.hr/,Croatie,Dakovo,,Soldier systems,OEM,56.5,C,New,"Textiles, composites, optronique, énergie pour kits soldat.",Keep in watchlist,Mechanical parts,Eurosatory 2026 Catalog
HEMERIA,http://www.hemeria-group.com/,France,TOULOUSE CEDEX 1,https://www.facebook.com/hemeriaofficiel/,Intelligence / ISR,OEM,71.5,B,New,"Capteurs, payloads optroniques, communications pour plateformes ISR.",Review website and validate opportunity,Energy / batteries,Eurosatory 2026 Catalog
Hensoldt AG,http://www.hensoldt.net/,Allemagne,TAUFKIRCHEN,https://www.linkedin.com/company/hensoldt/,Intelligence / ISR,OEM,82.0,A,New,"Capteurs, payloads optroniques, communications pour plateformes ISR.",Contact sales team and qualify need,Engines / propulsion,Eurosatory 2026 Catalog
Hero Gears A/S,http://www.herogears.com/,Danemark,Ishøj,https://www.linkedin.com/company/hero-gears-a-s,Naval defense,OEM,76.0,A,New,"Radars, sonars, comms, armement, sustainment pour primes navals.",Contact sales team and qualify need,"Raw materials (steel, aluminium)",Eurosatory 2026 Catalog
HERTZ NEW TECHNOLOGIES SP. Z O.O.,https://hertznt.eu/,Pologne,ZIELONA GÓRA,,Electronic warfare,OEM,77.0,A,New,"Amplis RF, processeurs signal, embarqué, antennes pour EW.",Contact sales team and qualify need,Energy / batteries,Eurosatory 2026 Catalog
Hessapp / FFG Werke GmbH,https://www.ffg-ea.com/,Allemagne,Taunusstein-Hahn,,Other,OEM,35.9,D,New,Vend des sous-systèmes / composants à un OEM construisant Software / Platforms.,No immediate action,Cloud / data services,Eurosatory 2026 Catalog
Heven AeroTech,http://www.hevenaerotech.com/,États-Unis,STERLING,https://www.linkedin.com/company/hevenaerotech/,Other,À vérifier,16.6,D,New,Qualifier l'activité avant tout pitch ciblé.,No immediate action,Industrial subcontracting / machining,Eurosatory 2026 Catalog
HEVI Optronics,https://www.hevioptronics.com/,Estonie,Vääna,,Intelligence / ISR,OEM,68.0,B,New,"Capteurs, payloads optroniques, communications pour plateformes ISR.",Review website and validate opportunity,Engines / propulsion,Eurosatory 2026 Catalog
Hewlett Packard Enterprise (HPE),http://www.hpe.com/fr,France,PUTEAUX,https://www.linkedin.com/company/hewlett-packard-enterprise,Other,À vérifier,18.6,D,New,Qualifier l'activité avant tout pitch ciblé.,No immediate action,Industrial subcontracting / machining,Eurosatory 2026 Catalog
Hexagon | NovAtel,http://novatel.com/industries/defense,Canada,Edmonton,https://www.linkedin.com/company/novatel,Space / satellite,OEM,54.6,C,New,"Composites, capteurs, comms, lancement pour primes spatiaux.",Keep in watchlist,Electronic components,Eurosatory 2026 Catalog
HEXCEL,http://www.hexcel.com/,France,DAGNEUX,https://www.linkedin.com/company/hexcel-corporation/,Space / satellite,Distributeur,74.0,B,New,"Composites, capteurs, comms, lancement pour primes spatiaux.",Review website and validate opportunity,Engines / propulsion,Eurosatory 2026 Catalog
HGH,http://hgh-infrared.com/,France,IGNY,https://www.linkedin.com/showcase/wide-area-surveillance-was/posts/?feedView=all,Electronic warfare,OEM,76.5,A,New,"Amplis RF, processeurs signal, embarqué, antennes pour EW.",Contact sales team and qualify need,Engines / propulsion,Eurosatory 2026 Catalog
HGXR,https://www.hgxr.com/,Allemagne,MÜNCHEN,https://www.linkedin.com/company/18116130/,Other,À vérifier,16.6,D,New,Qualifier l'activité avant tout pitch ciblé.,No immediate action,Industrial subcontracting / machining,Eurosatory 2026 Catalog
"HIAB LIMITED, Defence Logistics",http://www.hiab.com/,Royaume-Uni,ELLESMERE,,Other,À vérifier,,D,New,Qualifier l'activité avant tout pitch ciblé.,No immediate action,To enrich,Eurosatory 2026 Catalog
HICO GROUP GMBH,https://www.hico-group.com/,Autriche,WIEN,,AI / data,OEM,66.4,B,New,"GPUs, cloud, data annotation, hardening cyber pour plateforme IA.",Review website and validate opportunity,Cloud / data services,Eurosatory 2026 Catalog
Hidraulika Kurelja d.o.o.,https://www.hidraulika-kurelja.hr/,Croatie,Donja Stubica,,Air defense,OEM,50.2,C,New,"Vend des sous-systèmes / composants à un OEM construisant Software / Platforms, Logistics equipment.",Keep in watchlist,Cloud / data services,Eurosatory 2026 Catalog
HIDROFIL,https://www.hidrofil.com.tr/,Turquie,ANKARA,,Other,À vérifier,,D,New,Qualifier l'activité avant tout pitch ciblé.,No immediate action,To enrich,Eurosatory 2026 Catalog
HIFI FILTER,http://hifi-filter.com/fr/,France,PONTARLIER CEDEX,https://www.linkedin.com/company/hififilter/,Logistics / MRO,À vérifier,47.6,C,New,"Pièces de rechange, calibration, certification pour acteurs MRO.",Keep in watchlist,Industrial subcontracting / machining,Eurosatory 2026 Catalog
HIGH TECH CERAM,http://www.rubis-precis.com/,France,DARVAULT,https://www.linkedin.com/company/group-rubis-precis/,Radar / sensors,OEM,69.0,B,New,"Front-ends RF, processeurs, mécanique de précision pour fabricants radars.",Review website and validate opportunity,RF / microwave components,Eurosatory 2026 Catalog
HIOLLE TECHNOLOGIES,https://www.hiolle-technologies.fr/,France,PROUVY,https://www.linkedin.com/company/hiolle-technologies/,Logistics / MRO,Distributeur,60.9,B,New,"Pièces de rechange, calibration, certification pour acteurs MRO.",Review website and validate opportunity,Mechanical parts,Eurosatory 2026 Catalog
HI-REL SOLUTIONS BY STELIAU TECHNOLOGY,http://steliau-hirel.com/,Italie,MILAN,https://www.linkedin.com/company/hi-rel-solutions-by-steliau-technology,Space / satellite,Distributeur,73.0,B,New,"Composites, capteurs, comms, lancement pour primes spatiaux.",Review website and validate opportunity,Industrial subcontracting / machining,Eurosatory 2026 Catalog
HIRTENBERGER DEFENCE EUROPE GMBH,https://hds.hirtenberger.com/,Autriche,HIRTENBERG,,Other,À vérifier,,D,New,Qualifier l'activité avant tout pitch ciblé.,No immediate action,To enrich,Eurosatory 2026 Catalog
HITEC Luxembourg S.A.,http://www.hitec.lu/,Luxembourg,MAMER,https://www.linkedin.com/company/hitec-luxembourg,Communications,OEM,79.5,A,New,"RF, crypto, certification interopérabilité pour radios tactiques.",Contact sales team and qualify need,Engines / propulsion,Eurosatory 2026 Catalog
HMK BILCON A/S,https://www.hmkbilcon.com/,Danemark,GISTRUP,,Other,À vérifier,,D,New,Qualifier l'activité avant tout pitch ciblé.,No immediate action,To enrich,Eurosatory 2026 Catalog
HOFFMANN Group,http://www.hoffmann-group.com/FR/fr/hof/,France,DRUSENHEIM,https://www.linkedin.com/company/hoffmann-group-france,Radar / sensors,OEM,77.5,A,New,"Front-ends RF, processeurs, mécanique de précision pour fabricants radars.",Contact sales team and qualify need,Electronic components,Eurosatory 2026 Catalog
Holík International s.r.o.,http://www.holik-international.com/,République tchèque,ZLÍN 12,,Other,À vérifier,,D,New,Qualifier l'activité avant tout pitch ciblé.,No immediate action,To enrich,Eurosatory 2026 Catalog
Hologarde,http://hologarde.com/,France,PARAY-VIEILLE-POSTE,https://www.linkedin.com/company/hologarde/,Radar / sensors,OEM,63.5,B,New,"Front-ends RF, processeurs, mécanique de précision pour fabricants radars.",Review website and validate opportunity,Energy / batteries,Eurosatory 2026 Catalog
Honeywell,http://automation.honeywell.com/gb/en/industries/aerospace,France,RICHARDSON,https://www.linkedin.com/showcase/honeywell-ia,Radar / sensors,OEM,80.0,A,New,"Front-ends RF, processeurs, mécanique de précision pour fabricants radars.",Contact sales team and qualify need,Electronic components,Eurosatory 2026 Catalog
HORNET,https://www.arquus-defense.com/fr,France,GUYANCOURT,,Other,À vérifier,,D,New,Qualifier l'activité avant tout pitch ciblé.,No immediate action,To enrich,Eurosatory 2026 Catalog
HORSTMAN GROUP,http://www.horstman.co.uk/,Royaume-Uni,BATH,,Other,À vérifier,,D,New,Qualifier l'activité avant tout pitch ciblé.,No immediate action,To enrich,Eurosatory 2026 Catalog
HOUTRIS,https://www.houtris.com/,Cyprus,LARNACA,,Armored vehicles,OEM,71.5,B,New,"Vend des sous-systèmes / composants à un OEM construisant Vehicles, Communications networks.",Review website and validate opportunity,Engines / propulsion,Eurosatory 2026 Catalog
HOWA TRAMICO,https://www.howa-tramico.fr/,France,BRIONNE,,Other,À vérifier,,D,New,Qualifier l'activité avant tout pitch ciblé.,No immediate action,To enrich,Eurosatory 2026 Catalog
HP INC.,http://www.hp.com/,États-Unis,PALO ALTO,,Cybersecurity,Distributeur,77.0,A,New,"Threat intel, hardware appliances, cloud souverain, audits.",Contact sales team and qualify need,Engines / propulsion,Eurosatory 2026 Catalog
HP MEDIZINTECHNIK GMBH,http://www.hp-med.com/,Allemagne,OBERSCHLEISSHEIM,https://www.linkedin.com/company/hp-med,Armored vehicles,OEM,61.5,B,New,"Moteurs, composites, plaques balistiques, optronique, comms pour OEM blindés.",Review website and validate opportunity,Electronic components,Eurosatory 2026 Catalog
HPI HIGH PRESSURE INSTRUMENTATION,http://www.hpi-gmbh.com/,Autriche,GRAZ,,Other,À vérifier,,D,New,Qualifier l'activité avant tout pitch ciblé.,No immediate action,To enrich,Eurosatory 2026 Catalog
HPRC | Plaber S.r.l.,http://www.hprc.it/,Italie,BASSANO DEL GRAPPA,https://www.linkedin.com/company/hprccases,UAV / drones,OEM,71.0,B,New,Sub-system / payload pour OEM drones tactiques.,Review website and validate opportunity,Mechanical parts,Eurosatory 2026 Catalog
HPS SAPEM,http://www.sapem-sa.com/,France,CIZELY,https://www.linkedin.com/company/sapem-sa/,Electronic warfare,Bureau d'ingénierie,67.0,B,New,"Amplis RF, processeurs signal, embarqué, antennes pour EW.",Review website and validate opportunity,Cloud / data services,Eurosatory 2026 Catalog
HS PRODUKT d.o.o.,https://www.hs-produkt.hr/,Croatie,KARLOVAC,,Other,À vérifier,,D,New,Qualifier l'activité avant tout pitch ciblé.,No immediate action,To enrich,Eurosatory 2026 Catalog
HT DIVISION ZRT,https://www.htdivision.com/,Hongrie,BUDAPEST,,Other,À vérifier,,D,New,Qualifier l'activité avant tout pitch ciblé.,No immediate action,To enrich,Eurosatory 2026 Catalog
HT-NOVA LIMITED COMPANY,http://www.htnova.com/,Chine,BEIJING,,Intelligence / ISR,OEM,67.0,B,New,"Capteurs, payloads optroniques, communications pour plateformes ISR.",Review website and validate opportunity,Engines / propulsion,Eurosatory 2026 Catalog
HTS TENTIQ,http://www.hts-tentiq.com/,Allemagne,KEFENROD,https://www.linkedin.com/company/hts-tentiq/?originalSubdomain=de,Logistics / MRO,Distributeur,76.5,A,New,"Pièces de rechange, calibration, certification pour acteurs MRO.",Contact sales team and qualify need,Engines / propulsion,Eurosatory 2026 Catalog
https://www.linkedin.com/company/weinberg-capital-,http://www.weinbergcapital.com/,France,PARIS,https://www.linkedin.com/company/weinberg-capital-partners/?viewAsMember=true,Other,OEM,44.1,C,New,"Vend des sous-systèmes / composants à un OEM construisant Vehicles, Communications networks.",Keep in watchlist,Engines / propulsion,Eurosatory 2026 Catalog
"HUBER+SUHNER, Inc.",https://www.hubersuhner.com/,États-Unis,Charlotte,,Other,À vérifier,,D,New,Qualifier l'activité avant tout pitch ciblé.,No immediate action,To enrich,Eurosatory 2026 Catalog
HÜBNER GMBH & CO. KG,http://www.hubner-group.com/,Allemagne,KASSEL,https://www.linkedin.com/company/hubner-group/,C4ISR,OEM,80.0,A,New,"Composants, sous-systèmes, software, services pour primes C4ISR.",Contact sales team and qualify need,Cloud / data services,Eurosatory 2026 Catalog
HUIZHOU WES NEW ENERGY LIMITED COMPANY,http://www.wesbattery.com/,Chine,HUIZHOU,https://www.linkedin.com/in/qu-yuan-04050356/,UAV / drones,OEM,59.0,C,New,Sub-system / payload pour OEM drones tactiques.,Keep in watchlist,Energy / batteries,Eurosatory 2026 Catalog
Huless,https://huless.com/,Royaume-Uni,HARPENDEN,https://www.linkedin.com/company/huless/,Other,À vérifier,19.6,D,New,Qualifier l'activité avant tout pitch ciblé.,No immediate action,Industrial subcontracting / machining,Eurosatory 2026 Catalog
"HUNAN KINGCERA ENGINEERING CO.,LTD",http://www.kingcera.com/,Chine,HUNAN,,Ballistic protection,Distributeur,61.4,B,New,Canal de distribution / représentation pour notre portefeuille.,Review website and validate opportunity,Composite materials,Eurosatory 2026 Catalog
HURON GRAFFENSTADEN,http://www.huron.fr/,France,ESCHAU,https://www.linkedin.com/in/hurongraffenstaden/,AI / data,OEM,67.8,B,New,"GPUs, cloud, data annotation, hardening cyber pour plateforme IA.",Review website and validate opportunity,Mechanical parts,Eurosatory 2026 Catalog
Hutchinson Industries,http://www.hutchinson.com/,France,CHATELLERAULT CEDEX,,UAV / drones,OEM,72.6,B,New,"Fournisseur de batteries, moteurs, optronique, RF, composites pour fabricants UAV.",Review website and validate opportunity,Energy / batteries,Eurosatory 2026 Catalog
Hydrema Danmark,,Danemark,Støvring,,Other,À vérifier,,D,New,Qualifier l'activité avant tout pitch ciblé.,No immediate action,To enrich,Eurosatory 2026 Catalog
Hydrema Export,https://hydrema-defence.com/,Danemark,STØVRING,,Other,À vérifier,,D,New,Qualifier l'activité avant tout pitch ciblé.,No immediate action,To enrich,Eurosatory 2026 Catalog
HYDRO LEDUC SAS,http://hydroleduc.com/,France,AZERAILLES,https://www.linkedin.com/company/hydro-leduc/,UAV / drones,OEM,69.5,B,New,"Fournisseur de batteries, moteurs, optronique, RF, composites pour fabricants UAV.",Review website and validate opportunity,Energy / batteries,Eurosatory 2026 Catalog
Hyperbunker d.o.o.,https://www.hyperbunker.com/,Croatie,Zagreb,,Other,À vérifier,15.6,D,New,Qualifier l'activité avant tout pitch ciblé.,No immediate action,Industrial subcontracting / machining,Eurosatory 2026 Catalog
HYPSUS MÜHENDISLIK VE SÜSPANSIYON SISTEMLERI ANONIM SIRKETI,https://www.hypsus.com.tr/,Turquie,Ankara,,Other,À vérifier,,D,New,Qualifier l'activité avant tout pitch ciblé.,No immediate action,To enrich,Eurosatory 2026 Catalog
HYUNDAI ROTEM COMPANY,http://www.hyundai-rotem.co.kr/en/main/index.do,Corée du Sud,"Uiwang-si, Gyeonggi-do",,Armored vehicles,OEM,48.8,C,New,Vend des sous-systèmes / composants à un OEM construisant Vehicles.,Keep in watchlist,Engines / propulsion,Eurosatory 2026 Catalog
HYUNDAI WIA Corp.,,Corée du Sud,Changwon-si,,Other,À vérifier,,D,New,Qualifier l'activité avant tout pitch ciblé.,No immediate action,To enrich,Eurosatory 2026 Catalog
"i3system, inc.",http://www.i3system.com/,Corée du Sud,DAEJEON,,Other,À vérifier,,D,New,Qualifier l'activité avant tout pitch ciblé.,No immediate action,To enrich,Eurosatory 2026 Catalog
I-4S GROUP SAS,http://www.i-4s.eu/,France,GROSTENQUIN,,Other,À vérifier,,D,New,Qualifier l'activité avant tout pitch ciblé.,No immediate action,To enrich,Eurosatory 2026 Catalog
IABG,http://www.iabg.de/,Allemagne,OTTOBRUNN,,Electronic warfare,Distributeur,75.5,A,New,"Amplis RF, processeurs signal, embarqué, antennes pour EW.",Contact sales team and qualify need,Energy / batteries,Eurosatory 2026 Catalog
IAI - ISRAEL AEROSPACE INDUSTRIES,http://www.iai.co.il/,Israël,LOD,,Other,À vérifier,,D,New,Qualifier l'activité avant tout pitch ciblé.,No immediate action,To enrich,Eurosatory 2026 Catalog
IANUS CONSULTING LTD,https://ianus-consulting.com/,Cyprus,LARNACA,https://www.linkedin.com/company/ianus-consulting/?viewAsMember=true,Other,À vérifier,5.0,D,New,Qualifier l'activité avant tout pitch ciblé.,No immediate action,To enrich,Eurosatory 2026 Catalog
IANUS TECHNOLOGIES LTD,https://ianus-consulting.com/,Grèce,ATHENS,https://www.linkedin.com/company/ianus-consulting/?viewAsMember=true,Other,À vérifier,5.0,D,New,Qualifier l'activité avant tout pitch ciblé.,No immediate action,To enrich,Eurosatory 2026 Catalog
IAV,http://www.iav.com/,Allemagne,BERLIN,https://www.linkedin.com/company/iav-gmbh,UAV / drones,OEM,76.5,A,New,"Fournisseur de batteries, moteurs, optronique, RF, composites pour fabricants UAV.",Contact sales team and qualify need,Engines / propulsion,Eurosatory 2026 Catalog
ICARUS SWARMS,https://www.icarusswarms.ai/,France,BÈGLES,,Other,À vérifier,,D,New,Qualifier l'activité avant tout pitch ciblé.,No immediate action,To enrich,Eurosatory 2026 Catalog
iCOMAT,https://www.icomat.co.uk/,Grèce,Athens,,Export / distribution,Distributeur,52.9,C,New,Activité à qualifier — discovery call avant pitch précis.,Keep in watchlist,Cloud / data services,Eurosatory 2026 Catalog
ICPE ELECTRIC MOTORS,http://www.icpe-em.ro/,Roumanie,BUCURESTI,,Other,À vérifier,,D,New,Qualifier l'activité avant tout pitch ciblé.,No immediate action,To enrich,Eurosatory 2026 Catalog
ID SYSTEM,https://idsystem.fr/,France,MESANGER,,Other,À vérifier,,D,New,Qualifier l'activité avant tout pitch ciblé.,No immediate action,To enrich,Eurosatory 2026 Catalog
idD Portugal Defence,https://www.iddportugal.pt/,Portugal,LISBOA,,Electronic warfare,OEM,77.5,A,New,"Amplis RF, processeurs signal, embarqué, antennes pour EW.",Contact sales team and qualify need,Mechanical parts,Eurosatory 2026 Catalog
IDDEA,https://mega-defence.com/,Belgique,ANDENNE,,Other,À vérifier,,D,New,Qualifier l'activité avant tout pitch ciblé.,No immediate action,To enrich,Eurosatory 2026 Catalog
IDONIAL,https://www.idonial.com/,Espagne,"Gijón, Asturias",,Other,À vérifier,,D,New,Qualifier l'activité avant tout pitch ciblé.,No immediate action,To enrich,Eurosatory 2026 Catalog
IFS EXHIBITION,https://www.ifsexhibition.com/,Turquie,ISTANBUL,,UAV / drones,OEM,56.3,C,New,Sub-system / payload pour OEM drones tactiques.,Keep in watchlist,Energy / batteries,Eurosatory 2026 Catalog
IGMAN d.d. Konjic,http://www.igman.co.ba/,Bosnia and Herzegovina,KONJIC,,Weapons,OEM,62.9,B,New,"Vend des sous-systèmes / composants à un OEM construisant Ammunition, Logistics equipment.",Review website and validate opportunity,Energetic materials,Eurosatory 2026 Catalog
IHI CORPORATION,https://www.ihi.co.jp/en/,Japon,TOKYO,,Other,À vérifier,,D,New,Qualifier l'activité avant tout pitch ciblé.,No immediate action,To enrich,Eurosatory 2026 Catalog
ILS - Institut de Recherches de Saint-Louis,https://www.isl.eu/,France,ST LOUIS,,Naval defense,OEM,78.0,A,New,"Radars, sonars, comms, armement, sustainment pour primes navals.",Contact sales team and qualify need,Electronic components,Eurosatory 2026 Catalog
iMAR Navigation GmbH,http://www.imar-navigation.de/,Allemagne,ST. INGBERT,https://www.linkedin.com/company/2657041,Naval defense,OEM,78.5,A,New,"Radars, sonars, comms, armement, sustainment pour primes navals.",Contact sales team and qualify need,Electronic components,Eurosatory 2026 Catalog
IMCO INDUSTRIES ltd,http://www.imco-ind.com/,Israël,CAESAREA,https://www.linkedin.com/company/imco-industried-ltd./,Naval defense,OEM,78.5,A,New,"Radars, sonars, comms, armement, sustainment pour primes navals.",Contact sales team and qualify need,Engines / propulsion,Eurosatory 2026 Catalog
IMEAR S.R.L.,http://www.cobogroup.net/,Italie,BAGNOLO MELLA - BRESCIA,,Other,À vérifier,,D,New,Qualifier l'activité avant tout pitch ciblé.,No immediate action,To enrich,Eurosatory 2026 Catalog
IMMI,https://www.imminet.com/,États-Unis,WESTFIELD,,Logistics / MRO,OEM,52.8,C,New,Vend des sous-systèmes / composants à un OEM construisant Vehicles.,Keep in watchlist,Engines / propulsion,Eurosatory 2026 Catalog
IMPACT,https://sas-impact.fr/,France,ORLEANS,,Other,À vérifier,,D,New,Qualifier l'activité avant tout pitch ciblé.,No immediate action,To enrich,Eurosatory 2026 Catalog
Impact Innovations,https://www.impact-innovations.com/,Allemagne,RATTENKIRCHEN,https://www.linkedin.com/company/impact-innovations-gmbh/,Space / satellite,OEM,78.0,A,New,"Composites, capteurs, comms, lancement pour primes spatiaux.",Contact sales team and qualify need,Mechanical parts,Eurosatory 2026 Catalog
IMS France,http://www.imsfrance.com/,France,Bruyères-sur-Oise,https://www.linkedin.com/showcase/ims-france/,Intelligence / ISR,OEM,53.5,C,New,"Capteurs, payloads optroniques, communications pour plateformes ISR.",Keep in watchlist,Mechanical parts,Eurosatory 2026 Catalog
"IMSAR, LLC",https://www.imsar.com/,États-Unis,SPRINGVILLE,,Intelligence / ISR,OEM,80.5,A,New,"Capteurs, payloads optroniques, communications pour plateformes ISR.",Contact sales team and qualify need,Energy / batteries,Eurosatory 2026 Catalog
Independent Forgings and Alloys Ltd,,Royaume-Uni,Sheffield,,Other,À vérifier,,D,New,Qualifier l'activité avant tout pitch ciblé.,No immediate action,To enrich,Eurosatory 2026 Catalog
INDEX France Sarl,https://www.index-group.com/fr,France,VILLEBON-SUR-YVETTE,www.linkedin.com/company/index-france-sarl,Simulation / training,OEM,65.5,B,New,"Visuel, motion, haptique, IA pour fabricants de simulateurs.",Review website and validate opportunity,Electronic components,Eurosatory 2026 Catalog
India Optel Limited,https://www.indiaoptel.in/,Inde,"Raipur, Dehradun",,Other,À vérifier,,D,New,Qualifier l'activité avant tout pitch ciblé.,No immediate action,To enrich,Eurosatory 2026 Catalog
INDO DEFENCE 2027 EXPO & FORUM,https://indodefence.com/,Indonésie,JAKARTA,https://www.linkedin.com/showcase/indo-defence/,Electronic warfare,Distributeur,78.5,A,New,"Amplis RF, processeurs signal, embarqué, antennes pour EW.",Contact sales team and qualify need,Mechanical parts,Eurosatory 2026 Catalog
Indra Group,http://wwww.indracompany.com/,Espagne,MADRID,https://www.linkedin.com/company/indra/posts/?feedView=all,Other,À vérifier,17.6,D,New,Qualifier l'activité avant tout pitch ciblé.,No immediate action,Industrial subcontracting / machining,Eurosatory 2026 Catalog
INDUSTEEL FRANCE,http://industeel.arcelormittal.com/,France,LE CREUSOT CEDEX,,Other,À vérifier,,D,New,Qualifier l'activité avant tout pitch ciblé.,No immediate action,To enrich,Eurosatory 2026 Catalog
Industria de Material Bélico do Brasil - IMBEL,http://www.imbel.gov.br/,Brésil,BRASILIA,,Other,À vérifier,,D,New,Qualifier l'activité avant tout pitch ciblé.,No immediate action,To enrich,Eurosatory 2026 Catalog
INDUSTRIAL OLMAR,https://www.olmar.com/,Espagne,"Gijón, Asturias",,Other,À vérifier,,D,New,Qualifier l'activité avant tout pitch ciblé.,No immediate action,To enrich,Eurosatory 2026 Catalog
INEO DEFENSE,https://equans.fr/,France,VELIZY VILLACOUBLAY,,Other,À vérifier,,D,New,Qualifier l'activité avant tout pitch ciblé.,No immediate action,To enrich,Eurosatory 2026 Catalog
"Inertial Labs, a VIAVI Solutions Company",http://www.intertiallabs.com/,États-Unis,Paeonian Springs,https://www.linkedin.com/company/inertial-labs-inc,Other,À vérifier,20.6,D,New,Qualifier l'activité avant tout pitch ciblé.,No immediate action,Industrial subcontracting / machining,Eurosatory 2026 Catalog
INFINITY SAFE TECNOLOGIA EM SEGURANÇA,,Brésil,SÃO PAULO - SP,,Other,À vérifier,,D,New,Qualifier l'activité avant tout pitch ciblé.,No immediate action,To enrich,Eurosatory 2026 Catalog
"Inflatable 2000, Inc.",https://www.i2kdefense.com/,Puerto Rico,SAN JUAN,,UAV / drones,OEM,69.5,B,New,Sub-system / payload pour OEM drones tactiques.,Review website and validate opportunity,Engines / propulsion,Eurosatory 2026 Catalog
INFODEFENSA.COM,http://www.infodefensa.com/,Espagne,MADRID,https://www.linkedin.com/company/infodefensa/posts/?feedView=all,UAV / drones,OEM,68.5,B,New,Sub-system / payload pour OEM drones tactiques.,Review website and validate opportunity,Energy / batteries,Eurosatory 2026 Catalog
INFODIP,https://www.infodip.com/,France,SAINT-LEU-LA-FORÊT,https://www.linkedin.com/company/infodip/?viewAsMember=true,Space / satellite,OEM,71.4,B,New,"Vend des sous-systèmes / composants à un OEM construisant Software / Platforms, Communications networks.",Review website and validate opportunity,Cloud / data services,Eurosatory 2026 Catalog
INGUAR-DEFENCE,http://www.inguardefence.com/,Ukraine,KYIV,https://www.linkedin.com/company/inguar-defence,Armored vehicles,OEM,67.1,B,New,"Vend des sous-systèmes / composants à un OEM construisant Vehicles, Weapons.",Review website and validate opportunity,Engines / propulsion,Eurosatory 2026 Catalog
INKOP OBUCA LTD.,http://www.inkop.hr/,Croatie,POZNANOVEC,,Other,OEM,38.4,D,New,Vend des sous-systèmes / composants à un OEM construisant Logistics equipment.,No immediate action,Mechanical parts,Eurosatory 2026 Catalog
Innovation Agency Lithuania,https://inovacijuagentura.lt/?lang=lt,Lituanie,VILNIUS,,Other,À vérifier,,D,New,Qualifier l'activité avant tout pitch ciblé.,No immediate action,To enrich,Eurosatory 2026 Catalog
INOVEOS,https://www.inoveos.com/,France,RIVE-LA-GAILLARDE,,Other,À vérifier,,D,New,Qualifier l'activité avant tout pitch ciblé.,No immediate action,To enrich,Eurosatory 2026 Catalog
INPIXAL,http://www.inpixal.com/,France,RENNES,,Other,À vérifier,,D,New,Qualifier l'activité avant tout pitch ciblé.,No immediate action,To enrich,Eurosatory 2026 Catalog
"INSOPACK CO.,Ltd.",http://www.insopack.co.kr/eng/main/main.html,Corée du Sud,"Gumi-si, Gyeonbuk",,Other,À vérifier,,D,New,Qualifier l'activité avant tout pitch ciblé.,No immediate action,To enrich,Eurosatory 2026 Catalog
Insta,http://www.insta.fi/en/,Finlande,Tampere,https://www.linkedin.com/showcase/insta-defence-and-aviation/,Cybersecurity,OEM,79.0,A,New,"Threat intel, hardware appliances, cloud souverain, audits.",Contact sales team and qualify need,Engines / propulsion,Eurosatory 2026 Catalog
Instagrid,http://instagrid.co/,Allemagne,LUDWIGSBURG,https://www.linkedin.com/company/instagrid/,Logistics / MRO,Distributeur,77.9,A,New,Canal de distribution / représentation pour notre portefeuille.,Contact sales team and qualify need,"Materials (Li-ion, electrolytes)",Eurosatory 2026 Catalog
INSTALAZA,http://www.instalaza.com/,Espagne,ZARAGOZA,,Radar / sensors,OEM,49.0,C,New,"Front-ends RF, processeurs, mécanique de précision pour fabricants radars.",Keep in watchlist,Electronic components,Eurosatory 2026 Catalog
INSTITUT CARNOT MICA,http://www.carnot-mica.fr/,France,MULHOUSE,https://www.linkedin.com/company/carnot-mica/,Simulation / training,À vérifier,34.1,D,New,Qualifier l'activité avant tout pitch ciblé.,No immediate action,Industrial subcontracting / machining,Eurosatory 2026 Catalog
INTAP ADVANCED TECHNOLOGY SP. Z O.O. SP.K.,https://www.intap.com.pl/,Pologne,Bukowiec,,Radar / sensors,Sous-traitant industriel,58.1,C,New,"Front-ends RF, processeurs, mécanique de précision pour fabricants radars.",Keep in watchlist,Mechanical parts,Eurosatory 2026 Catalog
INTEGRIS COMPOSITES,https://www.integriscomposites.com/,Pays-Bas,AMSTERDAM,https://www.linkedin.com/company/tencate-advanced-armour,Electronic warfare,OEM,82.0,A,New,"Amplis RF, processeurs signal, embarqué, antennes pour EW.",Contact sales team and qualify need,Engines / propulsion,Eurosatory 2026 Catalog
Intelic,http://www.intelic.ai/,Pays-Bas,AMSTERDAM,https://nl.linkedin.com/company/intelic-ai,Electronic warfare,Distributeur,73.5,B,New,"Amplis RF, processeurs signal, embarqué, antennes pour EW.",Review website and validate opportunity,Engines / propulsion,Eurosatory 2026 Catalog
INTERFACE CONCEPT,https://www.interfaceconcept.com/,France,QUIMPER,,Other,À vérifier,,D,New,Qualifier l'activité avant tout pitch ciblé.,No immediate action,To enrich,Eurosatory 2026 Catalog
INTERNATIONAL ARMORED GROUP,https://www.interarmored.com/,Émirats arabes unis,RAS AL KHAIMAH,https://www.linkedin.com/company/international-armored-group,Armored vehicles,OEM,81.0,A,New,"Moteurs, composites, plaques balistiques, optronique, comms pour OEM blindés.",Contact sales team and qualify need,Engines / propulsion,Eurosatory 2026 Catalog
International Parts Supply (IPS),https://www.ipscorpusa.com/,États-Unis,Edina,,Other,À vérifier,,D,New,Qualifier l'activité avant tout pitch ciblé.,No immediate action,To enrich,Eurosatory 2026 Catalog
INTRACOM DEFENSE S.A. (IDE),http://www.intracomdefense.com/,Grèce,KOROPI ATTICA,https://www.linkedin.com/company/intracom-defense/,Electronic warfare,Intégrateur,78.0,A,New,"Amplis RF, processeurs signal, embarqué, antennes pour EW.",Contact sales team and qualify need,Engines / propulsion,Eurosatory 2026 Catalog
INVERNIZZI PRESSE,http://www.invernizzi.com/,Italie,PESCATE,https://www.linkedin.com/company/invernizzi-presse/?originalSubdomain=it,Ammunition,OEM,65.0,B,New,"Matériaux énergétiques, mécanique, packaging, certification.",Review website and validate opportunity,Energetic materials,Eurosatory 2026 Catalog
INVESTMENT AND DEVELOPMENT AGENCY OF LATVIA,https://www.liaa.gov.lv/en,Lettonie,RIGA,https://www.linkedin.com/company/invest-in-latvia/,Optics / optronics,Distributeur,80.0,A,New,"Verre spécial, détecteurs, mécanique de précision pour optronique.",Contact sales team and qualify need,Electronic components,Eurosatory 2026 Catalog
INVISIO,http://www.invisio.com/,France,MONTIGNY-LE-BRETONNEUX,,Other,À vérifier,,D,New,Qualifier l'activité avant tout pitch ciblé.,No immediate action,To enrich,Eurosatory 2026 Catalog
IPO TECHNOLOGIE,http://www.ipo-sa.com/,France,DECINES-CHARPIEU,https://www.linkedin.com/company/ipo-technologie/,Logistics / MRO,Distributeur,59.9,C,New,"Pièces de rechange, calibration, certification pour acteurs MRO.",Keep in watchlist,Mechanical parts,Eurosatory 2026 Catalog
iprotex GmbH & Co.KG,http://www.iprotex.com/,Allemagne,Münchberg,,Logistics / MRO,Distributeur,67.0,B,New,"Vend des sous-systèmes / composants à un OEM construisant Software / Platforms, Logistics equipment.",Review website and validate opportunity,Cloud / data services,Eurosatory 2026 Catalog
"IQ BRAND, DESIGN & PRODUCTION GMBH",,Autriche,SCHLITTERS,,Other,À vérifier,,D,New,Qualifier l'activité avant tout pitch ciblé.,No immediate action,To enrich,Eurosatory 2026 Catalog
IRAUNDI,http://iraundi.com/,Espagne,/ BERGARA (GUIPÚZCOA),https://linkedin.com/company/iraundi/,Soldier systems,OEM,69.1,B,New,"Textiles, composites, optronique, énergie pour kits soldat.",Review website and validate opportunity,Mechanical parts,Eurosatory 2026 Catalog
"IRMAXTEC Technology Co., Ltd.",http://www.irmaxtec.com/,Chine,HANGZHOU,,Optics / optronics,OEM,46.4,C,New,Vend des sous-systèmes / composants à un OEM construisant Optronics / Optics.,Keep in watchlist,Electronic components,Eurosatory 2026 Catalog
IRnova AB,http://www.ir-nova.se/,Suède,KISTA,,Other,À vérifier,4.0,D,New,Qualifier l'activité avant tout pitch ciblé.,No immediate action,To enrich,Eurosatory 2026 Catalog
IRON cluster,https://ironcluster.org/eng-home,Ukraine,LVIV,https://www.linkedin.com/company/iron-cluster/,UAV / drones,OEM,71.0,B,New,"Fournisseur de batteries, moteurs, optronique, RF, composites pour fabricants UAV.",Review website and validate opportunity,Energy / batteries,Eurosatory 2026 Catalog
IRTS,https://www.irts.fr/,France,LA GARDE,,Other,À vérifier,,D,New,Qualifier l'activité avant tout pitch ciblé.,No immediate action,To enrich,Eurosatory 2026 Catalog
IrvinGQ®,http://www.irvingq.com/,Royaume-Uni,BRIDGEND,,Other,À vérifier,,D,New,Qualifier l'activité avant tout pitch ciblé.,No immediate action,To enrich,Eurosatory 2026 Catalog
ISD,http://www.isd-sa.com/,France,VERSAILLES,,Logistics / MRO,À vérifier,51.6,C,New,"Pièces de rechange, calibration, certification pour acteurs MRO.",Keep in watchlist,Industrial subcontracting / machining,Eurosatory 2026 Catalog
I-SEE GROUP,https://www.i-seegroup.com/,France,BARDOS,https://www.linkedin.com/company/i-see-group,Intelligence / ISR,OEM,71.1,B,New,"Capteurs, payloads optroniques, communications pour plateformes ISR.",Review website and validate opportunity,Energy / batteries,Eurosatory 2026 Catalog
ISEF STEEL FORGINGS,http://www.isefsteelforgings.com/,Italie,CARNAGO,https://www.linkedin.com/company/77209901/admin/dashboard/,Logistics / MRO,Distributeur,68.5,B,New,"Pièces de rechange, calibration, certification pour acteurs MRO.",Review website and validate opportunity,Engines / propulsion,Eurosatory 2026 Catalog
ISI-ACTEMIUM Clermont Engineering & Robotics,https://www.actemium.fr/implantations/actemium-clermont-engineering-robotics/presentation/,France,COURNON D'AUVERGNE,,Intelligence / ISR,Bureau d'ingénierie,69.0,B,New,"Capteurs, payloads optroniques, communications pour plateformes ISR.",Review website and validate opportunity,Energy / batteries,Eurosatory 2026 Catalog
ISKRA brodogradiliste 1 d.o.o.,https://shipyard.iskra.eu/,Croatie,Sibenik,,Naval defense,OEM,54.4,C,New,"Radars, sonars, comms, armement, sustainment pour primes navals.",Keep in watchlist,"Raw materials (steel, aluminium)",Eurosatory 2026 Catalog
Íslandsstofa,https://www.businessiceland.is/,Iceland,REYKJAVÍK,https://www.linkedin.com/company/business-iceland/,Other,À vérifier,5.0,D,New,Qualifier l'activité avant tout pitch ciblé.,No immediate action,To enrich,Eurosatory 2026 Catalog
ISOCLIMA SPA,http://www.isoclimagroup.com/,Italie,ESTE (PD),https://www.linkedin.com/company/isoclimagroup,Armored vehicles,OEM,82.0,A,New,"Vend des sous-systèmes / composants à un OEM construisant Vehicles, Embedded systems.",Contact sales team and qualify need,Engines / propulsion,Eurosatory 2026 Catalog
ISP SYSTEM,https://www.isp-system.fr/,France,VIC-EN-BIGORRE,,Other,À vérifier,,D,New,Qualifier l'activité avant tout pitch ciblé.,No immediate action,To enrich,Eurosatory 2026 Catalog
iTAC Software AG,https://www.itacsoftware.com/,Allemagne,Montabaur,,Cybersecurity,OEM,75.5,A,New,"Threat intel, hardware appliances, cloud souverain, audits.",Contact sales team and qualify need,Cloud / data services,Eurosatory 2026 Catalog
ITALWATT,http://www.italwatt.it/,Italie,SAN MAURO TORINESE (TO),https://www.linkedin.com/company/italwatt,Radar / sensors,Distributeur,71.5,B,New,"Front-ends RF, processeurs, mécanique de précision pour fabricants radars.",Review website and validate opportunity,Engines / propulsion,Eurosatory 2026 Catalog
ITOPP,https://itopp-alcen.com/,France,Thegra,,Other,À vérifier,,D,New,Qualifier l'activité avant tout pitch ciblé.,No immediate action,To enrich,Eurosatory 2026 Catalog
ITS SAFETY,https://www.itssafety.com/,Espagne,"Granda, Asturias",,Other,À vérifier,,D,New,Qualifier l'activité avant tout pitch ciblé.,No immediate action,To enrich,Eurosatory 2026 Catalog
ITSec Area Informatikai és Szolgáltató Ltd.,,Hongrie,Szentlorinc,,Other,À vérifier,,D,New,Qualifier l'activité avant tout pitch ciblé.,No immediate action,To enrich,Eurosatory 2026 Catalog
ITT Cannon,http://www.ittcannon.com/,Allemagne,WEINSTADT,https://www.linkedin.com/company/2887,Weapons,À vérifier,27.6,D,New,Qualifier l'activité avant tout pitch ciblé.,No immediate action,Industrial subcontracting / machining,Eurosatory 2026 Catalog
IVECO DEFENCE VEHICLES,https://idvgroup.com/,Italie,BOLZANO,,Other,À vérifier,,D,New,Qualifier l'activité avant tout pitch ciblé.,No immediate action,To enrich,Eurosatory 2026 Catalog
J. LANFRANCO & Cie,http://www.lanfranco.fr/,France,LA CHAPELLE-SAINT-URSIN,https://www.linkedin.com/company/j-lanfranco-cie/posts/?feedView=all&viewAsMember=true,Logistics / MRO,OEM,57.1,C,New,"Pièces de rechange, calibration, certification pour acteurs MRO.",Keep in watchlist,Mechanical parts,Eurosatory 2026 Catalog
JACOBI CARBONS,,France,PARIS,,Other,À vérifier,,D,New,Qualifier l'activité avant tout pitch ciblé.,No immediate action,To enrich,Eurosatory 2026 Catalog
JACQUARD d.o.o.,http://www.jacquard.hr/,Croatie,Zagreb,,Land defense,Distributeur,61.5,B,New,"Sous-systèmes, composites, certification pour primes terrestres.",Review website and validate opportunity,Cloud / data services,Eurosatory 2026 Catalog
JACQUES DUBOIS SAS,http://www.jacquesdubois.com/,France,BARENTIN,https://www.linkedin.com/jacques-dubois,Radar / sensors,OEM,74.0,B,New,"Front-ends RF, processeurs, mécanique de précision pour fabricants radars.",Review website and validate opportunity,Electronic components,Eurosatory 2026 Catalog
Jaguar Land Rover Francia,https://www.landrover.fr/index.html,France,PUTEAUX,,Other,À vérifier,,D,New,Qualifier l'activité avant tout pitch ciblé.,No immediate action,To enrich,Eurosatory 2026 Catalog
JAKUSZ SP. Z O.O.,https://www.jakusz.com/,Pologne,KOŚCIERZYNA,,Other,À vérifier,,D,New,Qualifier l'activité avant tout pitch ciblé.,No immediate action,To enrich,Eurosatory 2026 Catalog
Janes,https://www.janes.com/,Royaume-Uni,"CROYDON,",,Other,À vérifier,4.0,D,New,Qualifier l'activité avant tout pitch ciblé.,No immediate action,To enrich,Eurosatory 2026 Catalog
JEET & JEET GLASS AND CHEMICALS P LTD,http://www.jeetglassindia.com/,Inde,JAIPUR,,Armored vehicles,OEM,72.0,B,New,"Vend des sous-systèmes / composants à un OEM construisant Vehicles, Logistics equipment.",Review website and validate opportunity,Engines / propulsion,Eurosatory 2026 Catalog
Jelen Professional d.o.o.,https://www.jelen.com/,Croatie,Belica,,Other,À vérifier,16.6,D,New,Qualifier l'activité avant tout pitch ciblé.,No immediate action,Industrial subcontracting / machining,Eurosatory 2026 Catalog
JENOPTIK,http://www.jenoptik.com/,Allemagne,JENA,,Other,À vérifier,,D,New,Qualifier l'activité avant tout pitch ciblé.,No immediate action,To enrich,Eurosatory 2026 Catalog
JI HUA 3502 CAREER APPAREL LTD,,Chine,SHIJIAZHUANG,,Other,À vérifier,,D,New,Qualifier l'activité avant tout pitch ciblé.,No immediate action,To enrich,Eurosatory 2026 Catalog
"Jiangsu Shuwei New Material Technology Co., Ltd",http://www.shu/,Chine,JINGJIANG,,Other,À vérifier,16.6,D,New,Qualifier l'activité avant tout pitch ciblé.,No immediate action,Industrial subcontracting / machining,Eurosatory 2026 Catalog
"JIHUA 3513 SHOES INDUSTRY CO.,LTD",https://jihua3514.en.alibaba.com/index.html?spm=a2700.shop_co.88.12.73dc3a7aRpEI8Q,Chine,SHIJIAZHUANG,,Other,À vérifier,,D,New,Qualifier l'activité avant tout pitch ciblé.,No immediate action,To enrich,Eurosatory 2026 Catalog
"JINAN HOPE WISH PHOTOELECTRONIC TECHNOLOGY CO.,LTD.",http://www.chinahpws.com/,Chine,JINAN,,Homeland security,OEM,40.8,C,New,Vend des sous-systèmes / composants à un OEM construisant Vehicles.,Keep in watchlist,Engines / propulsion,Eurosatory 2026 Catalog
JINGYE TEXTILE TECHNOLOGY LIMITED,https://www.camowebbing.com/,Chine,HONGKONG,,Other,À vérifier,,D,New,Qualifier l'activité avant tout pitch ciblé.,No immediate action,To enrich,Eurosatory 2026 Catalog
JLT Mobile Computers Sweden AB,,Suède,Växjö,,Other,À vérifier,,D,New,Qualifier l'activité avant tout pitch ciblé.,No immediate action,To enrich,Eurosatory 2026 Catalog
Jobs Spa,http://www.ffg-ea.com/,Italie,Piacenza,,Other,OEM,35.9,D,New,Vend des sous-systèmes / composants à un OEM construisant Software / Platforms.,No immediate action,Cloud / data services,Eurosatory 2026 Catalog
JOESCO LTD,http://www.militarybarrier.com/,Chine,SHIJIAZHUANG,,Other,À vérifier,,D,New,Qualifier l'activité avant tout pitch ciblé.,No immediate action,To enrich,Eurosatory 2026 Catalog
JOHN COCKERILL,http://defense.johncockerill.com/en/,Belgique,ANS,,Armored vehicles,OEM,45.8,C,New,Vend des sous-systèmes / composants à un OEM construisant Vehicles.,Keep in watchlist,Engines / propulsion,Eurosatory 2026 Catalog
Jokon,http://www.jokon.de/,Allemagne,BONN,https://www.linkedin.com/company/jokongmbh,Logistics / MRO,OEM,65.5,B,New,"Vend des sous-systèmes / composants à un OEM construisant Logistics equipment, Energy / batteries.",Review website and validate opportunity,Mechanical parts,Eurosatory 2026 Catalog
JOMIPSA,https://www.jomipsa.com/,Espagne,MUTXAMEL,,Other,À vérifier,,D,New,Qualifier l'activité avant tout pitch ciblé.,No immediate action,To enrich,Eurosatory 2026 Catalog
JONATHAN GROUP DEFENSE,https://www.jonathanengr.com/,États-Unis,IRVINE,,Other,À vérifier,,D,New,Qualifier l'activité avant tout pitch ciblé.,No immediate action,To enrich,Eurosatory 2026 Catalog
JONE PRECISION & ENGINEERING,http://www.joneprecision.com/,France,HAGUENAU,https://www.linkedin.com/company/jone-precision1/?viewAsMember=true,Engineering services,OEM,52.2,C,New,"Outils CAD, simulation, certification pour bureau d'études.",Keep in watchlist,"Raw materials (steel, aluminium)",Eurosatory 2026 Catalog
JOWO - Systemtechnik AG,http://www.jowo.ag/,Allemagne,DELMENHORST,https://www.linkedin.com/company/12572222/admin/dashboard/,Optics / optronics,OEM,54.1,C,New,"Vend des sous-systèmes / composants à un OEM construisant Logistics equipment, Optronics / Optics.",Keep in watchlist,Mechanical parts,Eurosatory 2026 Catalog
JP INDUSTRIAS MECÁNICAS,https://www.jpim.es/,Espagne,"Cangas del Narcea, Asturias",,Other,À vérifier,,D,New,Qualifier l'activité avant tout pitch ciblé.,No immediate action,To enrich,Eurosatory 2026 Catalog
JPB SYSTÈME,,France,Montereau-sur-le-jard,,Other,À vérifier,,D,New,Qualifier l'activité avant tout pitch ciblé.,No immediate action,To enrich,Eurosatory 2026 Catalog
JSC Aurida Engineering Company,https://www.aurida-engineering.com/,Lituanie,PANEVEZYS,,Other,À vérifier,,D,New,Qualifier l'activité avant tout pitch ciblé.,No immediate action,To enrich,Eurosatory 2026 Catalog
JUNGHANS DEFENCE,http://www.junghans-defence.com/,Allemagne,DUNNINGEN,,Other,À vérifier,,D,New,Qualifier l'activité avant tout pitch ciblé.,No immediate action,To enrich,Eurosatory 2026 Catalog
KADAR POLAND,http://www.kadarpoland.com/,Pologne,WARSZAWA,,Other,À vérifier,24.6,D,New,Activité à qualifier — discovery call avant pitch précis.,No immediate action,Industrial subcontracting / machining,Eurosatory 2026 Catalog
KADIA PRODUKTION GMBH,http://kadia.com/,Allemagne,NÜRTINGEN,https://www.linkedin.com/company/kadia-honen-entgraten/?viewAsMember=true,Logistics / MRO,OEM,66.5,B,New,"Pièces de rechange, calibration, certification pour acteurs MRO.",Review website and validate opportunity,Electronic components,Eurosatory 2026 Catalog
KAHLES GESELLSCHAFT MBH,https://www.kahles.at/,Autriche,GUNTRAMSDORF,,Other,À vérifier,,D,New,Qualifier l'activité avant tout pitch ciblé.,No immediate action,To enrich,Eurosatory 2026 Catalog
KALEKALIP,http://www.kalekalip.com.tr/,Turquie,ISTANBUL,https://www.linkedin.com/company/kalekalip/,Other,À vérifier,17.6,D,New,Qualifier l'activité avant tout pitch ciblé.,No immediate action,Industrial subcontracting / machining,Eurosatory 2026 Catalog
Kaleo,https://www.kaleo.com/,États-Unis,Richmond,,Ammunition,Distributeur,75.0,A,New,"Matériaux énergétiques, mécanique, packaging, certification.",Contact sales team and qualify need,Mechanical parts,Eurosatory 2026 Catalog
KALLER,http://www.kaller.com/en-us/products/gas-hydraulic-suspension/,Suède,Tranås,https://linkedin.com/company/kaller,Naval defense,Distributeur,76.0,A,New,"Radars, sonars, comms, armement, sustainment pour primes navals.",Contact sales team and qualify need,Engines / propulsion,Eurosatory 2026 Catalog
"Kallman Worldwide, Inc.",https://www.kallman.com/,États-Unis,NEW JERSEY,https://www.linkedin.com/company/kallman-worldwide-inc./,Naval defense,Distributeur,75.0,A,New,Canal de distribution / représentation pour notre portefeuille.,Contact sales team and qualify need,Mechanical parts,Eurosatory 2026 Catalog
Kalyani Strategic Systems Limited (KSSL),http://www.kssl.in/,Inde,PUNE,https://www.linkedin.com/company/kssldefence/,Land defense,OEM,78.0,A,New,"Sous-systèmes, composites, certification pour primes terrestres.",Contact sales team and qualify need,Engines / propulsion,Eurosatory 2026 Catalog
KAP-KO D.O.O.,http://www.kap-ko.hr/,Croatie,ZAGREB,,Soldier systems,Distributeur,41.4,C,New,Canal de distribution / représentation pour notre portefeuille.,Keep in watchlist,Mechanical parts,Eurosatory 2026 Catalog
KAPPA OPTRONICS GMBH,http://www.kappa-optronics.com/,Allemagne,GLEICHEN,,C4ISR,OEM,81.0,A,New,"Composants, sous-systèmes, software, services pour primes C4ISR.",Contact sales team and qualify need,Energy / batteries,Eurosatory 2026 Catalog
KARA DAG TECHNOLOGIES,http://karadagtech.com/,Ukraine,LEWES,https://www.linkedin.com/company/karadagtech,Intelligence / ISR,Distributeur,64.0,B,New,"Capteurs, payloads optroniques, communications pour plateformes ISR.",Review website and validate opportunity,Engines / propulsion,Eurosatory 2026 Catalog
Kärcher Futuretech GmbH,http://www.karcher-futuretech.com/,Allemagne,SCHWAIKHEIM,https://www.linkedin.com/company/kaercher-futuretech,Armored vehicles,Distributeur,65.5,B,New,"Moteurs, composites, plaques balistiques, optronique, comms pour OEM blindés.",Review website and validate opportunity,Mechanical parts,Eurosatory 2026 Catalog
KARDEX,https://www.kardex.com/fr,France,FONTENAY SOUS BOIS,https://www.linkedin.com/company/kardex/,Soldier systems,Distributeur,77.6,A,New,"Textiles, composites, optronique, énergie pour kits soldat.",Contact sales team and qualify need,Cloud / data services,Eurosatory 2026 Catalog
KARMETAL SAVUNMA MUH. SIL. TEK. SAN. DIS TIC. A.S.,https://www.karmetal.net.tr/,Turquie,ISTANBUL,https://www.linkedin.com/company/karmetal/,C4ISR,OEM,73.0,B,New,"Vend des sous-systèmes / composants à un OEM construisant Software / Platforms, Robotics / UGV.",Review website and validate opportunity,Cloud / data services,Eurosatory 2026 Catalog
Karrimor SF,https://karrimorsf.com/,Royaume-Uni,Exeter,,Homeland security,À vérifier,27.1,D,New,Qualifier l'activité avant tout pitch ciblé.,No immediate action,Industrial subcontracting / machining,Eurosatory 2026 Catalog
KEARFOTT CORPORATION,https://www.kearfott.com/,États-Unis,PINE BROOK,,Other,À vérifier,,D,New,Qualifier l'activité avant tout pitch ciblé.,No immediate action,To enrich,Eurosatory 2026 Catalog
Kemppi,https://www.kemppi.com/,Finlande,LAHTI,https://www.linkedin.com/company/kemppi-oy,C4ISR,OEM,82.0,A,New,"Composants, sous-systèmes, software, services pour primes C4ISR.",Contact sales team and qualify need,Engines / propulsion,Eurosatory 2026 Catalog
Kennametal,https://www.kennametal.com/,États-Unis,PITTSBURGH,,Other,À vérifier,,D,New,Qualifier l'activité avant tout pitch ciblé.,No immediate action,To enrich,Eurosatory 2026 Catalog
KENNO TECH,,Finlande,RIIHIMÄKI,,Other,À vérifier,,D,New,Qualifier l'activité avant tout pitch ciblé.,No immediate action,To enrich,Eurosatory 2026 Catalog
"KEPAR ELECTRÓNICA, S.L.",http://www.kepar.es/,Espagne,La Puebla de Alfindén - Zaragoza,https://www.linkedin.com/company/kepar-electronica/?originalSubdomain=es,Space / satellite,OEM,56.5,C,New,"Composites, capteurs, comms, lancement pour primes spatiaux.",Keep in watchlist,Cloud / data services,Eurosatory 2026 Catalog
Kessler & Co. GmbH & Co. KG,http://www.kessler-co.com/,Allemagne,ABTSGMÜND,https://www.linkedin.com/company/27173161/,Weapons,OEM,66.0,B,New,"Vend des sous-systèmes / composants à un OEM construisant Vehicles, Software / Platforms.",Review website and validate opportunity,Engines / propulsion,Eurosatory 2026 Catalog
KEYSIGHT TECHNOLOGIES,http://www.keysight.com/find/ad,France,Bagneux,https://www.linkedin.com/company/keysight-technologies,Other,À vérifier,16.6,D,New,Qualifier l'activité avant tout pitch ciblé.,No immediate action,Industrial subcontracting / machining,Eurosatory 2026 Catalog
Kia,https://special.kia.com/,Corée du Sud,SEOUL,,Other,À vérifier,,D,New,Qualifier l'activité avant tout pitch ciblé.,No immediate action,To enrich,Eurosatory 2026 Catalog
KIDDE DEUGRA Brandschutzsysteme GMBH,http://www.kidde-deugra.de/,Allemagne,RATINGEN,,Other,À vérifier,,D,New,Qualifier l'activité avant tout pitch ciblé.,No immediate action,To enrich,Eurosatory 2026 Catalog
Kilim Uniform,https://www.kilimuniform.com/,Turquie,ISTANBUL,,Soldier systems,Sous-traitant industriel,58.3,C,New,"Textiles, composites, optronique, énergie pour kits soldat.",Keep in watchlist,Composite materials,Eurosatory 2026 Catalog
KILOW,,France,CLUSES,,Other,À vérifier,,D,New,Qualifier l'activité avant tout pitch ciblé.,No immediate action,To enrich,Eurosatory 2026 Catalog
KINÉIS,http://kineis.com/,France,RAMONVILLE-SAINT-AGNE,https://www.linkedin.com/company/kineis-argos,Communications,OEM,61.5,B,New,"RF, crypto, certification interopérabilité pour radios tactiques.",Review website and validate opportunity,Electronic components,Eurosatory 2026 Catalog
Kitron,,Suède,Jönköping,,Other,À vérifier,,D,New,Qualifier l'activité avant tout pitch ciblé.,No immediate action,To enrich,Eurosatory 2026 Catalog
KITRON AS,http://www.kitron.com/,Norvège,ARENDAL,https://www.linkedin.com/company/kitron,UAV / drones,OEM,79.5,A,New,"Fournisseur de batteries, moteurs, optronique, RF, composites pour fabricants UAV.",Contact sales team and qualify need,Energy / batteries,Eurosatory 2026 Catalog
KK Group,,Danemark,Ikast,,Other,À vérifier,,D,New,Qualifier l'activité avant tout pitch ciblé.,No immediate action,To enrich,Eurosatory 2026 Catalog
KLAUS BAIER GMBH,http://www.klausbaier.de/,Allemagne,PFRONTEN,,Simulation / training,OEM,69.5,B,New,"Visuel, motion, haptique, IA pour fabricants de simulateurs.",Review website and validate opportunity,Cloud / data services,Eurosatory 2026 Catalog
KME,https://www.kme.co.uk/,Royaume-Uni,KENT,,Other,À vérifier,,D,New,Qualifier l'activité avant tout pitch ciblé.,No immediate action,To enrich,Eurosatory 2026 Catalog
KNDS CBRN,http://knds.com/en/subsidiaries/knds-cbrn,France,SAINT-CHAMOND,,Intelligence / ISR,Équipementier,73.0,B,New,"Capteurs, payloads optroniques, communications pour plateformes ISR.",Review website and validate opportunity,Engines / propulsion,Eurosatory 2026 Catalog
KNDS DEUTSCHLAND,http://www.knds.com/,Allemagne,MUNICH,,Other,À vérifier,,D,New,Qualifier l'activité avant tout pitch ciblé.,No immediate action,To enrich,Eurosatory 2026 Catalog
KNDS FRANCE - SCE COMPTABILITE FOURNISSEUR,http://www.knds.fr/,France,ROANNE CEDEX,,Other,À vérifier,,D,New,Qualifier l'activité avant tout pitch ciblé.,No immediate action,To enrich,Eurosatory 2026 Catalog
KNDS Tracks,http://www.knds-tracks.de/,Allemagne,REMSCHEID,https://de.linkedin.com/company/knds-tracks,Space / satellite,OEM,80.0,A,New,"Composites, capteurs, comms, lancement pour primes spatiaux.",Contact sales team and qualify need,Engines / propulsion,Eurosatory 2026 Catalog
KNL,http://knl.fi/,Finlande,OULU,,Electronic warfare,OEM,75.0,A,New,"Amplis RF, processeurs signal, embarqué, antennes pour EW.",Contact sales team and qualify need,Engines / propulsion,Eurosatory 2026 Catalog
KNOTT GmbH Bremsen - Achsen,http://www.knott.de/,Allemagne,EGGSTAETT,https://www.linkedin.com/company/7976959/admin/dashboard/,Cybersecurity,OEM,75.6,A,New,"Threat intel, hardware appliances, cloud souverain, audits.",Contact sales team and qualify need,Engines / propulsion,Eurosatory 2026 Catalog
KOLARMS s.r.o.,,Slovaquie,Kolarovo,,Other,À vérifier,,D,New,Qualifier l'activité avant tout pitch ciblé.,No immediate action,To enrich,Eurosatory 2026 Catalog
KOLT Power,,Royaume-Uni,"FAREHAM, LEE-ON-SOLENT",,Other,À vérifier,,D,New,Qualifier l'activité avant tout pitch ciblé.,No immediate action,To enrich,Eurosatory 2026 Catalog
KOLUMAN OTOMOTİV ENDÜSTRİ A.Ş.,http://kolumantech.com/,Turquie,MERSIN,https://www.linkedin.com/company/kolumantech/,Armored vehicles,OEM,59.5,C,New,"Vend des sous-systèmes / composants à un OEM construisant Vehicles, Engines / propulsion.",Keep in watchlist,Engines / propulsion,Eurosatory 2026 Catalog
KONGSBERG,http://www.kongsberg.com/kda,Norvège,KONGSBERG,,Other,À vérifier,,D,New,Qualifier l'activité avant tout pitch ciblé.,No immediate action,To enrich,Eurosatory 2026 Catalog
KONI - AN ITT COMPANY,http://www.koni.com/,Pays-Bas,OUD-BEIJERLAND,,Other,À vérifier,,D,New,Qualifier l'activité avant tout pitch ciblé.,No immediate action,To enrich,Eurosatory 2026 Catalog
KÖNIG SEATINGS,http://www.koenig-sitze.de/,Allemagne,ILSFELD,,Dual-use technology,OEM,43.9,C,New,Vend des sous-systèmes / composants à un OEM construisant Logistics equipment.,Keep in watchlist,Mechanical parts,Eurosatory 2026 Catalog
KONSTRUKTA - DEFENCE,https://kotadef.sk/?lang=en,Slovaquie,DUBNICA NAD VÁHOM,https://www.linkedin.com/company/kotadef,Land defense,Distributeur,76.5,A,New,"Sous-systèmes, composites, certification pour primes terrestres.",Contact sales team and qualify need,Mechanical parts,Eurosatory 2026 Catalog
KONTRON,http://www.kontron.com/,France,LA GARDE,https://www.linkedin.com/company/kontron,Electronic warfare,OEM,80.0,A,New,"Amplis RF, processeurs signal, embarqué, antennes pour EW.",Contact sales team and qualify need,Cloud / data services,Eurosatory 2026 Catalog
Korea Defense Industry Association,http://www.kdia.or.kr/,Corée du Sud,SEOUL,,Other,À vérifier,16.6,D,New,Qualifier l'activité avant tout pitch ciblé.,No immediate action,Industrial subcontracting / machining,Eurosatory 2026 Catalog
KOREA DEFENSE INDUSTRY CORP,https://www.koreadefenseindustry.com/eng/,Corée du Sud,Sejong,,Other,À vérifier,,D,New,Qualifier l'activité avant tout pitch ciblé.,No immediate action,To enrich,Eurosatory 2026 Catalog
KOVO Armor,http://kovo-armor.com/,Lituanie,Klaipeda,,Soldier systems,OEM,69.5,B,New,"Vend des sous-systèmes / composants à un OEM construisant Software / Platforms, Soldier equipment.",Review website and validate opportunity,Cloud / data services,Eurosatory 2026 Catalog
Krämer Special Vehicles,http://www.kraemer-vehicles.com/,Allemagne,RHEINE,https://www.linkedin.com/company/krämer-special-vehicles-gmbh,Armored vehicles,OEM,55.0,C,New,"Vend des sous-systèmes / composants à un OEM construisant Vehicles, Engines / propulsion.",Keep in watchlist,Engines / propulsion,Eurosatory 2026 Catalog
KrattWorks,https://www.krattworks.com/,Estonie,TALLINN,,Other,À vérifier,,D,New,Qualifier l'activité avant tout pitch ciblé.,No immediate action,To enrich,Eurosatory 2026 Catalog
Kraus Elektrotechnik,http://www.kraus.de/,Allemagne,AUGSBURG,https://www.linkedin.com/company/walter-kraus-gmbh/,Naval defense,OEM,78.0,A,New,"Vend des sous-systèmes / composants à un OEM construisant Optronics / Optics, Engines / propulsion.",Contact sales team and qualify need,Electronic components,Eurosatory 2026 Catalog
Krempel,http://www.krempel.com/en,Allemagne,VAIHINGEN ENZ,https://www.linkedin.com/company/krempel/?viewAsMember=true,Ballistic protection,Distributeur,74.0,B,New,"Aramide, céramique, composites, certification balistique.",Review website and validate opportunity,Composite materials,Eurosatory 2026 Catalog
Kroko proizvodnja i razvoj d.o.o.,https://www.krokotactical.com/,Croatie,Sv. Ivan Zelina,,Other,À vérifier,4.0,D,New,Qualifier l'activité avant tout pitch ciblé.,No immediate action,To enrich,Eurosatory 2026 Catalog
KRONUS SIA,http://www.kronus.eu/,Lettonie,ULBROKA,https://www.linkedin.com/company/kronus-wooden-packaging,Logistics / MRO,OEM,74.4,B,New,"Vend des sous-systèmes / composants à un OEM construisant Software / Platforms, Logistics equipment.",Review website and validate opportunity,Cloud / data services,Eurosatory 2026 Catalog
K-TEG BV,http://k-teg.com/,Belgique,Hasselt,https://www.linkedin.com/company/k-teg/,UAV / drones,OEM,71.0,B,New,"Fournisseur de batteries, moteurs, optronique, RF, composites pour fabricants UAV.",Review website and validate opportunity,Electronic components,Eurosatory 2026 Catalog
KUEHNE+NAGEL,https://www.kuehne-nagel.com/fr,France,FERRIERES-EN-BRIE,https://www.linkedin.com/company/kuehne-nagel/,Naval defense,OEM,71.8,B,New,"Radars, sonars, comms, armement, sustainment pour primes navals.",Review website and validate opportunity,Industrial subcontracting / machining,Eurosatory 2026 Catalog
Kugler Bimetal SA,http://kuglerbimetal.ch/,Suisse,Le Lignon,https://www.linkedin.com/company/kugler-bimetal-sa,Logistics / MRO,OEM,56.6,C,New,"Vend des sous-systèmes / composants à un OEM construisant Engines / propulsion, Communications networks.",Keep in watchlist,Mechanical parts,Eurosatory 2026 Catalog
KYIVSKYI ALLIANCE,https://kyivalliance.tech/,Ukraine,KYIV,,Other,OEM,36.4,D,New,Vend des sous-systèmes / composants à un OEM construisant Logistics equipment.,No immediate action,Mechanical parts,Eurosatory 2026 Catalog
KYUNGCHANG INDUSTRY (KCI),http://www.kyungchang.com/,Corée du Sud,"PAJU-SI, GYEONGGI-DO",,Other,À vérifier,16.6,D,New,Qualifier l'activité avant tout pitch ciblé.,No immediate action,Industrial subcontracting / machining,Eurosatory 2026 Catalog
"Kyungdo Co., Ltd.",http://www.kyungdo.net/,Corée du Sud,"Yangsan-si, Gyeongsangnam-do",,Optics / optronics,OEM,49.4,C,New,Vend des sous-systèmes / composants à un OEM construisant Optronics / Optics.,Keep in watchlist,Electronic components,Eurosatory 2026 Catalog
L&D Jet Techniek,https://ldtechnics.com/,Belgique,Diest,,Naval defense,OEM,46.4,C,New,Vend des sous-systèmes / composants à un OEM construisant Logistics equipment.,Keep in watchlist,Mechanical parts,Eurosatory 2026 Catalog
L3Harris Technologies,http://www.l3harris.com/,États-Unis,MELBOURNE,https://www.linkedin.com/company/l3harris-technologies,Intelligence / ISR,OEM,71.0,B,New,"Capteurs, payloads optroniques, communications pour plateformes ISR.",Review website and validate opportunity,Electronic components,Eurosatory 2026 Catalog
La Banque Postale,https://www.labanquepostale.fr/,France,Paris,,Other,À vérifier,,D,New,Qualifier l'activité avant tout pitch ciblé.,No immediate action,To enrich,Eurosatory 2026 Catalog
La Dimension Mécanique (LDM),http://www.ldmeca.com/,France,Aubergenville,,Other,À vérifier,,D,New,Qualifier l'activité avant tout pitch ciblé.,No immediate action,To enrich,Eurosatory 2026 Catalog
LACHANT GROUP,,France,LA GRANDE PAROISSE,,Other,À vérifier,,D,New,Qualifier l'activité avant tout pitch ciblé.,No immediate action,To enrich,Eurosatory 2026 Catalog
LACROIX,http://www.lacroix-defense.com/,France,MURET CEDEX,,Other,À vérifier,,D,New,Qualifier l'activité avant tout pitch ciblé.,No immediate action,To enrich,Eurosatory 2026 Catalog
LAMRE,http://www.lamre.fr/fr/,France,ORLEANS,,Other,À vérifier,,D,New,Qualifier l'activité avant tout pitch ciblé.,No immediate action,To enrich,Eurosatory 2026 Catalog
LANCO,http://www.lanco-tentes.fr/,France,COURBEVOIE,https://www.linkedin.com/company/lanco-sas/,Armored vehicles,OEM,62.5,B,New,"Vend des sous-systèmes / composants à un OEM construisant NRBC / CBRN, Vehicles.",Review website and validate opportunity,Sensors,Eurosatory 2026 Catalog
LAPP MULLER,http://lappmuller.lappgroup.com/,France,GRIMAUD,https://www.linkedin.com/company/84945970/admin/dashboard/,Naval defense,OEM,66.1,B,New,"Radars, sonars, comms, armement, sustainment pour primes navals.",Review website and validate opportunity,Engines / propulsion,Eurosatory 2026 Catalog
Largillière Finance,http://www.largilliere-finance.com/,France,PARIS,https://www.linkedin.com/company/largilli-re-finance/?viewAsMember=true,Engineering services,OEM,65.4,B,New,"Outils CAD, simulation, certification pour bureau d'études.",Review website and validate opportunity,Cloud / data services,Eurosatory 2026 Catalog
Laser Techniques Company,https://www.laser-ndt.com/,États-Unis,Redmond,,Other,À vérifier,15.6,D,New,Qualifier l'activité avant tout pitch ciblé.,No immediate action,Industrial subcontracting / machining,Eurosatory 2026 Catalog
Latence Technologies Inc. (LatenceTech),http://www.latencetech.com/,Canada,MONTRÉAL,https://www.linkedin.com/company/latence-technologies,Space / satellite,Distributeur,80.0,A,New,"Composites, capteurs, comms, lancement pour primes spatiaux.",Contact sales team and qualify need,Cloud / data services,Eurosatory 2026 Catalog
"LD Systems, Bozeman Montana",https://www.ldsystems.us/,États-Unis,BELGRADE,https://www.linkedin.com/company/ldsystems-us,Soldier systems,OEM,63.0,B,New,"Textiles, composites, optronique, énergie pour kits soldat.",Review website and validate opportunity,Engines / propulsion,Eurosatory 2026 Catalog
"Le Bureau des Légendes, l'Escape Game Immersif",https://souslegende.com/,France,PARIS,,Other,À vérifier,,D,New,Qualifier l'activité avant tout pitch ciblé.,No immediate action,To enrich,Eurosatory 2026 Catalog
LE GUELLEC,https://www.leguellec.com/,France,QUIMPER,,Other,À vérifier,,D,New,Qualifier l'activité avant tout pitch ciblé.,No immediate action,To enrich,Eurosatory 2026 Catalog
LEADER,http://www.leader-group.company/fr,France,OCTEVILLE SUR MER,,Other,À vérifier,,D,New,Qualifier l'activité avant tout pitch ciblé.,No immediate action,To enrich,Eurosatory 2026 Catalog
LEAFIELD CASES,http://www.leafieldcases.com/,Royaume-Uni,CORSHAM,https://www.linkedin.com/company/11158761/admin/dashboard/,UAV / drones,OEM,64.6,B,New,Sub-system / payload pour OEM drones tactiques.,Review website and validate opportunity,Engines / propulsion,Eurosatory 2026 Catalog
LEBLANC SAS,,France,LA HAGUE,,Other,À vérifier,,D,New,Qualifier l'activité avant tout pitch ciblé.,No immediate action,To enrich,Eurosatory 2026 Catalog
LEMO FRANCE,http://www.lemo.com/,France,BUSSY SAINT GEORGES,https://www.linkedin.com/company/lemo?originalSubdomain=fr,UAV / drones,OEM,76.0,A,New,"Fournisseur de batteries, moteurs, optronique, RF, composites pour fabricants UAV.",Contact sales team and qualify need,Energy / batteries,Eurosatory 2026 Catalog
Leonardo,http://www.leonardo.com/,Italie,ROMA,https://www.linkedin.com/company/leonardo_company/,Intelligence / ISR,OEM,84.0,A,New,"Capteurs, payloads optroniques, communications pour plateformes ISR.",Contact sales team and qualify need,Engines / propulsion,Eurosatory 2026 Catalog
Leonardo DRS,http://www.leonardodrs.com/,États-Unis,ARLINGTON,https://www.linkedin.com/company/leonardodrs/,Other,À vérifier,17.6,D,New,Qualifier l'activité avant tout pitch ciblé.,No immediate action,Industrial subcontracting / machining,Eurosatory 2026 Catalog
LEROY AUTOMATION,https://www.leroy-automation.com/,France,Labège,,Other,À vérifier,,D,New,Qualifier l'activité avant tout pitch ciblé.,No immediate action,To enrich,Eurosatory 2026 Catalog
"Leupold & Stevens, Inc.",https://www.leupold.com/,États-Unis,Beaverton,,Other,À vérifier,,D,New,Qualifier l'activité avant tout pitch ciblé.,No immediate action,To enrich,Eurosatory 2026 Catalog
LFE,,France,LE CHESNAY,,Other,À vérifier,,D,New,Qualifier l'activité avant tout pitch ciblé.,No immediate action,To enrich,Eurosatory 2026 Catalog
LGM,http://www.lgm.group/,France,VELIZY-VILLACOUBLAY,https://www.linkedin.com/company/lgmgroup/posts/?feedView=all,Naval defense,OEM,68.6,B,New,"Radars, sonars, comms, armement, sustainment pour primes navals.",Review website and validate opportunity,Industrial subcontracting / machining,Eurosatory 2026 Catalog
LIBNER SAS,http://libner.fr/,France,SAINT MAIXENT L'ECOLE,https://www.linkedin.com/company/5142483/,Logistics / MRO,Sous-traitant industriel,58.3,C,New,"Pièces de rechange, calibration, certification pour acteurs MRO.",Keep in watchlist,Engines / propulsion,Eurosatory 2026 Catalog
Liebherr Group,http://www.liebherr.com/,Allemagne,BIBERACH/RISS,https://www.linkedin.com/company/liebherr/posts/?feedView=all&viewAsMember=true,Naval defense,OEM,82.0,A,New,"Radars, sonars, comms, armement, sustainment pour primes navals.",Contact sales team and qualify need,Engines / propulsion,Eurosatory 2026 Catalog
LIFE SHIELD MILITARY INDUSTRIES,http://lifeshield.com.sa/,Arabie saoudite,RIYADH,https://www.linkedin.com/company/lifeshieldksa,Intelligence / ISR,Équipementier,75.5,A,New,"Capteurs, payloads optroniques, communications pour plateformes ISR.",Contact sales team and qualify need,Energy / batteries,Eurosatory 2026 Catalog
LIG Defense&Aerospace,http://www.ligdefenseaerospace.com/,Corée du Sud,SEOUL,,UAV / drones,OEM,68.0,B,New,"Fournisseur de batteries, moteurs, optronique, RF, composites pour fabricants UAV.",Review website and validate opportunity,Energy / batteries,Eurosatory 2026 Catalog
LIGHTSPACE TECHNOLOGIES,https://www.lightspace3d.com/,Lettonie,MARUPE,,Other,À vérifier,,D,New,Qualifier l'activité avant tout pitch ciblé.,No immediate action,To enrich,Eurosatory 2026 Catalog
Lindner & Fischer,https://www.lindner-fischer.com/,Allemagne,LANGENAU,www.linkedin.com/company/lindnerfischer,Armored vehicles,OEM,73.5,B,New,"Vend des sous-systèmes / composants à un OEM construisant Vehicles, Logistics equipment.",Review website and validate opportunity,Engines / propulsion,Eurosatory 2026 Catalog
LINE-X / PAXCON,http://www.line-x.fr/,France,SAINT-MARCELLIN,https://www.linkedin.com/company/line-x-france/,Ammunition,Distributeur,59.1,C,New,Canal de distribution / représentation pour notre portefeuille.,Keep in watchlist,Mechanical parts,Eurosatory 2026 Catalog
LIQTRA,https://www.liqtra.de/,Allemagne,HAMBURG,,UAV / drones,OEM,61.0,B,New,"Fournisseur de batteries, moteurs, optronique, RF, composites pour fabricants UAV.",Review website and validate opportunity,Energy / batteries,Eurosatory 2026 Catalog
LISTA,http://www.lista.com/,Suisse,ERLEN,https://www.linkedin.com/company/lista-group,Logistics / MRO,OEM,65.4,B,New,"Pièces de rechange, calibration, certification pour acteurs MRO.",Review website and validate opportunity,Engines / propulsion,Eurosatory 2026 Catalog
LITEF,http://www.litef.com/,Allemagne,FREIBURG,https://www.linkedin.com/company/ng-litef/,Electronic warfare,OEM,73.5,B,New,"Amplis RF, processeurs signal, embarqué, antennes pour EW.",Review website and validate opportunity,Electronic components,Eurosatory 2026 Catalog
LiveDrop,http://www.livedrop.eu/,Pays-Bas,EINDHOVEN,,C4ISR,OEM,77.0,A,New,"Composants, sous-systèmes, software, services pour primes C4ISR.",Contact sales team and qualify need,Electronic components,Eurosatory 2026 Catalog
LKOMITROS STEEL SA,https://www.lykomitros-steel.gr/,Grèce,VOLOS,,Other,À vérifier,,D,New,Qualifier l'activité avant tout pitch ciblé.,No immediate action,To enrich,Eurosatory 2026 Catalog
"LLC ""VYRIY INDUSTRY",https://www.vyriy.com/,Ukraine,Kyiv,,UAV / drones,OEM,51.4,C,New,Sub-system / payload pour OEM drones tactiques.,Keep in watchlist,Energy / batteries,Eurosatory 2026 Catalog
LLC Oko Camera,http://oko.camera/en,Ukraine,Kyiv,https://www.linkedin.com/company/oko-camera/,Intelligence / ISR,Distributeur,64.0,B,New,"Capteurs, payloads optroniques, communications pour plateformes ISR.",Review website and validate opportunity,Engines / propulsion,Eurosatory 2026 Catalog
LMB Fans & Motors,https://www.lmbaerospace.com/,France,MALEMORT SUR CORREZE,,Other,À vérifier,,D,New,Qualifier l'activité avant tout pitch ciblé.,No immediate action,To enrich,Eurosatory 2026 Catalog
LMT DEFENSE,http://www.lmtdefense.com/,États-Unis,ELDRIDGE,https://www.linkedin.com/company/lewis-machine-&-tool-co/posts/?feedView=all,Land defense,Distributeur,73.0,B,New,"Vend des sous-systèmes / composants à un OEM construisant Optronics / Optics, Weapons.",Review website and validate opportunity,Electronic components,Eurosatory 2026 Catalog
LN INNOV,https://www.lninnov.com/,France,VERSAILLES,,Other,À vérifier,,D,New,Qualifier l'activité avant tout pitch ciblé.,No immediate action,To enrich,Eurosatory 2026 Catalog
Lockheed Martin,http://www.lockheedmartin.com/,États-Unis,ORLANDO,,Other,À vérifier,,D,New,Qualifier l'activité avant tout pitch ciblé.,No immediate action,To enrich,Eurosatory 2026 Catalog
LOGAERO SERVICES,https://www.logaero.fr/,France,Le Thillay,,Other,À vérifier,,D,New,Qualifier l'activité avant tout pitch ciblé.,No immediate action,To enrich,Eurosatory 2026 Catalog
LOGIC INSTRUMENT,https://logic-instrument.com/,France,IGNY,https://www.linkedin.com/company/131444/admin/dashboard/,UAV / drones,OEM,76.5,A,New,Sub-system / payload pour OEM drones tactiques.,Contact sales team and qualify need,Mechanical parts,Eurosatory 2026 Catalog
LoXoLock Ltd.,https://loxolock.com/,Hongrie,Budapest,,Cybersecurity,OEM,69.0,B,New,"Outils SOC/SIEM, brique de sécurité défensive pour vendeur cyber.",Review website and validate opportunity,Mechanical parts,Eurosatory 2026 Catalog
LPP,http://www.lp-praha.cz/,République tchèque,PRAGUE,https://www.linkedin.com/company/lpp-holding-a-s,Intelligence / ISR,OEM,66.0,B,New,"Capteurs, payloads optroniques, communications pour plateformes ISR.",Review website and validate opportunity,Energy / batteries,Eurosatory 2026 Catalog
LR Pure Group,http://www.lr-pure.com/,Allemagne,BEILNGRIES,https://www.linkedin.com/company/105510190/admin/dashboard/,Optics / optronics,OEM,64.5,B,New,"Verre spécial, détecteurs, mécanique de précision pour optronique.",Review website and validate opportunity,Mechanical parts,Eurosatory 2026 Catalog
LS MTRON LTD.,http://www.lstrackshoe.com/,Corée du Sud,"Wanju-gun, Jeonbuk-do",,Other,À vérifier,,D,New,Qualifier l'activité avant tout pitch ciblé.,No immediate action,To enrich,Eurosatory 2026 Catalog
LTMilTech,https://ltmiltech.com/,Lituanie,Vilkija,,UAV / drones,OEM,54.3,C,New,Sub-system / payload pour OEM drones tactiques.,Keep in watchlist,Energy / batteries,Eurosatory 2026 Catalog
Lubawa SA,https://lubawa.com.pl/en/,Pologne,Grudziądz,,Other,À vérifier,,D,New,Qualifier l'activité avant tout pitch ciblé.,No immediate action,To enrich,Eurosatory 2026 Catalog
LUCE HYDRO,https://luce-hydro.fr/,France,CHATEAUBOURG,,Other,À vérifier,,D,New,Qualifier l'activité avant tout pitch ciblé.,No immediate action,To enrich,Eurosatory 2026 Catalog
Lucius & Baer GmbH,https://www.lucius-baer.com/,Allemagne,Geretsried,,Radar / sensors,OEM,69.5,B,New,"Front-ends RF, processeurs, mécanique de précision pour fabricants radars.",Review website and validate opportunity,Mechanical parts,Eurosatory 2026 Catalog
Luma Automation S.A,https://lumaautomation.eu/,Pologne,Łaziska Górne,,Other,OEM,47.0,C,New,Activité à qualifier — discovery call avant pitch précis.,Keep in watchlist,Mechanical parts,Eurosatory 2026 Catalog
LUMIBIRD PHOTONICS SWEDEN,https://www.lumibird.com/,Suède,GOTEBORG,,Other,À vérifier,,D,New,Qualifier l'activité avant tout pitch ciblé.,No immediate action,To enrich,Eurosatory 2026 Catalog
Luna Robotics,http://www.lunarobotics.eu/,Lituanie,Vilnius,https://www.linkedin.com/company/luna-robotics-uab/posts/?feedView=all,UAV / drones,OEM,75.0,A,New,"Fournisseur de batteries, moteurs, optronique, RF, composites pour fabricants UAV.",Contact sales team and qualify need,Energy / batteries,Eurosatory 2026 Catalog
LuxDefence,https://www.luxdefence.lu/,Luxembourg,Kirchberg Luxembourg,,Other,À vérifier,15.6,D,New,Qualifier l'activité avant tout pitch ciblé.,No immediate action,Industrial subcontracting / machining,Eurosatory 2026 Catalog
LUXEMBOURG INSTITUTE OF SCIENCE AND TECHNOLOGY (LIST),https://www.list.lu/,Luxembourg,ESCH SUR ALZETTE,,Other,À vérifier,,D,New,Qualifier l'activité avant tout pitch ciblé.,No immediate action,To enrich,Eurosatory 2026 Catalog
LUXEMBOURG TRADE & INVEST,http://luxembourgtradeandinvest.com/,Luxembourg,LUXEMBOURG,https://www.linkedin.com/company/luxembourg-trade-and-invest/posts/?feedView=all,Space / satellite,OEM,73.5,B,New,"Vend des sous-systèmes / composants à un OEM construisant Logistics equipment, Communications networks.",Review website and validate opportunity,Mechanical parts,Eurosatory 2026 Catalog
LUXGOVSAT S.A.,http://govsat.lu/,Luxembourg,BETZDORF,https://lu.linkedin.com/company/govsat,Space / satellite,OEM,48.0,C,New,Vend des sous-systèmes / composants à un OEM construisant Satellites / Space.,Keep in watchlist,Composite materials,Eurosatory 2026 Catalog
LUXUAV,https://www.luxuav.com/,Luxembourg,Luxembourg,,C4ISR,OEM,74.0,B,New,"Composants, sous-systèmes, software, services pour primes C4ISR.",Review website and validate opportunity,Engines / propulsion,Eurosatory 2026 Catalog
LV Equipment BV,http://www.lvequipment.nl/,Pays-Bas,SINT MAARTENSDIJK,,Soldier systems,OEM,71.7,B,New,"Vend des sous-systèmes / composants à un OEM construisant Optronics / Optics, Soldier equipment.",Review website and validate opportunity,Electronic components,Eurosatory 2026 Catalog
LV-Teh SIA,http://www.lvteh.lv/home/,Lettonie,Riga,,Counter-UAV,OEM,67.0,B,New,Vend une brique du chain detection-effector aux primes anti-drone.,Review website and validate opportunity,Engines / propulsion,Eurosatory 2026 Catalog
LYNRED,http://www.lynred.com/,France,VEUREY-VOROIZE,,Other,À vérifier,,D,New,Qualifier l'activité avant tout pitch ciblé.,No immediate action,To enrich,Eurosatory 2026 Catalog
LYSK,https://lysk.ai/,France,BOULOGNE-BILLANCOURT,,Other,OEM,33.9,D,New,Vend des sous-systèmes / composants à un OEM construisant Software / Platforms.,No immediate action,Cloud / data services,Eurosatory 2026 Catalog
M&K LOGISTICS,http://www.meklogistics.com.br/,Brésil,SÃO BERNARDO DO CAMPO – SP,,Other,À vérifier,,D,New,Qualifier l'activité avant tout pitch ciblé.,No immediate action,To enrich,Eurosatory 2026 Catalog
MAB ROBOTICS,https://www.mabrobotics.pl/,Pologne,POZNAŃ,https://www.linkedin.com/company/mabrobotics/,Intelligence / ISR,OEM,70.5,B,New,"Capteurs, payloads optroniques, communications pour plateformes ISR.",Review website and validate opportunity,Energy / batteries,Eurosatory 2026 Catalog
MAC JEE,http://www.macjee.com.br/,Brésil,PARAIBUNA,,Other,À vérifier,,D,New,Qualifier l'activité avant tout pitch ciblé.,No immediate action,To enrich,Eurosatory 2026 Catalog
Maccaferri - EBS MAC,https://www.maccaferri.com/it/,Italie,MILANO,https://www.linkedin.com/company/maccaferri/,Space / satellite,OEM,74.6,B,New,"Vend des sous-systèmes / composants à un OEM construisant Software / Platforms, Logistics equipment.",Review website and validate opportunity,Cloud / data services,Eurosatory 2026 Catalog
"MACK DEFENSE, LLC",https://www.mackdefense.com/,États-Unis,ALLENTOWN,,C4ISR,OEM,77.5,A,New,"Composants, sous-systèmes, software, services pour primes C4ISR.",Contact sales team and qualify need,Engines / propulsion,Eurosatory 2026 Catalog
Macrodyne Technologies Inc,http://www.macrodynepress.com/,Canada,CONCORD,https://www.linkedin.com/company/5174474,Space / satellite,OEM,76.5,A,New,"Vend des sous-systèmes / composants à un OEM construisant Vehicles, UAV / drones.",Contact sales team and qualify need,Engines / propulsion,Eurosatory 2026 Catalog
MADES,http://www.mades.es/,Espagne,MALAGA,,Radar / sensors,Sous-traitant industriel,69.5,B,New,"Front-ends RF, processeurs, mécanique de précision pour fabricants radars.",Review website and validate opportunity,Sensors,Eurosatory 2026 Catalog
MAFELEC TEAM - PETERCEM SWITCHES - COMTRONIC,http://www.petercem.com/,France,CHIMILIN,https://www.linkedin.com/company/mafelec-team/,Space / satellite,OEM,69.5,B,New,"Composites, capteurs, comms, lancement pour primes spatiaux.",Review website and validate opportunity,Electronic components,Eurosatory 2026 Catalog
MAG IAS GMBH,http://www.ffg-ea.com/,Allemagne,EISLINGEN,https://www.linkedin.com/company/ffg-fairfriendgroup/,Weapons,OEM,55.5,C,New,"Vend des sous-systèmes / composants à un OEM construisant Software / Platforms, Weapons.",Keep in watchlist,Cloud / data services,Eurosatory 2026 Catalog
MAGAM SAFTEY LTD.,https://magam-safety.com/,Israël,Nof Hagalil,,Armored vehicles,Sous-traitant industriel,50.6,C,New,"Moteurs, composites, plaques balistiques, optronique, comms pour OEM blindés.",Keep in watchlist,Engines / propulsion,Eurosatory 2026 Catalog
MAGELLIUM ARTAL GROUP,http://www.magellium.com/,France,RAMONVILLE-SAINT-AGNE,https://www.linkedin.com/company/magellium,Intelligence / ISR,OEM,76.0,A,New,"Capteurs, payloads optroniques, communications pour plateformes ISR.",Contact sales team and qualify need,Mechanical parts,Eurosatory 2026 Catalog
MAGNA POWERTRAIN,https://engineering.mpt.magna.com/,Autriche,SANKT VALENTIN,,Other,À vérifier,,D,New,Qualifier l'activité avant tout pitch ciblé.,No immediate action,To enrich,Eurosatory 2026 Catalog
MAGPUL,http://magpul.com/government,États-Unis,AUSTIN TEXAS,https://www.linkedin.com/company/magpul-industries-corp/,Intelligence / ISR,OEM,72.0,B,New,"Vend des sous-systèmes / composants à un OEM construisant Weapons, Logistics equipment.",Review website and validate opportunity,Mechanical parts,Eurosatory 2026 Catalog
MAGYAR,http://www.magyar.fr/,France,DIJON,,Armored vehicles,OEM,59.4,C,New,"Vend des sous-systèmes / composants à un OEM construisant Logistics equipment, Vehicles.",Keep in watchlist,Mechanical parts,Eurosatory 2026 Catalog
MAHA SE & Co. KG.,https://www.maha.de/,Allemagne,HALDENWANG,,Radar / sensors,OEM,80.0,A,New,"Front-ends RF, processeurs, mécanique de précision pour fabricants radars.",Contact sales team and qualify need,Engines / propulsion,Eurosatory 2026 Catalog
MAHLE,http://www.mahle.com/,Allemagne,KORNWESTHEIM,https://www.linkedin.com/company/mahle/,Simulation / training,OEM,75.0,A,New,"Visuel, motion, haptique, IA pour fabricants de simulateurs.",Contact sales team and qualify need,Engines / propulsion,Eurosatory 2026 Catalog
MAHR,http://www.mahr.com/,France,Igny,https://fr.linkedin.com/company/mahr-france,Soldier systems,OEM,80.0,A,New,"Textiles, composites, optronique, énergie pour kits soldat.",Contact sales team and qualify need,RF / microwave components,Eurosatory 2026 Catalog
Maibach Industrie-Plastic,https://www.maibach-ipg.de/,Allemagne,EISLINGEN/FILS,,Other,À vérifier,,D,New,Qualifier l'activité avant tout pitch ciblé.,No immediate action,To enrich,Eurosatory 2026 Catalog
Maintenance Industrielle sur Site,http://mis-france.com/,France,Beauvais,https://www.linkedin.com/company/m.i.s/?viewAsMember=true,Logistics / MRO,Bureau d'ingénierie,56.5,C,New,"Pièces de rechange, calibration, certification pour acteurs MRO.",Keep in watchlist,Mechanical parts,Eurosatory 2026 Catalog
MAINTLOG,http://www.maintlog.fr/,France,RILLIEUX LA PAPE,https://linkedin.com/company/maintlog?originalSubdomain=fr,Radar / sensors,OEM,71.5,B,New,"Front-ends RF, processeurs, mécanique de précision pour fabricants radars.",Review website and validate opportunity,Electronic components,Eurosatory 2026 Catalog
MAISONNEUVE SAS,https://www.maisonneuve-citerne.com/,France,CERENCES,,Other,À vérifier,,D,New,Qualifier l'activité avant tout pitch ciblé.,No immediate action,To enrich,Eurosatory 2026 Catalog
Makel Mekanik Mühendislik,http://www.suprobox.com/,Turquie,ISTANBUL,,Other,À vérifier,16.6,D,New,Qualifier l'activité avant tout pitch ciblé.,No immediate action,Industrial subcontracting / machining,Eurosatory 2026 Catalog
MAKINE VE KIMYA ENDUSTRISI,https://www.mke.gov.tr/,Turquie,ANKARA,,Other,À vérifier,,D,New,Qualifier l'activité avant tout pitch ciblé.,No immediate action,To enrich,Eurosatory 2026 Catalog
MANITOU,http://www.manitou.com/defence-market,France,ANCENIS CEDEX,,Logistics / MRO,OEM,59.4,C,New,Vend des sous-systèmes / composants à un OEM construisant Communications networks.,Keep in watchlist,RF / microwave components,Eurosatory 2026 Catalog
MANN+HUMMEL,https://oem.mann-hummel.com/de.html,Allemagne,LUDWIGSBURG,,Other,À vérifier,,D,New,Qualifier l'activité avant tout pitch ciblé.,No immediate action,To enrich,Eurosatory 2026 Catalog
Mantis,https://www.mantisx.com/,États-Unis,OSWEGO,,Other,À vérifier,,D,New,Qualifier l'activité avant tout pitch ciblé.,No immediate action,To enrich,Eurosatory 2026 Catalog
Manufacture du Haut Rhin (Manurhin),http://www.mhr-defense.com/,France,MULHOUSE CEDEX,https://www.linkedin.com/company/manufacture-haut-rhin/mycompany,Ammunition,OEM,62.4,B,New,"Matériaux énergétiques, mécanique, packaging, certification.",Review website and validate opportunity,Energetic materials,Eurosatory 2026 Catalog
MANUFACTURE FRANCAISE DES PNEUMATIQUES,https://defense.michelingroup.com/,France,CLERMONT FERRAND CEDEX 9,,Other,À vérifier,,D,New,Qualifier l'activité avant tout pitch ciblé.,No immediate action,To enrich,Eurosatory 2026 Catalog
Marathon Targets,https://www.marathon-targets.com/,États-Unis,HUNTSVILLE,,Other,À vérifier,,D,New,Qualifier l'activité avant tout pitch ciblé.,No immediate action,To enrich,Eurosatory 2026 Catalog
MARCK & BALSAN,http://www.marcketbalsan.fr/,France,GENNEVILLIERS,https://www.linkedin.com/company/marcketbalsan/,UAV / drones,OEM,70.9,B,New,"Fournisseur de batteries, moteurs, optronique, RF, composites pour fabricants UAV.",Review website and validate opportunity,Electronic components,Eurosatory 2026 Catalog
MARDUK TECHNOLOGIES,https://www.marduk.ee/,Estonie,TALLINN,,Other,À vérifier,,D,New,Qualifier l'activité avant tout pitch ciblé.,No immediate action,To enrich,Eurosatory 2026 Catalog
MARINE INSTRUMENTS,https://www.marineinstruments.es/,Espagne,NIGRÁN,,Other,À vérifier,,D,New,Qualifier l'activité avant tout pitch ciblé.,No immediate action,To enrich,Eurosatory 2026 Catalog
Maritan Glass S.r.l.,https://www.maritanglass.com/it,Italie,CASALSERUGO (PD),https://www.linkedin.com/company/maritanglass,Naval defense,À vérifier,35.6,D,New,Qualifier l'activité avant tout pitch ciblé.,No immediate action,Industrial subcontracting / machining,Eurosatory 2026 Catalog
Maritan Glass S.r.l.,https://www.maritanglass.com/,Italie,CASALSERUGO (PD),,Other,À vérifier,,D,New,Qualifier l'activité avant tout pitch ciblé.,No immediate action,To enrich,Eurosatory 2026 Catalog
Markforged,http://markforged.com/,États-Unis,WALTHAM,https://www.linkedin.com/company/markforged/,Other,À vérifier,20.6,D,New,Qualifier l'activité avant tout pitch ciblé.,No immediate action,Industrial subcontracting / machining,Eurosatory 2026 Catalog
MARLOW ROPES LTD,http://www.marlowropes.com/,Royaume-Uni,HAILSHAM,https://www.linkedin.com/company/marlow-ropes-ltd/,Naval defense,OEM,75.0,A,New,"Radars, sonars, comms, armement, sustainment pour primes navals.",Contact sales team and qualify need,Engines / propulsion,Eurosatory 2026 Catalog
MAROM DOLPHIN,http://www.marom-dolphin.com/,Israël,AFULA,,Other,À vérifier,,D,New,Qualifier l'activité avant tout pitch ciblé.,No immediate action,To enrich,Eurosatory 2026 Catalog
Marposs,http://www.marposs.com/,États-Unis,Auburn Hills,https://www.linkedin.com/company/marposs/,Radar / sensors,OEM,76.0,A,New,"Front-ends RF, processeurs, mécanique de précision pour fabricants radars.",Contact sales team and qualify need,Industrial subcontracting / machining,Eurosatory 2026 Catalog
MARREL SAS,http://www.marrel.com/,France,ANDREZIEUX BOUTHEON CEDEX,https://www.linkedin.com/company/marrel-sas/,Other,OEM,34.8,D,New,Vend des sous-systèmes / composants à un OEM construisant Vehicles.,No immediate action,Engines / propulsion,Eurosatory 2026 Catalog
MARS A.S.,https://eshop.marsjev.cz/,République tchèque,JEVÍČKO,,Other,À vérifier,,D,New,Qualifier l'activité avant tout pitch ciblé.,No immediate action,To enrich,Eurosatory 2026 Catalog
MARS Armor,http://www.marsarmor.com/,Bulgarie,KOSTINBROD,https://www.linkedin.com/company/mars-armor,Soldier systems,OEM,70.5,B,New,"Textiles, composites, optronique, énergie pour kits soldat.",Review website and validate opportunity,Composite materials,Eurosatory 2026 Catalog
MASA GROUP,http://masasim.com/,France,PARIS,https://www.linkedin.com/company/masa-group/,Intelligence / ISR,Distributeur,74.5,B,New,"Capteurs, payloads optroniques, communications pour plateformes ISR.",Review website and validate opportunity,Cloud / data services,Eurosatory 2026 Catalog
MASCHINENFABRIK LIEZEN UND GIESSEREI GMBH,https://www.mfl.at/en/,Autriche,LIEZEN,,Armored vehicles,OEM,61.0,B,New,"Moteurs, composites, plaques balistiques, optronique, comms pour OEM blindés.",Review website and validate opportunity,Engines / propulsion,Eurosatory 2026 Catalog
Masperotech Srl,http://www.masperotech.it/,Italie,MONZA,https://www.linkedin.com/company/masperotech/?viewAsMember=true,Soldier systems,OEM,71.5,B,New,"Textiles, composites, optronique, énergie pour kits soldat.",Review website and validate opportunity,Mechanical parts,Eurosatory 2026 Catalog
Mastsystem,http://mastsystem.com/,Finlande,HEINÄVAARA,https://www.linkedin.com/company/mastsystem,Electronic warfare,OEM,71.0,B,New,"Amplis RF, processeurs signal, embarqué, antennes pour EW.",Review website and validate opportunity,Engines / propulsion,Eurosatory 2026 Catalog
Materialise NV,https://www.materialise.be/,Belgique,LEUVEN,,UAV / drones,OEM,81.0,A,New,"Fournisseur de batteries, moteurs, optronique, RF, composites pour fabricants UAV.",Contact sales team and qualify need,Energy / batteries,Eurosatory 2026 Catalog
MATERNA VIRTUAL SOLUTION GMBH,http://www.virtual-solution.com/,Allemagne,MÜNCHEN,,Electronic warfare,Éditeur logiciel,70.6,B,New,"Amplis RF, processeurs signal, embarqué, antennes pour EW.",Review website and validate opportunity,Mechanical parts,Eurosatory 2026 Catalog
MATISEC,http://www.matisec.fr/,France,VAULX-MILIEU,https://www.linkedin.com/company/matisec,Land defense,OEM,69.5,B,New,"Sous-systèmes, composites, certification pour primes terrestres.",Review website and validate opportunity,Sensors,Eurosatory 2026 Catalog
MATRA ELECTRONIQUE,https://www.matra-electronique.fr/,France,LACROIX ST OUEN,,Other,À vérifier,,D,New,Qualifier l'activité avant tout pitch ciblé.,No immediate action,To enrich,Eurosatory 2026 Catalog
MATUZA TACTICAL,http://matuza-tactical.lt/,Lituanie,Kilučiai,,Other,À vérifier,36.6,D,New,Qualifier l'activité avant tout pitch ciblé.,No immediate action,Industrial subcontracting / machining,Eurosatory 2026 Catalog
MAURIN FIXATION,https://fixation.emile-maurin.fr/fr/,France,LYON CEDEX 09,,Other,À vérifier,,D,New,Qualifier l'activité avant tout pitch ciblé.,No immediate action,To enrich,Eurosatory 2026 Catalog
MAXON nternational ltd.,http://www.maxonmotor.com/,Suisse,SACHSELN,,UAV / drones,OEM,77.5,A,New,"Fournisseur de batteries, moteurs, optronique, RF, composites pour fabricants UAV.",Contact sales team and qualify need,Engines / propulsion,Eurosatory 2026 Catalog
MBDA,http://www.mbda-systems.com/,France,LE PLESSIS ROBINSON CEDEX.,,Other,À vérifier,,D,New,Qualifier l'activité avant tout pitch ciblé.,No immediate action,To enrich,Eurosatory 2026 Catalog
MC2 TECHNOLOGIES,http://www.mc2-technologies.com/,France,VILLENEUVE D'ASCQ,https://www.linkedin.com/company/mc2technologies,Intelligence / ISR,Distributeur,77.0,A,New,"Capteurs, payloads optroniques, communications pour plateformes ISR.",Contact sales team and qualify need,Energy / batteries,Eurosatory 2026 Catalog
McQ Inc.,https://www.mcqinc.com/,États-Unis,22405,,Other,À vérifier,4.0,D,New,Qualifier l'activité avant tout pitch ciblé.,No immediate action,To enrich,Eurosatory 2026 Catalog
MCSA,http://www.mcsa.fr/,France,MEREAU,https://www.linkedin.com/company/mcsa-celerc,Radar / sensors,Sous-traitant industriel,55.0,C,New,"Front-ends RF, processeurs, mécanique de précision pour fabricants radars.",Keep in watchlist,"Raw materials (steel, aluminium)",Eurosatory 2026 Catalog
MDH DEFENCE,http://www.mdhdefence.com/,Royaume-Uni,AMESBURY,,Other,À vérifier,,D,New,Qualifier l'activité avant tout pitch ciblé.,No immediate action,To enrich,Eurosatory 2026 Catalog
ME Mobil Elektronik GmbH,https://www.mobil-elektronik.com/,Allemagne,LANGENBRETTACH,https://www.linkedin.com/company/7354942,Cybersecurity,OEM,68.5,B,New,"Threat intel, hardware appliances, cloud souverain, audits.",Review website and validate opportunity,Engines / propulsion,Eurosatory 2026 Catalog
Mecalectro,http://www.mecalectro.com/,France,MASSY,https://www.linkedin.com/company/mecalectro-massy/,Air defense,OEM,69.5,B,New,"Radars, missiles, comms, électroniques pour systèmes anti-aériens.",Review website and validate opportunity,Mechanical parts,Eurosatory 2026 Catalog
MÉCANICAS DE PRESICIÓN TEJEDOR (MTP),https://www.mptejedor.com/,Espagne,PINTO,,Other,OEM,39.4,D,New,"Vend des sous-systèmes / composants à un OEM construisant Software / Platforms, Robotics / UGV.",No immediate action,Cloud / data services,Eurosatory 2026 Catalog
MECANIUM,https://www.mecanium.fr/,France,Villeurbanne,,Other,À vérifier,,D,New,Qualifier l'activité avant tout pitch ciblé.,No immediate action,To enrich,Eurosatory 2026 Catalog
Mecanus Innovación,https://www.linkedin.com/company/mecanus-innovacion,Espagne,ZARAGOZA,https://www.linkedin.com/company/mecanus-innovacion,Other,À vérifier,5.0,D,New,Qualifier l'activité avant tout pitch ciblé.,No immediate action,To enrich,Eurosatory 2026 Catalog
Mecapole,https://www.mecapole.fr/,France,SAINT CLAUDE,,Other,À vérifier,,D,New,Qualifier l'activité avant tout pitch ciblé.,No immediate action,To enrich,Eurosatory 2026 Catalog
Mecc Alte International S.A.,https://www.meccalte.com/,Italie,CREAZZO,https://www.linkedin.com/company/meccalte/,Logistics / MRO,OEM,78.0,A,New,"Pièces de rechange, calibration, certification pour acteurs MRO.",Contact sales team and qualify need,Mechanical parts,Eurosatory 2026 Catalog
MECCATRONICA,http://www.automazionispeciali.it/,Italie,PREGANZIOL,,Cybersecurity,OEM,52.6,C,New,"Threat intel, hardware appliances, cloud souverain, audits.",Keep in watchlist,Cloud / data services,Eurosatory 2026 Catalog
MECH COMPONENTS PRIVATE LIMITED,http://www.patodiagroup.net/,Inde,HYDERABAD,,Ammunition,OEM,50.4,C,New,Vend des sous-systèmes / composants à un OEM construisant Ammunition.,Keep in watchlist,Energetic materials,Eurosatory 2026 Catalog
MEDIA INDIA,,France,PARIS,,Other,À vérifier,,D,New,Qualifier l'activité avant tout pitch ciblé.,No immediate action,To enrich,Eurosatory 2026 Catalog
Mehler Protection,https://mehler-systems.com/,Allemagne,FULDA,https://www.linkedin.com/company/mehler-vario-system-gmbh/mycompany/,Soldier systems,OEM,75.5,A,New,"Vend des sous-systèmes / composants à un OEM construisant Ballistic protection, Vehicles.",Contact sales team and qualify need,Composite materials,Eurosatory 2026 Catalog
MEN,http://www.men-defencetec.com/,Allemagne,NASSAU / LAHN,,Weapons,OEM,69.1,B,New,"Vend des sous-systèmes / composants à un OEM construisant Weapons, Ammunition.",Review website and validate opportunity,Mechanical parts,Eurosatory 2026 Catalog
MENATEK DEFENSE TECHNOLOGIES,http://www.menatek.com.tr/,Turquie,ÜMRANIYE / ISTANBUL,https://linkedin.com/company/menatek-defense-technologies,Radar / sensors,OEM,80.0,A,New,"Front-ends RF, processeurs, mécanique de précision pour fabricants radars.",Contact sales team and qualify need,Engines / propulsion,Eurosatory 2026 Catalog
Mencl Advanced Systems s.r.o.,http://www.masystems.eu/,République tchèque,Ohrazenice,,Weapons,OEM,55.5,C,New,"Usinage de précision, matériaux, optronique, composants munitions ITAR-friendly.",Keep in watchlist,Engines / propulsion,Eurosatory 2026 Catalog
mentec GmbH,http://www.mentec.de/,Allemagne,Surberg,https://www.linkedin.com/company/mentec-gmbh,Optics / optronics,OEM,56.6,C,New,"Verre spécial, détecteurs, mécanique de précision pour optronique.",Keep in watchlist,Mechanical parts,Eurosatory 2026 Catalog
"MEOPTA SYSTEMS, S.R.O.",http://www.meopta.com/,République tchèque,PREROV,,Other,À vérifier,,D,New,Qualifier l'activité avant tout pitch ciblé.,No immediate action,To enrich,Eurosatory 2026 Catalog
MERCEDES-BENZ AG,https://www.group.mercedes-benz.com/,Allemagne,Stuttgart,,Other,À vérifier,16.6,D,New,Qualifier l'activité avant tout pitch ciblé.,No immediate action,Industrial subcontracting / machining,Eurosatory 2026 Catalog
MERIN,http://www.merin.it/,Italie,CAPENA (RM),,Other,À vérifier,,D,New,Qualifier l'activité avant tout pitch ciblé.,No immediate action,To enrich,Eurosatory 2026 Catalog
MERIO,http://www.merio.fr/,France,SAINT-PAUL-TROIS-CHATEAU,,Other,À vérifier,,D,New,Qualifier l'activité avant tout pitch ciblé.,No immediate action,To enrich,Eurosatory 2026 Catalog
MERSEN Advanced Materials,http://www.mersen.com/,France,GENNEVILLIERS,https://www.linkedin.com/showcase/mersen-graphite-specialties/?viewAsMember=true,Other,À vérifier,15.6,D,New,Qualifier l'activité avant tout pitch ciblé.,No immediate action,Industrial subcontracting / machining,Eurosatory 2026 Catalog
MERTSAV DEFENCE,https://www.mertsav.com.tr/,Turquie,PENDİK,https://www.linkedin.com/company/mertsav-savunma-sistemleri/?viewAsMember=true,C4ISR,OEM,51.9,C,New,Vend des sous-systèmes / composants à un OEM construisant Logistics equipment.,Keep in watchlist,Mechanical parts,Eurosatory 2026 Catalog
"MESIT asd, s.r.o.",http://www.mesit.cz/,République tchèque,UHERSKE HRADISTE,https://www.linkedin.com/company/skupinamesit,Communications,Sous-traitant industriel,76.0,A,New,"RF, crypto, certification interopérabilité pour radios tactiques.",Contact sales team and qualify need,Composite materials,Eurosatory 2026 Catalog
METAL INDUSTRIES France,http://www.metal-industries.fr/,France,MAUREPAS,https://www.linkedin.com/company/metal-industries-france,Other,À vérifier,18.1,D,New,Qualifier l'activité avant tout pitch ciblé.,No immediate action,Industrial subcontracting / machining,Eurosatory 2026 Catalog
METAL TECHNOLOGY GROUP - Angel Balevski Holding,https://www.mtgbg.com/,Bulgarie,SOFIA,,Other,À vérifier,,D,New,Qualifier l'activité avant tout pitch ciblé.,No immediate action,To enrich,Eurosatory 2026 Catalog
METALLIAGES,https://www.metalliages.fr/,France,BUC,,Other,À vérifier,,D,New,Qualifier l'activité avant tout pitch ciblé.,No immediate action,To enrich,Eurosatory 2026 Catalog
METEOROLOGICAL INSTRUMENTS,http://www.irdam.ch/,Suisse,YVERDON LES BAINS,,Other,À vérifier,,D,New,Qualifier l'activité avant tout pitch ciblé.,No immediate action,To enrich,Eurosatory 2026 Catalog
METRAVIB DEFENCE,http://www.metravib-defence.com/,France,LISSIEU,https://www.linkedin.com/showcase/metravib-defence-protection-of-people-sites-&-vehicles,Land defense,OEM,77.0,A,New,"Sous-systèmes, composites, certification pour primes terrestres.",Contact sales team and qualify need,Engines / propulsion,Eurosatory 2026 Catalog
METROHM France,https://www.metrohm.com/fr_fr.html,France,VILLEBON-SUR-YVETTE,https://www.linkedin.com/company/metrohm-france/,Radar / sensors,OEM,49.9,C,New,"Front-ends RF, processeurs, mécanique de précision pour fabricants radars.",Keep in watchlist,Electronic components,Eurosatory 2026 Catalog
METROPACK,http://www.metropack.fr/,France,REIMS,https://www.linkedin.com/company/metropack/,UAV / drones,OEM,69.5,B,New,"Fournisseur de batteries, moteurs, optronique, RF, composites pour fabricants UAV.",Review website and validate opportunity,Energy / batteries,Eurosatory 2026 Catalog
Meuser Optik,https://www.meuser-optik.com/,Allemagne,VILLMAR - AUMENAU,,Optics / optronics,OEM,49.7,C,New,"Vend des sous-systèmes / composants à un OEM construisant Software / Platforms, Optronics / Optics.",Keep in watchlist,Cloud / data services,Eurosatory 2026 Catalog
MEVACO S.A.,https://www.mevaco.gr/,Grèce,ASPROPIRGOS,,Industrial subcontracting,Sous-traitant industriel,52.7,C,New,"Matières premières, outils coupants, services qualité pour sous-traitants.",Keep in watchlist,Cloud / data services,Eurosatory 2026 Catalog
MFS DEFENSE,http://mfs-ammunition.com/,Hongrie,SIROK,,Ammunition,OEM,80.5,A,New,"Matériaux énergétiques, mécanique, packaging, certification.",Contact sales team and qualify need,Cloud / data services,Eurosatory 2026 Catalog
"MIC, MHTI of Armenia",https://hightech.gov.am/en/,Armenia,YEREVAN,http://www.linkedin.com/shareArticle?mini=true&url=https://hightech.gov.am/en/hetadarj-kap/hetadarj-kapi-tvyalner&title=&summary=,Ammunition,OEM,49.4,C,New,Vend des sous-systèmes / composants à un OEM construisant Ammunition.,Keep in watchlist,Energetic materials,Eurosatory 2026 Catalog
MICHIGAN ECONOMIC DEVELOPMENT CORPORATION,http://michiganbusiness.org/,États-Unis,LANSING,,Other,À vérifier,,D,New,Qualifier l'activité avant tout pitch ciblé.,No immediate action,To enrich,Eurosatory 2026 Catalog
Michigan Scientific Corporation,https://www.michsci.com/,États-Unis,Milford,,Other,À vérifier,15.6,D,New,Qualifier l'activité avant tout pitch ciblé.,No immediate action,Industrial subcontracting / machining,Eurosatory 2026 Catalog
MICRON INSTRUMENTS PVT LTD,https://www.microninst.com/,Inde,CHANDIGARH,,Other,À vérifier,,D,New,Qualifier l'activité avant tout pitch ciblé.,No immediate action,To enrich,Eurosatory 2026 Catalog
MICROPIERRE SA,,France,BESANCON,,Other,À vérifier,,D,New,Qualifier l'activité avant tout pitch ciblé.,No immediate action,To enrich,Eurosatory 2026 Catalog
MICROPOL FIBEROPTIC,,Suède,ALED,,Other,À vérifier,,D,New,Qualifier l'activité avant tout pitch ciblé.,No immediate action,To enrich,Eurosatory 2026 Catalog
Microsoft,http://www.microsoft.com/,États-Unis,REDMOND.,,Simulation / training,OEM,61.7,B,New,"Visuel, motion, haptique, IA pour fabricants de simulateurs.",Review website and validate opportunity,Mechanical parts,Eurosatory 2026 Catalog
Micross Components,https://www.micross.com/,États-Unis,MELVILLE,https://www.linkedin.com/company/micross-components/,Other,À vérifier,16.6,D,New,Qualifier l'activité avant tout pitch ciblé.,No immediate action,Industrial subcontracting / machining,Eurosatory 2026 Catalog
MIFA,https://mifa.eu/nl/,Pays-Bas,Venlo,,Optics / optronics,OEM,62.4,B,New,"Verre spécial, détecteurs, mécanique de précision pour optronique.",Review website and validate opportunity,Industrial subcontracting / machining,Eurosatory 2026 Catalog
MIILUX OY,https://www.miilux.com.tr/en/homepage,Turquie,ISTANBUL,,Other,À vérifier,,D,New,Qualifier l'activité avant tout pitch ciblé.,No immediate action,To enrich,Eurosatory 2026 Catalog
Miilux Oy,,Finlande,Raahe,,Other,À vérifier,,D,New,Qualifier l'activité avant tout pitch ciblé.,No immediate action,To enrich,Eurosatory 2026 Catalog
Mikkelin Kehitysyhtiö MIKSEI Oy / Etelä-Savo Goes Global,https://mikseimikkeli.fi/en/hanke/etela-savo-goes-global-2/,Finlande,Mikkeli,,Logistics / MRO,Sous-traitant industriel,64.6,B,New,"Pièces de rechange, calibration, certification pour acteurs MRO.",Review website and validate opportunity,RF / microwave components,Eurosatory 2026 Catalog
MIKRO-PULSSI,http://www.mikro-pulssi.fi/,Finlande,TAMPERE,,Other,À vérifier,,D,New,Qualifier l'activité avant tout pitch ciblé.,No immediate action,To enrich,Eurosatory 2026 Catalog
Milda Technologies,http://milda.tech/,Lettonie,RIGA,,Other,OEM,50.1,C,New,"Vend des sous-systèmes / composants à un OEM construisant Vehicles, Robotics / UGV.",Keep in watchlist,Engines / propulsion,Eurosatory 2026 Catalog
MilDef,http://www.mildef.com/,Suède,HELSINGBORG,https://www.linkedin.com/company/mildef-group/,C4ISR,OEM,73.5,B,New,"Composants, sous-systèmes, software, services pour primes C4ISR.",Review website and validate opportunity,Engines / propulsion,Eurosatory 2026 Catalog
MILDEF INTERNATIONAL TECHNOLOGIES SDN BHD,http://mildef.com.my/,Malaisie,SEREMBAN,,Armored vehicles,OEM,74.5,B,New,"Moteurs, composites, plaques balistiques, optronique, comms pour OEM blindés.",Review website and validate opportunity,Engines / propulsion,Eurosatory 2026 Catalog
Milestone Aviation Services,,Arabie saoudite,RIYADH,,Other,À vérifier,,D,New,Qualifier l'activité avant tout pitch ciblé.,No immediate action,To enrich,Eurosatory 2026 Catalog
Military Defense Package / Military Box/ Container,https://www.ammodefensepackaging.com/,Chine,ZHANGJIAGANG CITY,,Armored vehicles,OEM,69.5,B,New,"Vend des sous-systèmes / composants à un OEM construisant Ammunition, Vehicles.",Review website and validate opportunity,Energetic materials,Eurosatory 2026 Catalog
MILITARY EQUIPMENT DENMARK,http://www.med.dk/,Danemark,REGSTRUP,https://www.linkedin.com/company/2617834/admin/settings/,Land defense,Distributeur,66.0,B,New,"Sous-systèmes, composites, certification pour primes terrestres.",Review website and validate opportunity,RF / microwave components,Eurosatory 2026 Catalog
Millog Oy,http://millog.fi/en/,Finlande,Tampere,https://fi.linkedin.com/company/millog-oy,Other,À vérifier,17.6,D,New,Qualifier l'activité avant tout pitch ciblé.,No immediate action,Industrial subcontracting / machining,Eurosatory 2026 Catalog
Milpower Savunma Sistemleri TİC.A.Ş,https://www.milpower.com.tr/,Turquie,ANKARA,,Other,À vérifier,,D,New,Qualifier l'activité avant tout pitch ciblé.,No immediate action,To enrich,Eurosatory 2026 Catalog
Milrem Robotics,http://www.milremrobotics.com/,Estonie,TALLINN,https://www.linkedin.com/company/milremrobotics/,Intelligence / ISR,Intégrateur,76.0,A,New,"Capteurs, payloads optroniques, communications pour plateformes ISR.",Contact sales team and qualify need,Engines / propulsion,Eurosatory 2026 Catalog
MILTECH HELLAS,https://miltech.gr/,Grèce,KOROPI,,Other,À vérifier,,D,New,Qualifier l'activité avant tout pitch ciblé.,No immediate action,To enrich,Eurosatory 2026 Catalog
MILTON,http://www.milton-innovation.com/,France,MERIGNAC,,Other,À vérifier,,D,New,Qualifier l'activité avant tout pitch ciblé.,No immediate action,To enrich,Eurosatory 2026 Catalog
MINISTÈRE DE L'INTÉRIEUR ET DES OUTRE-MER,http://www.interieur.gouv.fr/,France,PARIS,,Other,À vérifier,14.6,D,New,Qualifier l'activité avant tout pitch ciblé.,No immediate action,Industrial subcontracting / machining,Eurosatory 2026 Catalog
Ministère des Armées et des Anciens combattants,http://www.defense.gouv.fr/,France,PARIS CEDEX 15,https://www.linkedin.com/company/ministere-des-armees,Intelligence / ISR,À vérifier,40.1,C,New,Qualifier l'activité avant tout pitch ciblé.,Keep in watchlist,Industrial subcontracting / machining,Eurosatory 2026 Catalog
Ministère des armées et des anciens combattants - PEPS,http://www.defense.gouv.fr/,France,PARIS,,Other,À vérifier,,D,New,Qualifier l'activité avant tout pitch ciblé.,No immediate action,To enrich,Eurosatory 2026 Catalog
MINISTRY OF DEFENCE,https://mod.gov.cy/,Cyprus,NICOSIA,,Other,À vérifier,,D,New,Qualifier l'activité avant tout pitch ciblé.,No immediate action,To enrich,Eurosatory 2026 Catalog
Ministry of Defence of the Slovak Republic,https://www.mosr.sk/mo-sr-en/,Slovaquie,BRATISLAVA,,Other,À vérifier,,D,New,Qualifier l'activité avant tout pitch ciblé.,No immediate action,To enrich,Eurosatory 2026 Catalog
Ministry of Defence Republic of Croatia,https://www.morh.hr/,Croatie,Zagreb,,Optics / optronics,OEM,67.4,B,New,Vend des sous-systèmes / composants à un OEM construisant Optronics / Optics.,Review website and validate opportunity,Electronic components,Eurosatory 2026 Catalog
"MINISTRY OF DEFENCE, GOVT. OF INDIA",http://www.drdo.gov.in/,Inde,NEW DHELI,,Other,À vérifier,,D,New,Qualifier l'activité avant tout pitch ciblé.,No immediate action,To enrich,Eurosatory 2026 Catalog
"Ministry of Economic Development, Job Creation and Trade, Ontario, Canada",http://www.sourcefromontario.com/en/page/event/137030/ontario-eurosatory-2024,Canada,TORONTO,https://www.linkedin.com/company/ontario-ministry-of-economic-development-job-creation-and-trade/?originalSubdomain=ca,Space / satellite,OEM,84.0,A,New,"Composites, capteurs, comms, lancement pour primes spatiaux.",Contact sales team and qualify need,Electronic components,Eurosatory 2026 Catalog
Ministry of Economy,https://mingo.gov.hr/,Croatie,Zagreb,,Other,À vérifier,16.6,D,New,Qualifier l'activité avant tout pitch ciblé.,No immediate action,Industrial subcontracting / machining,Eurosatory 2026 Catalog
Ministry of Industry and Mineral Resources,,Arabie saoudite,Riyadh,,Other,À vérifier,,D,New,Qualifier l'activité avant tout pitch ciblé.,No immediate action,To enrich,Eurosatory 2026 Catalog
MINISTRY OF INDUSTRY AND TRADE OF THE CZECH REP.,https://mpo.gov.cz/en/,République tchèque,PRAHA 1,,Other,À vérifier,,D,New,Qualifier l'activité avant tout pitch ciblé.,No immediate action,To enrich,Eurosatory 2026 Catalog
Ministry of Investment of Saudi Arabia,,Arabie saoudite,Riyadh,,Other,À vérifier,,D,New,Qualifier l'activité avant tout pitch ciblé.,No immediate action,To enrich,Eurosatory 2026 Catalog
MIPA,http://www.mipa-paints.com/,Allemagne,ESSENBACH,,Other,À vérifier,,D,New,Qualifier l'activité avant tout pitch ciblé.,No immediate action,To enrich,Eurosatory 2026 Catalog
Miranda Military,https://www.mirandamilitary.pl/,Pologne,TUREK,,Other,À vérifier,,D,New,Qualifier l'activité avant tout pitch ciblé.,No immediate action,To enrich,Eurosatory 2026 Catalog
MIRION TECHNOLOGIES,http://www.mirion.com/,France,LAMANON,https://www.linkedin.com/company/mirion-technologies-france,Dual-use technology,À vérifier,18.6,D,New,Qualifier l'activité avant tout pitch ciblé.,No immediate action,Industrial subcontracting / machining,Eurosatory 2026 Catalog
MIRMEX MOTOR,http://www.mirmexmotor.com/,Belgique,WAVRE,https://www.linkedin.com/company/mirmexmotor/,Other,Sous-traitant industriel,48.5,C,New,Activité à qualifier — discovery call avant pitch précis.,Keep in watchlist,Cloud / data services,Eurosatory 2026 Catalog
Mistral Group,http://www.mistralinc.com/,États-Unis,BETHESDA,,Radar / sensors,OEM,70.0,B,New,"Front-ends RF, processeurs, mécanique de précision pour fabricants radars.",Review website and validate opportunity,Energy / batteries,Eurosatory 2026 Catalog
Mitekas,http://mitekas.com/,Lituanie,Vilnius,https://www.linkedin.com/company/mitekas-defense/,Electronic warfare,OEM,75.0,A,New,"Amplis RF, processeurs signal, embarqué, antennes pour EW.",Contact sales team and qualify need,Energy / batteries,Eurosatory 2026 Catalog
Mittler Report Verlag GmbH,http://www.mittler-report.de/,Allemagne,BONN,https://www.linkedin.com/company/eurodefence,Cybersecurity,OEM,59.2,C,New,"Outils SOC/SIEM, brique de sécurité défensive pour vendeur cyber.",Keep in watchlist,Mechanical parts,Eurosatory 2026 Catalog
MKS Servo,https://www.mks-servo.com/,Taïwan,YILAN CITY,https://www.linkedin.com/company/96599752,UAV / drones,OEM,63.6,B,New,"Fournisseur de batteries, moteurs, optronique, RF, composites pour fabricants UAV.",Review website and validate opportunity,Energy / batteries,Eurosatory 2026 Catalog
MKU LIMITED,https://www.mku.com/,Inde,KANPUR,,Other,À vérifier,,D,New,Qualifier l'activité avant tout pitch ciblé.,No immediate action,To enrich,Eurosatory 2026 Catalog
MNC SOLUTION,http://www.mncsolution.com/,Corée du Sud,GYEONGSANGNAM-DO,,Naval defense,OEM,65.0,B,New,"Vend des sous-systèmes / composants à un OEM construisant Vehicles, Communications networks.",Review website and validate opportunity,Engines / propulsion,Eurosatory 2026 Catalog
MODIRUM GESPI - Industria E Comercio De Equipamentos,https://modirumgespi.com/,Brésil,SÃO JOSÉ DOS CAMPOS,https://www.linkedin.com/company/modirumgespi/,Intelligence / ISR,Distributeur,78.0,A,New,"Capteurs, payloads optroniques, communications pour plateformes ISR.",Contact sales team and qualify need,Energy / batteries,Eurosatory 2026 Catalog
MODISPREM,http://www.modisprem.com/,Espagne,Zuera - Zaragoza,https://www.linkedin.com/company/modisprem-s-a/about/,Armored vehicles,OEM,69.0,B,New,"Vend des sous-systèmes / composants à un OEM construisant Engines / propulsion, Vehicles.",Review website and validate opportunity,Mechanical parts,Eurosatory 2026 Catalog
"MOHOC, INC.",https://www.mohoc.com/,États-Unis,BAINBRIDGE ISLAND,,Other,À vérifier,,D,New,Qualifier l'activité avant tout pitch ciblé.,No immediate action,To enrich,Eurosatory 2026 Catalog
"Molex, LLC.",http://www.molex.com/,États-Unis,LISLE,https://www.linkedin.com/company/molex,Other,À vérifier,17.6,D,New,Qualifier l'activité avant tout pitch ciblé.,No immediate action,Industrial subcontracting / machining,Eurosatory 2026 Catalog
Molfar Intelligence,https://molfar.com/,Ukraine,Kyiv,,Cybersecurity,Société de services,44.4,C,New,"Threat intel, hardware appliances, cloud souverain, audits.",Keep in watchlist,Mechanical parts,Eurosatory 2026 Catalog
MOLPIR S.R.O.,https://www.molpir.com/,Slovaquie,SMOLENICE,,NRBC / CBRN,OEM,56.4,C,New,"Vend des sous-systèmes / composants à un OEM construisant Logistics equipment, NRBC / CBRN.",Keep in watchlist,Mechanical parts,Eurosatory 2026 Catalog
MOMENTUM TECHNOLOGIES (LIFEPODS),http://www.lifepods.tech/,France,LE BOULOU,https://www.linkedin.com/company/momentum-technologies-lifepods/?viewAsMember=true,Soldier systems,OEM,76.5,A,New,"Textiles, composites, optronique, énergie pour kits soldat.",Contact sales team and qualify need,Energy / batteries,Eurosatory 2026 Catalog
MÖNCH PUBLISHING GROUP,https://www.monch.com/,Allemagne,BAD NEUENAHR,,Other,À vérifier,,D,New,Qualifier l'activité avant tout pitch ciblé.,No immediate action,To enrich,Eurosatory 2026 Catalog
MONKILOWATT,http://www.monkilowatt.fr/,France,TOULOUSE,,Other,À vérifier,,D,New,Qualifier l'activité avant tout pitch ciblé.,No immediate action,To enrich,Eurosatory 2026 Catalog
MONOPULSE,,Lituanie,Vilnius,,Other,À vérifier,,D,New,Qualifier l'activité avant tout pitch ciblé.,No immediate action,To enrich,Eurosatory 2026 Catalog
MONT BLANC PRODUCTIONS,https://www.montblancproductions.fr/,France,SALLANCHES,,Other,À vérifier,,D,New,Qualifier l'activité avant tout pitch ciblé.,No immediate action,To enrich,Eurosatory 2026 Catalog
MONVALIS GMBH,http://www.monvalis.de/,Allemagne,BIELEFELD,,Other,OEM,35.9,D,New,Vend des sous-systèmes / composants à un OEM construisant Logistics equipment.,No immediate action,Mechanical parts,Eurosatory 2026 Catalog
MOOG INC.,https://www.moog.com/,États-Unis,EAST AURORA,,Other,À vérifier,,D,New,Qualifier l'activité avant tout pitch ciblé.,No immediate action,To enrich,Eurosatory 2026 Catalog
Moori Technologies,http://mooritech.com/,Corée du Sud,"Seongnam-si, Gyeonggi–do",,Optics / optronics,OEM,51.4,C,New,Vend des sous-systèmes / composants à un OEM construisant Optronics / Optics.,Keep in watchlist,Electronic components,Eurosatory 2026 Catalog
MORAI GmbH,http://www.morai.ai/,Allemagne,Garching,https://www.linkedin.com/company/morai/,Electronic warfare,Distributeur,79.0,A,New,"Amplis RF, processeurs signal, embarqué, antennes pour EW.",Contact sales team and qualify need,Engines / propulsion,Eurosatory 2026 Catalog
MORIN - K9 VISION,https://www.morinfrance.com/,France,MONTLHERY,,Other,À vérifier,,D,New,Qualifier l'activité avant tout pitch ciblé.,No immediate action,To enrich,Eurosatory 2026 Catalog
"MOS nutrition, Emergency Food, MX3 nutrition",https://www.nutridry.com/,France,VILLENAVE D'ORNON,https://www.linkedin.com/company/nutridrygroup/?originalSubdomain=fr,Logistics / MRO,OEM,61.0,B,New,"Pièces de rechange, calibration, certification pour acteurs MRO.",Review website and validate opportunity,Mechanical parts,Eurosatory 2026 Catalog
MostaTech,http://mostatech.mt/,Malta,MOSTA,https://www.linkedin.com/company/mostatech,UAV / drones,OEM,68.0,B,New,"Fournisseur de batteries, moteurs, optronique, RF, composites pour fabricants UAV.",Review website and validate opportunity,Electronic components,Eurosatory 2026 Catalog
Motor-G,https://motor-g.com/en/,Ukraine,Kyiv,,UAV / drones,OEM,55.6,C,New,Sub-system / payload pour OEM drones tactiques.,Keep in watchlist,Energy / batteries,Eurosatory 2026 Catalog
Motorola Solutions,http://www.motorolasolutions.com/,France,LONDON,https://www.linkedin.com/company/motorolasolutions/,Intelligence / ISR,Distributeur,69.5,B,New,"Capteurs, payloads optroniques, communications pour plateformes ISR.",Review website and validate opportunity,Electronic components,Eurosatory 2026 Catalog
MPH,http://mph-mecanique.fr/,France,VILLEROY,https://www.linkedin.com/company/mph-mecanique/,Engineering services,OEM,58.5,C,New,"Outils CAD, simulation, certification pour bureau d'études.",Keep in watchlist,Mechanical parts,Eurosatory 2026 Catalog
M-Plus France,http://www.m-plusgroup.com/,France,LACHAPELLE-SOUS-ROUGEMONT,,Other,À vérifier,,D,New,Qualifier l'activité avant tout pitch ciblé.,No immediate action,To enrich,Eurosatory 2026 Catalog
MPM,https://www.mpm.fr/,France,MURET,,Other,À vérifier,,D,New,Qualifier l'activité avant tout pitch ciblé.,No immediate action,To enrich,Eurosatory 2026 Catalog
MPP,http://www.mpp.be/,Belgique,HAMOIR,https://linkedin.com/company/mpp-belgium,Space / satellite,Distributeur,62.6,B,New,"Composites, capteurs, comms, lancement pour primes spatiaux.",Review website and validate opportunity,Mechanical parts,Eurosatory 2026 Catalog
MPS Microsystems,http://www.mpsag.com/en/,Suisse,Biel-Bienne,https://www.linkedin.com/company/mpsagcom/,Other,À vérifier,22.6,D,New,Qualifier l'activité avant tout pitch ciblé.,No immediate action,Industrial subcontracting / machining,Eurosatory 2026 Catalog
Mraz Robotics s. r. o.,,Slovaquie,Bucany,,Other,À vérifier,,D,New,Qualifier l'activité avant tout pitch ciblé.,No immediate action,To enrich,Eurosatory 2026 Catalog
MSI Defense Solutions,http://www.msidefense.com/,États-Unis,Mooresville,https://www.linkedin.com/company/2487734/,Counter-UAV,OEM,68.0,B,New,"Fournisseur de RF, radars, optronique et embarqués pour stacks anti-drone.",Review website and validate opportunity,Engines / propulsion,Eurosatory 2026 Catalog
MSI-Defence Systems,https://www.msi-dsl.com/,Royaume-Uni,NORWICH - NORFOLK,https://www.linkedin.com/company/msi-defence-systems-ltd/,Naval defense,OEM,71.5,B,New,"Radars, sonars, comms, armement, sustainment pour primes navals.",Review website and validate opportunity,Engines / propulsion,Eurosatory 2026 Catalog
MSM LAND SYSTEMS s.r.o.,https://www.msmls.sk/,Slovaquie,Trencin,,Land defense,À vérifier,29.1,D,New,Qualifier l'activité avant tout pitch ciblé.,No immediate action,Industrial subcontracting / machining,Eurosatory 2026 Catalog
"MSM Services, s.r.o.",http://msm.sk/,Slovaquie,DUBNICA NAD VAHOM,,Armored vehicles,OEM,66.5,B,New,"Moteurs, composites, plaques balistiques, optronique, comms pour OEM blindés.",Review website and validate opportunity,Mechanical parts,Eurosatory 2026 Catalog
MTE/DGITM/SDMINT/MINT2,http://www.ecologie.gouv.fr/politiques-publiques/agence-linnovation-transports,France,LA DÉFENSE CEDEX,,Other,À vérifier,,D,New,Qualifier l'activité avant tout pitch ciblé.,No immediate action,To enrich,Eurosatory 2026 Catalog
MTN Satellite,http://www.mtnsat.com/,États-Unis,Fort Lauderdale,https://www.linkedin.com/company/mtn-global/posts/?feedView=all,Space / satellite,OEM,76.1,A,New,"Vend des sous-systèmes / composants à un OEM construisant Logistics equipment, Communications networks.",Contact sales team and qualify need,Mechanical parts,Eurosatory 2026 Catalog
"Mudanjiang North Alloy Tools Co., Ltd.",http://en.north-tungsten.cn/,Chine,MUDANJIANG,,Space / satellite,OEM,74.0,B,New,"Composites, capteurs, comms, lancement pour primes spatiaux.",Review website and validate opportunity,Mechanical parts,Eurosatory 2026 Catalog
MULTICUT A/S,,Danemark,VILDBJERG,,Other,À vérifier,,D,New,Qualifier l'activité avant tout pitch ciblé.,No immediate action,To enrich,Eurosatory 2026 Catalog
MULTIVIS BRASIL LTDA,https://multivis.com/,Brésil,Rio de Janeiro,,C4ISR,Distributeur,67.6,B,New,"Composants, sous-systèmes, software, services pour primes C4ISR.",Review website and validate opportunity,Electronic components,Eurosatory 2026 Catalog
MUNEXLOG SAS,https://www.munexlog.com/,France,PARIS,,Other,À vérifier,,D,New,Qualifier l'activité avant tout pitch ciblé.,No immediate action,To enrich,Eurosatory 2026 Catalog
MUNITIONS INDIA LIMITED,https://munitionsindia.in/,Inde,PUNE,,Other,À vérifier,4.0,D,New,Qualifier l'activité avant tout pitch ciblé.,No immediate action,To enrich,Eurosatory 2026 Catalog
Münstermann,http://www.muenstermann.com/,Allemagne,TELGTE,https://www.linkedin.com/company/muenstermann,Naval defense,OEM,58.8,C,New,"Vend des sous-systèmes / composants à un OEM construisant Logistics equipment, Energy / batteries.",Keep in watchlist,Mechanical parts,Eurosatory 2026 Catalog
MUSTAD BELGIUM,https://www.mustad.be/,Belgique,EUPEN,,Other,À vérifier,,D,New,Qualifier l'activité avant tout pitch ciblé.,No immediate action,To enrich,Eurosatory 2026 Catalog
MUSTHANE,http://www.musthane.fr/,France,WILLEMS,https://www.linkedin.com/company/musthane,Ballistic protection,À vérifier,45.1,C,New,"Aramide, céramique, composites, certification balistique.",Keep in watchlist,Industrial subcontracting / machining,Eurosatory 2026 Catalog
MVG Microwave Vision Group,http://www.mvg-world.com/,France,VILLEJUST,https://www.linkedin.com/company/microwave-vision-group-satimo-orbit-fr-aemi-&-remc,Radar / sensors,OEM,77.0,A,New,"Front-ends RF, processeurs, mécanique de précision pour fabricants radars.",Contact sales team and qualify need,Energy / batteries,Eurosatory 2026 Catalog
MW Group,,Suède,Solna,,Other,À vérifier,,D,New,Qualifier l'activité avant tout pitch ciblé.,No immediate action,To enrich,Eurosatory 2026 Catalog
Myakiatto,https://www.myakiatto.com/,France,CLERMONT FERRAND,,Other,À vérifier,,D,New,Qualifier l'activité avant tout pitch ciblé.,No immediate action,To enrich,Eurosatory 2026 Catalog
MYDEFENCE COMMUNICATION,http://www.mydefence.dk/,Danemark,NR. SUNDBY,,Other,À vérifier,,D,New,Qualifier l'activité avant tout pitch ciblé.,No immediate action,To enrich,Eurosatory 2026 Catalog
MZD ELEKTRIK ELEKTRONIK ELEKTROMEKANIK MEKATRONIK,http://www.mzd.com.tr/,Turquie,ANKARA,https://www.linkedin.com/company/mzdsavunma,Simulation / training,OEM,67.5,B,New,"Visuel, motion, haptique, IA pour fabricants de simulateurs.",Review website and validate opportunity,RF / microwave components,Eurosatory 2026 Catalog
Nabtesco Precision Europe GmbH,http://www.nabtesco.de/,Allemagne,DUESSELDORF,https://www.linkedin.com/company/nabtesco-precision-europe-gmbh/,Other,OEM,36.9,D,New,Vend des sous-systèmes / composants à un OEM construisant Engines / propulsion.,No immediate action,Mechanical parts,Eurosatory 2026 Catalog
NAE,http://www.nae.fr/,France,SAINT-ETIENNE DU ROUVRAY,https://www.linkedin.com/company/normandie-aeroespace,Radar / sensors,Distributeur,72.0,B,New,"Front-ends RF, processeurs, mécanique de précision pour fabricants radars.",Review website and validate opportunity,Mechanical parts,Eurosatory 2026 Catalog
NAMMA,https://www.namma-france.com/,France,33700,,Other,À vérifier,,D,New,Qualifier l'activité avant tout pitch ciblé.,No immediate action,To enrich,Eurosatory 2026 Catalog
Nammo AS,http://www.nammo.com/,Norvège,RAUFOSS,,Other,À vérifier,,D,New,Qualifier l'activité avant tout pitch ciblé.,No immediate action,To enrich,Eurosatory 2026 Catalog
"NANJING CNGEIR TECHNOLOGY CO.,LTD",https://www.cngeir.com/,Chine,NANJING,,Other,À vérifier,,D,New,Qualifier l'activité avant tout pitch ciblé.,No immediate action,To enrich,Eurosatory 2026 Catalog
Nanomade,https://nanomade.com/,France,TOULOUSE,www.linkedin.com/company/nanomade,Radar / sensors,OEM,64.0,B,New,"Front-ends RF, processeurs, mécanique de précision pour fabricants radars.",Review website and validate opportunity,Electronic components,Eurosatory 2026 Catalog
NanoPyro,http://www.nanopyro.be/,Belgique,NIVELLES,https://www.linkedin.com/company/nanopyro/,Ammunition,OEM,62.1,B,New,"Matériaux énergétiques, mécanique, packaging, certification.",Review website and validate opportunity,Energetic materials,Eurosatory 2026 Catalog
NANOXPLORE SAS,,France,SEVRES,,Other,À vérifier,,D,New,Qualifier l'activité avant tout pitch ciblé.,No immediate action,To enrich,Eurosatory 2026 Catalog
"NANTONG HANVO NEW MATERIAL TECHNOLOGY CO.,LTD",http://www.hanvomaterial.com/,Chine,NANTONG,,Other,À vérifier,16.6,D,New,Qualifier l'activité avant tout pitch ciblé.,No immediate action,Industrial subcontracting / machining,Eurosatory 2026 Catalog
NANUK BY PLASTICASE INC.,,Canada,TERREBONNE,,Other,À vérifier,,D,New,Qualifier l'activité avant tout pitch ciblé.,No immediate action,To enrich,Eurosatory 2026 Catalog
NATION SHIELD JOURNAL,https://www.nationshield.ae/index.php/module/magazine/en/30,Émirats arabes unis,ABU DHABI,,Other,À vérifier,,D,New,Qualifier l'activité avant tout pitch ciblé.,No immediate action,To enrich,Eurosatory 2026 Catalog
NATO MISSILE FIRING INSTALLATION,http://www.namfi.gr/,Grèce,"CHANIA, CRÈTE",,UAV / drones,Distributeur,76.0,A,New,Sub-system / payload pour OEM drones tactiques.,Contact sales team and qualify need,Energy / batteries,Eurosatory 2026 Catalog
NATRIX UGV,https://www.natrix.eu/,Lettonie,RĪGA,,C4ISR,Distributeur,62.0,B,New,"Composants, sous-systèmes, software, services pour primes C4ISR.",Review website and validate opportunity,Engines / propulsion,Eurosatory 2026 Catalog
NAUDI - THE NATIONAL ASSOCIATION OF UKRAINIAN DEFENSE INDUSTRIES,http://naudi.com.ua/,Ukraine,KYIV,https://www.linkedin.com/company/naudi/,Intelligence / ISR,OEM,70.5,B,New,"Vend des sous-systèmes / composants à un OEM construisant Vehicles, UAV / drones.",Review website and validate opportunity,Engines / propulsion,Eurosatory 2026 Catalog
NAVANTIA,https://www.navantia.es/en/,Espagne,MADRID,,Other,À vérifier,,D,New,Qualifier l'activité avant tout pitch ciblé.,No immediate action,To enrich,Eurosatory 2026 Catalog
Navigate,,Danemark,Copenhagen,,Other,À vérifier,,D,New,Qualifier l'activité avant tout pitch ciblé.,No immediate action,To enrich,Eurosatory 2026 Catalog
Naxcon,https://www.naxcon.com/,Allemagne,FREIBURG,https://www.linkedin.com/company/naxcon/posts/?feedView=all,Cybersecurity,OEM,75.5,A,New,"Threat intel, hardware appliances, cloud souverain, audits.",Contact sales team and qualify need,Cloud / data services,Eurosatory 2026 Catalog
NCS SYSTEMS,https://www.ncs-systems.eu/,France,ELANCOURT,,Other,À vérifier,,D,New,Qualifier l'activité avant tout pitch ciblé.,No immediate action,To enrich,Eurosatory 2026 Catalog
NECAS A/S,,Danemark,STØVRING,,Other,À vérifier,,D,New,Qualifier l'activité avant tout pitch ciblé.,No immediate action,To enrich,Eurosatory 2026 Catalog
NEDINSCO B.V.,http://www.nedinsco.com/,Pays-Bas,VENLO,https://www.linkedin.com/company/nedinsco-bv,Intelligence / ISR,OEM,68.5,B,New,"Capteurs, payloads optroniques, communications pour plateformes ISR.",Review website and validate opportunity,Energy / batteries,Eurosatory 2026 Catalog
NEMS GmbH,http://www.nems.de/,Allemagne,MONHEIM AM RHEIN,,Other,À vérifier,,D,New,Qualifier l'activité avant tout pitch ciblé.,No immediate action,To enrich,Eurosatory 2026 Catalog
NETA COMMUNICATIONS,https://www.netacoms.com/airborneandgrounddatalinkantennasystems,Turquie,İSTANBUL,https://www.linkedin.com/company/netacoms/posts/?feedView=all,Space / satellite,Distributeur,80.0,A,New,"Composites, capteurs, comms, lancement pour primes spatiaux.",Contact sales team and qualify need,Energy / batteries,Eurosatory 2026 Catalog
Netcompany A/S,,Danemark,København K,,Other,À vérifier,,D,New,Qualifier l'activité avant tout pitch ciblé.,No immediate action,To enrich,Eurosatory 2026 Catalog
Netherlands Pavilion,http://www.nidv.eu/,Pays-Bas,THE HAGUE,,Intelligence / ISR,OEM,77.5,A,New,"Capteurs, payloads optroniques, communications pour plateformes ISR.",Contact sales team and qualify need,RF / microwave components,Eurosatory 2026 Catalog
Netline,http://www.netlinetech.com/,Israël,TEL AVIV,,Other,À vérifier,,D,New,Qualifier l'activité avant tout pitch ciblé.,No immediate action,To enrich,Eurosatory 2026 Catalog
NEUMAN ALUMINIUM FLIESSPRESSWERK GMBH,http://www.neuman.at/technology/impact-extrusion,Autriche,LILIENFELD,https://www.linkedin.com/company/neuman-aluminium-impact-extrusion/,Radar / sensors,OEM,79.0,A,New,"Front-ends RF, processeurs, mécanique de précision pour fabricants radars.",Contact sales team and qualify need,Engines / propulsion,Eurosatory 2026 Catalog
NEUROCOMS,http://www.neurocoms.xyz/,Espagne,MADRID,,Electronic warfare,OEM,64.5,B,New,"Vend des sous-systèmes / composants à un OEM construisant Communications networks, UAV / drones.",Review website and validate opportunity,RF / microwave components,Eurosatory 2026 Catalog
New Expo Logística,https://newexpo.com.br/,Brésil,São Paulo,,Logistics / MRO,OEM,48.4,C,New,Vend des sous-systèmes / composants à un OEM construisant Logistics equipment.,Keep in watchlist,Mechanical parts,Eurosatory 2026 Catalog
NEW LACHAUSSEE SA,https://www.lachaussee.com/,Belgique,HERSTAL,,Other,À vérifier,,D,New,Qualifier l'activité avant tout pitch ciblé.,No immediate action,To enrich,Eurosatory 2026 Catalog
New Use Energy,http://www.newuseenergy.com/,États-Unis,Anacortes,,Intelligence / ISR,Distributeur,75.5,A,New,"Vend des sous-systèmes / composants à un OEM construisant Vehicles, UAV / drones.",Contact sales team and qualify need,Engines / propulsion,Eurosatory 2026 Catalog
NEXTDYN SYSTEMS,https://www.nextdynsystems.com/,États-Unis,FORT LEE,,Weapons,OEM,64.3,B,New,"Usinage de précision, matériaux, optronique, composants munitions ITAR-friendly.",Review website and validate opportunity,Mechanical parts,Eurosatory 2026 Catalog
NEXUS FRANCE,https://nexus-groupe.com/fr/accueil/,France,ROGNES,https://www.linkedin.com/company/groupenexus,Intelligence / ISR,OEM,71.0,B,New,"Capteurs, payloads optroniques, communications pour plateformes ISR.",Review website and validate opportunity,Engines / propulsion,Eurosatory 2026 Catalog
NEXVISION SAS,https://www.nexvision.fr/,France,MARSEILLE,https://www.linkedin.com/company/nexvision-sas,Intelligence / ISR,OEM,76.5,A,New,"Capteurs, payloads optroniques, communications pour plateformes ISR.",Contact sales team and qualify need,Engines / propulsion,Eurosatory 2026 Catalog
NFM GROUP AS,http://www.nfm.no/,Norvège,SKI,,Other,À vérifier,,D,New,Qualifier l'activité avant tout pitch ciblé.,No immediate action,To enrich,Eurosatory 2026 Catalog
NI (now part of Emerson),http://www.ni.com/,France,COLOMBES,https://www.linkedin.com/company/niglobal,Electronic warfare,OEM,71.5,B,New,"Amplis RF, processeurs signal, embarqué, antennes pour EW.",Review website and validate opportunity,Electronic components,Eurosatory 2026 Catalog
NICOMATIC,http://www.nicomatic.com/,France,BONS EN CHABLAIS,,Other,À vérifier,,D,New,Qualifier l'activité avant tout pitch ciblé.,No immediate action,To enrich,Eurosatory 2026 Catalog
NIDEC ARISA S.L.U.,http://www.arisa.com/,Espagne,Navarrete,https://es.linkedin.com/company/nidec-arisa,Other,À vérifier,17.6,D,New,Qualifier l'activité avant tout pitch ciblé.,No immediate action,Industrial subcontracting / machining,Eurosatory 2026 Catalog
NIGHTVISION LASERS SPAIN NVLS,http://www.nvls.es/,Espagne,,https://www.linkedin.com/company/nightvision-lasers-spain-sl/,Intelligence / ISR,OEM,77.0,A,New,"Capteurs, payloads optroniques, communications pour plateformes ISR.",Contact sales team and qualify need,Electronic components,Eurosatory 2026 Catalog
NIMROD Industries,https://www.nimrod-group.com/,France,Taverny,,Other,À vérifier,,D,New,Qualifier l'activité avant tout pitch ciblé.,No immediate action,To enrich,Eurosatory 2026 Catalog
NIXUS,http://www.nixus2protect.com/,Slovaquie,TRENCIN,,Other,À vérifier,,D,New,Qualifier l'activité avant tout pitch ciblé.,No immediate action,To enrich,Eurosatory 2026 Catalog
nLight,https://www.nlight.net/,États-Unis,Camas,,Intelligence / ISR,Distributeur,70.5,B,New,"Capteurs, payloads optroniques, communications pour plateformes ISR.",Review website and validate opportunity,Industrial subcontracting / machining,Eurosatory 2026 Catalog
NLR-Royal Netherlands Aerospace Centre,https://www.nlr.nl/,Pays-Bas,AMSTERDAM,,Other,À vérifier,,D,New,Qualifier l'activité avant tout pitch ciblé.,No immediate action,To enrich,Eurosatory 2026 Catalog
NOKIA,http://www.nokia.com/industries/defense/,Finlande,MASSY,https://www.linkedin.com/company/nokia/,Other,À vérifier,17.6,D,New,Qualifier l'activité avant tout pitch ciblé.,No immediate action,Industrial subcontracting / machining,Eurosatory 2026 Catalog
NOLDEN Cars & Concepts GmbH,https://www.noldengmbh.de/,Allemagne,KÖLN,https://www.linkedin.com/company/nolden-cars-concepts-gmbh,Optics / optronics,OEM,60.4,B,New,"Verre spécial, détecteurs, mécanique de précision pour optronique.",Review website and validate opportunity,Engines / propulsion,Eurosatory 2026 Catalog
NO-NAIL BOXES,http://www.no-nailboxes.com/,Luxembourg,WILTZ,https://www.linkedin.com/company/no-nail-boxes,Land defense,OEM,65.0,B,New,"Vend des sous-systèmes / composants à un OEM construisant Vehicles, Software / Platforms.",Review website and validate opportunity,Engines / propulsion,Eurosatory 2026 Catalog
NOPTEL OY,http://www.noptel.fi/,Finlande,OULU,,Intelligence / ISR,OEM,69.5,B,New,"Capteurs, payloads optroniques, communications pour plateformes ISR.",Review website and validate opportunity,Energy / batteries,Eurosatory 2026 Catalog
Nordic Inertial Oy,http://nordicinertial.com/,Finlande,TAMPERE,https://www.linkedin.com/company/nordicinertial/,Other,OEM,37.4,D,New,Activité à qualifier — discovery call avant pitch précis.,No immediate action,Electronic components,Eurosatory 2026 Catalog
Nordic Shelter AS,http://nordicshelter.com/,Norvège,OSLO,https://www.linkedin.com/company/nordic-shelter-as/,UAV / drones,OEM,75.0,A,New,"Fournisseur de batteries, moteurs, optronique, RF, composites pour fabricants UAV.",Contact sales team and qualify need,Mechanical parts,Eurosatory 2026 Catalog
Nordic Shield Group AB,,Suède,Linköping,,Other,À vérifier,,D,New,Qualifier l'activité avant tout pitch ciblé.,No immediate action,To enrich,Eurosatory 2026 Catalog
Nord-Lock Group,https://www.nord-lock.com/,France,SAINT PRIEST,https://www.linkedin.com/company/nordlockgroup/mycompany/,Other,OEM,43.4,C,New,Vend des sous-systèmes / composants à un OEM construisant Logistics equipment.,Keep in watchlist,Mechanical parts,Eurosatory 2026 Catalog
NORELEM,http://www.norelem.fr/,France,FONTAINE LES GRES,https://www.linkedin.com/company/norelem/,Other,OEM,42.3,C,New,Vend des sous-systèmes / composants à un OEM construisant Energy / batteries.,Keep in watchlist,"Materials (Li-ion, electrolytes)",Eurosatory 2026 Catalog
NorLense AS,http://www.norlense.no/,Norvège,STRØNSTAD,https://www.linkedin.com/company/11474735/admin/dashboard/,NRBC / CBRN,OEM,66.5,B,New,"Vend des sous-systèmes / composants à un OEM construisant Software / Platforms, Logistics equipment.",Review website and validate opportunity,Cloud / data services,Eurosatory 2026 Catalog
NORMA PRECISION,http://www.norma-ammunition.com/en-gb/products/governmental,Suède,GÖTEBORG,,Counter-UAV,OEM,74.5,B,New,Vend une brique du chain detection-effector aux primes anti-drone.,Review website and validate opportunity,Energy / batteries,Eurosatory 2026 Catalog
Nortal,http://nortal.com/,Estonie,Tallinn,https://www.linkedin.com/company/nortal/,Cybersecurity,OEM,80.0,A,New,"Threat intel, hardware appliances, cloud souverain, audits.",Contact sales team and qualify need,Mechanical parts,Eurosatory 2026 Catalog
"NORTH INTERNATIONAL EXHIBITION CO.,LTD",http://www.northexpo.com.cn/,Chine,BEIJING,,Other,À vérifier,18.6,D,New,Qualifier l'activité avant tout pitch ciblé.,No immediate action,Industrial subcontracting / machining,Eurosatory 2026 Catalog
NORTHCOM Danmark A/S,,Danemark,Ishøj,,Other,À vérifier,,D,New,Qualifier l'activité avant tout pitch ciblé.,No immediate action,To enrich,Eurosatory 2026 Catalog
NORTHROP GRUMMAN CORPORATION,http://www.northropgrumman.com/,États-Unis,FALLS CHURCH,,Other,À vérifier,,D,New,Qualifier l'activité avant tout pitch ciblé.,No immediate action,To enrich,Eurosatory 2026 Catalog
Novacium,https://www.novacium.com/,France,Solaize,,Other,À vérifier,,D,New,Qualifier l'activité avant tout pitch ciblé.,No immediate action,To enrich,Eurosatory 2026 Catalog
NOVADEM,http://www.novadem.com/,France,Paris,,Other,À vérifier,,D,New,Qualifier l'activité avant tout pitch ciblé.,No immediate action,To enrich,Eurosatory 2026 Catalog
NOVAE SERVICES,https://www.novae-group.com/fr,France,PARIS,,Space / satellite,OEM,78.5,A,New,"Composites, capteurs, comms, lancement pour primes spatiaux.",Contact sales team and qualify need,Mechanical parts,Eurosatory 2026 Catalog
NOVAEXTERNA 3D S.L. (NOVAINDEF),https://www.novaindef.com/,Espagne,Linares,,Radar / sensors,OEM,61.8,B,New,"Front-ends RF, processeurs, mécanique de précision pour fabricants radars.",Review website and validate opportunity,Electronic components,Eurosatory 2026 Catalog
NOVAIR,http://www.novairindustries.com/,France,ROISSY CDG CEDEX,https://www.linkedin.com/company/groupe-novair/,Ammunition,OEM,68.5,B,New,"Matériaux énergétiques, mécanique, packaging, certification.",Review website and validate opportunity,Engines / propulsion,Eurosatory 2026 Catalog
"NovaKamp (KAPI, Novae, Kamp Alliance, eV-Teknology)",http://www.novakamp.fr/,France,DOMONT,https://fr.linkedin.com/company/novakamp,Communications,OEM,74.5,B,New,"RF, crypto, certification interopérabilité pour radios tactiques.",Review website and validate opportunity,Electronic components,Eurosatory 2026 Catalog
NOVIAN PRO,http://invltechnology.lt/,Lituanie,VILNIUS,https://www.linkedin.com/company/novian-pro/posts/?feedView=all,Cybersecurity,Distributeur,77.8,A,New,"Threat intel, hardware appliances, cloud souverain, audits.",Contact sales team and qualify need,Cloud / data services,Eurosatory 2026 Catalog
NOVINTEC,https://novintec.com/,France,SULLY SUR LOIRE,,Other,À vérifier,,D,New,Qualifier l'activité avant tout pitch ciblé.,No immediate action,To enrich,Eurosatory 2026 Catalog
NP AEROSPACE,https://www.np-aerospace.co.uk/,Royaume-Uni,COVENTRY,,Other,À vérifier,,D,New,Qualifier l'activité avant tout pitch ciblé.,No immediate action,To enrich,Eurosatory 2026 Catalog
NSE GROUPE,http://www.nse-groupe.com/,France,ABREST,https://www.linkedin.com/company/nse-groupe/,Radar / sensors,Sous-traitant industriel,67.7,B,New,"Front-ends RF, processeurs, mécanique de précision pour fabricants radars.",Review website and validate opportunity,Electronic components,Eurosatory 2026 Catalog
NUANCES TECHNOLOGIES,http://www.nuances.fr/,France,PARIS,,Counter-UAV,OEM,70.5,B,New,"Fournisseur de RF, radars, optronique et embarqués pour stacks anti-drone.",Review website and validate opportunity,Energy / batteries,Eurosatory 2026 Catalog
NUMALIS,http://www.numalis.com/,France,MONTPELLIER,https://www.linkedin.com/company/numalis/,Radar / sensors,Distributeur,74.0,B,New,"Front-ends RF, processeurs, mécanique de précision pour fabricants radars.",Review website and validate opportunity,Electronic components,Eurosatory 2026 Catalog
NurjanaTech,http://www.nurjanatech.com/,Italie,ELMAS,,Other,À vérifier,,D,New,Qualifier l'activité avant tout pitch ciblé.,No immediate action,To enrich,Eurosatory 2026 Catalog
NUTANIX,http://www.nutanix.com/fr,France,NEUILLY SUR SEINE,https://www.linkedin.com/showcase/nutanixfrance/,Cybersecurity,OEM,73.5,B,New,"Threat intel, hardware appliances, cloud souverain, audits.",Review website and validate opportunity,Mechanical parts,Eurosatory 2026 Catalog
NVECTECH,http://www.nvectech.com/,Pologne,WARSAW,,Soldier systems,OEM,67.5,B,New,"Textiles, composites, optronique, énergie pour kits soldat.",Review website and validate opportunity,Electronic components,Eurosatory 2026 Catalog
nVent SCHROFF,https://schroff.nvent.com/en-us/,États-Unis,WARWICK,,Other,À vérifier,,D,New,Qualifier l'activité avant tout pitch ciblé.,No immediate action,To enrich,Eurosatory 2026 Catalog
NVLS,http://www.nvls.es/,Espagne,ALCOBENDAS,https://www.linkedin.com/company/nightvision-lasers-spain-sl/,Intelligence / ISR,OEM,78.0,A,New,"Capteurs, payloads optroniques, communications pour plateformes ISR.",Contact sales team and qualify need,Electronic components,Eurosatory 2026 Catalog
NYCO,http://www.nyco-group.com/,France,PARIS CEDEX 08,,Other,À vérifier,,D,New,Qualifier l'activité avant tout pitch ciblé.,No immediate action,To enrich,Eurosatory 2026 Catalog
Nyfors Teknologi AB,,Suède,Stockholm,,Other,À vérifier,,D,New,Qualifier l'activité avant tout pitch ciblé.,No immediate action,To enrich,Eurosatory 2026 Catalog
OA KASKAD LLC,https://cascadesystems.com/,Ukraine,UKRAINE,,Electronic warfare,Distributeur,67.0,B,New,"Amplis RF, processeurs signal, embarqué, antennes pour EW.",Review website and validate opportunity,Energy / batteries,Eurosatory 2026 Catalog
OBJECTIF EMBALLAGES,https://www.objectif-emballages.fr/,France,OLIVET,,Other,À vérifier,,D,New,Qualifier l'activité avant tout pitch ciblé.,No immediate action,To enrich,Eurosatory 2026 Catalog
OBSAM,http://obsam.com/,France,Dinan,https://www.linkedin.com/company/obsam/posts/?feedView=all,Space / satellite,OEM,60.9,B,New,"Composites, capteurs, comms, lancement pour primes spatiaux.",Review website and validate opportunity,Mechanical parts,Eurosatory 2026 Catalog
Observis Oy,http://www.observis.fi/,Finlande,MIKKELI,https://www.linkedin.com/company/observis-oy,Intelligence / ISR,OEM,78.0,A,New,"Capteurs, payloads optroniques, communications pour plateformes ISR.",Contact sales team and qualify need,Engines / propulsion,Eurosatory 2026 Catalog
Octane Wireless,http://www.octanewireless.com/,États-Unis,HANOVER,,UAV / drones,OEM,77.0,A,New,Sub-system / payload pour OEM drones tactiques.,Contact sales team and qualify need,Engines / propulsion,Eurosatory 2026 Catalog
OCTAVA DEFENCE,https://octava.ua/en/,Ukraine,KYIV,https://www.linkedin.com/company/octava-defence/posts/?feedView=all,Intelligence / ISR,OEM,76.0,A,New,"Capteurs, payloads optroniques, communications pour plateformes ISR.",Contact sales team and qualify need,Energy / batteries,Eurosatory 2026 Catalog
Odasiljaci i veze d.o.o.,https://www.oiv.hr/,Croatie,Zagreb,,Space / satellite,OEM,72.5,B,New,"Composites, capteurs, comms, lancement pour primes spatiaux.",Review website and validate opportunity,Mechanical parts,Eurosatory 2026 Catalog
ODJECA D.O.O.,http://www.odjeca.net/,Croatie,ZAGORSKA SELA,,Other,À vérifier,,D,New,Qualifier l'activité avant tout pitch ciblé.,No immediate action,To enrich,Eurosatory 2026 Catalog
ODU FRANCE,http://www.odu-connectors.fr/,France,SERRIS,https://de.linkedin.com/company/odu-connectors,Other,À vérifier,20.1,D,New,Qualifier l'activité avant tout pitch ciblé.,No immediate action,Industrial subcontracting / machining,Eurosatory 2026 Catalog
ODYSSEE SYSTEMES,http://www.odyssee-systemes.fr/,France,MOUANS-SARTOUX,https://www.linkedin.com/company/odyss-e-syst-mes/?viewAsMember=true,Logistics / MRO,Bureau d'ingénierie,65.5,B,New,"Pièces de rechange, calibration, certification pour acteurs MRO.",Review website and validate opportunity,Industrial subcontracting / machining,Eurosatory 2026 Catalog
OIP LAND SYSTEMS,https://www.sabiex.com/,Belgique,TOURNAI,,Other,À vérifier,,D,New,Qualifier l'activité avant tout pitch ciblé.,No immediate action,To enrich,Eurosatory 2026 Catalog
OIP SENSOR SYSTEMS,https://www.oip.be/,Belgique,OUDENAARDE,,Other,À vérifier,,D,New,Qualifier l'activité avant tout pitch ciblé.,No immediate action,To enrich,Eurosatory 2026 Catalog
Oledcomm,https://www.oledcomm.net/fr/,France,VELIZY,https://www.linkedin.com/company/oledcomm/mycompany/verification/,Space / satellite,OEM,74.0,B,New,"Composites, capteurs, comms, lancement pour primes spatiaux.",Review website and validate opportunity,Electronic components,Eurosatory 2026 Catalog
OLVID,https://olvid.io/,France,PARIS,https://www.linkedin.com/company/olvid/,Other,À vérifier,15.6,D,New,Qualifier l'activité avant tout pitch ciblé.,No immediate action,Industrial subcontracting / machining,Eurosatory 2026 Catalog
OMNIPOL Group,http://www.omnipol.cz/,République tchèque,PRAGUE,https://www.linkedin.com/company/omnipol-a-s-/,Armored vehicles,OEM,60.3,B,New,"Moteurs, composites, plaques balistiques, optronique, comms pour OEM blindés.",Review website and validate opportunity,Engines / propulsion,Eurosatory 2026 Catalog
OMP ENGINEERING,http://www.omp-italia.com/,Italie,DUEVILLE,,Logistics / MRO,OEM,56.9,C,New,Vend des sous-systèmes / composants à un OEM construisant Logistics equipment.,Keep in watchlist,Mechanical parts,Eurosatory 2026 Catalog
Ondas,https://www.ondas.com/,États-Unis,"BOSTON, MA",https://www.linkedin.com/company/ondas-inc/posts/?feedView=all,Electronic warfare,OEM,82.0,A,New,"Amplis RF, processeurs signal, embarqué, antennes pour EW.",Contact sales team and qualify need,Energy / batteries,Eurosatory 2026 Catalog
Onebrief,https://onebrief.com/,États-Unis,HONOLULU,https://www.linkedin.com/company/onebrief/,C4ISR,OEM,68.4,B,New,"Vend des sous-systèmes / composants à un OEM construisant Logistics equipment, Communications networks.",Review website and validate opportunity,Mechanical parts,Eurosatory 2026 Catalog
ONEGRIP,https://cnexaie.com/,Espagne,MATARÓ,https://www.linkedin.com/company/cnex-aie-sl,Naval defense,Distributeur,63.0,B,New,"Radars, sonars, comms, armement, sustainment pour primes navals.",Review website and validate opportunity,Mechanical parts,Eurosatory 2026 Catalog
"oneNav, Inc.",https://www.onenav.ai/,États-Unis,SUNNYVALE,https://www.linkedin.com/company/onenav-inc,Space / satellite,OEM,70.5,B,New,"Composites, capteurs, comms, lancement pour primes spatiaux.",Review website and validate opportunity,Engines / propulsion,Eurosatory 2026 Catalog
OPEN SEZAM,,France,Longjumeau,,Other,À vérifier,,D,New,Qualifier l'activité avant tout pitch ciblé.,No immediate action,To enrich,Eurosatory 2026 Catalog
Openworks Engineering Ltd,https://openworksengineering.com/,Royaume-Uni,PRUDHOE,www.linkedin.com/company/openworks-engineering-ltd/about/,Intelligence / ISR,Distributeur,78.5,A,New,"Capteurs, payloads optroniques, communications pour plateformes ISR.",Contact sales team and qualify need,Energy / batteries,Eurosatory 2026 Catalog
Ophir Optronics Solutions LTD,https://www.ophiropt.com/infrared-optics,Roumanie,ILFOV,https://www.linkedin.com/company/ophiroptics,Intelligence / ISR,OEM,77.0,A,New,"Capteurs, payloads optroniques, communications pour plateformes ISR.",Contact sales team and qualify need,Engines / propulsion,Eurosatory 2026 Catalog
OPTICAL SOLUTIONS SRL,https://www.opticalsolutions.it/,Italie,GENOVA (GE),,Optics / optronics,OEM,58.7,C,New,"Vend des sous-systèmes / composants à un OEM construisant Optronics / Optics, Software / Platforms.",Keep in watchlist,Electronic components,Eurosatory 2026 Catalog
OPTICOELECTRON GROUP JSCo,http://www.opticoel.com/,Bulgarie,PANAGYURISHTE,,Air defense,OEM,81.0,A,New,"Radars, missiles, comms, électroniques pour systèmes anti-aériens.",Contact sales team and qualify need,Engines / propulsion,Eurosatory 2026 Catalog
Optii,http://www.optii.ca/,Canada,"KANATA, ONTARIO",https://www.linkedin.com/company/optii-corporation,Electronic warfare,OEM,66.0,B,New,"Amplis RF, processeurs signal, embarqué, antennes pour EW.",Review website and validate opportunity,Engines / propulsion,Eurosatory 2026 Catalog
OPTIMA TECHNIC - Mobile Solutions,http://www.optimatechnic.com/,Turquie,ANKARA,https://www.linkedin.com/company/optimatechnic/,C4ISR,OEM,64.5,B,New,"Vend des sous-systèmes / composants à un OEM construisant Vehicles, Logistics equipment.",Review website and validate opportunity,Engines / propulsion,Eurosatory 2026 Catalog
OPTIMAL GROUP,https://optimal.pt/,Portugal,ALCABIDECHE,https://www.linkedin.com/company/optimal-structural-solutions/,Other,À vérifier,16.6,D,New,Qualifier l'activité avant tout pitch ciblé.,No immediate action,Industrial subcontracting / machining,Eurosatory 2026 Catalog
Optimized Electrotech Pvt Ltd,https://www.optimizedelectrotech.com/,Inde,Ahmedabad,,Other,À vérifier,4.0,D,New,Qualifier l'activité avant tout pitch ciblé.,No immediate action,To enrich,Eurosatory 2026 Catalog
OPTIMUM VEHICLE LOGISTICS,http://www.optimumvl.com/,États-Unis,MILWAUKEE,,Other,À vérifier,,D,New,Qualifier l'activité avant tout pitch ciblé.,No immediate action,To enrich,Eurosatory 2026 Catalog
Optix JSC,http://www.optixco.com/,Bulgarie,PANAGYURISHTE,,Other,À vérifier,,D,New,Qualifier l'activité avant tout pitch ciblé.,No immediate action,To enrich,Eurosatory 2026 Catalog
OPUS AEROSPACE,https://www.opus-aerospace.com/,France,BRETIGNY SUR ORGE,,Other,À vérifier,,D,New,Qualifier l'activité avant tout pitch ciblé.,No immediate action,To enrich,Eurosatory 2026 Catalog
ORANGE,https://www.orange-business.com/fr,France,ISSY LES MOULINEAUX,https://www.linkedin.com/company/orange/posts/?feedView=all,Intelligence / ISR,Éditeur logiciel,68.0,B,New,"Capteurs, payloads optroniques, communications pour plateformes ISR.",Review website and validate opportunity,Energy / batteries,Eurosatory 2026 Catalog
ORANGE SA,https://www.orange-business.com/fr,France,Issy-les-Moulineaux,,Other,À vérifier,,D,New,Qualifier l'activité avant tout pitch ciblé.,No immediate action,To enrich,Eurosatory 2026 Catalog
Oransi,https://oransi.tech/,États-Unis,Radford,,UAV / drones,Bureau d'ingénierie,66.5,B,New,"Fournisseur de batteries, moteurs, optronique, RF, composites pour fabricants UAV.",Review website and validate opportunity,Energy / batteries,Eurosatory 2026 Catalog
Orbit Communication Systems,https://www.orbit-cs.com/,Israël,NETANYA,,Space / satellite,OEM,68.0,B,New,"Composites, capteurs, comms, lancement pour primes spatiaux.",Review website and validate opportunity,Engines / propulsion,Eurosatory 2026 Catalog
ORBITALA Ltd.,http://www.orbitala.eu/,Bulgarie,SOFIA,,Armored vehicles,Distributeur,70.5,B,New,"Moteurs, composites, plaques balistiques, optronique, comms pour OEM blindés.",Review website and validate opportunity,Engines / propulsion,Eurosatory 2026 Catalog
ORBITICA,http://www.orbitica.com/,France,LABÈGE,https://fr.linkedin.com/company/orbitica,Electronic warfare,OEM,69.5,B,New,"Amplis RF, processeurs signal, embarqué, antennes pour EW.",Review website and validate opportunity,Electronic components,Eurosatory 2026 Catalog
ORIGIN,https://origin-robotics.com/,Lettonie,MARUPE,https://www.linkedin.com/company/origin-robotics,Intelligence / ISR,OEM,77.0,A,New,"Capteurs, payloads optroniques, communications pour plateformes ISR.",Contact sales team and qualify need,Energy / batteries,Eurosatory 2026 Catalog
ORQA d.o.o.,https://www.orqafpv.com/,Croatie,OSIJEK,,Other,À vérifier,,D,New,Qualifier l'activité avant tout pitch ciblé.,No immediate action,To enrich,Eurosatory 2026 Catalog
ORUS,https://www.orus.space/,France,VALBONNE,https://www.linkedin.com/company/orusspace/posts/?feedView=all,Other,OEM,44.4,C,New,Vend des sous-systèmes / composants à un OEM construisant Logistics equipment.,Keep in watchlist,Mechanical parts,Eurosatory 2026 Catalog
OSCA SISTEMAS SLU,http://www.oscasistemas.com/,Espagne,HUESCA,,Other,OEM,45.6,C,New,Vend des sous-systèmes / composants à un OEM construisant Robotics / UGV.,Keep in watchlist,Electronic components,Eurosatory 2026 Catalog
OSCILLOQUARTZ,https://www.oscilloquartz.com/en,États-Unis,HUNTSVILLE,,Other,À vérifier,,D,New,Qualifier l'activité avant tout pitch ciblé.,No immediate action,To enrich,Eurosatory 2026 Catalog
"OSG - Oran Palmach Tzuba ACC, Ltd.",http://osg-group.com/,Israël,D.M HAREI YEHUDA,https://www.linkedin.com/company/504770/admin/dashboard/,Optics / optronics,OEM,73.5,B,New,"Verre spécial, détecteurs, mécanique de précision pour optronique.",Review website and validate opportunity,Mechanical parts,Eurosatory 2026 Catalog
Oshkosh Defense,https://www.oshkoshdefense.com/,États-Unis,Oshkosh,,Other,À vérifier,,D,New,Qualifier l'activité avant tout pitch ciblé.,No immediate action,To enrich,Eurosatory 2026 Catalog
OTOKAR,http://www.otokar.com/,Turquie,ISTANBUL,,Other,OEM,35.8,D,New,Vend des sous-systèmes / composants à un OEM construisant Vehicles.,No immediate action,Engines / propulsion,Eurosatory 2026 Catalog
OTTO,http://www.ottoexcellence.com/,États-Unis,CARPENTERSVILLE,,Logistics / MRO,OEM,73.2,B,New,"Pièces de rechange, calibration, certification pour acteurs MRO.",Review website and validate opportunity,"Raw materials (steel, aluminium)",Eurosatory 2026 Catalog
OUVRY,http://www.ouvry.com/,France,LYON,,Other,À vérifier,,D,New,Qualifier l'activité avant tout pitch ciblé.,No immediate action,To enrich,Eurosatory 2026 Catalog
Ovzon,https://www.ovzon.com/,Suède,SOLNA,,Communications,Distributeur,79.0,A,New,"RF, crypto, certification interopérabilité pour radios tactiques.",Contact sales team and qualify need,Electronic components,Eurosatory 2026 Catalog
OWLEY,http://owley.io/,France,SAINT-SULPICE-LA-POINTE,https://www.linkedin.com/company/owleyio/,Electronic warfare,OEM,73.0,B,New,"Amplis RF, processeurs signal, embarqué, antennes pour EW.",Review website and validate opportunity,Electronic components,Eurosatory 2026 Catalog
OXLEY DEVELOPMENTS COMPANY LTD,https://www.oxleygroup.com/,Royaume-Uni,CUMBRIA,,Other,À vérifier,,D,New,Qualifier l'activité avant tout pitch ciblé.,No immediate action,To enrich,Eurosatory 2026 Catalog
OXYMAX,https://www.oxymax.fr/,France,SIZUN,,Other,À vérifier,,D,New,Qualifier l'activité avant tout pitch ciblé.,No immediate action,To enrich,Eurosatory 2026 Catalog
Pacific Northwest Defense Coalition,http://www.pndc.us/,États-Unis,LAKE OSWEGO,,Other,À vérifier,,D,New,Qualifier l'activité avant tout pitch ciblé.,No immediate action,To enrich,Eurosatory 2026 Catalog
Pagacz Defence Group,http://www.pagacz.com.pl/,Pologne,TORUN,https://www.instagram.com/pagaczdefencegroup/,Optics / optronics,OEM,66.9,B,New,"Verre spécial, détecteurs, mécanique de précision pour optronique.",Review website and validate opportunity,Engines / propulsion,Eurosatory 2026 Catalog
PALFINGER EMEA GmbH,http://www.palfinger.com/,Autriche,BERGHEIM,,Other,À vérifier,,D,New,Qualifier l'activité avant tout pitch ciblé.,No immediate action,To enrich,Eurosatory 2026 Catalog
PALLADIUM GROUP OF COMPANIES,https://www.palladium.gen.tr/,Turquie,ISTANBUL,,Other,À vérifier,4.0,D,New,Qualifier l'activité avant tout pitch ciblé.,No immediate action,To enrich,Eurosatory 2026 Catalog
Panaro,https://www.panarocases.com/,Italie,VIGNOLA,,UAV / drones,OEM,74.3,B,New,Sub-system / payload pour OEM drones tactiques.,Review website and validate opportunity,Energy / batteries,Eurosatory 2026 Catalog
PANASONIC CONNECT TOUGHBOOK,https://eu.connect.panasonic.com/fr/fr/toughbook,France,GENNEVILLIERS,,Other,À vérifier,,D,New,Qualifier l'activité avant tout pitch ciblé.,No immediate action,To enrich,Eurosatory 2026 Catalog
PANGOLIN DEFENSE,https://www.pangolin-defense.com/,France,VIOLOT,,Other,À vérifier,,D,New,Qualifier l'activité avant tout pitch ciblé.,No immediate action,To enrich,Eurosatory 2026 Catalog
PANOPTES,http://www.panoptes-fr.com/,France,CAVAILLON,https://www.linkedin.com/company/panoptesfrance,Radar / sensors,OEM,66.3,B,New,"Front-ends RF, processeurs, mécanique de précision pour fabricants radars.",Review website and validate opportunity,Electronic components,Eurosatory 2026 Catalog
Pantec AG,http://pantec-biosolutions.com/en,Liechtenstein,RUGGELL,https://www.linkedin.com/company/pantec-biosolutions-ag,Optics / optronics,Bureau d'ingénierie,60.2,B,New,"Verre spécial, détecteurs, mécanique de précision pour optronique.",Review website and validate opportunity,Electronic components,Eurosatory 2026 Catalog
PAPAGEORGIOU WIRELAND GP,https://www.wireland.gr/,Grèce,THESSALONIKI,https://www.linkedin.com/company/wireland-greece/,Land defense,OEM,59.4,C,New,"Vend des sous-systèmes / composants à un OEM construisant Robotics / UGV, Logistics equipment.",Keep in watchlist,Electronic components,Eurosatory 2026 Catalog
Paramount group Ltd,https://www.paramountgroup.com/,Émirats arabes unis,RAK,www.linkedin.com/paramount_2,Intelligence / ISR,OEM,79.0,A,New,"Capteurs, payloads optroniques, communications pour plateformes ISR.",Contact sales team and qualify need,Engines / propulsion,Eurosatory 2026 Catalog
PARKER HANNIFIN,https://www.parker.com/fr,France,CONTAMINE-SUR-ARVE,https://www.linkedin.com/company/parker-hannifin/mycompany/,Other,À vérifier,15.6,D,New,Qualifier l'activité avant tout pitch ciblé.,No immediate action,Industrial subcontracting / machining,Eurosatory 2026 Catalog
PARNISARI ARMS,https://www.parnisariarms.com/,Italie,LESA,,Other,À vérifier,,D,New,Qualifier l'activité avant tout pitch ciblé.,No immediate action,To enrich,Eurosatory 2026 Catalog
Pass-Medientechnik GmbH,http://www.voccom.audio/,Allemagne,BORGHOLZHAUSEN,https://www.linkedin.com/company/pass-medientechnik-gmbh/,Armored vehicles,OEM,54.1,C,New,"Vend des sous-systèmes / composants à un OEM construisant Vehicles, Software / Platforms.",Keep in watchlist,Engines / propulsion,Eurosatory 2026 Catalog
PATRIA OYJ,http://www.patriagroup.com/,Finlande,BASWARE,https://www.linkedin.com/company/patria,UAV / drones,OEM,78.5,A,New,"Fournisseur de batteries, moteurs, optronique, RF, composites pour fabricants UAV.",Contact sales team and qualify need,Engines / propulsion,Eurosatory 2026 Catalog
PAUL BOYE TECHNOLOGIES,http://www.paulboye.com/,France,LABARTHE-SUR-LEZE,,Other,À vérifier,,D,New,Qualifier l'activité avant tout pitch ciblé.,No immediate action,To enrich,Eurosatory 2026 Catalog
PAXIS,http://www.paxisceramics.com/,Israël,MIGDAL TEFEN,,Other,À vérifier,,D,New,Qualifier l'activité avant tout pitch ciblé.,No immediate action,To enrich,Eurosatory 2026 Catalog
PCB PIEZOTRONICS,http://pcbpiezotronics.fr/,France,SAINT-AUBIN,https://www.linkedin.com/company/pcbpiezotronics-fr/about/?viewAsMember=true,Space / satellite,OEM,71.5,B,New,"Composites, capteurs, comms, lancement pour primes spatiaux.",Review website and validate opportunity,Electronic components,Eurosatory 2026 Catalog
PCB Technologies,http://www.pcb-technologies.com/,Israël,MIGDAL HAEMEK,https://www.linkedin.com/company/pcb,Electronic warfare,Distributeur,71.5,B,New,"Amplis RF, processeurs signal, embarqué, antennes pour EW.",Review website and validate opportunity,Industrial subcontracting / machining,Eurosatory 2026 Catalog
Pearson Engineering,http://www.pearson-eng.com/,Royaume-Uni,NEWCASTLE UPON TYNE,https://www.linkedin.com/company/pearson-engineering-ltd/,UAV / drones,OEM,66.0,B,New,Sub-system / payload pour OEM drones tactiques.,Review website and validate opportunity,Engines / propulsion,Eurosatory 2026 Catalog
PEL,https://www.pel-india.in/,Inde,NOIDA,,Other,À vérifier,,D,New,Qualifier l'activité avant tout pitch ciblé.,No immediate action,To enrich,Eurosatory 2026 Catalog
Peli Products,http://www.peli.com/,France,PARIS,,Other,À vérifier,,D,New,Qualifier l'activité avant tout pitch ciblé.,No immediate action,To enrich,Eurosatory 2026 Catalog
PENINSULA ELECTRONICS,https://www.peninsulaelectronics.com/,Inde,BENGALURU,,Optics / optronics,OEM,68.5,B,New,"Verre spécial, détecteurs, mécanique de précision pour optronique.",Review website and validate opportunity,Cloud / data services,Eurosatory 2026 Catalog
Performance Interconnect,https://www.pisas.fr/,France,LABEGE cedex,,Other,À vérifier,,D,New,Qualifier l'activité avant tout pitch ciblé.,No immediate action,To enrich,Eurosatory 2026 Catalog
"Perkons Energy, SIA",https://www.perkonsenergy.com/,Lettonie,Ogres novads,,C4ISR,OEM,72.5,B,New,"Vend des sous-systèmes / composants à un OEM construisant UAV / drones, Robotics / UGV.",Review website and validate opportunity,Energy / batteries,Eurosatory 2026 Catalog
"PERSEUS ELECTRONICS CO., LTD",https://www.perseusfans.com/,Chine,CHENGDU,,Other,À vérifier,4.0,D,New,Qualifier l'activité avant tout pitch ciblé.,No immediate action,To enrich,Eurosatory 2026 Catalog
"PERSISTENT SYSTEMS, LLC",https://www.persistentsystems.com/,États-Unis,NEW YORK,,Other,À vérifier,,D,New,Qualifier l'activité avant tout pitch ciblé.,No immediate action,To enrich,Eurosatory 2026 Catalog
PEWAG SCHNEEKETTEN GMBH,http://www.pewag.com/,Autriche,Brückl,,Other,À vérifier,,D,New,Qualifier l'activité avant tout pitch ciblé.,No immediate action,To enrich,Eurosatory 2026 Catalog
PEXIP,http://www.pexip.com/,Norvège,PARIS,https://www.linkedin.com/company/pexip/,Cybersecurity,Distributeur,76.5,A,New,"Threat intel, hardware appliances, cloud souverain, audits.",Contact sales team and qualify need,Mechanical parts,Eurosatory 2026 Catalog
PGM Précision,http://www.pgmprecision.com/,France,POISY,,Other,À vérifier,,D,New,Qualifier l'activité avant tout pitch ciblé.,No immediate action,To enrich,Eurosatory 2026 Catalog
PHENIX ELECTRONIQUE,https://www.agon-electronics.com/phenix/,France,LUBERSAC,,Other,À vérifier,,D,New,Qualifier l'activité avant tout pitch ciblé.,No immediate action,To enrich,Eurosatory 2026 Catalog
PHOTONFIRST TECHNOLOGIES,https://www.photonfirst.com/,Pays-Bas,ALKMAAR,https://www.linkedin.com/company/photonfirst/,Space / satellite,Sous-traitant industriel,70.0,B,New,"Composites, capteurs, comms, lancement pour primes spatiaux.",Review website and validate opportunity,Electronic components,Eurosatory 2026 Catalog
PHOTONIC OPTISCHE GERÄTE GMBH & CO KG,http://www.photonic-defence.at/,Autriche,VIENNE,https://www.linkedin.com/company/photonic-optical-solutions,Radar / sensors,OEM,80.0,A,New,"Front-ends RF, processeurs, mécanique de précision pour fabricants radars.",Contact sales team and qualify need,Engines / propulsion,Eurosatory 2026 Catalog
PIA - Finnish Defence and Aerospace Industries,http://www.defenceindustries.fi/,Finlande,HELSINKI,https://www.linkedin.com/company/afda-fi/,Other,À vérifier,27.6,D,New,Qualifier l'activité avant tout pitch ciblé.,No immediate action,Industrial subcontracting / machining,Eurosatory 2026 Catalog
PIAKO OY,http://piako.fi/en/front-page/,Finlande,NAARAJÄRVI,https://www.linkedin.com/search/results/all/?keywords=Piako%20Oy&origin=ENTITY_SEARCH_HOME_HISTORY&heroEntityKey=urn%3Ali%3Aorganization%3A20318348&position=0,Logistics / MRO,OEM,66.0,B,New,"Pièces de rechange, calibration, certification pour acteurs MRO.",Review website and validate opportunity,Engines / propulsion,Eurosatory 2026 Catalog
Picomto,https://www.picomto.com/,France,LA MADELEINE,,Other,À vérifier,,D,New,Qualifier l'activité avant tout pitch ciblé.,No immediate action,To enrich,Eurosatory 2026 Catalog
PID TEST & ENGINEERING GMBH,http://www.pid.team/,Allemagne,SAND,https://www.linkedin.com/company/pid-test-engineering/,Other,OEM,40.6,C,New,"Vend des sous-systèmes / composants à un OEM construisant Logistics equipment, Software / Platforms.",Keep in watchlist,Mechanical parts,Eurosatory 2026 Catalog
PIEDRAFITA SYSTEMS,https://www.piedrafita.com/,Espagne,PARACUELLOS DE JARAMA,,Other,À vérifier,,D,New,Qualifier l'activité avant tout pitch ciblé.,No immediate action,To enrich,Eurosatory 2026 Catalog
PIEMONTE - ITALY,http://www.centroestero.org/,Italie,TORINO,https://www.linkedin.com/showcase/piemonte-agency/posts/?feedView=all,Logistics / MRO,Distributeur,75.6,A,New,"Vend des sous-systèmes / composants à un OEM construisant Vehicles, Communications networks.",Contact sales team and qualify need,Engines / propulsion,Eurosatory 2026 Catalog
PIK-AS AUSTRIA GMBH,http://www.pikas.at/,Autriche,MARIASDORF,,Other,À vérifier,,D,New,Qualifier l'activité avant tout pitch ciblé.,No immediate action,To enrich,Eurosatory 2026 Catalog
Pix Coating,https://www.pixcoating.com/en/,Belgique,Thimister-Clermont,,Other,À vérifier,,D,New,Qualifier l'activité avant tout pitch ciblé.,No immediate action,To enrich,Eurosatory 2026 Catalog
PLANSEE & CERATIZIT,http://www.plansee.com/,Autriche,REUTTE,https://www.linkedin.com/company/plansee/,Space / satellite,OEM,79.0,A,New,"Composites, capteurs, comms, lancement pour primes spatiaux.",Contact sales team and qualify need,Industrial subcontracting / machining,Eurosatory 2026 Catalog
plasan,http://www.plasan.com/,Israël,HAGALIL,,Other,À vérifier,,D,New,Qualifier l'activité avant tout pitch ciblé.,No immediate action,To enrich,Eurosatory 2026 Catalog
Plasmateria GmbH,,Autriche,Vienna,,Other,À vérifier,,D,New,Qualifier l'activité avant tout pitch ciblé.,No immediate action,To enrich,Eurosatory 2026 Catalog
platzmann federn gmbh & co. kg,https://www.platzmann.de/,Allemagne,HAGEN,,Intelligence / ISR,OEM,69.9,B,New,"Capteurs, payloads optroniques, communications pour plateformes ISR.",Review website and validate opportunity,Electronic components,Eurosatory 2026 Catalog
"PLESIUM, S.L.",http://gmsplesium.com/,Espagne,BARBERÀ DEL VALLÈS,https://www.linkedin.com/company/gms-plesium/,Armored vehicles,OEM,66.0,B,New,"Moteurs, composites, plaques balistiques, optronique, comms pour OEM blindés.",Review website and validate opportunity,Engines / propulsion,Eurosatory 2026 Catalog
PLTECH,https://pirateeye.net/,France,COGOLIN,,Other,À vérifier,2.0,D,New,Qualifier l'activité avant tout pitch ciblé.,No immediate action,To enrich,Eurosatory 2026 Catalog
PMB,https://www.pmb-alcen.com/,France,Peyniers,,Other,À vérifier,,D,New,Qualifier l'activité avant tout pitch ciblé.,No immediate action,To enrich,Eurosatory 2026 Catalog
PMW Dynamics,http://www.pmwdynamics.com/,Royaume-Uni,ALTON,https://www.linkedin.com/company/pmw-dynamics,Space / satellite,OEM,82.0,A,New,"Composites, capteurs, comms, lancement pour primes spatiaux.",Contact sales team and qualify need,Engines / propulsion,Eurosatory 2026 Catalog
Poam Electronics LTD,http://www.poamelectronics.com/,Royaume-Uni,STOCKPORT,https://www.linkedin.com/company/5246289/,Electronic warfare,OEM,78.0,A,New,"Amplis RF, processeurs signal, embarqué, antennes pour EW.",Contact sales team and qualify need,Electronic components,Eurosatory 2026 Catalog
POBJEDA TECNNOLOGY GORAZDE,,Bosnia and Herzegovina,GORAZDE,,Other,À vérifier,,D,New,Qualifier l'activité avant tout pitch ciblé.,No immediate action,To enrich,Eurosatory 2026 Catalog
Pointers d.o.o.,https://www.pointersguardian.com/,Croatie,Popovac,,Other,À vérifier,16.6,D,New,Qualifier l'activité avant tout pitch ciblé.,No immediate action,Industrial subcontracting / machining,Eurosatory 2026 Catalog
Polartherm,https://polartherm.fi/military/frontpage/,Finlande,LUVIA,www.linkedin.com/company/polartherm-oy,Armored vehicles,Distributeur,80.0,A,New,"Vend des sous-systèmes / composants à un OEM construisant Software / Platforms, Logistics equipment.",Contact sales team and qualify need,Cloud / data services,Eurosatory 2026 Catalog
PÔLE DES MICROTECHNIQUES,https://www.pmt-innovation.com/,France,BESANÇON,,Other,À vérifier,,D,New,Qualifier l'activité avant tout pitch ciblé.,No immediate action,To enrich,Eurosatory 2026 Catalog
POLIMASTER EUROPE,https://polimaster.com/,Lituanie,VILNIUS DISTRICT,,Radar / sensors,Distributeur,76.0,A,New,"Front-ends RF, processeurs, mécanique de précision pour fabricants radars.",Contact sales team and qualify need,Cloud / data services,Eurosatory 2026 Catalog
POLIS PRÉCIS SAS,http://polisprecis.com/,France,GRANDFONTAINE,,Other,À vérifier,,D,New,Qualifier l'activité avant tout pitch ciblé.,No immediate action,To enrich,Eurosatory 2026 Catalog
POLISH AUTOMOTIVE GROUP (PGM),https://pgm.org.pl/,Pologne,SĘDZISZÓW MŁP.,https://www.linkedin.com/company/29331809/admin/dashboard/,Other,OEM,39.5,D,New,"Vend des sous-systèmes / composants à un OEM construisant Energy / batteries, Engines / propulsion.",No immediate action,"Materials (Li-ion, electrolytes)",Eurosatory 2026 Catalog
POLISH INVESTMENT AND TRADE AGENCY,http://www.paih.gov.pl/en,Pologne,WARSZAWA,https://www.linkedin.com/company/polish-investment-and-trade-agency/mycompany/verification/,Space / satellite,Sous-traitant industriel,76.0,A,New,"Composites, capteurs, comms, lancement pour primes spatiaux.",Contact sales team and qualify need,RF / microwave components,Eurosatory 2026 Catalog
POL-PLAN,https://polplan.pl/,Pologne,ZAMYSŁOWO,https://www.linkedin.com/company/pol-plan-hale-namiotowe,Logistics / MRO,À vérifier,30.6,D,New,Qualifier l'activité avant tout pitch ciblé.,No immediate action,Industrial subcontracting / machining,Eurosatory 2026 Catalog
POLSKA GRUPA ZBROJENIOWA S.A.,https://grupapgz.pl/,Pologne,RADOM,,Other,À vérifier,,D,New,Qualifier l'activité avant tout pitch ciblé.,No immediate action,To enrich,Eurosatory 2026 Catalog
Polyfa Consultants A/S,,Danemark,Skødstrup,,Other,À vérifier,,D,New,Qualifier l'activité avant tout pitch ciblé.,No immediate action,To enrich,Eurosatory 2026 Catalog
Polytronic International AG,http://www.polytronic.ch/,Suisse,MURI,,Naval defense,Sous-traitant industriel,68.5,B,New,"Radars, sonars, comms, armement, sustainment pour primes navals.",Review website and validate opportunity,Software,Eurosatory 2026 Catalog
POONGSAN,http://www.poongsan.co.kr/en,Corée du Sud,SEOUL,,Air defense,Distributeur,72.0,B,New,"Radars, missiles, comms, électroniques pour systèmes anti-aériens.",Review website and validate opportunity,Energetic materials,Eurosatory 2026 Catalog
POWELL ELECTRONICS EUROPE,http://www.powell.com/,Irlande,KILDARE,,Logistics / MRO,OEM,47.6,C,New,Vend des sous-systèmes / composants à un OEM construisant Robotics / UGV.,Keep in watchlist,Electronic components,Eurosatory 2026 Catalog
POWER SYSTEM TECHNOLOGY,http://www.powersystemtechnology.com/,France,BERD'HUIS,https://www.linkedin.com/company/power-system-technology,Naval defense,OEM,69.5,B,New,"Radars, sonars, comms, armement, sustainment pour primes navals.",Review website and validate opportunity,Cloud / data services,Eurosatory 2026 Catalog
PRECICAST,http://www.precicast.fr/,France,THORE-LA-ROCHETTE,https://www.linkedin.com/company/9414279/admin/dashboard/,Engineering services,Bureau d'ingénierie,33.6,D,New,"Outils CAD, simulation, certification pour bureau d'études.",No immediate action,Industrial subcontracting / machining,Eurosatory 2026 Catalog
PRECI-DIP,http://www.precidip.com/,Suisse,DELÉMONT,,Other,À vérifier,,D,New,Qualifier l'activité avant tout pitch ciblé.,No immediate action,To enrich,Eurosatory 2026 Catalog
PRECISION TECHNIC DEFENCE A/S,http://www.ptdefence.com/,Danemark,SVENSTRUP J,https://www.linkedin.com/company/precision-technic-defence-a-s/?viewAsMember=true,C4ISR,OEM,75.5,A,New,"Composants, sous-systèmes, software, services pour primes C4ISR.",Contact sales team and qualify need,Engines / propulsion,Eurosatory 2026 Catalog
Precizika Metrology,https://www.precizika.com/,Lituanie,Vilnius,,Other,À vérifier,,D,New,Qualifier l'activité avant tout pitch ciblé.,No immediate action,To enrich,Eurosatory 2026 Catalog
PRESTOLITE ELECTRIC LTD,http://www.prestolite-eu.com/,Royaume-Uni,GREENFORD,https://uk.linkedin.com/company/prestolite-electric-europe,Other,OEM,38.0,D,New,"Vend des sous-systèmes / composants à un OEM construisant Vehicles, Engines / propulsion.",No immediate action,Engines / propulsion,Eurosatory 2026 Catalog
Pretis d.d.,http://www.pretis.ba/,Bosnia and Herzegovina,VOGOSCA,,Other,À vérifier,,D,New,Qualifier l'activité avant tout pitch ciblé.,No immediate action,To enrich,Eurosatory 2026 Catalog
Primecom,,Lituanie,Vilnius,,Other,À vérifier,,D,New,Qualifier l'activité avant tout pitch ciblé.,No immediate action,To enrich,Eurosatory 2026 Catalog
PRO PATRIA ELECTRONICS KFT.,https://www.propatria-inc.com/,Hongrie,BUDAPEST,,Other,À vérifier,,D,New,Qualifier l'activité avant tout pitch ciblé.,No immediate action,To enrich,Eurosatory 2026 Catalog
PROBATEC AG,http://www.probatec.de/,Allemagne,AMBERG,,Other,À vérifier,,D,New,Qualifier l'activité avant tout pitch ciblé.,No immediate action,To enrich,Eurosatory 2026 Catalog
Probotica d.o.o.,https://www.probotica.hr/,Croatie,Zagreb,,Radar / sensors,OEM,67.0,B,New,"Front-ends RF, processeurs, mécanique de précision pour fabricants radars.",Review website and validate opportunity,Engines / propulsion,Eurosatory 2026 Catalog
PROCALY SAS,http://www.procaly.com/,France,VOURLES,,Other,À vérifier,,D,New,Qualifier l'activité avant tout pitch ciblé.,No immediate action,To enrich,Eurosatory 2026 Catalog
PROCOMM-MMC,http://www.procomm-mmc.com/,France,ALFORTVILLE,,Other,À vérifier,,D,New,Qualifier l'activité avant tout pitch ciblé.,No immediate action,To enrich,Eurosatory 2026 Catalog
PROENGIN,http://www.proengin.com/,France,ST CYR L ECOLE,,Other,À vérifier,,D,New,Qualifier l'activité avant tout pitch ciblé.,No immediate action,To enrich,Eurosatory 2026 Catalog
Professional Aircraft Engines GmbH,https://www.pace-engines.at/,Autriche,SITZENBERG-REIDLING,,Other,À vérifier,,D,New,Qualifier l'activité avant tout pitch ciblé.,No immediate action,To enrich,Eurosatory 2026 Catalog
Profile Vehicles Oy,,Finlande,Iisalmi,,Other,À vérifier,,D,New,Qualifier l'activité avant tout pitch ciblé.,No immediate action,To enrich,Eurosatory 2026 Catalog
Project Q,http://www.project-q.ai/,Allemagne,BERLIN,https://www.linkedin.com/company/project-q-gmbh,C4ISR,OEM,62.9,B,New,"Composants, sous-systèmes, software, services pour primes C4ISR.",Review website and validate opportunity,Electronic components,Eurosatory 2026 Catalog
PROJECT USINAGE ET INTEGRATION,http://www.project-sas.fr/,France,VENDOME,,Other,À vérifier,,D,New,Qualifier l'activité avant tout pitch ciblé.,No immediate action,To enrich,Eurosatory 2026 Catalog
PROLANN,http://www.prolann-srmp.com/,France,ROSPEZ,https://fr.linkedin.com/company/prolann-srmp,Radar / sensors,OEM,60.3,B,New,"Front-ends RF, processeurs, mécanique de précision pour fabricants radars.",Review website and validate opportunity,Electronic components,Eurosatory 2026 Catalog
PROLUTECH,http://www.prolutech.com/,France,ALBY SUR CHERAN,https://fr.linkedin.com/company/prolutech,Other,À vérifier,15.6,D,New,Qualifier l'activité avant tout pitch ciblé.,No immediate action,Industrial subcontracting / machining,Eurosatory 2026 Catalog
PROMODELS,http://www.promodels.fr/,France,PARIS 12,https://www.linkedin.com/company/promodels-maquette/?viewAsMember=true,Intelligence / ISR,OEM,70.0,B,New,"Vend des sous-systèmes / composants à un OEM construisant Weapons, Vehicles.",Review website and validate opportunity,Mechanical parts,Eurosatory 2026 Catalog
Pronal,https://www.pronal.com/,France,LEERS,,Other,À vérifier,,D,New,Qualifier l'activité avant tout pitch ciblé.,No immediate action,To enrich,Eurosatory 2026 Catalog
PRO-SYSTEMS S.P.A.,http://www.pro-systems.it/,Italie,MOZZATE (CO),,Other,À vérifier,,D,New,Qualifier l'activité avant tout pitch ciblé.,No immediate action,To enrich,Eurosatory 2026 Catalog
PROTEC GROUPE,http://www.protec-groupe.com/,France,BEZONS,https://fr.linkedin.com/company/protec-industrie,Space / satellite,OEM,62.9,B,New,"Composites, capteurs, comms, lancement pour primes spatiaux.",Review website and validate opportunity,Mechanical parts,Eurosatory 2026 Catalog
PROTECH NEW MATERIAL,http://www.chn-protech.com/,Chine,BEIJING,,Other,À vérifier,,D,New,Qualifier l'activité avant tout pitch ciblé.,No immediate action,To enrich,Eurosatory 2026 Catalog
PROTECOP,http://www.protecop.com/,France,BERNAY,https://www.linkedin.com/company/protecop,Intelligence / ISR,OEM,67.6,B,New,"Capteurs, payloads optroniques, communications pour plateformes ISR.",Review website and validate opportunity,Electronic components,Eurosatory 2026 Catalog
PROTOTAL Group,http://prototal.info/,Suède,JÖNKÖPING,https://www.linkedin.com/company/prototal/,UAV / drones,OEM,76.5,A,New,"Fournisseur de batteries, moteurs, optronique, RF, composites pour fabricants UAV.",Contact sales team and qualify need,Energy / batteries,Eurosatory 2026 Catalog
"PROTOTYPA - ZM, S.R.O.",http://www.prototypa.cz/,République tchèque,BRNO,,Other,OEM,38.9,D,New,Vend des sous-systèmes / composants à un OEM construisant Software / Platforms.,No immediate action,Cloud / data services,Eurosatory 2026 Catalog
PROXFLYER AS,https://proxflyer.com/,Norvège,HØVIK,,Other,À vérifier,4.0,D,New,Qualifier l'activité avant tout pitch ciblé.,No immediate action,To enrich,Eurosatory 2026 Catalog
PSD GROUPE CELLUTEC,https://www.groupe-cellutec.fr/,France,Libourne,,Other,À vérifier,,D,New,Qualifier l'activité avant tout pitch ciblé.,No immediate action,To enrich,Eurosatory 2026 Catalog
PSM Projekt System & Management GmbH,http://www.psm-spz.de/,Allemagne,KASSEL,,C4ISR,OEM,59.5,C,New,"Vend des sous-systèmes / composants à un OEM construisant Ammunition, Simulators / Training.",Keep in watchlist,Energetic materials,Eurosatory 2026 Catalog
PULLMAN SEAT SYSTEMS,http://www.pullmanseats.com/,Turquie,BURSA,,Other,OEM,62.5,B,New,"Vend des sous-systèmes / composants à un OEM construisant Robotics / UGV, Vehicles.",Review website and validate opportunity,Electronic components,Eurosatory 2026 Catalog
PULSE MC²,http://www.pulsemc2-balistique.fr/,France,EVRY CEDEX,,Other,À vérifier,,D,New,Qualifier l'activité avant tout pitch ciblé.,No immediate action,To enrich,Eurosatory 2026 Catalog
PYROMERAL SYSTEMS,http://pyromeral.com/fr/,France,BARBERY,https://www.linkedin.com/company/pyromeral-systems/posts/?feedView=all,UAV / drones,OEM,62.5,B,New,"Fournisseur de batteries, moteurs, optronique, RF, composites pour fabricants UAV.",Review website and validate opportunity,Energy / batteries,Eurosatory 2026 Catalog
PZL Defence,https://pzl-defence.pl/,Pologne,Sędziszów Małopolski,,Counter-UAV,OEM,61.0,B,New,"Fournisseur de RF, radars, optronique et embarqués pour stacks anti-drone.",Review website and validate opportunity,Energy / batteries,Eurosatory 2026 Catalog
Qt Group,https://qt.io/,Finlande,ESPOO,https://www.linkedin.com/company/qtgroup,Naval defense,OEM,73.5,B,New,"Radars, sonars, comms, armement, sustainment pour primes navals.",Review website and validate opportunity,Engines / propulsion,Eurosatory 2026 Catalog
Quadsat ApS,http://quadsat.com/,Danemark,Odense N,https://www.linkedin.com/company/quadsat/,Intelligence / ISR,OEM,76.0,A,New,"Capteurs, payloads optroniques, communications pour plateformes ISR.",Contact sales team and qualify need,Engines / propulsion,Eurosatory 2026 Catalog
Quanhom Technology,http://www.quanhom.com/,Chine,HANGZHOU,,Other,À vérifier,,D,New,Qualifier l'activité avant tout pitch ciblé.,No immediate action,To enrich,Eurosatory 2026 Catalog
QUANTUM-SYSTEMS GMBH,https://quantum-systems.com/,Allemagne,GILCHING,https://www.linkedin.com/company/quantum-systems-gmbh/posts/?feedView=all,Intelligence / ISR,OEM,75.5,A,New,"Capteurs, payloads optroniques, communications pour plateformes ISR.",Contact sales team and qualify need,Energy / batteries,Eurosatory 2026 Catalog
"Quickset Defense Technologies, LLC",https://www.quickset.com/,États-Unis,Northbrook,,Space / satellite,OEM,72.5,B,New,"Composites, capteurs, comms, lancement pour primes spatiaux.",Review website and validate opportunity,Electronic components,Eurosatory 2026 Catalog
QUIRI HYDROMECANIQUE,http://www.quiri.com/,France,DUTTLENHEIM,https://www.linkedin.com/company/quiri/?viewAsMember=true,Intelligence / ISR,Sous-traitant industriel,71.0,B,New,"Capteurs, payloads optroniques, communications pour plateformes ISR.",Review website and validate opportunity,"Raw materials (steel, aluminium)",Eurosatory 2026 Catalog
QUITTNER & SCHIMEK S.R.O,https://www.qscomp.cz/,République tchèque,STARÁ PAKA,,Other,À vérifier,,D,New,Qualifier l'activité avant tout pitch ciblé.,No immediate action,To enrich,Eurosatory 2026 Catalog
"R2M Dynamics, SIA",https://www.beyron.eu/,Lettonie,Riga,,UAV / drones,OEM,70.0,B,New,"Fournisseur de batteries, moteurs, optronique, RF, composites pour fabricants UAV.",Review website and validate opportunity,Energy / batteries,Eurosatory 2026 Catalog
RADIALL,http://www.radiall.com/,France,AUBERVILLIERS,,Other,À vérifier,,D,New,Qualifier l'activité avant tout pitch ciblé.,No immediate action,To enrich,Eurosatory 2026 Catalog
Radionor Communications AS,http://www.radionor.no/,Norvège,TRONDHEIM,https://www.linkedin.com/company/1574045,Other,À vérifier,17.6,D,New,Qualifier l'activité avant tout pitch ciblé.,No immediate action,Industrial subcontracting / machining,Eurosatory 2026 Catalog
RAFAEL ADVANCED DEFENSE SYSTEMS LTD,http://www.rafael.co.il/,Israël,HAIFA,https://www.linkedin.com/company/14803350/admin/,Other,À vérifier,17.6,D,New,Qualifier l'activité avant tout pitch ciblé.,No immediate action,Industrial subcontracting / machining,Eurosatory 2026 Catalog
Rafinex,https://www.rafinex.com/,Luxembourg,Senningerberg,,Other,À vérifier,,D,New,Qualifier l'activité avant tout pitch ciblé.,No immediate action,To enrich,Eurosatory 2026 Catalog
RAIKKA OY,http://www.raikka.fi/,Finlande,ESPOO,,Armored vehicles,Distributeur,69.5,B,New,"Moteurs, composites, plaques balistiques, optronique, comms pour OEM blindés.",Review website and validate opportunity,Mechanical parts,Eurosatory 2026 Catalog
Raion Robotics,https://raionrobotics.com/,Corée du Sud,유성구,,Other,OEM,51.6,C,New,"Vend des sous-systèmes / composants à un OEM construisant Robotics / UGV, Software / Platforms.",Keep in watchlist,Electronic components,Eurosatory 2026 Catalog
RAMPINI CARLO SPA,http://www.rampini.it/,Italie,PERUGIA,https://www.linkedin.com/company/24722204/admin/dashboard/,Engineering services,OEM,64.0,B,New,"Vend des sous-systèmes / composants à un OEM construisant Energy / batteries, Vehicles.",Review website and validate opportunity,"Materials (Li-ion, electrolytes)",Eurosatory 2026 Catalog
RAPIC S.A.S,https://www.rapic.com/,France,EYZERAC,,Other,À vérifier,,D,New,Qualifier l'activité avant tout pitch ciblé.,No immediate action,To enrich,Eurosatory 2026 Catalog
"RAY SERVICE, A.S.",http://www.rayservice.com/,République tchèque,STARE MESTO,https://www.linkedin.com/in/kate%C5%99ina-r%C5%AF%C5%BEi%C4%8Dkov%C3%A1-93a034117/,Armored vehicles,Distributeur,82.0,A,New,"Moteurs, composites, plaques balistiques, optronique, comms pour OEM blindés.",Contact sales team and qualify need,Engines / propulsion,Eurosatory 2026 Catalog
RAYTECH VERTRIEBSGMBH,https://www.raytech-group.com/,Autriche,BRUNN/ GEB,,Other,À vérifier,,D,New,Qualifier l'activité avant tout pitch ciblé.,No immediate action,To enrich,Eurosatory 2026 Catalog
RayXagon,http://www.rayxagon.fr/,France,MERIGNAC,https://www.linkedin.com/company/rayxagon/,UAV / drones,OEM,62.5,B,New,Sub-system / payload pour OEM drones tactiques.,Review website and validate opportunity,Mechanical parts,Eurosatory 2026 Catalog
RDO SPRINGS,https://www.rdosprings.com/,France,BRESLES,,Other,À vérifier,,D,New,Qualifier l'activité avant tout pitch ciblé.,No immediate action,To enrich,Eurosatory 2026 Catalog
REALISCAPE SA,https://www.realiscape.ch/,Grèce,Patra,,Land defense,OEM,69.5,B,New,"Vend des sous-systèmes / composants à un OEM construisant Weapons, Simulators / Training.",Review website and validate opportunity,Mechanical parts,Eurosatory 2026 Catalog
Rebound Electronics,http://reboundeu.com/,Royaume-Uni,NEWBURY,https://www.linkedin.com/company/rebound-electronics,Logistics / MRO,Distributeur,53.2,C,New,"Pièces de rechange, calibration, certification pour acteurs MRO.",Keep in watchlist,Industrial subcontracting / machining,Eurosatory 2026 Catalog
RECAS,,Suède,Trollhättan,,Other,À vérifier,,D,New,Qualifier l'activité avant tout pitch ciblé.,No immediate action,To enrich,Eurosatory 2026 Catalog
Redler Technologies,http://www.redlertechnologies.com/,Israël,KFAR SABA,https://www.linkedin.com/company/redler-technologies/,Naval defense,OEM,78.0,A,New,"Radars, sonars, comms, armement, sustainment pour primes navals.",Contact sales team and qualify need,Engines / propulsion,Eurosatory 2026 Catalog
"REDO, S.R.O",http://www.redo.cz/,République tchèque,PROSTEJOV,,Other,À vérifier,,D,New,Qualifier l'activité avant tout pitch ciblé.,No immediate action,To enrich,Eurosatory 2026 Catalog
REDWIRE,https://rdw.com/about/,États-Unis,BEND,,Other,À vérifier,,D,New,Qualifier l'activité avant tout pitch ciblé.,No immediate action,To enrich,Eurosatory 2026 Catalog
Redwire Defense Tech,https://rdw.com/,Lettonie,RIGA,,Intelligence / ISR,Distributeur,79.0,A,New,"Capteurs, payloads optroniques, communications pour plateformes ISR.",Contact sales team and qualify need,Energy / batteries,Eurosatory 2026 Catalog
REFLEX CES,https://www.reflexces.com/,France,EVRY CEDEX,,Other,À vérifier,,D,New,Qualifier l'activité avant tout pitch ciblé.,No immediate action,To enrich,Eurosatory 2026 Catalog
REGION CENTRE-VAL DE LOIRE,http://www.devup-centrevaldeloire.fr/,France,ORLEANS,,Other,À vérifier,,D,New,Qualifier l'activité avant tout pitch ciblé.,No immediate action,To enrich,Eurosatory 2026 Catalog
Région Île-de-France,http://www.iledefrance.fr/,France,SAINT-OUEN,https://www.linkedin.com/company/region-ile-de-france/posts/?feedView=all,Other,OEM,46.8,C,New,Activité à qualifier — discovery call avant pitch précis.,Keep in watchlist,"Materials (Li-ion, electrolytes)",Eurosatory 2026 Catalog
REGION NOUVELLE-AQUITAINE,https://nouvelle-aquitaine.fr/,France,BORDEAUX,,Other,À vérifier,,D,New,Qualifier l'activité avant tout pitch ciblé.,No immediate action,To enrich,Eurosatory 2026 Catalog
REICH GmbH - REICH MIM GmbH,http://www.reich-gmbh.com/en/products/defence,Allemagne,MELLRICHSTADT,https://www.linkedin.com/company/reich-gmbh-mellrichstadt/?viewAsMember=true,Radar / sensors,Sous-traitant industriel,67.0,B,New,"Front-ends RF, processeurs, mécanique de précision pour fabricants radars.",Review website and validate opportunity,Engines / propulsion,Eurosatory 2026 Catalog
REINFORCE Covers,https://www.reinforce-covers.com/,Allemagne,ÜBERLINGEN,,Radar / sensors,OEM,60.5,B,New,"Vend des sous-systèmes / composants à un OEM construisant Radars, Logistics equipment.",Review website and validate opportunity,Electronic components,Eurosatory 2026 Catalog
"RELLI TECHNOLOGY, INC.",http://www.relli.com/,États-Unis,BOCA RATON,,Intelligence / ISR,OEM,79.0,A,New,"Capteurs, payloads optroniques, communications pour plateformes ISR.",Contact sales team and qualify need,Engines / propulsion,Eurosatory 2026 Catalog
RELLUMIX,http://www.rellumix.com/,France,CERGY,,Other,À vérifier,,D,New,Qualifier l'activité avant tout pitch ciblé.,No immediate action,To enrich,Eurosatory 2026 Catalog
REM RESSORTS,https://www.rem-ressorts.com/,France,ANGERS CEDEX 02,https://www.linkedin.com/company/rem-ressorts-angers/?viewAsMember=true,Other,À vérifier,29.1,D,New,Activité à qualifier — discovery call avant pitch précis.,No immediate action,Industrial subcontracting / machining,Eurosatory 2026 Catalog
REMBE Safety+Control,https://www.rembe.de/en,Allemagne,BRILON,https://www.linkedin.com/company/rembe-gmbh-safety-control,C4ISR,OEM,76.0,A,New,"Composants, sous-systèmes, software, services pour primes C4ISR.",Contact sales team and qualify need,Engines / propulsion,Eurosatory 2026 Catalog
REMORQUES LOUAULT,http://www.remorques-louault.fr/,France,SAINT FARGEAU,https://www.linkedin.com/company/remorques-louault/?viewAsMember=true,Other,OEM,34.8,D,New,Vend des sous-systèmes / composants à un OEM construisant Vehicles.,No immediate action,Engines / propulsion,Eurosatory 2026 Catalog
RENAULT TRUCKS Emergency & Defense,https://www.renault-trucks.com/fr,France,SAINT PRIEST,,Other,À vérifier,,D,New,Qualifier l'activité avant tout pitch ciblé.,No immediate action,To enrich,Eurosatory 2026 Catalog
Renishaw UK Sales Ltd,,Royaume-Uni,Gloucestershire,,Other,À vérifier,,D,New,Qualifier l'activité avant tout pitch ciblé.,No immediate action,To enrich,Eurosatory 2026 Catalog
RENK Group,http://www.renk.com/,Allemagne,AUGSBURG,https://de.linkedin.com/company/renkgroup,Naval defense,OEM,73.5,B,New,"Radars, sonars, comms, armement, sustainment pour primes navals.",Review website and validate opportunity,Engines / propulsion,Eurosatory 2026 Catalog
REPKONMachine and Tool Industry and Trade Inc.,http://www.repkon.com.tr/,Turquie,ISTANBUL,,Other,À vérifier,,D,New,Qualifier l'activité avant tout pitch ciblé.,No immediate action,To enrich,Eurosatory 2026 Catalog
REPUBLIKORP,https://www.republikorp.com/,Indonésie,"JAKARTA SELATAN,",,Intelligence / ISR,OEM,72.5,B,New,"Capteurs, payloads optroniques, communications pour plateformes ISR.",Review website and validate opportunity,Energy / batteries,Eurosatory 2026 Catalog
RESA,https://www.resa-electronique.com/,France,VILLEBON SUR YVETTE,,Other,À vérifier,,D,New,Qualifier l'activité avant tout pitch ciblé.,No immediate action,To enrich,Eurosatory 2026 Catalog
RESCUE TRAILER s.r.o.,,République tchèque,ZLATA OLESNICE,,Other,À vérifier,,D,New,Qualifier l'activité avant tout pitch ciblé.,No immediate action,To enrich,Eurosatory 2026 Catalog
Research Electronics International,http://www.reiusa.net/,États-Unis,Cookeville,https://www.linkedin.com/company/research-electronics-international,Other,À vérifier,19.6,D,New,Qualifier l'activité avant tout pitch ciblé.,No immediate action,Industrial subcontracting / machining,Eurosatory 2026 Catalog
Research Triangle Regional Partnership,https://www.researchtriangle.org/,États-Unis,Raleigh,,Other,À vérifier,15.6,D,New,Qualifier l'activité avant tout pitch ciblé.,No immediate action,Industrial subcontracting / machining,Eurosatory 2026 Catalog
Resource Industries,https://www.bing.com/ck/a?!&&p=6f4cf5460f23e9b715761cf5e8fbd33df2470f54ec6f8b04ae97dba5d6032c93JmltdHM9MTc3MzAxNDQwMA&ptn=3&ver=2&hsh=4&fclid=31375213-06bf-683e-320d-469c07ed6952&psq=resource+industries+location&u=a1aHR0cHM6Ly9yZXNvdXJjZS1pbmR1c3RyaWVzLmN,Émirats arabes unis,Abu Dhabi,,Other,À vérifier,4.0,D,New,Qualifier l'activité avant tout pitch ciblé.,No immediate action,To enrich,Eurosatory 2026 Catalog
RESSORTS MASSELIN,http://www.masselin.com/,France,LE PETIT QUEVILLY CEDEX,,Other,À vérifier,,D,New,Qualifier l'activité avant tout pitch ciblé.,No immediate action,To enrich,Eurosatory 2026 Catalog
RETIA,http://www.retia.cz/,République tchèque,PARDUBICE,https://www.linkedin.com/company/retia/,Intelligence / ISR,OEM,61.0,B,New,"Vend des sous-systèmes / composants à un OEM construisant Software / Platforms, UAV / drones.",Review website and validate opportunity,Cloud / data services,Eurosatory 2026 Catalog
Reveal Technology,https://www.revealtech.ai/,États-Unis,Bozeman,,C4ISR,OEM,72.5,B,New,"Composants, sous-systèmes, software, services pour primes C4ISR.",Review website and validate opportunity,Energy / batteries,Eurosatory 2026 Catalog
REVISION MILITARY LTD,http://revisionmilitary.com/,États-Unis,ESSEX JUNCTION,https://www.revisionmilitary.com,Other,À vérifier,19.6,D,New,Qualifier l'activité avant tout pitch ciblé.,No immediate action,Industrial subcontracting / machining,Eurosatory 2026 Catalog
RF COM SISTEMAS,https://www.rf.com.br/,Brésil,SÃO JOSÉ DOS CAMPOS,,Other,À vérifier,,D,New,Qualifier l'activité avant tout pitch ciblé.,No immediate action,To enrich,Eurosatory 2026 Catalog
RFPM,https://www.rfpm.fr/,France,VILLERS-SUR-PORT,,Other,À vérifier,,D,New,Qualifier l'activité avant tout pitch ciblé.,No immediate action,To enrich,Eurosatory 2026 Catalog
RHD The Right Spring,http://www.rhd.fr/,France,CONFLANS SAINTE HONORINE,,Other,À vérifier,,D,New,Qualifier l'activité avant tout pitch ciblé.,No immediate action,To enrich,Eurosatory 2026 Catalog
Rheinmetall AG,http://www.rheinmetall.com/,Allemagne,DUESSELDORF,https://de.linkedin.com/company/rheinmetall,Electronic warfare,OEM,82.0,A,New,"Amplis RF, processeurs signal, embarqué, antennes pour EW.",Contact sales team and qualify need,Engines / propulsion,Eurosatory 2026 Catalog
RICHARD PONTVERT SA,http://paraboot-pro.com/,France,SAINT JEAN DE MOIRANS,https://linkedin.com/company/paraboot-pro,Other,À vérifier,15.6,D,New,Qualifier l'activité avant tout pitch ciblé.,No immediate action,Industrial subcontracting / machining,Eurosatory 2026 Catalog
RIGANTI S.p.A.,http://www.riganti.com/,Italie,SOLBIATE ARNO,https://www.linkedin.com/company/riganti-s.p.a./,Armored vehicles,OEM,75.5,A,New,"Moteurs, composites, plaques balistiques, optronique, comms pour OEM blindés.",Contact sales team and qualify need,"Raw materials (steel, aluminium)",Eurosatory 2026 Catalog
RINGFEDER,http://www.ringfeder-rf.com/,Allemagne,KREFELD,,Radar / sensors,OEM,78.0,A,New,"Front-ends RF, processeurs, mécanique de précision pour fabricants radars.",Contact sales team and qualify need,Engines / propulsion,Eurosatory 2026 Catalog
Rivolier Sécurité Défense,https://www.rivolier-sd.com/,France,ST JUST ST RAMBERT CEDEX,,Other,À vérifier,,D,New,Qualifier l'activité avant tout pitch ciblé.,No immediate action,To enrich,Eurosatory 2026 Catalog
RIZ PE d.o.o.,https://www.riz-pe.hr/,Croatie,Zagreb,,C4ISR,OEM,52.0,C,New,"Vend des sous-systèmes / composants à un OEM construisant Software / Platforms, Tactical radios.",Keep in watchlist,Cloud / data services,Eurosatory 2026 Catalog
"RIZHAO FZH INTERNATIONAL TRADE CO., LTD.",http://www.lomah-target.com/,Chine,RIZHAO,,Radar / sensors,OEM,69.0,B,New,"Front-ends RF, processeurs, mécanique de précision pour fabricants radars.",Review website and validate opportunity,Mechanical parts,Eurosatory 2026 Catalog
RMA SPECIAL VEHICLES,http://rmaspecialvehicles.com/,Thaïlande,CHONBURI,https://www.linkedin.com/company/rma-special-vehicles/?viewAsMember=true,Armored vehicles,OEM,80.0,A,New,"Moteurs, composites, plaques balistiques, optronique, comms pour OEM blindés.",Contact sales team and qualify need,Engines / propulsion,Eurosatory 2026 Catalog
R-MECA RECTIFICATION,https://groupe-rmeca.fr/,France,JOUET SUR L'AUBOIS,,Other,À vérifier,,D,New,Qualifier l'activité avant tout pitch ciblé.,No immediate action,To enrich,Eurosatory 2026 Catalog
RMG INDUSTRIE,http://www.rmg-industrie.com/,France,MARNAZ,,Other,À vérifier,,D,New,Qualifier l'activité avant tout pitch ciblé.,No immediate action,To enrich,Eurosatory 2026 Catalog
Robin Radar Systems,http://www.robinradar.com/,Pays-Bas,THE HAGUE,https://www.linkedin.com/company/robin-radar-systems-b-v-/posts/?feedView=all,Naval defense,Distributeur,80.0,A,New,"Radars, sonars, comms, armement, sustainment pour primes navals.",Contact sales team and qualify need,Energy / batteries,Eurosatory 2026 Catalog
Rochling Industrial,https://www.roechling.com/fr/industrial,France,MAXEVILLE,,Other,À vérifier,,D,New,Qualifier l'activité avant tout pitch ciblé.,No immediate action,To enrich,Eurosatory 2026 Catalog
Rocket Chat,https://www.rocket.chat/,États-Unis,Wilmington,,C4ISR,Distributeur,75.5,A,New,"Vend des sous-systèmes / composants à un OEM construisant Engines / propulsion, Communications networks.",Contact sales team and qualify need,Mechanical parts,Eurosatory 2026 Catalog
RODRIGUEZ GMBH FRANCE,,France,ST GERMAIN EN LAYE,,Other,À vérifier,,D,New,Qualifier l'activité avant tout pitch ciblé.,No immediate action,To enrich,Eurosatory 2026 Catalog
ROHDE & SCHWARZ,http://www.rohde-schwarz.com/,Allemagne,MUNICH,,Other,À vérifier,,D,New,Qualifier l'activité avant tout pitch ciblé.,No immediate action,To enrich,Eurosatory 2026 Catalog
ROKETSAN,http://www.roketsan.com.tr/,Turquie,ANKARA,,Other,À vérifier,,D,New,Qualifier l'activité avant tout pitch ciblé.,No immediate action,To enrich,Eurosatory 2026 Catalog
ROLLON BY TIMKEN,http://www.rollon.com/fra/fr/,France,LIMONEST,https://www.linkedin.com/company/rollonspa/posts/,Logistics / MRO,OEM,69.2,B,New,"Pièces de rechange, calibration, certification pour acteurs MRO.",Review website and validate opportunity,Electronic components,Eurosatory 2026 Catalog
Rolls-Royce,http://www.mtu-solutions.com/,Allemagne,FRIEDRICHSHAFEN,https://www.linkedin.com/company/mtusolutions/,Naval defense,OEM,79.0,A,New,"Radars, sonars, comms, armement, sustainment pour primes navals.",Contact sales team and qualify need,Engines / propulsion,Eurosatory 2026 Catalog
Rommel GmbH,http://www.r-bss.de/,Allemagne,Düsseldorf,,Ammunition,OEM,60.5,B,New,"Vend des sous-systèmes / composants à un OEM construisant Logistics equipment, Vehicles.",Review website and validate opportunity,Mechanical parts,Eurosatory 2026 Catalog
Ronika UAB,http://www.ronika.lt/,Lituanie,KAUNAS,,UAV / drones,OEM,61.0,B,New,"Fournisseur de batteries, moteurs, optronique, RF, composites pour fabricants UAV.",Review website and validate opportunity,Energy / batteries,Eurosatory 2026 Catalog
ROSHEL DEFENCE SOLUTIONS,http://roshel.ca/,Canada,BRAMPTON,https://ca.linkedin.com/company/roshel,Armored vehicles,OEM,59.0,C,New,"Vend des sous-systèmes / composants à un OEM construisant Vehicles, Ballistic protection.",Keep in watchlist,Engines / propulsion,Eurosatory 2026 Catalog
RÖSLER FRANCE,http://www.rosler.com/,France,Sens Cedex,https://www.linkedin.com/company/rosler-france/,Space / satellite,OEM,79.5,A,New,"Composites, capteurs, comms, lancement pour primes spatiaux.",Contact sales team and qualify need,Sensors,Eurosatory 2026 Catalog
"ROTAC CO., LTD.",http://slipring.uk/?redirect=no,Corée du Sud,Busan,,Other,À vérifier,,D,New,Qualifier l'activité avant tout pitch ciblé.,No immediate action,To enrich,Eurosatory 2026 Catalog
ROTARY CONNECTORS PRIVATE LIMITED,http://www.rotaryconnectors.com/,Inde,BENGALURU,https://www.linkedin.com/company/rotary-connectors-p-ltd/,Radar / sensors,OEM,76.0,A,New,"Front-ends RF, processeurs, mécanique de précision pour fabricants radars.",Contact sales team and qualify need,Electronic components,Eurosatory 2026 Catalog
ROXEL,http://www.roxelgroup.com/,France,LE PLESSIS ROBINSON CEDEX,https://fr.linkedin.com/company/roxelfrance,UAV / drones,Distributeur,77.5,A,New,"Fournisseur de batteries, moteurs, optronique, RF, composites pour fabricants UAV.",Contact sales team and qualify need,Engines / propulsion,Eurosatory 2026 Catalog
Roxtec,https://www.roxtec.com/fr/,France,PARIS,https://www.linkedin.com/company/roxtec-france-sas/,Soldier systems,Distributeur,76.4,A,New,"Textiles, composites, optronique, énergie pour kits soldat.",Contact sales team and qualify need,Cloud / data services,Eurosatory 2026 Catalog
RP OPTICAL LAB,http://www.rp-optical-lab.com/,Israël,PETACH-TIKVA,https://www.linkedin.com/company/rp-optical-lab,UAV / drones,OEM,70.5,B,New,"Fournisseur de batteries, moteurs, optronique, RF, composites pour fabricants UAV.",Review website and validate opportunity,Electronic components,Eurosatory 2026 Catalog
RSI Europe,http://rsieu.com/,Lituanie,Vilnius,,Intelligence / ISR,OEM,76.0,A,New,"Capteurs, payloads optroniques, communications pour plateformes ISR.",Contact sales team and qualify need,Energy / batteries,Eurosatory 2026 Catalog
RTsys Monitoring Solutions,http://rtsys.com/ms,France,LANESTER,https://www.linkedin.com/company/rtsys,Naval defense,OEM,69.5,B,New,"Radars, sonars, comms, armement, sustainment pour primes navals.",Review website and validate opportunity,Electronic components,Eurosatory 2026 Catalog
RTX,http://www.rtx.com/,États-Unis,ARLINGTON,,Intelligence / ISR,OEM,80.0,A,New,"Capteurs, payloads optroniques, communications pour plateformes ISR.",Contact sales team and qualify need,Engines / propulsion,Eurosatory 2026 Catalog
RUAG AG,https://www.ruag.ch/,Suisse,EMMEN,,Other,À vérifier,,D,New,Qualifier l'activité avant tout pitch ciblé.,No immediate action,To enrich,Eurosatory 2026 Catalog
RUBBER PROCESS,https://www.rubberprocess.com/,France,BRETEUIL SUR ITON,,Other,À vérifier,,D,New,Qualifier l'activité avant tout pitch ciblé.,No immediate action,To enrich,Eurosatory 2026 Catalog
RUBENA,https://www.rubena.eu/,République tchèque,NACHOD,,Other,À vérifier,,D,New,Qualifier l'activité avant tout pitch ciblé.,No immediate action,To enrich,Eurosatory 2026 Catalog
RUBIS PRECIS,http://www.rubis-precis.com/,France,CHARQUEMONT,https://www.rubis-precis.com,Radar / sensors,OEM,69.0,B,New,"Front-ends RF, processeurs, mécanique de précision pour fabricants radars.",Review website and validate opportunity,RF / microwave components,Eurosatory 2026 Catalog
RUBTEC A/S,https://www.rubtec.dk/,Danemark,HORSENS,,Other,À vérifier,,D,New,Qualifier l'activité avant tout pitch ciblé.,No immediate action,To enrich,Eurosatory 2026 Catalog
RUD,http://www.rud.com/,Allemagne,AALEN,,Radar / sensors,OEM,62.5,B,New,"Front-ends RF, processeurs, mécanique de précision pour fabricants radars.",Review website and validate opportunity,Electronic components,Eurosatory 2026 Catalog
RunFlat International,http://www.runflatinternational.com/,Royaume-Uni,BIRMINGHAM,,Other,À vérifier,,D,New,Qualifier l'activité avant tout pitch ciblé.,No immediate action,To enrich,Eurosatory 2026 Catalog
RVactuators,http://www.rvactuators.com/,République tchèque,DOLNI BREZANY,https://www.linkedin.com/company/rvactuators/,Intelligence / ISR,OEM,77.0,A,New,"Capteurs, payloads optroniques, communications pour plateformes ISR.",Contact sales team and qualify need,Electronic components,Eurosatory 2026 Catalog
"RVmagnetics, a.s.",,Slovaquie,Kosice,,Other,À vérifier,,D,New,Qualifier l'activité avant tout pitch ciblé.,No immediate action,To enrich,Eurosatory 2026 Catalog
RWS,http://rws-ammunition.com/,Allemagne,FÜRTH,,Ammunition,OEM,65.9,B,New,"Vend des sous-systèmes / composants à un OEM construisant Ammunition, Logistics equipment.",Review website and validate opportunity,Energetic materials,Eurosatory 2026 Catalog
RXR PROTECT,https://rxrprotect.com/militaire/,France,CAEN,https://www.linkedin.com/company/6866966/admin/feed/posts/,Ballistic protection,OEM,70.0,B,New,"Vend des sous-systèmes / composants à un OEM construisant Software / Platforms, Logistics equipment.",Review website and validate opportunity,Cloud / data services,Eurosatory 2026 Catalog
"S.M.S., SPOL. S R. O.",http://www.smsdefence.sk/,Slovaquie,DUBNICA NAD VAHOM,,Other,OEM,41.4,C,New,Vend des sous-systèmes / composants à un OEM construisant Logistics equipment.,Keep in watchlist,Mechanical parts,Eurosatory 2026 Catalog
S.T.I.D,https://stid-security.com/fr,France,GRÉASQUE,,Other,À vérifier,,D,New,Qualifier l'activité avant tout pitch ciblé.,No immediate action,To enrich,Eurosatory 2026 Catalog
S2M EQUIPMENT,https://www.s2m-equipment.fr/,France,MONTLOUIS-SUR-LOIRE,,Other,À vérifier,,D,New,Qualifier l'activité avant tout pitch ciblé.,No immediate action,To enrich,Eurosatory 2026 Catalog
S2P - SMART PLASTIC PRODUCTS,http://www.s-2p.com/,France,BELLIGNAT,,Other,À vérifier,,D,New,Qualifier l'activité avant tout pitch ciblé.,No immediate action,To enrich,Eurosatory 2026 Catalog
SAAB,https://www.saab.com/,Suède,LINKÖPING,,Other,À vérifier,,D,New,Qualifier l'activité avant tout pitch ciblé.,No immediate action,To enrich,Eurosatory 2026 Catalog
SAAB BOFORS TEST CENTER AB,http://www.testcenter.se/,Suède,KARLSKOGA,https://www.linkedin.com/company/boforstestcenter,Air defense,OEM,66.0,B,New,"Radars, missiles, comms, électroniques pour systèmes anti-aériens.",Review website and validate opportunity,Energy / batteries,Eurosatory 2026 Catalog
SAATI,http://www.saati.com/,Italie,APPIANO GENTILE (CO),,Other,À vérifier,,D,New,Qualifier l'activité avant tout pitch ciblé.,No immediate action,To enrich,Eurosatory 2026 Catalog
SABENA TECHNICS,https://www.sabenatechnics.com/,France,ORLY,,C4ISR,OEM,79.0,A,New,"Composants, sous-systèmes, software, services pour primes C4ISR.",Contact sales team and qualify need,Mechanical parts,Eurosatory 2026 Catalog
SADEV Industries,http://www.sadev-industries.com/,France,SAINT-PROUANT,https://www.linkedin.com/company/sadev-industries/posts/?feedView=all,Space / satellite,Distributeur,69.0,B,New,"Composites, capteurs, comms, lancement pour primes spatiaux.",Review website and validate opportunity,Software,Eurosatory 2026 Catalog
Safe-Tec A/S,https://safe-tec.dk/,Danemark,Rønnede,,Other,À vérifier,,D,New,Qualifier l'activité avant tout pitch ciblé.,No immediate action,To enrich,Eurosatory 2026 Catalog
SAFRAN,https://www.safran-electronics-defense.com/,France,PARIS CEDEX 15,https://www.linkedin.com/showcase/safran---defense,Other,À vérifier,15.6,D,New,Qualifier l'activité avant tout pitch ciblé.,No immediate action,Industrial subcontracting / machining,Eurosatory 2026 Catalog
SAFRAN ELECTRONICS & DEFENSE,https://www.safran-electronics-defense.com/,France,PARIS CEDEX 15,https://www.linkedin.com/showcase/safran---defense,Other,À vérifier,15.6,D,New,Qualifier l'activité avant tout pitch ciblé.,No immediate action,Industrial subcontracting / machining,Eurosatory 2026 Catalog
SAFRAN SA,https://www.safran-group.com/,France,MALAKOFF CEDEX,,Other,À vérifier,,D,New,Qualifier l'activité avant tout pitch ciblé.,No immediate action,To enrich,Eurosatory 2026 Catalog
SAFT SAS,http://www.saft.com/,France,LEVALLOIS-PERRET,https://www.linkedin.com/company/saft/about/,Other,À vérifier,18.6,D,New,Qualifier l'activité avant tout pitch ciblé.,No immediate action,Industrial subcontracting / machining,Eurosatory 2026 Catalog
SAG New Technologies GmbH,,Autriche,Lend,,Other,À vérifier,,D,New,Qualifier l'activité avant tout pitch ciblé.,No immediate action,To enrich,Eurosatory 2026 Catalog
SAGAERT,https://www.sagaertplastique.com/,France,MONTREUIL-SOUS-BOIS,,Other,À vérifier,,D,New,Qualifier l'activité avant tout pitch ciblé.,No immediate action,To enrich,Eurosatory 2026 Catalog
SAGLAMTEK AVIATION AND DEFENCE CO,https://www.saglamtek.com/,Turquie,ANKARA,https://www.linkedin.com/company/77083579,UAV / drones,OEM,68.5,B,New,"Fournisseur de batteries, moteurs, optronique, RF, composites pour fabricants UAV.",Review website and validate opportunity,Electronic components,Eurosatory 2026 Catalog
SAHAR,http://sahar.fr/,France,PARIS,https://fr.linkedin.com/company/sahar-data,Cybersecurity,OEM,70.6,B,New,"Threat intel, hardware appliances, cloud souverain, audits.",Review website and validate opportunity,Cloud / data services,Eurosatory 2026 Catalog
SAIB CONNECTIQUE,http://www.saib.fr/,France,LA TALAUDIERE,https://fr.linkedin.com/company/saib-connectique,Space / satellite,OEM,65.5,B,New,"Composites, capteurs, comms, lancement pour primes spatiaux.",Review website and validate opportunity,Mechanical parts,Eurosatory 2026 Catalog
"SailRay Optical Technology Co., Ltd",https://irmonster.com/,Chine,CHENGDU,,Radar / sensors,OEM,67.0,B,New,"Front-ends RF, processeurs, mécanique de précision pour fabricants radars.",Review website and validate opportunity,Engines / propulsion,Eurosatory 2026 Catalog
SAINT GOBAIN CERAMICS,https://www.hexoloy.com/,États-Unis,"NIAGARA FALLS, NEW YORK",,Other,À vérifier,,D,New,Qualifier l'activité avant tout pitch ciblé.,No immediate action,To enrich,Eurosatory 2026 Catalog
SAINT-GOBAIN SULLY,http://www.saint-gobain-sully.com/,France,SULLY SUR LOIRE,,Other,À vérifier,,D,New,Qualifier l'activité avant tout pitch ciblé.,No immediate action,To enrich,Eurosatory 2026 Catalog
SAKO,http://www.sako.global/defence-and-law-enforcement,Finlande,RIIHIMAKI,,Optics / optronics,OEM,77.0,A,New,"Verre spécial, détecteurs, mécanique de précision pour optronique.",Contact sales team and qualify need,Electronic components,Eurosatory 2026 Catalog
SALTECH AG,http://www.saltech.ch/,Suisse,DULLIKEN,,Weapons,OEM,67.9,B,New,"Vend des sous-systèmes / composants à un OEM construisant Ammunition, Logistics equipment.",Review website and validate opportunity,Energetic materials,Eurosatory 2026 Catalog
Salzgitter AG Defence,http://defence.salzgitter-ag.com/de/,Allemagne,ILSENBURG,,Other,À vérifier,16.6,D,New,Qualifier l'activité avant tout pitch ciblé.,No immediate action,Industrial subcontracting / machining,Eurosatory 2026 Catalog
SAMEL- 90,http://www.samel90.com/,Bulgarie,SAMOKOV,,Electronic warfare,OEM,67.5,B,New,"Amplis RF, processeurs signal, embarqué, antennes pour EW.",Review website and validate opportunity,Engines / propulsion,Eurosatory 2026 Catalog
SAMETO,https://www.sameto.com/,France,DINAN,,Other,À vérifier,,D,New,Qualifier l'activité avant tout pitch ciblé.,No immediate action,To enrich,Eurosatory 2026 Catalog
SAMHYUN,,Corée du Sud,"Changwon-si, Gyeongsangnam-do",,Other,À vérifier,,D,New,Qualifier l'activité avant tout pitch ciblé.,No immediate action,To enrich,Eurosatory 2026 Catalog
"Samyang Chemical Co., Ltd.",http://samyangchem.com/en/,Corée du Sud,Seoul,,Other,À vérifier,16.6,D,New,Qualifier l'activité avant tout pitch ciblé.,No immediate action,Industrial subcontracting / machining,Eurosatory 2026 Catalog
SANDEEP METALCRAFT PVT. LTD.,https://www.sandeepmetalcraft.com/,Inde,NAGPUR,,Other,À vérifier,,D,New,Qualifier l'activité avant tout pitch ciblé.,No immediate action,To enrich,Eurosatory 2026 Catalog
SANITEC INDUSTRIE,http://www.sanitec.fr/,France,TOURS,,Engineering services,Bureau d'ingénierie,35.1,D,New,"Outils CAD, simulation, certification pour bureau d'études.",No immediate action,Industrial subcontracting / machining,Eurosatory 2026 Catalog
"Sanlayan Group (Sanlayan Tech, Versabyte, Dexcel)",https://www.sanlayan.com/,Inde,BENGALURU,https://www.linkedin.com/company/sanlayan/,Electronic warfare,Distributeur,76.0,A,New,"Amplis RF, processeurs signal, embarqué, antennes pour EW.",Contact sales team and qualify need,Electronic components,Eurosatory 2026 Catalog
Sanok Rubber Company S.A.,https://sanokrubber.com/,Pologne,Sanok,,Space / satellite,Distributeur,66.1,B,New,Canal de distribution / représentation pour notre portefeuille.,Review website and validate opportunity,Mechanical parts,Eurosatory 2026 Catalog
SANS Institute,http://www.sans.org/,Royaume-Uni,SWANSEA,https://www.linkedin.com/company/sans-institute,Cybersecurity,Distributeur,80.0,A,New,"Threat intel, hardware appliances, cloud souverain, audits.",Contact sales team and qualify need,Cloud / data services,Eurosatory 2026 Catalog
SAPA,https://www.sapa.es/home,Espagne,ANDOAIN,,Other,À vérifier,,D,New,Qualifier l'activité avant tout pitch ciblé.,No immediate action,To enrich,Eurosatory 2026 Catalog
SAPIEN X,http://sapienxai.com/,Maroc,CASABLANCA,,UAV / drones,Distributeur,60.0,B,New,"Fournisseur de batteries, moteurs, optronique, RF, composites pour fabricants UAV.",Review website and validate opportunity,Engines / propulsion,Eurosatory 2026 Catalog
SARCO OY,,Finlande,HELSINKI,,Other,À vérifier,,D,New,Qualifier l'activité avant tout pitch ciblé.,No immediate action,To enrich,Eurosatory 2026 Catalog
SAS,http://www.abeillon.com/,France,MONTREUIL,,Other,À vérifier,,D,New,Qualifier l'activité avant tout pitch ciblé.,No immediate action,To enrich,Eurosatory 2026 Catalog
SAS AIR MS,,France,VAUHALLAN,,Other,À vérifier,,D,New,Qualifier l'activité avant tout pitch ciblé.,No immediate action,To enrich,Eurosatory 2026 Catalog
SAS LT LOGTRANS,,France,PORT-SAINT-LOUIS-DU-RHONE,,Other,À vérifier,,D,New,Qualifier l'activité avant tout pitch ciblé.,No immediate action,To enrich,Eurosatory 2026 Catalog
Saskatchewan Ministry of Trade and Export Development,https://investsk.ca/,Canada,Regina,,UAV / drones,OEM,75.0,A,New,Sub-system / payload pour OEM drones tactiques.,Contact sales team and qualify need,Engines / propulsion,Eurosatory 2026 Catalog
SATURNE TECHNOLOGY,http://www.saturne-technology.com/,Luxembourg,CONTERN,,Other,À vérifier,,D,New,Qualifier l'activité avant tout pitch ciblé.,No immediate action,To enrich,Eurosatory 2026 Catalog
Satways LTD,https://www.satways.net/,Grèce,Irakleio Attica,,Intelligence / ISR,OEM,69.5,B,New,"Capteurs, payloads optroniques, communications pour plateformes ISR.",Review website and validate opportunity,Cloud / data services,Eurosatory 2026 Catalog
Saudi Chemical Company Limited,http://www.saudichemical.com/,Arabie saoudite,Riyadh,,Dual-use technology,À vérifier,30.6,D,New,Qualifier l'activité avant tout pitch ciblé.,No immediate action,Industrial subcontracting / machining,Eurosatory 2026 Catalog
SAVO DEFENCE NETWORK,https://www.savodefence.com/,Finlande,MIKKELI,,UAV / drones,Distributeur,75.0,A,New,"Fournisseur de batteries, moteurs, optronique, RF, composites pour fabricants UAV.",Contact sales team and qualify need,RF / microwave components,Eurosatory 2026 Catalog
SAVOX COMMUNICATIONS LTD.,https://savox.com/,Finlande,ESPOO,,Other,À vérifier,,D,New,Qualifier l'activité avant tout pitch ciblé.,No immediate action,To enrich,Eurosatory 2026 Catalog
SAVOY TECHNOLOGY,,France,QUINCY VOISINS,,Other,À vérifier,,D,New,Qualifier l'activité avant tout pitch ciblé.,No immediate action,To enrich,Eurosatory 2026 Catalog
SAVRONIK ELEKTRONIK SAN. ve TIC A.S,http://www.savronik.com.tr/,Turquie,ANKARA,,Other,À vérifier,16.6,D,New,Qualifier l'activité avant tout pitch ciblé.,No immediate action,Industrial subcontracting / machining,Eurosatory 2026 Catalog
SAVUNMA SANAYİİ BAŞKANLIĞI (SSB),https://ssb.gov.tr/,Turquie,ANKARA,https://www.linkedin.com/company/savunma-sanayii-baskanligi/posts/?feedView=all,Intelligence / ISR,OEM,64.5,B,New,"Vend des sous-systèmes / composants à un OEM construisant Radars, Robotics / UGV.",Review website and validate opportunity,Electronic components,Eurosatory 2026 Catalog
SBG SYSTEMS,http://www.sbg-systems.com/,France,CARRIÈRES-SUR-SEINE,https://www.linkedin.com/company/sbgsystems,Electronic warfare,OEM,80.0,A,New,"Amplis RF, processeurs signal, embarqué, antennes pour EW.",Contact sales team and qualify need,Engines / propulsion,Eurosatory 2026 Catalog
Scaleout,http://www.scaleoutsystems.com/,Suède,Uppsala,https://www.linkedin.com/company/scaleout-systems/https://,Intelligence / ISR,Éditeur logiciel,62.5,B,New,"Capteurs, payloads optroniques, communications pour plateformes ISR.",Review website and validate opportunity,Engines / propulsion,Eurosatory 2026 Catalog
Scandex AG,http://www.scandex.de./,Allemagne,GOSLAR,,Other,À vérifier,,D,New,Qualifier l'activité avant tout pitch ciblé.,No immediate action,To enrich,Eurosatory 2026 Catalog
Scania CV AB,https://www.scania.com/,Suède,Södertälje,,Other,À vérifier,,D,New,Qualifier l'activité avant tout pitch ciblé.,No immediate action,To enrich,Eurosatory 2026 Catalog
Scania CV AB,https://www.scania.com/,Suède,Södertälje,,Other,À vérifier,,D,New,Qualifier l'activité avant tout pitch ciblé.,No immediate action,To enrich,Eurosatory 2026 Catalog
SCANIA FRANCE,http://www.scania.fr/,France,ANGERS,https://www.linkedin.com/company/scania-france,Other,À vérifier,26.1,D,New,Activité à qualifier — discovery call avant pitch précis.,No immediate action,Industrial subcontracting / machining,Eurosatory 2026 Catalog
SCD,http://www.scd-infrared.com/,Israël,HAIFA,https://www.linkedin.com/company/scd,Intelligence / ISR,OEM,77.5,A,New,"Capteurs, payloads optroniques, communications pour plateformes ISR.",Contact sales team and qualify need,Engines / propulsion,Eurosatory 2026 Catalog
Scepter Canada Inc.,https://scepter.com/products/military-products/military-ammunition-containers/,Canada,"SCARBOROUGH, ONTARIO",,Other,À vérifier,,D,New,Qualifier l'activité avant tout pitch ciblé.,No immediate action,To enrich,Eurosatory 2026 Catalog
Schaublin SA,http://www.schaublin.ch/,Suisse,Delémont,https://www.linkedin.com/company/schaublin-sa/,Engineering services,Distributeur,54.6,C,New,"Outils CAD, simulation, certification pour bureau d'études.",Keep in watchlist,Industrial subcontracting / machining,Eurosatory 2026 Catalog
Schenck RoTec GmbH,https://schenck-rotec.de/startseite.html,Allemagne,Darmstadt,,Cybersecurity,OEM,67.2,B,New,"Threat intel, hardware appliances, cloud souverain, audits.",Review website and validate opportunity,Cloud / data services,Eurosatory 2026 Catalog
Schill Reglerteknik AB,,Suède,Kista,,Other,À vérifier,,D,New,Qualifier l'activité avant tout pitch ciblé.,No immediate action,To enrich,Eurosatory 2026 Catalog
SCHLEIFRING GMBH,http://www.schleifring.de/,Allemagne,FÜRSTENFELDBRUCK,https://www.linkedin.com/company/schleifring/,Naval defense,OEM,79.0,A,New,"Radars, sonars, comms, armement, sustainment pour primes navals.",Contact sales team and qualify need,Electronic components,Eurosatory 2026 Catalog
SCHLIGLER SAS,https://www.schligler.fr/,France,VALENTIGNEY,,Other,À vérifier,,D,New,Qualifier l'activité avant tout pitch ciblé.,No immediate action,To enrich,Eurosatory 2026 Catalog
Schloetter Group,http://schloetter-group.com/,Allemagne,GEISLINGEN AN DER STEIGE,https://www.linkedin.com/company/schlötter-global/,C4ISR,OEM,78.5,A,New,"Composants, sous-systèmes, software, services pour primes C4ISR.",Contact sales team and qualify need,Engines / propulsion,Eurosatory 2026 Catalog
Schmidt & Bender,http://www.schmidt-bender.com/,Allemagne,BIEBERTAL/ FELLINGSHAUSSEN,,Other,OEM,40.4,C,New,Vend des sous-systèmes / composants à un OEM construisant Logistics equipment.,Keep in watchlist,Mechanical parts,Eurosatory 2026 Catalog
Schmitz Cargobull,http://www.cargobull.com/,Allemagne,HORSTMAR,,Other,À vérifier,,D,New,Qualifier l'activité avant tout pitch ciblé.,No immediate action,To enrich,Eurosatory 2026 Catalog
SCHOELLER-BLECKMANN PRECISION TECHNOLOGY GMBH,http://sbot.co.at/,Autriche,TERNITZ,https://www.linkedin.com/company/sbo-ag/posts/?feedView=all,Other,OEM,42.4,C,New,Vend des sous-systèmes / composants à un OEM construisant Logistics equipment.,Keep in watchlist,Mechanical parts,Eurosatory 2026 Catalog
SCHRADER S.A.SS,https://www.schrader-pacific.fr/,France,Pontarlier,,Other,À vérifier,,D,New,Qualifier l'activité avant tout pitch ciblé.,No immediate action,To enrich,Eurosatory 2026 Catalog
SCHROTH SAFETY PRODUCTS.,http://www.schroth.com/,États-Unis,FORT LAUDERDALE,,Radar / sensors,Distributeur,73.0,B,New,"Front-ends RF, processeurs, mécanique de précision pour fabricants radars.",Review website and validate opportunity,Engines / propulsion,Eurosatory 2026 Catalog
Schuberth GMBH,https://www.schuberth.com/,Allemagne,agdeburg,,Other,À vérifier,,D,New,Qualifier l'activité avant tout pitch ciblé.,No immediate action,To enrich,Eurosatory 2026 Catalog
Schunk Group,http://www.schunk-group.com/en,Allemagne,HEUCHELHEIM,https://www.linkedin.com/company/schunk-group,Soldier systems,OEM,82.0,A,New,"Textiles, composites, optronique, énergie pour kits soldat.",Contact sales team and qualify need,Engines / propulsion,Eurosatory 2026 Catalog
ScioTeq bv,https://www.scioteq.com/,Belgique,Kortrijk,,Other,À vérifier,,D,New,Qualifier l'activité avant tout pitch ciblé.,No immediate action,To enrich,Eurosatory 2026 Catalog
SCOPEX,http://www.scopex.fr/,France,PLOUGOUMELEN,https://fr.linkedin.com/company/scopex-sarl,UAV / drones,OEM,80.0,A,New,"Fournisseur de batteries, moteurs, optronique, RF, composites pour fabricants UAV.",Contact sales team and qualify need,Energy / batteries,Eurosatory 2026 Catalog
SCS,https://www.mankiewicz.com/,France,GUYANCOURT,,Other,À vérifier,,D,New,Qualifier l'activité avant tout pitch ciblé.,No immediate action,To enrich,Eurosatory 2026 Catalog
Scura,https://scura.ai/,Pays-Bas,GRONINGEN,,UAV / drones,OEM,53.8,C,New,Sub-system / payload pour OEM drones tactiques.,Keep in watchlist,Energy / batteries,Eurosatory 2026 Catalog
SCYTALYS S.A.,http://www.scytalys.com/,Grèce,"Neo Psychiko, Athens",,Electronic warfare,OEM,77.0,A,New,"Amplis RF, processeurs signal, embarqué, antennes pour EW.",Contact sales team and qualify need,Cloud / data services,Eurosatory 2026 Catalog
SealingTech,https://www.sealingtech.com/,États-Unis,COLUMBIA,,Other,À vérifier,,D,New,Qualifier l'activité avant tout pitch ciblé.,No immediate action,To enrich,Eurosatory 2026 Catalog
SEAT TEC FRANCE,http://www.seattec.com/,France,WOLFISHEIM,,Other,À vérifier,,D,New,Qualifier l'activité avant tout pitch ciblé.,No immediate action,To enrich,Eurosatory 2026 Catalog
"SEC TECHNOLOGIES, S.R.O.",http://www.sec-technologies.com/,Slovaquie,"LIPTOVSKY MIKULAS,",https://www.linkedin.com/company/sec-technologies,UAV / drones,Distributeur,69.5,B,New,Sub-system / payload pour OEM drones tactiques.,Review website and validate opportunity,Mechanical parts,Eurosatory 2026 Catalog
SECAN,http://www.secan.aero/,France,GENNEVILLIERS,https://www.linkedin.com/company/secan-aero/posts/?feedView=all,UAV / drones,OEM,71.1,B,New,"Fournisseur de batteries, moteurs, optronique, RF, composites pour fabricants UAV.",Review website and validate opportunity,Engines / propulsion,Eurosatory 2026 Catalog
Sectra Communications,http://communications.sectra.com/,Pays-Bas,THE HAGUE,https://www.linkedin.com/company/sectra/posts/?feedView=all,Cybersecurity,Distributeur,76.0,A,New,Partenariat MDR / cloud souverain / co-bid sur tenders.,Contact sales team and qualify need,RF / microwave components,Eurosatory 2026 Catalog
secunet Security Networks AG,https://www.secunet.com/,Allemagne,ESSEN,,Cybersecurity,OEM,72.1,B,New,"Threat intel, hardware appliances, cloud souverain, audits.",Review website and validate opportunity,Cloud / data services,Eurosatory 2026 Catalog
SECURITAS FRANCE,http://www.securitas.fr/,France,ISSY LES MOULINEAUX,https://www.linkedin.com/company/securitas-france/,Other,À vérifier,20.6,D,New,Qualifier l'activité avant tout pitch ciblé.,No immediate action,Industrial subcontracting / machining,Eurosatory 2026 Catalog
SEERSTEMS ROBÓTICA Y SISTEMAS,https://seerstems.net/,Espagne,"Gijón, Asturias",,Other,À vérifier,,D,New,Qualifier l'activité avant tout pitch ciblé.,No immediate action,To enrich,Eurosatory 2026 Catalog
SEIBERSDORF LABOR GMBH,,Autriche,SEIBERSDORF,,Other,À vérifier,,D,New,Qualifier l'activité avant tout pitch ciblé.,No immediate action,To enrich,Eurosatory 2026 Catalog
"SEKO Government,Space & Defence",https://www.sekologistics.com/us/freight-forwarding/government-space-and-defense/,Pays-Bas,Rotterdam,,Other,À vérifier,,D,New,Qualifier l'activité avant tout pitch ciblé.,No immediate action,To enrich,Eurosatory 2026 Catalog
SEKPY,https://sekpy.gr/,Grèce,ATHENS,https://www.linkedin.com/company/sekpy/,UAV / drones,OEM,76.0,A,New,"Fournisseur de batteries, moteurs, optronique, RF, composites pour fabricants UAV.",Contact sales team and qualify need,Mechanical parts,Eurosatory 2026 Catalog
SELECTARC,http://selectarc.com/,France,GRANDVILLARS,https://www.linkedin.com/company/10083342/admin/dashboard/,Armored vehicles,OEM,77.0,A,New,"Moteurs, composites, plaques balistiques, optronique, comms pour OEM blindés.",Contact sales team and qualify need,Mechanical parts,Eurosatory 2026 Catalog
SELHA GROUP,http://www.selhagroup.com/,France,RENAZE,,Other,À vérifier,,D,New,Qualifier l'activité avant tout pitch ciblé.,No immediate action,To enrich,Eurosatory 2026 Catalog
"SELLIER & BELLOT, JSC",http://www.sellier-bellot.cz/,République tchèque,VLASIM,,Other,À vérifier,,D,New,Qualifier l'activité avant tout pitch ciblé.,No immediate action,To enrich,Eurosatory 2026 Catalog
Selva Électronique,https://www.selva.fr/fr/,France,VALLET,https://www.linkedin.com/company/selva-electronique/,Industrial subcontracting,Sous-traitant industriel,61.5,B,New,"Matières premières, outils coupants, services qualité pour sous-traitants.",Review website and validate opportunity,Mechanical parts,Eurosatory 2026 Catalog
SEMAWORLD,http://www.semaworld.com/,France,NANTERRE,,NRBC / CBRN,OEM,60.9,B,New,Vend des sous-systèmes / composants à un OEM construisant NRBC / CBRN.,Review website and validate opportunity,Sensors,Eurosatory 2026 Catalog
SEMIP-CODECHAMP,https://www.position-sensor.com/fr,France,CHAMPAGNAT,,Other,À vérifier,,D,New,Qualifier l'activité avant tout pitch ciblé.,No immediate action,To enrich,Eurosatory 2026 Catalog
SEMPER INVICTA,https://www.semper-invicta.fr/,France,CHERBOURG,,Other,À vérifier,,D,New,Qualifier l'activité avant tout pitch ciblé.,No immediate action,To enrich,Eurosatory 2026 Catalog
Senhive BV,https://senhive.com/,Belgique,Hasselt,,Electronic warfare,OEM,77.5,A,New,"Amplis RF, processeurs signal, embarqué, antennes pour EW.",Contact sales team and qualify need,Energy / batteries,Eurosatory 2026 Catalog
Senop Oy,http://senop.fi/,Finlande,Lievestuore,https://fi.linkedin.com/company/senop,Other,À vérifier,19.6,D,New,Qualifier l'activité avant tout pitch ciblé.,No immediate action,Industrial subcontracting / machining,Eurosatory 2026 Catalog
SENSOR TECH Inc.,http://www.isensor.co.kr/,Corée du Sud,DAEJEON,,Electronic warfare,OEM,63.5,B,New,"Amplis RF, processeurs signal, embarqué, antennes pour EW.",Review website and validate opportunity,Electronic components,Eurosatory 2026 Catalog
SENSORMICRO,http://www.sensormicro.com/,Chine,WUHAN,https://www.linkedin.com/company/sensormicro/,Soldier systems,OEM,80.0,A,New,"Textiles, composites, optronique, énergie pour kits soldat.",Contact sales team and qualify need,Electronic components,Eurosatory 2026 Catalog
Senssight,https://www.senssight.com/,France,les ulis,,Other,À vérifier,,D,New,Qualifier l'activité avant tout pitch ciblé.,No immediate action,To enrich,Eurosatory 2026 Catalog
SENTRY,https://www.sentryvideowalls.com/,France,Villejust,,Other,À vérifier,,D,New,Qualifier l'activité avant tout pitch ciblé.,No immediate action,To enrich,Eurosatory 2026 Catalog
Sentyiv B.V.,https://www.sentyiv.com/,Pays-Bas,Utrecht,,Other,À vérifier,,D,New,Qualifier l'activité avant tout pitch ciblé.,No immediate action,To enrich,Eurosatory 2026 Catalog
SEO Group,https://www.seogroup.fr/,France,Toulouse,,Other,À vérifier,,D,New,Qualifier l'activité avant tout pitch ciblé.,No immediate action,To enrich,Eurosatory 2026 Catalog
SEPSON,http://www.sepson.se/,Suède,VANSBRO,,Other,À vérifier,,D,New,Qualifier l'activité avant tout pitch ciblé.,No immediate action,To enrich,Eurosatory 2026 Catalog
Septentrio – part of Hexagon,http://www.septentrio.com/en,Belgique,Leuven,https://www.linkedin.com/company/septentrio/,Other,OEM,37.4,D,New,Activité à qualifier — discovery call avant pitch précis.,No immediate action,Electronic components,Eurosatory 2026 Catalog
SERB Pharmaceuticals,http://serb.com/,France,PARIS,https://www.linkedin.com/company/serb-pharmaceuticals/,Other,À vérifier,15.6,D,New,Qualifier l'activité avant tout pitch ciblé.,No immediate action,Industrial subcontracting / machining,Eurosatory 2026 Catalog
SEREME,http://www.sereme.com/,France,BONDOUFLE,,Space / satellite,OEM,60.5,B,New,"Composites, capteurs, comms, lancement pour primes spatiaux.",Review website and validate opportunity,Composite materials,Eurosatory 2026 Catalog
SERODEM,https://www.serodem.fr/,France,SAINT-PIERRE-D ENTREMONT,,Other,À vérifier,,D,New,Qualifier l'activité avant tout pitch ciblé.,No immediate action,To enrich,Eurosatory 2026 Catalog
SES Space & Defence,https://www.ses.com/,Luxembourg,BETZDORF,,Other,À vérifier,,D,New,Qualifier l'activité avant tout pitch ciblé.,No immediate action,To enrich,Eurosatory 2026 Catalog
SESTAN BUSCH,http://www.sestan-busch.hr/,Croatie,PRELOG,,Other,À vérifier,16.6,D,New,Qualifier l'activité avant tout pitch ciblé.,No immediate action,Industrial subcontracting / machining,Eurosatory 2026 Catalog
SETOLITE LICHTTECHNIK GMBH,https://www.setolite.com/,Allemagne,HÜCKESWAGEN,https://www.linkedin.com/company/setolite-lichttechnik-gmbh/mycompany/,Optics / optronics,OEM,76.0,A,New,"Vend des sous-systèmes / composants à un OEM construisant Vehicles, Optronics / Optics.",Contact sales team and qualify need,Engines / propulsion,Eurosatory 2026 Catalog
SEYNTEX,https://www.seyntex.com/,Belgique,AALTER,,Other,À vérifier,,D,New,Qualifier l'activité avant tout pitch ciblé.,No immediate action,To enrich,Eurosatory 2026 Catalog
SFC Energy AG,http://www.public-security.com/,Allemagne,BRUNNTHAL,,Other,À vérifier,,D,New,Qualifier l'activité avant tout pitch ciblé.,No immediate action,To enrich,Eurosatory 2026 Catalog
SFTE SPETSTECHNOEXPORT,,Ukraine,,,Other,À vérifier,,D,New,Qualifier l'activité avant tout pitch ciblé.,No immediate action,To enrich,Eurosatory 2026 Catalog
SHADOW NAUTICS d.o.o.,https://www.shadow-nautics.eu/,Croatie,Sibenik,,Weapons,Distributeur,72.5,B,New,"Usinage de précision, matériaux, optronique, composants munitions ITAR-friendly.",Review website and validate opportunity,Mechanical parts,Eurosatory 2026 Catalog
"Shanghai Brilliant Textile Co.,Ltd.",http://www.brilliant-tex.com/,Chine,SHANGHAI,https://www.linkedin.com/company/brilliant-tex,Soldier systems,Distributeur,59.8,C,New,Canal de distribution / représentation pour notre portefeuille.,Keep in watchlist,RF / microwave components,Eurosatory 2026 Catalog
"SHANGHAI CAREFUL TECHNOLOGY CO.,LTD",http://www.shanghaikaifu.com/,Chine,SHANGHAI,,Other,À vérifier,,D,New,Qualifier l'activité avant tout pitch ciblé.,No immediate action,To enrich,Eurosatory 2026 Catalog
"SHANGHAI H WIN NEW MATERIAL TECHNOLOGY CO., LTD.",,Chine,SHANGHAI,,Other,À vérifier,,D,New,Qualifier l'activité avant tout pitch ciblé.,No immediate action,To enrich,Eurosatory 2026 Catalog
Shark Robotics,http://www.shark-robotics.com/,France,LA ROCHELLE,https://www.linkedin.com/company/sharkrobotics,Counter-UAV,OEM,79.0,A,New,"Fournisseur de RF, radars, optronique et embarqués pour stacks anti-drone.",Contact sales team and qualify need,Electronic components,Eurosatory 2026 Catalog
SHENZHEN POWER-TIME TECHNOLOGY CO.LTD,http://www.milpowertime.com/,Chine,SHENZHEN,https://www.linkedin.com/company/milpowertime/,Radar / sensors,OEM,73.5,B,New,"Front-ends RF, processeurs, mécanique de précision pour fabricants radars.",Review website and validate opportunity,Engines / propulsion,Eurosatory 2026 Catalog
"SHENZHEN SKYFEND TECHNOLOGY CO.,LTD.",http://www.skyfend.com/,Chine,SHENZHEN,,Electronic warfare,OEM,67.0,B,New,"Amplis RF, processeurs signal, embarqué, antennes pour EW.",Review website and validate opportunity,Energy / batteries,Eurosatory 2026 Catalog
Shield AI,http://shield.ai/,États-Unis,SAN DIEGO,https://www.youtube.com/@Shield_AI,Other,OEM,37.4,D,New,Vend des sous-systèmes / composants à un OEM construisant Software / Platforms.,No immediate action,Cloud / data services,Eurosatory 2026 Catalog
SHIELD by Alpinter,http://shieldtents.com/,Belgique,RONSE,https://www.linkedin.com/company/shieldbyalpinter,Logistics / MRO,OEM,71.0,B,New,"Pièces de rechange, calibration, certification pour acteurs MRO.",Review website and validate opportunity,Cloud / data services,Eurosatory 2026 Catalog
SHIFTERS AI INC.,http://www.shifters-ai.com/,États-Unis,"WASHINGTON,",https://www.linkedin.com/company/shifters-ai-robotics,Other,À vérifier,20.6,D,New,Qualifier l'activité avant tout pitch ciblé.,No immediate action,Industrial subcontracting / machining,Eurosatory 2026 Catalog
"Shin An Information & Communications Co., Ltd.",,Corée du Sud,"Gunpo-si, Gyeonggi-do",,Other,À vérifier,,D,New,Qualifier l'activité avant tout pitch ciblé.,No immediate action,To enrich,Eurosatory 2026 Catalog
SHIPYARD OF SPECIAL FACILITIES Ltd,https://www.brodosplit.hr/,Croatie,Bobovica,,Naval defense,OEM,47.6,C,New,"Vend des sous-systèmes / composants à un OEM construisant Logistics equipment, Engines / propulsion.",Keep in watchlist,Mechanical parts,Eurosatory 2026 Catalog
ShiraTech-Knowtion,https://www.knowtion.de/,Allemagne,Karlsruhe,,Radar / sensors,OEM,70.5,B,New,"Front-ends RF, processeurs, mécanique de précision pour fabricants radars.",Review website and validate opportunity,Electronic components,Eurosatory 2026 Catalog
ShootDrone,http://neant.fr/,France,BORDEAUX,,UAV / drones,OEM,43.8,C,New,Sub-system / payload pour OEM drones tactiques.,Keep in watchlist,Energy / batteries,Eurosatory 2026 Catalog
SIA ARITEH,,Lettonie,MARUPE,,Other,À vérifier,,D,New,Qualifier l'activité avant tout pitch ciblé.,No immediate action,To enrich,Eurosatory 2026 Catalog
SIA ELECTRIFY,,Lettonie,RIGA,,Other,À vérifier,,D,New,Qualifier l'activité avant tout pitch ciblé.,No immediate action,To enrich,Eurosatory 2026 Catalog
SIAMIDIS SA,https://siamidis.eu/,Grèce,INOFITA,https://www.linkedin.com/company/siamidis-sa,Ballistic protection,OEM,73.4,B,New,"Aramide, céramique, composites, certification balistique.",Review website and validate opportunity,Composite materials,Eurosatory 2026 Catalog
SIBAT ISRAEL MOD,http://www.sibat.mod.gov.il/,Israël,TEL AVIV,,Other,À vérifier,,D,New,Qualifier l'activité avant tout pitch ciblé.,No immediate action,To enrich,Eurosatory 2026 Catalog
SIDES,http://www.sides.fr/,France,ST NAZAIRE,,Other,À vérifier,,D,New,Qualifier l'activité avant tout pitch ciblé.,No immediate action,To enrich,Eurosatory 2026 Catalog
Sieć Badawcza Łukasiewicz – Przemysłowy Instytut Motoryzacji,https://pimot.lukasiewicz.gov.pl/,Pologne,Warsaw,,C4ISR,OEM,58.3,C,New,"Vend des sous-systèmes / composants à un OEM construisant Logistics equipment, Communications networks.",Keep in watchlist,Mechanical parts,Eurosatory 2026 Catalog
siegmund,https://www.siegmund.com/,Allemagne,OBEROTTMARSHAUSEN,https://www.linkedin.com/company/berndsiegmundgmbh,Other,OEM,60.2,B,New,"Vend des sous-systèmes / composants à un OEM construisant Logistics equipment, Software / Platforms.",Review website and validate opportunity,Mechanical parts,Eurosatory 2026 Catalog
Siemens Digital Industries Software,https://www.siemens.com/en-us/,France,CHATILLON,,Other,À vérifier,,D,New,Qualifier l'activité avant tout pitch ciblé.,No immediate action,To enrich,Eurosatory 2026 Catalog
SIEPEL,https://www.siepel.com/,France,La Trinité-sur,,Other,À vérifier,,D,New,Qualifier l'activité avant tout pitch ciblé.,No immediate action,To enrich,Eurosatory 2026 Catalog
Sierra Olympia Technologies,https://sierraolympia.com/,États-Unis,Hood River,,UAV / drones,OEM,81.0,A,New,"Fournisseur de batteries, moteurs, optronique, RF, composites pour fabricants UAV.",Contact sales team and qualify need,Electronic components,Eurosatory 2026 Catalog
SIG SAUER,http://www.sigsauer.com/,États-Unis,NEWINGTON,,Other,À vérifier,,D,New,Qualifier l'activité avant tout pitch ciblé.,No immediate action,To enrich,Eurosatory 2026 Catalog
Sightline Intelligence,http://sightlineintelligence.com/,États-Unis,Portland,,Intelligence / ISR,OEM,67.0,B,New,"Capteurs, payloads optroniques, communications pour plateformes ISR.",Review website and validate opportunity,Energy / batteries,Eurosatory 2026 Catalog
SIGNALGENERIX LIMITED,https://www.signalgenerix.com/,Cyprus,LIMASSOL,,Other,À vérifier,,D,New,Qualifier l'activité avant tout pitch ciblé.,No immediate action,To enrich,Eurosatory 2026 Catalog
Silicon Sensing Systems,https://www.siliconsensing.com/,Royaume-Uni,PLYMOUTH,,Other,À vérifier,15.6,D,New,Qualifier l'activité avant tout pitch ciblé.,No immediate action,Industrial subcontracting / machining,Eurosatory 2026 Catalog
SILL OPTICS GMBH,http://www.silloptics.de/en/,Allemagne,,https://www.linkedin.com/company/sill-optics/,Soldier systems,OEM,64.9,B,New,"Textiles, composites, optronique, énergie pour kits soldat.",Review website and validate opportunity,Electronic components,Eurosatory 2026 Catalog
SILMOR,https://silmor.eu/en/,Lettonie,RĪGA,,Other,À vérifier,,D,New,Qualifier l'activité avant tout pitch ciblé.,No immediate action,To enrich,Eurosatory 2026 Catalog
SILTEC,http://www.siltec.pl/,Pologne,PRUSZKÓW,https://linkedin.com/company/siltec-sp.-z-o.o._2,Logistics / MRO,OEM,60.1,B,New,"Pièces de rechange, calibration, certification pour acteurs MRO.",Review website and validate opportunity,"Materials (Li-ion, electrolytes)",Eurosatory 2026 Catalog
Silvus Technologies Inc.,https://silvustechnologies.com/,États-Unis,LOS ANGELES,https://www.linkedin.com/company/silvus-technologies-inc./posts/?feedView=all,Electronic warfare,OEM,82.0,A,New,"Amplis RF, processeurs signal, embarqué, antennes pour EW.",Contact sales team and qualify need,Energy / batteries,Eurosatory 2026 Catalog
SIMA INNOVATION,http://www.simainnovation.com/,Danemark,AARSLEV,https://www.linkedin.com/company/sima-innovation/posts/?feedView=all&viewAsMember=true,Logistics / MRO,OEM,63.9,B,New,"Vend des sous-systèmes / composants à un OEM construisant Vehicles, Logistics equipment.",Review website and validate opportunity,Engines / propulsion,Eurosatory 2026 Catalog
SIMOL,http://www.simol.com/,Italie,CODISOTTO DI LUZZARA,https://it.linkedin.com/company/simol-spa,Soldier systems,OEM,54.4,C,New,Vend des sous-systèmes / composants à un OEM construisant Logistics equipment.,Keep in watchlist,Mechanical parts,Eurosatory 2026 Catalog
SIMTECH,https://www.simtech.be/,Belgique,TOURNAI,,Other,À vérifier,,D,New,Qualifier l'activité avant tout pitch ciblé.,No immediate action,To enrich,Eurosatory 2026 Catalog
Sine Engineering,http://www.sineeng.com/,Ukraine,LVIV,https://www.linkedin.com/company/sine-engineering/,Counter-UAV,OEM,77.0,A,New,Vend une brique du chain detection-effector aux primes anti-drone.,Contact sales team and qualify need,Energy / batteries,Eurosatory 2026 Catalog
SİNERJİ YÜKSEK TEKNOLOJİ A.Ş.,http://www.sinerjitech.com/,Turquie,KIRIKKALE MERKEZ,https://www.linkedin.com/company/sinerjiyuksekteknoloji/,Armored vehicles,OEM,56.6,C,New,"Vend des sous-systèmes / composants à un OEM construisant Vehicles, Weapons.",Keep in watchlist,Engines / propulsion,Eurosatory 2026 Catalog
SINTRONES Technology Corp.,http://www.sintrones.com/,Taïwan,NEW TAIPEI CITY,https://www.linkedin.com/company/sintrones-technology-corp/,Space / satellite,Distributeur,76.0,A,New,"Composites, capteurs, comms, lancement pour primes spatiaux.",Contact sales team and qualify need,Engines / propulsion,Eurosatory 2026 Catalog
SIOEN BALLISTICS,http://www.sioen.be/,Belgique,ARDOOIE,,Other,À vérifier,,D,New,Qualifier l'activité avant tout pitch ciblé.,No immediate action,To enrich,Eurosatory 2026 Catalog
"SISU AXLES, INC.",https://www.sisuaxles.com/,Finlande,HÄMEENLINNA,,Other,À vérifier,,D,New,Qualifier l'activité avant tout pitch ciblé.,No immediate action,To enrich,Eurosatory 2026 Catalog
SKB Cases,https://www.skbcases.com/,États-Unis,Orange,,Naval defense,OEM,77.0,A,New,"Radars, sonars, comms, armement, sustainment pour primes navals.",Contact sales team and qualify need,Engines / propulsion,Eurosatory 2026 Catalog
SKELETON TECHNOLOGIES,http://www.skeletontech.com/,Estonie,"LUBJA, HARJUMAA",,Other,À vérifier,,D,New,Qualifier l'activité avant tout pitch ciblé.,No immediate action,To enrich,Eurosatory 2026 Catalog
SKYCOPE C-UAS TECHNOLOGIES INC.,,Canada,BURNABY,,Other,À vérifier,,D,New,Qualifier l'activité avant tout pitch ciblé.,No immediate action,To enrich,Eurosatory 2026 Catalog
SKYDIO,https://www.skydio.com/,États-Unis,SAN MATEO,,Other,À vérifier,,D,New,Qualifier l'activité avant tout pitch ciblé.,No immediate action,To enrich,Eurosatory 2026 Catalog
SKYETON,https://skyeton.com/,Ukraine,KYIV,https://www.linkedin.com/company/skyeton/,Intelligence / ISR,Distributeur,68.0,B,New,"Capteurs, payloads optroniques, communications pour plateformes ISR.",Review website and validate opportunity,Energy / batteries,Eurosatory 2026 Catalog
SkyFall,https://www.skyfall.ua/,Ukraine,KYIV,,Other,À vérifier,4.0,D,New,Qualifier l'activité avant tout pitch ciblé.,No immediate action,To enrich,Eurosatory 2026 Catalog
Skyld,https://skyld.io/,France,RENNES,,Other,À vérifier,,D,New,Qualifier l'activité avant tout pitch ciblé.,No immediate action,To enrich,Eurosatory 2026 Catalog
SkyRadar,http://www.skyradar.com/,Luxembourg,Wasserbillig,https://www.linkedin.com/company/skyradar,Electronic warfare,OEM,69.0,B,New,"Amplis RF, processeurs signal, embarqué, antennes pour EW.",Review website and validate opportunity,Electronic components,Eurosatory 2026 Catalog
SKY-WATCH,http://sky-watch.com/,Danemark,STOVRING,https://www.linkedin.com/company/sky-watch/,Intelligence / ISR,OEM,81.0,A,New,"Capteurs, payloads optroniques, communications pour plateformes ISR.",Contact sales team and qualify need,Energy / batteries,Eurosatory 2026 Catalog
Sky-Watch,,Danemark,Valby,,Other,À vérifier,,D,New,Qualifier l'activité avant tout pitch ciblé.,No immediate action,To enrich,Eurosatory 2026 Catalog
SLM SOLUTIONS (FRANCE),https://www.nikon-slm-solutions.com/,France,STE-FOY-LÈS-LYON,,Other,À vérifier,,D,New,Qualifier l'activité avant tout pitch ciblé.,No immediate action,To enrich,Eurosatory 2026 Catalog
SMAG Mobile Antenna Masts GmbH,http://www.smag.de/,Allemagne,SALZGITTER,https://linkedin.com/company/smagmasts,Intelligence / ISR,OEM,81.0,A,New,"Capteurs, payloads optroniques, communications pour plateformes ISR.",Contact sales team and qualify need,Engines / propulsion,Eurosatory 2026 Catalog
SMARTSHOOTER,http://www.smart-shooter.com/,Israël,KIBBUTZ YAGUR,https://www.linkedin.com/company/smart-shooter/?viewAsMember=true,Intelligence / ISR,OEM,82.0,A,New,"Capteurs, payloads optroniques, communications pour plateformes ISR.",Contact sales team and qualify need,Engines / propulsion,Eurosatory 2026 Catalog
SMPP LIMITED,http://www.smgroupindia.com/,Inde,NEW DELHI,https://www.linkedin.com/company/smppdefense/,Land defense,OEM,73.5,B,New,"Sous-systèmes, composites, certification pour primes terrestres.",Review website and validate opportunity,Engines / propulsion,Eurosatory 2026 Catalog
SMS group,https://www.sms-group.com/,Allemagne,MÖNCHENGLADBACH,https://www.linkedin.com/company/sms_group/posts/?feedView=all,Logistics / MRO,Bureau d'ingénierie,68.6,B,New,"Pièces de rechange, calibration, certification pour acteurs MRO.",Review website and validate opportunity,Cloud / data services,Eurosatory 2026 Catalog
Smytec,https://www.smytec-ltd.com/,Royaume-Uni,LUBENHAM,www.linkedin.com/company/smytec-ltd,Intelligence / ISR,OEM,74.0,B,New,"Capteurs, payloads optroniques, communications pour plateformes ISR.",Review website and validate opportunity,Mechanical parts,Eurosatory 2026 Catalog
SNDMECA INDUSTRIE,http://sndmeca.fr/,France,Soignolles en Brie,,Other,À vérifier,,D,New,Qualifier l'activité avant tout pitch ciblé.,No immediate action,To enrich,Eurosatory 2026 Catalog
SNECI,https://www.sneci.com/,France,LEVALLOIS PERRET,,Other,À vérifier,,D,New,Qualifier l'activité avant tout pitch ciblé.,No immediate action,To enrich,Eurosatory 2026 Catalog
Snigel,,Suède,Farsta,,Other,À vérifier,,D,New,Qualifier l'activité avant tout pitch ciblé.,No immediate action,To enrich,Eurosatory 2026 Catalog
SNOWPACK,https://snowpack.eu/fr/,France,ORSAY,https://www.linkedin.com/company/snowpack/,Electronic warfare,Distributeur,77.5,A,New,"Amplis RF, processeurs signal, embarqué, antennes pour EW.",Contact sales team and qualify need,Cloud / data services,Eurosatory 2026 Catalog
SOAIRTECH,https://www.soairtech.fr/,France,CHATEAUROUX,,Other,À vérifier,,D,New,Qualifier l'activité avant tout pitch ciblé.,No immediate action,To enrich,Eurosatory 2026 Catalog
Sobelcomp,https://www.sobelcomp.be/,Belgique,Loncin,,Other,À vérifier,,D,New,Qualifier l'activité avant tout pitch ciblé.,No immediate action,To enrich,Eurosatory 2026 Catalog
"SOCAH HYDRAULIQUE, EDH, IDSYSTEM, LUCE HYDRO",https://www.socah-hydraulique.fr/,France,CHATEAUBOURG,https://www.linkedin.com/company/groupe-socah-hydraulique/,Logistics / MRO,OEM,49.6,C,New,"Pièces de rechange, calibration, certification pour acteurs MRO.",Keep in watchlist,Industrial subcontracting / machining,Eurosatory 2026 Catalog
SOC-E,http://www.soc-e.com/,Espagne,Bilbao,https://www.linkedin.com/company/soc-e,Cybersecurity,OEM,71.0,B,New,"Threat intel, hardware appliances, cloud souverain, audits.",Review website and validate opportunity,Electronic components,Eurosatory 2026 Catalog
SOCIETA' CONSORTILE A R.L.,http://www.iveco-otomelara.com/,Italie,ROMA,,C4ISR,OEM,74.0,B,New,"Composants, sous-systèmes, software, services pour primes C4ISR.",Review website and validate opportunity,Engines / propulsion,Eurosatory 2026 Catalog
SOCIÉTÉ D'ETUDES ET DE RÉALISATIONS THERMIQUES,http://www.sert.fr/,France,ROMANS-SUR-ISERE CEDEX,,Other,À vérifier,,D,New,Qualifier l'activité avant tout pitch ciblé.,No immediate action,To enrich,Eurosatory 2026 Catalog
Société Générale,https://particuliers.sg.fr/,France,Paris,,Other,À vérifier,,D,New,Qualifier l'activité avant tout pitch ciblé.,No immediate action,To enrich,Eurosatory 2026 Catalog
SOCITEC,https://www.socitec.com/,France,SARTROUVILLE,,Other,À vérifier,,D,New,Qualifier l'activité avant tout pitch ciblé.,No immediate action,To enrich,Eurosatory 2026 Catalog
SOFEMA,http://www.sofema-international.com/,France,LEVALLOIS PERRET,,Logistics / MRO,OEM,60.8,B,New,Vend des sous-systèmes / composants à un OEM construisant Vehicles.,Review website and validate opportunity,Engines / propulsion,Eurosatory 2026 Catalog
SOFF Service AB,http://www.soff.se/,Suède,STOCKHOLM,,Other,À vérifier,,D,New,Qualifier l'activité avant tout pitch ciblé.,No immediate action,To enrich,Eurosatory 2026 Catalog
SOFFICO GMBH,http://www.soffico.de/,Allemagne,AUGSBURG,,Radar / sensors,OEM,73.6,B,New,"Front-ends RF, processeurs, mécanique de précision pour fabricants radars.",Review website and validate opportunity,Cloud / data services,Eurosatory 2026 Catalog
SOFRAME,http://www.soframe.com/,France,HANGENBIETEN,,Other,À vérifier,,D,New,Qualifier l'activité avant tout pitch ciblé.,No immediate action,To enrich,Eurosatory 2026 Catalog
SOFTCRYPTUM,http://softcryptum.com/,France,PARIS,https://www.linkedin.com/company/26792271/,Electronic warfare,OEM,61.3,B,New,"Amplis RF, processeurs signal, embarqué, antennes pour EW.",Review website and validate opportunity,Electronic components,Eurosatory 2026 Catalog
SOGECLAIR,http://sogeclair.com/,France,BLAGNAC,https://www.linkedin.com/company/groupesogeclair/?originalSubdomain=fr,Space / satellite,OEM,77.5,A,New,"Composites, capteurs, comms, lancement pour primes spatiaux.",Contact sales team and qualify need,Engines / propulsion,Eurosatory 2026 Catalog
SOGITEC,https://www.sogitec.com/,France,SURESNES CEDEX,,Other,À vérifier,,D,New,Qualifier l'activité avant tout pitch ciblé.,No immediate action,To enrich,Eurosatory 2026 Catalog
Solarcore,https://solarcore.tech/,États-Unis,Portland,,Soldier systems,OEM,56.8,C,New,"Vend des sous-systèmes / composants à un OEM construisant Logistics equipment, Soldier equipment.",Keep in watchlist,Mechanical parts,Eurosatory 2026 Catalog
SOLARMTEX,http://www.solarmtex.com/,France,VIERZON,,Other,À vérifier,,D,New,Qualifier l'activité avant tout pitch ciblé.,No immediate action,To enrich,Eurosatory 2026 Catalog
SOLCERA,http://www.solcera.com/,France,EVREUX,https://www.linkedin.com/company/solcera/,Radar / sensors,OEM,69.5,B,New,"Front-ends RF, processeurs, mécanique de précision pour fabricants radars.",Review website and validate opportunity,Electronic components,Eurosatory 2026 Catalog
Solstice,https://www.solstice.com/us/en,États-Unis,"MORRIS PLAINS, NJ",https://www.linkedin.com/company/solstice-advanced-materials/posts/?feedView=all,Other,À vérifier,16.6,D,New,Qualifier l'activité avant tout pitch ciblé.,No immediate action,Industrial subcontracting / machining,Eurosatory 2026 Catalog
SOLUTECH INDUSTRIES,https://www.solutech-industries.fr/,France,Roquemaure,,Other,À vérifier,,D,New,Qualifier l'activité avant tout pitch ciblé.,No immediate action,To enrich,Eurosatory 2026 Catalog
SOMEPIC,https://somepic-technologie.com/,France,BOUZINCOURT,,Other,À vérifier,,D,New,Qualifier l'activité avant tout pitch ciblé.,No immediate action,To enrich,Eurosatory 2026 Catalog
SOPEMEA,http://sopemea.apave.com/,France,VELIZY VILLACOUBLAY CEDEX,https://www.linkedin.com/company/apave/,Simulation / training,Distributeur,72.5,B,New,"Visuel, motion, haptique, IA pour fabricants de simulateurs.",Review website and validate opportunity,RF / microwave components,Eurosatory 2026 Catalog
SOPRA STERIA,http://www.soprasteria.com/,France,PARIS,https://www.linkedin.com/company/soprasteria/,Electronic warfare,Distributeur,75.5,A,New,"Amplis RF, processeurs signal, embarqué, antennes pour EW.",Contact sales team and qualify need,Cloud / data services,Eurosatory 2026 Catalog
SOPRIMA INDUSTRIE,http://www.soprima.com/,France,SAINT OUEN L'AUMONE,https://fr.linkedin.com/company/soprima-industrie,Radar / sensors,OEM,57.3,C,New,"Front-ends RF, processeurs, mécanique de précision pour fabricants radars.",Keep in watchlist,Electronic components,Eurosatory 2026 Catalog
Sored S.A.,https://sored-sa.com/,Suisse,La Chaux-de-Fonds,,Other,À vérifier,,D,New,Qualifier l'activité avant tout pitch ciblé.,No immediate action,To enrich,Eurosatory 2026 Catalog
Sotrad Water,https://www.sotradwater.be/,Belgique,Nivelles,,Other,OEM,32.4,D,New,Vend des sous-systèmes / composants à un OEM construisant Logistics equipment.,No immediate action,Mechanical parts,Eurosatory 2026 Catalog
SOUCY INTERNATIONAL INC. - DEFENSE DIVISION,http://www.soucy-defense.com/,Canada,DRUMMONDVILLE QC,https://www.linkedin.com/company/soucy-defense,Radar / sensors,OEM,75.0,A,New,"Front-ends RF, processeurs, mécanique de précision pour fabricants radars.",Contact sales team and qualify need,Engines / propulsion,Eurosatory 2026 Catalog
Source Tactical Gear,https://www.sourcetacticalgear.net/,Israël,TIRAT A CARMEL,,Soldier systems,OEM,69.0,B,New,"Vend des sous-systèmes / composants à un OEM construisant Soldier equipment, Ballistic protection.",Review website and validate opportunity,Composite materials,Eurosatory 2026 Catalog
SP DEFENSE,https://www.honeywellsafety.com/,France,ROISSY CH DE GAULLE CEDEX,,Other,À vérifier,,D,New,Qualifier l'activité avant tout pitch ciblé.,No immediate action,To enrich,Eurosatory 2026 Catalog
Space Inventor,,Danemark,Aalborg,,Other,À vérifier,,D,New,Qualifier l'activité avant tout pitch ciblé.,No immediate action,To enrich,Eurosatory 2026 Catalog
SPACEBEL,https://www.spacebel.com/,Belgique,ANGLEUR,,Space / satellite,Sous-traitant industriel,69.0,B,New,"Composites, capteurs, comms, lancement pour primes spatiaux.",Review website and validate opportunity,Cloud / data services,Eurosatory 2026 Catalog
SpaceForest,https://spaceforest.pl/,Pologne,GDYNIA,,Other,À vérifier,,D,New,Qualifier l'activité avant tout pitch ciblé.,No immediate action,To enrich,Eurosatory 2026 Catalog
SPAFAX,https://www.www.spafaxmirrors.com/,Royaume-Uni,BASINGSTOKE,,Other,À vérifier,,D,New,Qualifier l'activité avant tout pitch ciblé.,No immediate action,To enrich,Eurosatory 2026 Catalog
"Spanner SK, k.s.",,Slovaquie,Povazska Bystrica,,Other,À vérifier,,D,New,Qualifier l'activité avant tout pitch ciblé.,No immediate action,To enrich,Eurosatory 2026 Catalog
Spar-Tac d.o.o.,https://www.spar-tac.com/,Croatie,Ivanic Grad,,Soldier systems,OEM,74.0,B,New,"Textiles, composites, optronique, énergie pour kits soldat.",Review website and validate opportunity,RF / microwave components,Eurosatory 2026 Catalog
SPECIALTY TECHNOLOGIES,http://www.wittenstein-motion-control.de/,Allemagne,IGERSHEIM,,Other,À vérifier,,D,New,Qualifier l'activité avant tout pitch ciblé.,No immediate action,To enrich,Eurosatory 2026 Catalog
SPEG PRONERGY,https://www.faar-pronergy.com/,France,VILLEBON SUR YVETTE,,Other,À vérifier,,D,New,Qualifier l'activité avant tout pitch ciblé.,No immediate action,To enrich,Eurosatory 2026 Catalog
SPETSTECHNOEXPORT,http://spetstechnoexport.com/,Ukraine,KYIV,,Other,À vérifier,18.6,D,New,Qualifier l'activité avant tout pitch ciblé.,No immediate action,Industrial subcontracting / machining,Eurosatory 2026 Catalog
Sphere Defense,http://www.sphere-df.com/,Belgique,BRUSSELS,,Air defense,OEM,67.5,B,New,"Radars, missiles, comms, électroniques pour systèmes anti-aériens.",Review website and validate opportunity,Energy / batteries,Eurosatory 2026 Catalog
SPHEREA TEST ET SERVICES,http://www.spherea.com/,France,TOULOUSE CEDEX,,Other,À vérifier,,D,New,Qualifier l'activité avant tout pitch ciblé.,No immediate action,To enrich,Eurosatory 2026 Catalog
SPINNER,https://www.spinner-group.com/,Allemagne,MUNICH,,Other,À vérifier,,D,New,Qualifier l'activité avant tout pitch ciblé.,No immediate action,To enrich,Eurosatory 2026 Catalog
"SPIRIT SLOVENIA, BUSINESS DEVELOPMENT AGENCY",http://www.sloveniabusiness.eu/,Slovénie,LJUBLJANA,,Other,À vérifier,,D,New,Qualifier l'activité avant tout pitch ciblé.,No immediate action,To enrich,Eurosatory 2026 Catalog
SPIROTEC,http://www.spirotec.fr/,France,VALFF,https://www.linkedin.com/company/spirotec/?viewAsMember=true,Other,À vérifier,15.6,D,New,Qualifier l'activité avant tout pitch ciblé.,No immediate action,Industrial subcontracting / machining,Eurosatory 2026 Catalog
Splast Sp. z.o.o.,https://przetworstwo-tworzyw.splast.com.pl/,Pologne,Krosno,,Logistics / MRO,À vérifier,29.6,D,New,Qualifier l'activité avant tout pitch ciblé.,No immediate action,Industrial subcontracting / machining,Eurosatory 2026 Catalog
SPLENDOR tekstil d.o.o.,https://splendor-tekstil.hr/,Croatie,Zagreb,,C4ISR,OEM,59.9,C,New,Vend des sous-systèmes / composants à un OEM construisant Logistics equipment.,Keep in watchlist,Mechanical parts,Eurosatory 2026 Catalog
SPRING,https://www.spring-group.fr/,France,BAULE,,Other,À vérifier,,D,New,Qualifier l'activité avant tout pitch ciblé.,No immediate action,To enrich,Eurosatory 2026 Catalog
"SRC, INC",http://www.srcinc.com/,États-Unis,NORTH SYRACUSE,https://www.linkedin.com/company/SRCdefense,Intelligence / ISR,Société de services,75.5,A,New,"Capteurs, payloads optroniques, communications pour plateformes ISR.",Contact sales team and qualify need,Engines / propulsion,Eurosatory 2026 Catalog
SSAB / Armox protection plate,http://www.ssab.com/en/brands-and-products/armox,Suède,OXELÖSUND,https://www.linkedin.com/showcase/76883263/,Ammunition,OEM,80.0,A,New,"Matériaux énergétiques, mécanique, packaging, certification.",Contact sales team and qualify need,Engines / propulsion,Eurosatory 2026 Catalog
ST Connect GmbH,http://www.st-connect.de/,Allemagne,LEVERKUSEN,https://www.linkedin.com/company/st-connect-gmbh/?viewAsMember=true,Other,À vérifier,28.1,D,New,Qualifier l'activité avant tout pitch ciblé.,No immediate action,Industrial subcontracting / machining,Eurosatory 2026 Catalog
ST ENGINEERING,http://www.stengg.com/,Singapour,SINGAPORE,https://www.linkedin.com/company/st-engineering,C4ISR,OEM,78.5,A,New,"Composants, sous-systèmes, software, services pour primes C4ISR.",Contact sales team and qualify need,Engines / propulsion,Eurosatory 2026 Catalog
ST ENGINEERING IDIRECT,http://www.idirect.net/,Belgique,SINT-NIKLAAS,https://www.linkedin.com/company/st-engineering-idirect/,Space / satellite,OEM,45.0,C,New,Vend des sous-systèmes / composants à un OEM construisant Satellites / Space.,Keep in watchlist,Composite materials,Eurosatory 2026 Catalog
STACEM,http://www.stacem.fr/,France,GRAND CHAMP,,Other,À vérifier,,D,New,Qualifier l'activité avant tout pitch ciblé.,No immediate action,To enrich,Eurosatory 2026 Catalog
STAINLESS,http://www.stainless.eu/,France,Dannemarie-sur-Crète,https://fr.linkedin.com/company/stainless,Intelligence / ISR,Distributeur,69.5,B,New,"Capteurs, payloads optroniques, communications pour plateformes ISR.",Review website and validate opportunity,"Materials (Li-ion, electrolytes)",Eurosatory 2026 Catalog
Standard solutions group AB,,Suède,Sundsvall,,Other,À vérifier,,D,New,Qualifier l'activité avant tout pitch ciblé.,No immediate action,To enrich,Eurosatory 2026 Catalog
STAR PACK SA,https://www.star-pack.fr/,France,CERGY - POINTOISE CEDEX,,Other,À vérifier,,D,New,Qualifier l'activité avant tout pitch ciblé.,No immediate action,To enrich,Eurosatory 2026 Catalog
STARBURST SAS,,France,PARIS,,Other,À vérifier,,D,New,Qualifier l'activité avant tout pitch ciblé.,No immediate action,To enrich,Eurosatory 2026 Catalog
STARK,http://stark-defence.com/,Allemagne,BERLIN,https://www.linkedin.com/company/stark-defence/,Intelligence / ISR,OEM,79.0,A,New,"Capteurs, payloads optroniques, communications pour plateformes ISR.",Contact sales team and qualify need,Energy / batteries,Eurosatory 2026 Catalog
STARPLAST,https://vitalo.net/,France,LIMOGES - 87,,Other,À vérifier,,D,New,Qualifier l'activité avant tout pitch ciblé.,No immediate action,To enrich,Eurosatory 2026 Catalog
STARTER,http://www.starterwinches.com/,France,SAINT OUEN L'AUMONE,,Other,À vérifier,,D,New,Qualifier l'activité avant tout pitch ciblé.,No immediate action,To enrich,Eurosatory 2026 Catalog
Steel Products A/S,,Danemark,Horsens,,Other,À vérifier,,D,New,Qualifier l'activité avant tout pitch ciblé.,No immediate action,To enrich,Eurosatory 2026 Catalog
STEELE CONNECT,https://www.ultratech.fr/,France,LE CHESNAY,,Other,À vérifier,,D,New,Qualifier l'activité avant tout pitch ciblé.,No immediate action,To enrich,Eurosatory 2026 Catalog
Steeltec AG - Swiss Steel Group,https://swisssteel-group.com/,Suisse,Emmenbrücke,,Soldier systems,Sous-traitant industriel,68.5,B,New,"Textiles, composites, optronique, énergie pour kits soldat.",Review website and validate opportunity,"Raw materials (steel, aluminium)",Eurosatory 2026 Catalog
steep GmbH,https://www.steep.de/,Allemagne,BONN,https://www.linkedin.com/company/steep-gmbh,Space / satellite,Distributeur,76.0,A,New,"Composites, capteurs, comms, lancement pour primes spatiaux.",Contact sales team and qualify need,Electronic components,Eurosatory 2026 Catalog
Steinbach AG,http://www.steinbach-ag.de/,Allemagne,DETMOLD,,Other,À vérifier,,D,New,Qualifier l'activité avant tout pitch ciblé.,No immediate action,To enrich,Eurosatory 2026 Catalog
STEINER,http://www.steiner-defense.com/,Allemagne,BAYREUTH,,Optics / optronics,Distributeur,70.9,B,New,Canal de distribution / représentation pour notre portefeuille.,Review website and validate opportunity,Electronic components,Eurosatory 2026 Catalog
Stellar Telecommunications Sarl,http://www.stellar.tc/,Luxembourg,Bertrange,https://www.linkedin.com/company/stellartc,Naval defense,Distributeur,76.0,A,New,"Radars, sonars, comms, armement, sustainment pour primes navals.",Contact sales team and qualify need,Cloud / data services,Eurosatory 2026 Catalog
STEM S.R.L.,https://www.stem.it/,Italie,MEDESANO,https://urlsand.esvalabs.com/?u=https%3A%2F%2Fwww.linkedin.com%2Fcompany%2Fstem-ems%2F&e=2f59d014&h=7e9b1c16&f=y&p=y,Intelligence / ISR,OEM,77.5,A,New,"Capteurs, payloads optroniques, communications pour plateformes ISR.",Contact sales team and qualify need,Mechanical parts,Eurosatory 2026 Catalog
STEP (Saskatchewan Trade & Export Partnership),https://sasktrade.com/,Canada,Regina,,C4ISR,Distributeur,79.4,A,New,"Composants, sous-systèmes, software, services pour primes C4ISR.",Contact sales team and qualify need,Mechanical parts,Eurosatory 2026 Catalog
STERELA,https://www.sterela-defense.fr/,France,PINS-JUSTARET,https://www.linkedin.com/company/sterela-defense/,Other,À vérifier,3.0,D,New,Qualifier l'activité avant tout pitch ciblé.,No immediate action,To enrich,Eurosatory 2026 Catalog
STEVTISS,https://www.stevtiss.fr/,France,CHIRASSIMONT,,Other,À vérifier,,D,New,Qualifier l'activité avant tout pitch ciblé.,No immediate action,To enrich,Eurosatory 2026 Catalog
Steyr Arms GmbH,https://www.steyr-mannlicher.com/,Autriche,St. Peter in der Au,,Other,À vérifier,,D,New,Qualifier l'activité avant tout pitch ciblé.,No immediate action,To enrich,Eurosatory 2026 Catalog
STI GENLIS,http://www.sti-genlis.com/,France,GENLIS,https://www.linkedin.com/company/sti-genlis/?viewAsMember=true,Engineering services,Sous-traitant industriel,52.9,C,New,"Outils CAD, simulation, certification pour bureau d'études.",Keep in watchlist,Mechanical parts,Eurosatory 2026 Catalog
STI Steyr,http://sti-steyr.com/,Autriche,WALDNEUKIRCHEN,,Other,À vérifier,,D,New,Qualifier l'activité avant tout pitch ciblé.,No immediate action,To enrich,Eurosatory 2026 Catalog
STIRWELD,http://stirweld.com/,France,RENNES,https://www.linkedin.com/company/stirweld/,Naval defense,OEM,74.0,B,New,"Radars, sonars, comms, armement, sustainment pour primes navals.",Review website and validate opportunity,Engines / propulsion,Eurosatory 2026 Catalog
STMB ROSSE,http://www.stmb-rosse.com/,France,LES AIX D'ANGILLON,https://www.linkedin.com/company/stmb-rosse/,Space / satellite,Sous-traitant industriel,61.9,B,New,"Composites, capteurs, comms, lancement pour primes spatiaux.",Review website and validate opportunity,"Raw materials (steel, aluminium)",Eurosatory 2026 Catalog
STOEGER,http://www.stoeger.com.tr/,Turquie,ISTANBUL,,Soldier systems,OEM,61.0,B,New,"Vend des sous-systèmes / composants à un OEM construisant Optronics / Optics, Soldier equipment.",Review website and validate opportunity,Electronic components,Eurosatory 2026 Catalog
STRATASYS,https://www.stratasys.com/,Allemagne,RHEINMUENSTER,https://www.linkedin.com/company/stratasys/posts/,UAV / drones,Distributeur,73.5,B,New,"Fournisseur de batteries, moteurs, optronique, RF, composites pour fabricants UAV.",Review website and validate opportunity,Cloud / data services,Eurosatory 2026 Catalog
STRATIFORME INDUSTRIES,http://www.stratiforme.fr/,France,BERSEE,,Other,À vérifier,,D,New,Qualifier l'activité avant tout pitch ciblé.,No immediate action,To enrich,Eurosatory 2026 Catalog
STREAMWIDE,http://www.streamwide.com/,France,PARIS,,Other,À vérifier,,D,New,Qualifier l'activité avant tout pitch ciblé.,No immediate action,To enrich,Eurosatory 2026 Catalog
STREIT GROUPE,http://www.groupe-streit.com/,France,PAYS DE CLERVAL,https://www.linkedin.com/company/streit-groupe,Industrial subcontracting,Sous-traitant industriel,67.5,B,New,"Matières premières, outils coupants, services qualité pour sous-traitants.",Review website and validate opportunity,Engines / propulsion,Eurosatory 2026 Catalog
STRYX AI,http://stryx.ai/,France,PARIS,https://www.linkedin.com/company/stryx-ai/,Counter-UAV,OEM,55.0,C,New,Vend une brique du chain detection-effector aux primes anti-drone.,Keep in watchlist,Energy / batteries,Eurosatory 2026 Catalog
STUDER INNOTEC,https://www.studer-innotec.com/,Suisse,SION,,Space / satellite,Distributeur,78.5,A,New,"Composites, capteurs, comms, lancement pour primes spatiaux.",Contact sales team and qualify need,Mechanical parts,Eurosatory 2026 Catalog
STV GROUP A.S.,http://www.stvgroup.cz/,République tchèque,PRAGUE  - NUSLE,,UAV / drones,OEM,59.5,C,New,Sub-system / payload pour OEM drones tactiques.,Keep in watchlist,Engines / propulsion,Eurosatory 2026 Catalog
SUADEO,http://suadeo.fr/,France,IVRY-SUR-SEINE,https://www.linkedin.com/company/suadeo-sas,Cybersecurity,Éditeur logiciel,70.0,B,New,"Threat intel, hardware appliances, cloud souverain, audits.",Review website and validate opportunity,Mechanical parts,Eurosatory 2026 Catalog
"SUBMERGE BALTIC, SIA",https://www.submergebaltic.com/,Lettonie,MĀRUPES NOVADS,,Other,À vérifier,15.6,D,New,Qualifier l'activité avant tout pitch ciblé.,No immediate action,Industrial subcontracting / machining,Eurosatory 2026 Catalog
SUCHIER SAS,http://www.suchier.com/,France,CHOMERAC,,Other,À vérifier,,D,New,Qualifier l'activité avant tout pitch ciblé.,No immediate action,To enrich,Eurosatory 2026 Catalog
SUMA Aéro-Mécanique,https://suma-aero.com/,France,Albert,,Other,À vérifier,,D,New,Qualifier l'activité avant tout pitch ciblé.,No immediate action,To enrich,Eurosatory 2026 Catalog
SUMITOMO DRIVE TECHNOLOGIES,https://www.sumitomodrive.com/,France,SERRIS,www.linkedin.com/sumitomo-drive-technologies-france,Other,À vérifier,14.6,D,New,Qualifier l'activité avant tout pitch ciblé.,No immediate action,Industrial subcontracting / machining,Eurosatory 2026 Catalog
Supacat,https://www.supacat.com/,Royaume-Uni,HONITON,,Other,À vérifier,,D,New,Qualifier l'activité avant tout pitch ciblé.,No immediate action,To enrich,Eurosatory 2026 Catalog
Suppliers From Bretagne,http://www.suppliers-from-bretagne.com/,France,CESSON-SEVIGNE,https://www.linkedin.com/company/bretagne-commerce-international,Industrial subcontracting,OEM,76.0,A,New,"Matières premières, outils coupants, services qualité pour sous-traitants.",Contact sales team and qualify need,Mechanical parts,Eurosatory 2026 Catalog
SUPRAMECA,,France,Signes,,Other,À vérifier,,D,New,Qualifier l'activité avant tout pitch ciblé.,No immediate action,To enrich,Eurosatory 2026 Catalog
Svekon,http://svekon.se/,Suède,Solna,https://www.linkedin.com/company/1827116,C4ISR,OEM,71.0,B,New,"Vend des sous-systèmes / composants à un OEM construisant Vehicles, Software / Platforms.",Review website and validate opportunity,Engines / propulsion,Eurosatory 2026 Catalog
"SVOS, spol. s r.o.",http://www.armsvos.cz/,République tchèque,PRELOUC,,Other,À vérifier,,D,New,Qualifier l'activité avant tout pitch ciblé.,No immediate action,To enrich,Eurosatory 2026 Catalog
SWARM Biotactics,https://www.swarm-biotactics.com/,Allemagne,KASSEL,https://www.linkedin.com/company/swarm-biotactics/posts/?feedView=all,UAV / drones,OEM,74.5,B,New,"Fournisseur de batteries, moteurs, optronique, RF, composites pour fabricants UAV.",Review website and validate opportunity,Energy / batteries,Eurosatory 2026 Catalog
Swarmer,http://www.getswarmer.com/,Estonie,TALLIN,https://www.linkedin.com/company/getswarmer/posts/?feedView=all,Intelligence / ISR,Éditeur logiciel,72.5,B,New,"Capteurs, payloads optroniques, communications pour plateformes ISR.",Review website and validate opportunity,Electronic components,Eurosatory 2026 Catalog
SWARMLY LTD,https://www.swarmly.aero/,Cyprus,LIMASSOL,,Other,À vérifier,,D,New,Qualifier l'activité avant tout pitch ciblé.,No immediate action,To enrich,Eurosatory 2026 Catalog
SWAROVSKI OPTIK KG,http://www.swarovskioptik.com/,Autriche,ABSAM,https://www.linkedin.com/company/swarovski-optik/,Radar / sensors,OEM,75.7,A,New,"Front-ends RF, processeurs, mécanique de précision pour fabricants radars.",Contact sales team and qualify need,Electronic components,Eurosatory 2026 Catalog
Swebor Stål,https://www.swebor.se/,Suède,LULEÅ,,Other,À vérifier,,D,New,Qualifier l'activité avant tout pitch ciblé.,No immediate action,To enrich,Eurosatory 2026 Catalog
Sweden Ballistics AB,,Suède,Järfälla,,Other,À vérifier,,D,New,Qualifier l'activité avant tout pitch ciblé.,No immediate action,To enrich,Eurosatory 2026 Catalog
SWISS CAMOUTECH AG/SSZ Camouflage Technology AG,http://www.swisscamoutech.ch/,Suisse,ZUG,,Other,À vérifier,,D,New,Qualifier l'activité avant tout pitch ciblé.,No immediate action,To enrich,Eurosatory 2026 Catalog
SWISS P DEFENCE,http://www.swisspdefence.com/,Suisse,THUN,,Land defense,OEM,77.5,A,New,"Vend des sous-systèmes / composants à un OEM construisant Ammunition, Software / Platforms.",Contact sales team and qualify need,Energetic materials,Eurosatory 2026 Catalog
SWISSto12,https://www.swissto12.com/,Suisse,RENENS,https://www.linkedin.com/company/swissto12-sa,Space / satellite,OEM,73.0,B,New,"Vend des sous-systèmes / composants à un OEM construisant Tactical radios, Logistics equipment.",Review website and validate opportunity,Electronic components,Eurosatory 2026 Catalog
Sydor Technologies,http://sydortechnologies.com/,États-Unis,FAIRPORT,https://www.linkedin.com/company/sydor-technologies/?viewAsMember=true,Soldier systems,OEM,68.0,B,New,"Textiles, composites, optronique, énergie pour kits soldat.",Review website and validate opportunity,Mechanical parts,Eurosatory 2026 Catalog
SYMÉTRIE,http://symetrie.fr/en/,France,BOUILLARGUES,https://www.linkedin.com/company/symetrie,Space / satellite,OEM,78.0,A,New,"Composites, capteurs, comms, lancement pour primes spatiaux.",Contact sales team and qualify need,Engines / propulsion,Eurosatory 2026 Catalog
Symlab AG,http://symlab.ch/,Suisse,Freienbach,,UAV / drones,OEM,70.5,B,New,"Fournisseur de batteries, moteurs, optronique, RF, composites pour fabricants UAV.",Review website and validate opportunity,Cloud / data services,Eurosatory 2026 Catalog
SYSNAV,http://www.sysnav.fr/?lang=en,France,VERNON,https://www.linkedin.com/company/sysnav/,Space / satellite,OEM,64.0,B,New,"Composites, capteurs, comms, lancement pour primes spatiaux.",Review website and validate opportunity,Engines / propulsion,Eurosatory 2026 Catalog
SYSTECON GROUP AB,http://www.systecongroup.com/gl,Suède,STOCKHOLM,https://www.linkedin.com/company/systecon-ab,Naval defense,OEM,78.0,A,New,"Radars, sonars, comms, armement, sustainment pour primes navals.",Contact sales team and qualify need,Engines / propulsion,Eurosatory 2026 Catalog
SYSTEL Inc,http://www.systelusa.com/,États-Unis,SUGAR LAND,,Other,À vérifier,,D,New,Qualifier l'activité avant tout pitch ciblé.,No immediate action,To enrich,Eurosatory 2026 Catalog
Systematic A/S,https://systematic.com/int/,Danemark,AARHUS,https://www.linkedin.com/showcase/systematic-defence/,Land defense,Éditeur logiciel,74.0,B,New,"Sous-systèmes, composites, certification pour primes terrestres.",Review website and validate opportunity,Cloud / data services,Eurosatory 2026 Catalog
SZCZĘŚNIAK Pojazdy Specjalne Sp. z o.o.,http://www.psszczesniak.pl/,Pologne,BIELSKO-BIALA,https://www.linkedin.com/company/szczesniak-special-vehicles-ltd-,Land defense,Sous-traitant industriel,57.4,C,New,"Sous-systèmes, composites, certification pour primes terrestres.",Keep in watchlist,Engines / propulsion,Eurosatory 2026 Catalog
Tacteris,https://www.tacteris.com/,Canada,CALGARY,,C4ISR,OEM,74.5,B,New,"Composants, sous-systèmes, software, services pour primes C4ISR.",Review website and validate opportunity,Cloud / data services,Eurosatory 2026 Catalog
Tactical Avionix SIA,https://www.tacticalavionix.com/,Lettonie,Sigulda,,Other,À vérifier,,D,New,Qualifier l'activité avant tout pitch ciblé.,No immediate action,To enrich,Eurosatory 2026 Catalog
Tadaweb,https://www.tadaweb.com/,Luxembourg,Belvaux,,Other,À vérifier,15.6,D,New,Qualifier l'activité avant tout pitch ciblé.,No immediate action,Industrial subcontracting / machining,Eurosatory 2026 Catalog
TAF Industries,http://taf-ua.com/en/,Ukraine,ODESSA,https://www.linkedin.com/company/tafindustriesua/,Intelligence / ISR,OEM,78.0,A,New,"Capteurs, payloads optroniques, communications pour plateformes ISR.",Contact sales team and qualify need,Engines / propulsion,Eurosatory 2026 Catalog
TAIHAN TEXTILE,http://www.thtc.co.kr/,Corée du Sud,SEOUL,,Soldier systems,OEM,67.8,B,New,"Vend des sous-systèmes / composants à un OEM construisant Communications networks, Soldier equipment.",Review website and validate opportunity,RF / microwave components,Eurosatory 2026 Catalog
Take Off Diffusion Ltd,https://northeagles.ch/,Suisse,La Neuveville,,Radar / sensors,Distributeur,63.1,B,New,"Front-ends RF, processeurs, mécanique de précision pour fabricants radars.",Review website and validate opportunity,Electronic components,Eurosatory 2026 Catalog
TAMILAN,https://www.tamilanthedrone.com/,Inde,CHENNAI,https://www.linkedin.com/in/krishnamurthy-murthy-49623767?lipi=urn%3Ali%3Apage%3Ad_flagship3_profile_view_base_contact_details%3BZ5tIfhs6Tbex35m6LZZ4iA%3D%3D,UAV / drones,OEM,67.5,B,New,Sub-system / payload pour OEM drones tactiques.,Review website and validate opportunity,Energy / batteries,Eurosatory 2026 Catalog
Tampereen kaupunkiseudun elinkeino- ja kehitysyhtiö Business Tampere Oy,,Finlande,Tampere,,Other,À vérifier,,D,New,Qualifier l'activité avant tout pitch ciblé.,No immediate action,To enrich,Eurosatory 2026 Catalog
TARGI KIELCE SA,http://www.mspo.pl/,Pologne,KIELCE,,Other,À vérifier,,D,New,Qualifier l'activité avant tout pitch ciblé.,No immediate action,To enrich,Eurosatory 2026 Catalog
Tastitalia Srl,http://www.tastitalia.com/,Italie,CASTELFIDARDO,https://www.linkedin.com/company/tastitalia,Radar / sensors,OEM,69.0,B,New,"Front-ends RF, processeurs, mécanique de précision pour fabricants radars.",Review website and validate opportunity,Mechanical parts,Eurosatory 2026 Catalog
TATRA,https://www.tatratrucks.com/,République tchèque,KOPŘIVNICE,,Other,À vérifier,,D,New,Qualifier l'activité avant tout pitch ciblé.,No immediate action,To enrich,Eurosatory 2026 Catalog
TATRA DEFENCE VEHICLE a.s.,https://tatradv.cz/,République tchèque,Praha 8,,C4ISR,OEM,75.0,A,New,"Composants, sous-systèmes, software, services pour primes C4ISR.",Contact sales team and qualify need,Engines / propulsion,Eurosatory 2026 Catalog
Tattu,https://www.gensace.de/,Allemagne,KORSCHENBROICH,,UAV / drones,Distributeur,72.0,B,New,Sub-system / payload pour OEM drones tactiques.,Review website and validate opportunity,Engines / propulsion,Eurosatory 2026 Catalog
TAURUS,https://taurusarmas.com.br/,Brésil,SÃO LEOPOLDO,,Other,À vérifier,,D,New,Qualifier l'activité avant tout pitch ciblé.,No immediate action,To enrich,Eurosatory 2026 Catalog
TAWAZUN COUNCIL,https://www.tawazun.gov.ae/en/contact-us/,Émirats arabes unis,ABU DHABI,,Other,À vérifier,,D,New,Qualifier l'activité avant tout pitch ciblé.,No immediate action,To enrich,Eurosatory 2026 Catalog
TB OUTDOOR,http://tb-outdoor.com/,France,LA MONNERIE LE MONTEL,https://fr.linkedin.com/company/tarrerias-bonjean,Engineering services,OEM,65.5,B,New,"Outils CAD, simulation, certification pour bureau d'études.",Review website and validate opportunity,Mechanical parts,Eurosatory 2026 Catalog
TBO LOGISTICS S.L.,https://www.tbologistics.com/,Espagne,Zaragoza,,Other,À vérifier,16.6,D,New,Qualifier l'activité avant tout pitch ciblé.,No immediate action,Industrial subcontracting / machining,Eurosatory 2026 Catalog
TBT Tiefbohrtechnik,http://www.tbt.de/,Allemagne,DETTINGEN ERMS,https://www.linkedin.com/company/tbt-tiefbohrtechnik/posts/?feedView=all,Logistics / MRO,OEM,54.5,C,New,"Pièces de rechange, calibration, certification pour acteurs MRO.",Keep in watchlist,Mechanical parts,Eurosatory 2026 Catalog
TDM SAS,https://www.tdm-ing.com/,France,MERIGNAC,,Other,À vérifier,,D,New,Qualifier l'activité avant tout pitch ciblé.,No immediate action,To enrich,Eurosatory 2026 Catalog
TDW GmbH,http://www.tdw-warhead-systems.com/,Allemagne,SCHROBENHAUSEN,https://www.linkedin.com/company/tdw-gmbh/?viewAsMember=true,Ammunition,OEM,65.9,B,New,"Vend des sous-systèmes / composants à un OEM construisant Ammunition, Logistics equipment.",Review website and validate opportunity,Energetic materials,Eurosatory 2026 Catalog
TE Connectivity,http://www.te.com/defense,France,PONTOISE,https://www.linkedin.com/company/te-connectivity,Intelligence / ISR,OEM,80.0,A,New,"Capteurs, payloads optroniques, communications pour plateformes ISR.",Contact sales team and qualify need,Engines / propulsion,Eurosatory 2026 Catalog
TEAL DRONES,,États-Unis,SOUTH SALT LAKE,,Other,À vérifier,,D,New,Qualifier l'activité avant tout pitch ciblé.,No immediate action,To enrich,Eurosatory 2026 Catalog
TEAM 31,https://www.team31-agon.com/,France,Toulouse,,Other,À vérifier,,D,New,Qualifier l'activité avant tout pitch ciblé.,No immediate action,To enrich,Eurosatory 2026 Catalog
Team Group Inc.,http://industrial.teamgroupinc.com/en/,Taïwan,New Taipei City,https://www.linkedin.com/showcase/teamgroup-industrial/,Radar / sensors,OEM,65.0,B,New,"Front-ends RF, processeurs, mécanique de précision pour fabricants radars.",Review website and validate opportunity,Engines / propulsion,Eurosatory 2026 Catalog
TEAM WENDY,https://www.teamwendy.com/,États-Unis,"CLEVELAND, OHIO",,Other,À vérifier,,D,New,Qualifier l'activité avant tout pitch ciblé.,No immediate action,To enrich,Eurosatory 2026 Catalog
TECHCI RHÔNE-ALPES,http://www.techci.fr/,France,SAINT GENIX SUR GUIERS,https://www.linkedin.com/company/techci-rh%C3%B4ne-alpes/,Intelligence / ISR,OEM,69.1,B,New,"Capteurs, payloads optroniques, communications pour plateformes ISR.",Review website and validate opportunity,Industrial subcontracting / machining,Eurosatory 2026 Catalog
TECHMETA WELDING,https://techmeta-engineering.com/,France,Epagny Metz-Tessy,,Other,À vérifier,,D,New,Qualifier l'activité avant tout pitch ciblé.,No immediate action,To enrich,Eurosatory 2026 Catalog
TECHNAMM,http://www.technamm.fr/,France,LAMBESC,https://www.linkedin.com/company/technamm/?viewAsMember=true,Intelligence / ISR,OEM,69.6,B,New,"Capteurs, payloads optroniques, communications pour plateformes ISR.",Review website and validate opportunity,Electronic components,Eurosatory 2026 Catalog
TECHNIC EXPORT,http://www.technicexport.com/,France,PARIS,https://www.linkedin.com/company/technic-export75009/posts/?feedView=all&viewAsMember=true,Logistics / MRO,À vérifier,48.6,C,New,"Pièces de rechange, calibration, certification pour acteurs MRO.",Keep in watchlist,Industrial subcontracting / machining,Eurosatory 2026 Catalog
TECHTERA,https://www.techtera.org/,France,ECULLY,,Other,À vérifier,,D,New,Qualifier l'activité avant tout pitch ciblé.,No immediate action,To enrich,Eurosatory 2026 Catalog
TECHWAY,https://www.techway.com/,France,VILLEBON-SUR-YVETTE,,Other,À vérifier,,D,New,Qualifier l'activité avant tout pitch ciblé.,No immediate action,To enrich,Eurosatory 2026 Catalog
TECNOBIT - GRUPO OESÍA,http://www.tecnobit.es/,Espagne,RIVAS VACIAMADRID,,Other,À vérifier,16.6,D,New,Qualifier l'activité avant tout pitch ciblé.,No immediate action,Industrial subcontracting / machining,Eurosatory 2026 Catalog
TECSUP,http://www.tecsup.fr/,France,ALLONZIER-LA-CAILLE,,UAV / drones,OEM,56.1,C,New,"Fournisseur de batteries, moteurs, optronique, RF, composites pour fabricants UAV.",Keep in watchlist,Energy / batteries,Eurosatory 2026 Catalog
Tectonic-3d,http://www.tectonic-3d.com/,Pays-Bas,EINDHOVEN,,Land defense,OEM,70.5,B,New,"Sous-systèmes, composites, certification pour primes terrestres.",Review website and validate opportunity,Engines / propulsion,Eurosatory 2026 Catalog
TEDAE,http://www.tedae.org/,Espagne,MADRID,https://www.linkedin.com/company/tedae/,UAV / drones,Distributeur,69.5,B,New,"Fournisseur de batteries, moteurs, optronique, RF, composites pour fabricants UAV.",Review website and validate opportunity,Energy / batteries,Eurosatory 2026 Catalog
TEGMA,https://www.tegma.fr/,France,LIMOGES,,Other,À vérifier,,D,New,Qualifier l'activité avant tout pitch ciblé.,No immediate action,To enrich,Eurosatory 2026 Catalog
TEHNICKI REMONT BRATUNAC,https://www.trb.ba/,Bosnia and Herzegovina,BRATUNAC,,Other,À vérifier,,D,New,Qualifier l'activité avant tout pitch ciblé.,No immediate action,To enrich,Eurosatory 2026 Catalog
Teijin Aramid,http://www.teijinaramid.com/,Allemagne,WUPPERTAL,,Other,À vérifier,,D,New,Qualifier l'activité avant tout pitch ciblé.,No immediate action,To enrich,Eurosatory 2026 Catalog
TEK CAN,https://www.aksarunflat.com.tr/,Turquie,ANKARA,,Other,À vérifier,,D,New,Qualifier l'activité avant tout pitch ciblé.,No immediate action,To enrich,Eurosatory 2026 Catalog
TEK MILITARY SEATING LTD,,Royaume-Uni,KENT,,Other,À vérifier,,D,New,Qualifier l'activité avant tout pitch ciblé.,No immediate action,To enrich,Eurosatory 2026 Catalog
TEKEVER,https://www.tekever.com/,France,TOULOUSE,,Other,À vérifier,,D,New,Qualifier l'activité avant tout pitch ciblé.,No immediate action,To enrich,Eurosatory 2026 Catalog
Teknologisk Institut,,Danemark,Taastrup,,Other,À vérifier,,D,New,Qualifier l'activité avant tout pitch ciblé.,No immediate action,To enrich,Eurosatory 2026 Catalog
TELEDYNE E2V SEMICONDUCTORS,https://semiconductors.teledyne-e2v.com/,France,SAINTE EGREVE,https://www.linkedin.com/company/e2vteledyne,Other,OEM,30.2,D,New,Activité à qualifier — discovery call avant pitch précis.,No immediate action,Industrial subcontracting / machining,Eurosatory 2026 Catalog
Teledyne FLIR Defense,http://defense.flir.com/,États-Unis,"WILSONVILLE, OR",https://www.linkedin.com/company/teledyne-flir,Radar / sensors,OEM,44.4,C,New,"Front-ends RF, processeurs, mécanique de précision pour fabricants radars.",Keep in watchlist,Electronic components,Eurosatory 2026 Catalog
TELEDYNE FLIR OEM,http://www.oem.flir.com/,États-Unis,Goleta,,Other,OEM,21.6,D,New,Vend des sous-systèmes / composants à un OEM construisant leur build line.,No immediate action,Industrial subcontracting / machining,Eurosatory 2026 Catalog
Teledyne Qioptiq,http://www.teledyne-ade.com/companies/qioptiq,Royaume-Uni,St. Asaph,https://www.linkedin.com/company/qioptiq_3/,Electronic warfare,OEM,68.0,B,New,"Amplis RF, processeurs signal, embarqué, antennes pour EW.",Review website and validate opportunity,Electronic components,Eurosatory 2026 Catalog
Telegrafia a.s.,,Slovaquie,Kosice,,Other,À vérifier,,D,New,Qualifier l'activité avant tout pitch ciblé.,No immediate action,To enrich,Eurosatory 2026 Catalog
Teleplan Globe,https://www.teleplanglobe.no/,Norvège,LYSAKER,,Other,À vérifier,,D,New,Qualifier l'activité avant tout pitch ciblé.,No immediate action,To enrich,Eurosatory 2026 Catalog
TELESPAZIO FRANCE,https://www.telespazio.fr/fr/home,France,TOULOUSE,,Other,À vérifier,,D,New,Qualifier l'activité avant tout pitch ciblé.,No immediate action,To enrich,Eurosatory 2026 Catalog
TELTRONIC,http://www.teltronic.es/,Espagne,ZARAGOZA,https://www.linkedin.com/company/teltronic/?originalSubdomain=es,Other,À vérifier,17.6,D,New,Qualifier l'activité avant tout pitch ciblé.,No immediate action,Industrial subcontracting / machining,Eurosatory 2026 Catalog
TEPAS AS,http://www.tepas.com/,Turquie,IZMIR,,Other,À vérifier,,D,New,Qualifier l'activité avant tout pitch ciblé.,No immediate action,To enrich,Eurosatory 2026 Catalog
Terra Drone Corporation,http://terra-drone.net/global/,Japon,TOKYO,,UAV / drones,Distributeur,78.0,A,New,"Fournisseur de batteries, moteurs, optronique, RF, composites pour fabricants UAV.",Contact sales team and qualify need,Energy / batteries,Eurosatory 2026 Catalog
TETHYS,http://www.tethys-sas.fr/,France,SIGNES,https://www.linkedin.com/company/tethys-sas/about/,Space / satellite,Bureau d'ingénierie,53.6,C,New,"Composites, capteurs, comms, lancement pour primes spatiaux.",Keep in watchlist,Cloud / data services,Eurosatory 2026 Catalog
TETMET,https://www.tetmet.net/,France,PUTEAUX,,AI / data,OEM,70.0,B,New,"GPUs, cloud, data annotation, hardening cyber pour plateforme IA.",Review website and validate opportunity,Cloud / data services,Eurosatory 2026 Catalog
TEXELIS DEFENSE,http://www.texelis.com/,France,LIMOGES CEDEX 1,,Other,À vérifier,,D,New,Qualifier l'activité avant tout pitch ciblé.,No immediate action,To enrich,Eurosatory 2026 Catalog
TEXINOV,https://www.texinov.com/,France,Saint-Didier-De-La-Tour,,Other,À vérifier,,D,New,Qualifier l'activité avant tout pitch ciblé.,No immediate action,To enrich,Eurosatory 2026 Catalog
TEXPART TECHNOLOGIES,http://www.texpart-technologies.com/,France,LISSES,https://www.linkedin.com/company/texpart-technologies/,Other,OEM,39.2,D,New,Activité à qualifier — discovery call avant pitch précis.,No immediate action,Electronic components,Eurosatory 2026 Catalog
TEXTRON SYSTEMS,https://www.textronsystems.com/,États-Unis,Hunt Valley,,Other,À vérifier,,D,New,Qualifier l'activité avant tout pitch ciblé.,No immediate action,To enrich,Eurosatory 2026 Catalog
THALES,http://www.thalesgroup.com/,France,VÉLIZY-VILLACOUBLAY,,Other,À vérifier,14.6,D,New,Qualifier l'activité avant tout pitch ciblé.,No immediate action,Industrial subcontracting / machining,Eurosatory 2026 Catalog
THALES BELGIUM,http://www.thalesgroup.com/,Belgique,TUBIZE,,Other,À vérifier,,D,New,Qualifier l'activité avant tout pitch ciblé.,No immediate action,To enrich,Eurosatory 2026 Catalog
THALES NORWAY AS,http://thalesgroup.com/,Norvège,OSLO,,Other,À vérifier,,D,New,Qualifier l'activité avant tout pitch ciblé.,No immediate action,To enrich,Eurosatory 2026 Catalog
Thales SIX GTS France,https://www.thalesgroup.com/,France,Vélizy-Villacoublay,,Other,À vérifier,,D,New,Qualifier l'activité avant tout pitch ciblé.,No immediate action,To enrich,Eurosatory 2026 Catalog
"The Kinetic Group, Inc.",http://www.thekineticgroup.com/,États-Unis,Anoka,,Weapons,OEM,70.9,B,New,"Vend des sous-systèmes / composants à un OEM construisant Ammunition, Logistics equipment.",Review website and validate opportunity,Energetic materials,Eurosatory 2026 Catalog
THE PLACE BY CCI 18,https://www.linkedin.com/company/the-place-by-cci-18/,France,BOURGES,,Other,À vérifier,,D,New,Qualifier l'activité avant tout pitch ciblé.,No immediate action,To enrich,Eurosatory 2026 Catalog
THE ROTATION LINK,https://www.everaxis.com/,France,LE PLESSIS ROBINSON,,Other,À vérifier,,D,New,Qualifier l'activité avant tout pitch ciblé.,No immediate action,To enrich,Eurosatory 2026 Catalog
THEON SENSORS S.A.,http://www.theon.com/,Grèce,"KOROPI, ATHENS",https://gr.linkedin.com/company/theon-international,Land defense,OEM,80.0,A,New,"Sous-systèmes, composites, certification pour primes terrestres.",Contact sales team and qualify need,Engines / propulsion,Eurosatory 2026 Catalog
Thermobile Industries,http://www.thermobile.com/,Pays-Bas,BREDA,,Other,À vérifier,,D,New,Qualifier l'activité avant tout pitch ciblé.,No immediate action,To enrich,Eurosatory 2026 Catalog
THERMOTEKNIX,http://www.thermoteknix.com/,Royaume-Uni,CAMBRIDGE,https://www.linkedin.com/company/thermoteknix-systems-ltd,Soldier systems,OEM,77.0,A,New,"Textiles, composites, optronique, énergie pour kits soldat.",Contact sales team and qualify need,Electronic components,Eurosatory 2026 Catalog
THREOD SYSTEMS,http://www.threod.com/,Estonie,VIIMSI,,Other,À vérifier,,D,New,Qualifier l'activité avant tout pitch ciblé.,No immediate action,To enrich,Eurosatory 2026 Catalog
thyssenkrupp Supply Chain Solutions,http://www.thyssenkrupp-supply-chain-solutions.com/en/home,France,MAUREPAS CEDEX,https://www.linkedin.com/company/thyssenkrupp-aerospace,Logistics / MRO,OEM,64.1,B,New,"Vend des sous-systèmes / composants à un OEM construisant Vehicles, Communications networks.",Review website and validate opportunity,Engines / propulsion,Eurosatory 2026 Catalog
TI.SYSTEMS,http://www.ti.systems/,Allemagne,NEUSS,,Other,À vérifier,,D,New,Qualifier l'activité avant tout pitch ciblé.,No immediate action,To enrich,Eurosatory 2026 Catalog
TIAG Industries,http://www.tiag-containers.com/,France,VERSAILLES,https://www.linkedin.com/company/tiag-industries/,Land defense,OEM,63.0,B,New,"Vend des sous-systèmes / composants à un OEM construisant Vehicles, Weapons.",Review website and validate opportunity,Engines / propulsion,Eurosatory 2026 Catalog
Tiami Networks,https://www.tiaminetworks.com/,États-Unis,SACRAMENTO,https://www.linkedin.com/company/tiami-networks/,Intelligence / ISR,OEM,72.5,B,New,"Capteurs, payloads optroniques, communications pour plateformes ISR.",Review website and validate opportunity,Energy / batteries,Eurosatory 2026 Catalog
Tibidabo Defence & Security,http://www.tibidaboscientific.com/,Royaume-Uni,MADISON,https://www.linkedin.com/company/tibidabo-scientific-industries/?viewAsMember=true,Intelligence / ISR,OEM,78.5,A,New,"Capteurs, payloads optroniques, communications pour plateformes ISR.",Contact sales team and qualify need,Mechanical parts,Eurosatory 2026 Catalog
TICRA FOND,,Danemark,København K,,Other,À vérifier,,D,New,Qualifier l'activité avant tout pitch ciblé.,No immediate action,To enrich,Eurosatory 2026 Catalog
TIMONEY,http://www.timoneygroup.com/,Irlande,NAVAN,,Simulation / training,OEM,66.5,B,New,"Vend des sous-systèmes / composants à un OEM construisant Vehicles, Logistics equipment.",Review website and validate opportunity,Engines / propulsion,Eurosatory 2026 Catalog
TITAN DEFENSE,http://www.titan-defense.com/,France,ARNAS,,Armored vehicles,OEM,62.1,B,New,"Vend des sous-systèmes / composants à un OEM construisant Logistics equipment, Vehicles.",Review website and validate opportunity,Mechanical parts,Eurosatory 2026 Catalog
TITAN DEFENSE,,France,,,Other,À vérifier,,D,New,Qualifier l'activité avant tout pitch ciblé.,No immediate action,To enrich,Eurosatory 2026 Catalog
Titomic,https://www.titomic.com/,Pays-Bas,HEERENVEEN,,Other,À vérifier,,D,New,Qualifier l'activité avant tout pitch ciblé.,No immediate action,To enrich,Eurosatory 2026 Catalog
TIVOLY,http://tivoly.com/,France,BOURGES,https://www.linkedin.com/company/tivolygroup/,Other,OEM,31.2,D,New,Activité à qualifier — discovery call avant pitch précis.,No immediate action,"Raw materials (steel, aluminium)",Eurosatory 2026 Catalog
TK Engineering Oy,https://tke.fi/,Finlande,Vaasa,,Cybersecurity,Sous-traitant industriel,62.0,B,New,"Threat intel, hardware appliances, cloud souverain, audits.",Review website and validate opportunity,Engines / propulsion,Eurosatory 2026 Catalog
"TNO DEFENCE, SAFETY & SECURITY",http://www.tno.nl/en/safe/,Pays-Bas,DEN HAAG,,Electronic warfare,Sous-traitant industriel,69.5,B,New,"Amplis RF, processeurs signal, embarqué, antennes pour EW.",Review website and validate opportunity,Engines / propulsion,Eurosatory 2026 Catalog
TOAD – Innovation Digger,https://www.toad.fr/,France,PLUGUFFAN,https://www.linkedin.com/company/toadinnovationdigger/,Soldier systems,OEM,59.7,C,New,"Vend des sous-systèmes / composants à un OEM construisant Soldier equipment, Energy / batteries.",Keep in watchlist,Composite materials,Eurosatory 2026 Catalog
TÔLERIE JANNIN-CARNET (TJC),https://www.tjc.fr/,France,FRAGNES-LA-LOYERE,,Other,À vérifier,,D,New,Qualifier l'activité avant tout pitch ciblé.,No immediate action,To enrich,Eurosatory 2026 Catalog
TOMER,https://www.tomer-rs.co.il/,Israël,TEL AVIV,,Other,À vérifier,,D,New,Qualifier l'activité avant tout pitch ciblé.,No immediate action,To enrich,Eurosatory 2026 Catalog
Tomorrow.io,https://www.tomorrow.io/,États-Unis,"BOSTON, MA",https://www.linkedin.com/company/tomorrow-io/posts/?feedView=all,Naval defense,Distributeur,66.0,B,New,"Radars, sonars, comms, armement, sustainment pour primes navals.",Review website and validate opportunity,Engines / propulsion,Eurosatory 2026 Catalog
TONBO IMAGING INDIA LIMITED,http://www.tonboimaging.com/,Inde,BENGALURU,https://in.linkedin.com/company/tonbo-imaging,Intelligence / ISR,OEM,75.0,A,New,"Capteurs, payloads optroniques, communications pour plateformes ISR.",Contact sales team and qualify need,Electronic components,Eurosatory 2026 Catalog
Touchwaves,https://www.touchwaves.io/,Pays-Bas,EINDHOVEN,https://www.linkedin.com/company/touchwaves/,Intelligence / ISR,OEM,81.0,A,New,"Capteurs, payloads optroniques, communications pour plateformes ISR.",Contact sales team and qualify need,Electronic components,Eurosatory 2026 Catalog
Tour Equipement,https://www.tourequipement.fr/,France,Ferrières,,Other,À vérifier,,D,New,Qualifier l'activité avant tout pitch ciblé.,No immediate action,To enrich,Eurosatory 2026 Catalog
TOUTABRI,https://richel-group.fr/,France,EYGALIERES,https://www.linkedin.com/company/richel-group/,Soldier systems,Bureau d'ingénierie,46.6,C,New,"Textiles, composites, optronique, énergie pour kits soldat.",Keep in watchlist,Industrial subcontracting / machining,Eurosatory 2026 Catalog
Toutenkamion Group,http://www.toutenkamion-group.com/,France,LADON,,Other,À vérifier,,D,New,Qualifier l'activité avant tout pitch ciblé.,No immediate action,To enrich,Eurosatory 2026 Catalog
TPL Systèmes,https://www.tplsystemes.com/,France,SARLAT LA CANÉDA,https://www.linkedin.com/company/806769/,Space / satellite,OEM,80.0,A,New,"Composites, capteurs, comms, lancement pour primes spatiaux.",Contact sales team and qualify need,Engines / propulsion,Eurosatory 2026 Catalog
TPU,https://www.tpu.ua/,Ukraine,KYIV,,Other,À vérifier,,D,New,Qualifier l'activité avant tout pitch ciblé.,No immediate action,To enrich,Eurosatory 2026 Catalog
TR Equipement,http://www.tr-equipement.com/,France,ECOUFLANT,https://fr.linkedin.com/company/tr-equipement,Optics / optronics,Distributeur,77.5,A,New,"Verre spécial, détecteurs, mécanique de précision pour optronique.",Contact sales team and qualify need,Electronic components,Eurosatory 2026 Catalog
TRAAK,https://www.traak.tech/,France,MAISONS LAFFITTE,,Other,À vérifier,,D,New,Qualifier l'activité avant tout pitch ciblé.,No immediate action,To enrich,Eurosatory 2026 Catalog
TRAAM S.R.O.,http://www.traam.cz/,République tchèque,PRELOUC,,Armored vehicles,OEM,58.5,C,New,"Vend des sous-systèmes / composants à un OEM construisant Vehicles, Soldier equipment.",Keep in watchlist,Engines / propulsion,Eurosatory 2026 Catalog
TRA-C industrie,http://www.tra-c.com/,France,VINDRY-SUR-TURDINE,https://www.linkedin.com/company/tra-c-industrie/,Industrial subcontracting,Sous-traitant industriel,66.6,B,New,"Matières premières, outils coupants, services qualité pour sous-traitants.",Review website and validate opportunity,Electronic components,Eurosatory 2026 Catalog
Trade Estonia/Defence Estonia,https://tradewithestonia.com/,Estonie,TALLINN,,Other,À vérifier,,D,New,Qualifier l'activité avant tout pitch ciblé.,No immediate action,To enrich,Eurosatory 2026 Catalog
TRANSATEL,http://www.transatel.com/,France,COURBEVOIE,https://www.linkedin.com/company/transatel/,Other,À vérifier,17.6,D,New,Qualifier l'activité avant tout pitch ciblé.,No immediate action,Industrial subcontracting / machining,Eurosatory 2026 Catalog
TRANSMOBIL,http://transmobile.eu/,Bulgarie,SOFIA,,Armored vehicles,OEM,65.5,B,New,"Vend des sous-systèmes / composants à un OEM construisant Vehicles, Weapons.",Review website and validate opportunity,Engines / propulsion,Eurosatory 2026 Catalog
TRAX TRAILERS,https://www.trax-trailers.com/,Luxembourg,FOETZ,,Other,À vérifier,,D,New,Qualifier l'activité avant tout pitch ciblé.,No immediate action,To enrich,Eurosatory 2026 Catalog
TRELLEBORG CLERMONT-FERRAND SAS,https://www.trelleborg.com/,France,CLERMONT FERRAND CEDEX 2,,Other,À vérifier,,D,New,Qualifier l'activité avant tout pitch ciblé.,No immediate action,To enrich,Eurosatory 2026 Catalog
TRELLISWARE TECHNOLOGIES,,États-Unis,SAN DIEGO,,Other,À vérifier,,D,New,Qualifier l'activité avant tout pitch ciblé.,No immediate action,To enrich,Eurosatory 2026 Catalog
TRIARII INTERNATIONAL CONSULTING GROUP LLC,http://www.triarii-international.com/,États-Unis,STAFFORD,https://www.linkedin.com/company/triarii-international-consulting-group-llc/posts/?feedView=all,Intelligence / ISR,Distributeur,76.0,A,New,"Capteurs, payloads optroniques, communications pour plateformes ISR.",Contact sales team and qualify need,Engines / propulsion,Eurosatory 2026 Catalog
"TRIJICON, INC.",https://www.trijicon.com/,États-Unis,STAFFORD,,Other,À vérifier,,D,New,Qualifier l'activité avant tout pitch ciblé.,No immediate action,To enrich,Eurosatory 2026 Catalog
Tril strong d.o.o.,https://tril-strong.hr/,Croatie,Ilok,,Other,Sous-traitant industriel,21.6,D,New,Activité à qualifier — discovery call avant pitch précis.,No immediate action,Industrial subcontracting / machining,Eurosatory 2026 Catalog
Trimark Europe Limited,http://www.trimarkcorp.com/,Royaume-Uni,LEICESTERSHIRE,https://www.linkedin.com/company/2130328/admin/dashboard/,Armored vehicles,Sous-traitant industriel,61.8,B,New,"Moteurs, composites, plaques balistiques, optronique, comms pour OEM blindés.",Review website and validate opportunity,Engines / propulsion,Eurosatory 2026 Catalog
Triplecut A/S,,Danemark,Vejle,,Other,À vérifier,,D,New,Qualifier l'activité avant tout pitch ciblé.,No immediate action,To enrich,Eurosatory 2026 Catalog
TRON FUTURE TECH INC,http://www.tronfuture.com/,Taïwan,HSINCHU,https://www.linkedin.com/company/tronfuturetech/,Electronic warfare,OEM,79.0,A,New,"Amplis RF, processeurs signal, embarqué, antennes pour EW.",Contact sales team and qualify need,Energy / batteries,Eurosatory 2026 Catalog
TRONICO,https://www.tronico-alcen.com/,France,SAINT PHILIBERT DE BOUAINE,https://www.linkedin.com/company/71464,Other,À vérifier,3.0,D,New,Qualifier l'activité avant tout pitch ciblé.,No immediate action,To enrich,Eurosatory 2026 Catalog
TRYAME,http://www.tryame.com/,France,PARIS,,Other,À vérifier,,D,New,Qualifier l'activité avant tout pitch ciblé.,No immediate action,To enrich,Eurosatory 2026 Catalog
TSD TECHNOLOGY AND SECURITY DEVELOPMENTS,https://www.tsdinternational.com/,Espagne,Herencia (Ciudad Real),,Other,À vérifier,,D,New,Qualifier l'activité avant tout pitch ciblé.,No immediate action,To enrich,Eurosatory 2026 Catalog
TSS INTERNATIONAL BV,https://www.tssh.com/,Pays-Bas,BARENDRECHT,,Other,À vérifier,,D,New,Qualifier l'activité avant tout pitch ciblé.,No immediate action,To enrich,Eurosatory 2026 Catalog
TUALCOM,http://www.tualcom.com/,Turquie,"CANKAYA, ANKARA",https://www.linkedin.com/company/tualcom/,Electronic warfare,OEM,62.2,B,New,"Amplis RF, processeurs signal, embarqué, antennes pour EW.",Review website and validate opportunity,Electronic components,Eurosatory 2026 Catalog
TULEAP,http://www.tuleap.com/,France,SAINT ALBAN LEYSSE,https://www.linkedin.com/company/tuleap/,Cybersecurity,Éditeur logiciel,52.5,C,New,"Threat intel, hardware appliances, cloud souverain, audits.",Keep in watchlist,Electronic components,Eurosatory 2026 Catalog
Tulip Tech,https://www.tulip.tech/,Pays-Bas,'S-HERTOGENBOSCH,https://www.linkedin.com/company/tulip-tech,UAV / drones,Distributeur,75.5,A,New,Sub-system / payload pour OEM drones tactiques.,Contact sales team and qualify need,Energy / batteries,Eurosatory 2026 Catalog
TUPACK EM2,http://www.tkdefense.eu/,France,ANCENIS CEDEX,,Ammunition,OEM,63.2,B,New,"Matériaux énergétiques, mécanique, packaging, certification.",Review website and validate opportunity,Energetic materials,Eurosatory 2026 Catalog
Tutus,http://tutus.se/,Suède,Danderyd,https://linkedin.com/company/tutus-data,Cybersecurity,OEM,51.1,C,New,"Outils SOC/SIEM, brique de sécurité défensive pour vendeur cyber.",Keep in watchlist,Cloud / data services,Eurosatory 2026 Catalog
TWG,http://www.team-twg.com/,États-Unis,JENKS,,Other,À vérifier,,D,New,Qualifier l'activité avant tout pitch ciblé.,No immediate action,To enrich,Eurosatory 2026 Catalog
TWI GLOBAL,https://www.twiglobal.com/,États-Unis,LAS VEGAS,,Other,À vérifier,,D,New,Qualifier l'activité avant tout pitch ciblé.,No immediate action,To enrich,Eurosatory 2026 Catalog
TwinswHeel,https://www.twinswheel.fr/,France,FONTANES,,Other,À vérifier,,D,New,Qualifier l'activité avant tout pitch ciblé.,No immediate action,To enrich,Eurosatory 2026 Catalog
TWK,https://twk.de/,Allemagne,DÜSSELDORF,www.linkedin.com/company/twk-elektronik,Other,OEM,35.9,D,New,Vend des sous-systèmes / composants à un OEM construisant Logistics equipment.,No immediate action,Mechanical parts,Eurosatory 2026 Catalog
"TYR TACTICAL, LLC",http://www.tyrtactical.com/,États-Unis,PEORIA,,Other,À vérifier,,D,New,Qualifier l'activité avant tout pitch ciblé.,No immediate action,To enrich,Eurosatory 2026 Catalog
Tyron Runflat,http://www.tyron.com/,Royaume-Uni,LOUGHBOROUGH,,Other,À vérifier,,D,New,Qualifier l'activité avant tout pitch ciblé.,No immediate action,To enrich,Eurosatory 2026 Catalog
Tyto Robotics,https://www.tytorobotics.com/,Canada,GATINEAU,https://www.linkedin.com/company/tytorobotics/,Other,À vérifier,5.0,D,New,Qualifier l'activité avant tout pitch ciblé.,No immediate action,To enrich,Eurosatory 2026 Catalog
U.S. Ordnance,http://www.usord.com/,États-Unis,MCCARRAN,,Land defense,Distributeur,71.6,B,New,"Vend des sous-systèmes / composants à un OEM construisant Weapons, Naval systems.",Review website and validate opportunity,Mechanical parts,Eurosatory 2026 Catalog
UAB BROLIS SEMICONDUCTORS,https://brolis-defence.com/,Lituanie,VILNIUS,,Other,À vérifier,,D,New,Qualifier l'activité avant tout pitch ciblé.,No immediate action,To enrich,Eurosatory 2026 Catalog
UDINFO,http://www.udinfo-tech.com/,Taïwan,LA PALMA,https://www.linkedin.com/company/udinfocorp,Engineering services,OEM,57.8,C,New,Vend des sous-systèmes / composants à un OEM construisant Embedded systems.,Keep in watchlist,Electronic components,Eurosatory 2026 Catalog
UKR ARMO TECH,https://www.ukrarmo.tech/,Ukraine,KYIV,,Land defense,OEM,70.5,B,New,"Vend des sous-systèmes / composants à un OEM construisant Logistics equipment, Vehicles.",Review website and validate opportunity,Mechanical parts,Eurosatory 2026 Catalog
UKRAINIAN COUNCIL OF DEFENCE INDUSTRY,http://ucdi.org.ua/en/,Ukraine,KYIV,https://www.linkedin.com/company/ukrainian-council-of-defence-industry/,UAV / drones,OEM,71.0,B,New,Sub-system / payload pour OEM drones tactiques.,Review website and validate opportunity,Mechanical parts,Eurosatory 2026 Catalog
ULBRICHTS GMBH,http://www.ulbrichts.com/,Autriche,Rüstörf,https://www.linkedin.com/company/ulbrichts/,Ammunition,OEM,69.0,B,New,"Vend des sous-systèmes / composants à un OEM construisant Logistics equipment, Soldier equipment.",Review website and validate opportunity,Mechanical parts,Eurosatory 2026 Catalog
Ultra I&C,https://www.ultra-ic.com/,Royaume-Uni,Middlesex,,Intelligence / ISR,Distributeur,75.0,A,New,"Capteurs, payloads optroniques, communications pour plateformes ISR.",Contact sales team and qualify need,Electronic components,Eurosatory 2026 Catalog
UNAC,http://www.unac.fr/,France,VERGEZE,https://www.linkedin.com/company/unac-france/,Other,À vérifier,14.6,D,New,Qualifier l'activité avant tout pitch ciblé.,No immediate action,Industrial subcontracting / machining,Eurosatory 2026 Catalog
"Unfazed, SIA",https://foffindustries.com/,Lettonie,Riga,,Other,À vérifier,,D,New,Qualifier l'activité avant tout pitch ciblé.,No immediate action,To enrich,Eurosatory 2026 Catalog
Unikie Oy,http://unikie.com/,Finlande,Tampere,https://www.linkedin.com/company/unikie/,Electronic warfare,OEM,69.0,B,New,"Amplis RF, processeurs signal, embarqué, antennes pour EW.",Review website and validate opportunity,Engines / propulsion,Eurosatory 2026 Catalog
Unis Ginex d.d. Gorazde,http://www.unisginex.com/,Bosnia and Herzegovina,Gorazde,,Other,À vérifier,18.6,D,New,Qualifier l'activité avant tout pitch ciblé.,No immediate action,Industrial subcontracting / machining,Eurosatory 2026 Catalog
Unistring Tech Solutions,https://www.unistring.com/,Inde,HYDERABAD,,Electronic warfare,OEM,69.5,B,New,"Amplis RF, processeurs signal, embarqué, antennes pour EW.",Review website and validate opportunity,Energy / batteries,Eurosatory 2026 Catalog
United Group for Investment and Trade,https://www.united-git.com/,Égypte,ALEXANDRIE,,Soldier systems,Distributeur,56.1,C,New,Canal de distribution / représentation pour notre portefeuille.,Keep in watchlist,Composite materials,Eurosatory 2026 Catalog
UNITED MILITARY SERVICES,http://www.ums.as/,Danemark,REGSTRUP,https://www.linkedin.com/company/united-military-services-a-s/?viewAsMember=true,Armored vehicles,OEM,65.0,B,New,"Vend des sous-systèmes / composants à un OEM construisant Vehicles, Logistics equipment.",Review website and validate opportunity,Engines / propulsion,Eurosatory 2026 Catalog
Université PSL -Pôle PSL Innovation,http://psl.eu/innovation/relations-entreprises,France,PARIS CEDEX 06,https://www.linkedin.com/school/universit%C3%A9-psl/,Intelligence / ISR,À vérifier,47.6,C,New,"Capteurs, payloads optroniques, communications pour plateformes ISR.",Keep in watchlist,Industrial subcontracting / machining,Eurosatory 2026 Catalog
Unmanned Defense Systems,http://www.udefenses.com/,Lituanie,Vilnius,https://www.linkedin.com/company/udefenses/,Intelligence / ISR,OEM,78.5,A,New,"Capteurs, payloads optroniques, communications pour plateformes ISR.",Contact sales team and qualify need,Energy / batteries,Eurosatory 2026 Catalog
Unseenlabs,http://unseenlabs.com/,France,CESSON-SEVIGNE,https://www.linkedin.com/company/unseenlabs/,Intelligence / ISR,OEM,74.5,B,New,"Capteurs, payloads optroniques, communications pour plateformes ISR.",Review website and validate opportunity,Composite materials,Eurosatory 2026 Catalog
UP LIFTING,http://www.uplifting.es/,Espagne,HUESCA,https://www.linkedin.com/company/91593635,Logistics / MRO,OEM,72.9,B,New,"Pièces de rechange, calibration, certification pour acteurs MRO.",Review website and validate opportunity,Mechanical parts,Eurosatory 2026 Catalog
UPLIFT360 EUROPE S.A.R.L.,https://www.uplift360.tech/,Luxembourg,Esch-sur-Alzette,,Other,À vérifier,,D,New,Qualifier l'activité avant tout pitch ciblé.,No immediate action,To enrich,Eurosatory 2026 Catalog
"URC Systems, spol. s r.o.",https://www.urc-systems.cz/en/,République tchèque,DRŽOVICE,,Intelligence / ISR,OEM,77.0,A,New,"Capteurs, payloads optroniques, communications pour plateformes ISR.",Contact sales team and qualify need,Engines / propulsion,Eurosatory 2026 Catalog
UROVESA URO VEHICULOS ESPECIALES SA,http://www.urovesa.com/,Espagne,SANTIAGO DE COMPOSTELA (LA CORUNA),,Other,À vérifier,,D,New,Qualifier l'activité avant tout pitch ciblé.,No immediate action,To enrich,Eurosatory 2026 Catalog
UTAC,http://www.utac.com/,France,LINAS,https://www.linkedin.com/company/utaccompany/mycompany/,Intelligence / ISR,Distributeur,78.0,A,New,"Capteurs, payloads optroniques, communications pour plateformes ISR.",Contact sales team and qualify need,Engines / propulsion,Eurosatory 2026 Catalog
UTILIS SAS,http://www.utilis-international.com/,France,ENNERY,,Other,À vérifier,,D,New,Qualifier l'activité avant tout pitch ciblé.,No immediate action,To enrich,Eurosatory 2026 Catalog
UTM LTD,https://www.utmworldwide.com/,Royaume-Uni,MILDENHALL,,Soldier systems,OEM,81.0,A,New,"Textiles, composites, optronique, énergie pour kits soldat.",Contact sales team and qualify need,Composite materials,Eurosatory 2026 Catalog
UTS Systems,https://www.uts-systems.com/,États-Unis,Fairfield,,Other,À vérifier,,D,New,Qualifier l'activité avant tout pitch ciblé.,No immediate action,To enrich,Eurosatory 2026 Catalog
UXV TECHNOLOGIES APS,https://www.uxvtechnologies.com/,Danemark,ISHØJ,,Other,À vérifier,,D,New,Qualifier l'activité avant tout pitch ciblé.,No immediate action,To enrich,Eurosatory 2026 Catalog
V.S.E. Vehicle Systems Engineering,http://www.v-s-e.com/,Pays-Bas,VEENENDAAL,https://www.linkedin.com/company/v-s-e-vehicle-systems-engineering-b-v-/,Radar / sensors,Distributeur,79.0,A,New,"Front-ends RF, processeurs, mécanique de précision pour fabricants radars.",Contact sales team and qualify need,Engines / propulsion,Eurosatory 2026 Catalog
VALLON GMBH,http://www.vallon.de/,Allemagne,ENINGEN,,Other,À vérifier,,D,New,Qualifier l'activité avant tout pitch ciblé.,No immediate action,To enrich,Eurosatory 2026 Catalog
VAN HALTEREN TECHNOLOGIES,http://www.vanhalteren.com/,Pays-Bas,BUNSCHOTEN,https://www.linkedin.com/company/van-halteren-technologies/,Armored vehicles,OEM,71.0,B,New,"Moteurs, composites, plaques balistiques, optronique, comms pour OEM blindés.",Review website and validate opportunity,Engines / propulsion,Eurosatory 2026 Catalog
VÅPENSMIA,http://vapensmia.no/,Norvège,DOKKA,,Other,À vérifier,,D,New,Qualifier l'activité avant tout pitch ciblé.,No immediate action,To enrich,Eurosatory 2026 Catalog
Variene AI,https://variene.ai/,Grèce,Athens,,Intelligence / ISR,OEM,67.5,B,New,"Capteurs, payloads optroniques, communications pour plateformes ISR.",Review website and validate opportunity,Engines / propulsion,Eurosatory 2026 Catalog
Vatn Systems,http://www.vatnsystems.com/,États-Unis,Bristol,,Intelligence / ISR,OEM,67.5,B,New,"Capteurs, payloads optroniques, communications pour plateformes ISR.",Review website and validate opportunity,Engines / propulsion,Eurosatory 2026 Catalog
VBI - INSPIRE PROTECTION,https://www.inspire-protection.fr/,France,POUILLY SOUS CHARLIEU,,Other,À vérifier,,D,New,Qualifier l'activité avant tout pitch ciblé.,No immediate action,To enrich,Eurosatory 2026 Catalog
VectorNav Technologies,https://vectornav.com/,États-Unis,DALLAS,https://www.linkedin.com/company/vectornav-technologies,Space / satellite,OEM,65.0,B,New,"Composites, capteurs, comms, lancement pour primes spatiaux.",Review website and validate opportunity,Engines / propulsion,Eurosatory 2026 Catalog
VEER-O-METALS PRIVATE LIMITED,https://www.veerometals.com/,Inde,Bengaluru,,UAV / drones,OEM,75.5,A,New,"Fournisseur de batteries, moteurs, optronique, RF, composites pour fabricants UAV.",Contact sales team and qualify need,Energy / batteries,Eurosatory 2026 Catalog
VEGA HOLSTER SRL,http://www.vegaholster.com/,Italie,CALCINAIA (PISA),,Optics / optronics,Distributeur,80.0,A,New,Canal de distribution / représentation pour notre portefeuille.,Contact sales team and qualify need,Electronic components,Eurosatory 2026 Catalog
VEGVISIR,http://www.vegvisir.ee/,Estonie,Tallinn,https://www.linkedin.com/company/vegvisirar/,Intelligence / ISR,OEM,70.5,B,New,"Capteurs, payloads optroniques, communications pour plateformes ISR.",Review website and validate opportunity,Engines / propulsion,Eurosatory 2026 Catalog
Vello Elektro,https://www.vello.nl/,Pays-Bas,DUIVEN,https://www.linkedin.com/company/42420996/,Export / distribution,Distributeur,58.6,C,New,"Vend des sous-systèmes / composants à un OEM construisant Energy / batteries, Vehicles.",Keep in watchlist,"Materials (Li-ion, electrolytes)",Eurosatory 2026 Catalog
VENTURETEC ROTATING SYSTEMS GMBH,http://venturetec.de/defense,Allemagne,KAUFBEUREN,https://de.linkedin.com/company/venturetec-rotating-systems-gmbh,Intelligence / ISR,OEM,76.0,A,New,"Capteurs, payloads optroniques, communications pour plateformes ISR.",Contact sales team and qualify need,Engines / propulsion,Eurosatory 2026 Catalog
Veptos,http://www.veptos.com/,États-Unis,New Boston,,UAV / drones,OEM,69.5,B,New,"Fournisseur de batteries, moteurs, optronique, RF, composites pour fabricants UAV.",Review website and validate opportunity,Engines / propulsion,Eurosatory 2026 Catalog
Vericut,http://vericut.fr/,France,Rueil-Malmaison,,Other,OEM,65.0,B,New,Activité à qualifier — discovery call avant pitch précis.,Review website and validate opportunity,Cloud / data services,Eurosatory 2026 Catalog
VEROT,https://www.verot.com/,Espagne,"Logrezana, Asturias",,Other,À vérifier,,D,New,Qualifier l'activité avant tout pitch ciblé.,No immediate action,To enrich,Eurosatory 2026 Catalog
VEX Hungarian Defense and Space Export Agency,http://www.vexhungary.com/,Hongrie,BUDAPEST,https://www.linkedin.com/company/vex-hungary/,Other,À vérifier,27.1,D,New,Qualifier l'activité avant tout pitch ciblé.,No immediate action,Industrial subcontracting / machining,Eurosatory 2026 Catalog
VF VENIERI SPA,http://www.vf-venieri.com/,Italie,LUGO,https://www.linkedin.com/company/vf-venieri-spa,Naval defense,Distributeur,71.5,B,New,"Radars, sonars, comms, armement, sustainment pour primes navals.",Review website and validate opportunity,Mechanical parts,Eurosatory 2026 Catalog
V-great International Limited,http://www.v-great.com/,Chine,BEIJING,,Other,À vérifier,,D,New,Qualifier l'activité avant tout pitch ciblé.,No immediate action,To enrich,Eurosatory 2026 Catalog
VIC TEC,,Lettonie,RIGA,,Other,À vérifier,,D,New,Qualifier l'activité avant tout pitch ciblé.,No immediate action,To enrich,Eurosatory 2026 Catalog
VICTORINOX,http://www.victorinox.com/,Suisse,IBACH-SCHWYZ,,C4ISR,Distributeur,75.1,A,New,Canal de distribution / représentation pour notre portefeuille.,Contact sales team and qualify need,RF / microwave components,Eurosatory 2026 Catalog
Viking Lighting - INGENJÖRSFIRMA TEKNOPROD AKTIEBOLAG,http://www.vikinglighting.com/,Suède,TABY,,Radar / sensors,OEM,77.5,A,New,"Front-ends RF, processeurs, mécanique de précision pour fabricants radars.",Contact sales team and qualify need,Electronic components,Eurosatory 2026 Catalog
VINCORION,https://www.vincorion.com/,Allemagne,WEDEL,https://www.linkedin.com/company/vincorion/,Cybersecurity,OEM,76.0,A,New,"Threat intel, hardware appliances, cloud souverain, audits.",Contact sales team and qualify need,Engines / propulsion,Eurosatory 2026 Catalog
VIPULSE TEKNOLOJI A.Ş.,http://www.vipulsetech.com/,Turquie,ANKARA,https://linkedin.com/company/vipulse-kft,Naval defense,OEM,73.0,B,New,"Radars, sonars, comms, armement, sustainment pour primes navals.",Review website and validate opportunity,Energy / batteries,Eurosatory 2026 Catalog
VIRGINIA ECONOMIC DEVELOPMENT PARTNERSHIP,http://www.vedp.org/industry/aerospace,États-Unis,RICHMOND,,Other,À vérifier,16.6,D,New,Qualifier l'activité avant tout pitch ciblé.,No immediate action,Industrial subcontracting / machining,Eurosatory 2026 Catalog
VIRTUAL REALITY MEDIA,http://www.vrm.sk/,Slovaquie,TRENCIN,,Intelligence / ISR,OEM,80.5,A,New,"Capteurs, payloads optroniques, communications pour plateformes ISR.",Contact sales team and qualify need,Engines / propulsion,Eurosatory 2026 Catalog
VIRTUALWARE,https://www.virtualwareco.com/,Espagne,Basauri,,Cybersecurity,OEM,78.0,A,New,"Threat intel, hardware appliances, cloud souverain, audits.",Contact sales team and qualify need,Cloud / data services,Eurosatory 2026 Catalog
VISION ENGINEERING LTD,https://visioneng.fr/,France,LE PLESSIS PATÉ,https://www.linkedin.com/company/vision-engineering-france/?viewAsMember=true,Simulation / training,OEM,75.0,A,New,"Visuel, motion, haptique, IA pour fabricants de simulateurs.",Contact sales team and qualify need,Industrial subcontracting / machining,Eurosatory 2026 Catalog
VITABRI,http://www.vitabri.com/,France,BESANCON,https://fr.linkedin.com/company/vitabri,Other,À vérifier,23.1,D,New,Qualifier l'activité avant tout pitch ciblé.,No immediate action,Industrial subcontracting / machining,Eurosatory 2026 Catalog
VITEC,http://www.vitec.com/,France,CHATILLON,https://www.linkedin.com/company/vitec-multimedia/,Intelligence / ISR,Intégrateur,80.0,A,New,"Vend des sous-systèmes / composants à un OEM construisant Software / Platforms, Logistics equipment.",Contact sales team and qualify need,Cloud / data services,Eurosatory 2026 Catalog
VITZROCELL,https://www.vitzrocell.com/,Corée du Sud,SEOUL,,Other,À vérifier,,D,New,Qualifier l'activité avant tout pitch ciblé.,No immediate action,To enrich,Eurosatory 2026 Catalog
VIZGARD LTD,,Royaume-Uni,LONDON,,Other,À vérifier,,D,New,Qualifier l'activité avant tout pitch ciblé.,No immediate action,To enrich,Eurosatory 2026 Catalog
VLM Robotics,https://www.vlm-robotics.fr/,France,LE BARP,,AI / data,OEM,67.5,B,New,"GPUs, cloud, data annotation, hardening cyber pour plateforme IA.",Review website and validate opportunity,Mechanical parts,Eurosatory 2026 Catalog
"VMV, spol. s r. o.",http://www.vmv.cz/en/,République tchèque,Jihlava,https://www.linkedin.com/company/vmv-spol.-s-r.-o./,C4ISR,OEM,64.0,B,New,"Composants, sous-systèmes, software, services pour primes C4ISR.",Review website and validate opportunity,Cloud / data services,Eurosatory 2026 Catalog
VODEA,http://www.vodea.com/,France,LABEGE,https://www.linkedin.com/company/vodea,Intelligence / ISR,OEM,76.0,A,New,"Capteurs, payloads optroniques, communications pour plateformes ISR.",Contact sales team and qualify need,Energy / batteries,Eurosatory 2026 Catalog
Volkswagen Commercial Vehicles,http://www.vwvu.fr/,France,VILLERS-COTTER,https://www.linkedin.com/company/volkswagen-v%C3%A9hicules-utilitaires/?viewAsMember=true,Logistics / MRO,Distributeur,57.5,C,New,"Vend des sous-systèmes / composants à un OEM construisant Vehicles, Logistics equipment.",Keep in watchlist,Engines / propulsion,Eurosatory 2026 Catalog
VOLT TECH,https://voltteknoloji.com.tr/,Turquie,İZMİR,,Other,À vérifier,,D,New,Qualifier l'activité avant tout pitch ciblé.,No immediate action,To enrich,Eurosatory 2026 Catalog
VOLUM-E,http://www.volum-e.com/,France,BLANGY SUR BRESLE,https://www.linkedin.com/company/mmbvolum-e/,Space / satellite,OEM,66.0,B,New,"Composites, capteurs, comms, lancement pour primes spatiaux.",Review website and validate opportunity,Mechanical parts,Eurosatory 2026 Catalog
VOLVO DEFENSE AB,http://www.volvodefense.com/,Suède,GÖTEBORG,,Other,À vérifier,,D,New,Qualifier l'activité avant tout pitch ciblé.,No immediate action,To enrich,Eurosatory 2026 Catalog
VR CARS,https://www.vrcars.eu/,Lettonie,RĪGA,,Other,À vérifier,,D,New,Qualifier l'activité avant tout pitch ciblé.,No immediate action,To enrich,Eurosatory 2026 Catalog
VR FLEETCARE,https://www.vrfleetcare.com/en/,Finlande,HELSINKI,,Armored vehicles,OEM,61.0,B,New,"Moteurs, composites, plaques balistiques, optronique, comms pour OEM blindés.",Review website and validate opportunity,RF / microwave components,Eurosatory 2026 Catalog
VTT Technical Research Centre of Finland Ltd,http://www.vttresearch.com/en,Finlande,Espoo,https://fi.linkedin.com/company/vtt,Intelligence / ISR,Sous-traitant industriel,72.5,B,New,"Capteurs, payloads optroniques, communications pour plateformes ISR.",Review website and validate opportunity,Engines / propulsion,Eurosatory 2026 Catalog
VZDUCHOTECHNIK S.R.O.,http://www.firbach.com/,République tchèque,CHRASTAVA,,Ammunition,OEM,68.0,B,New,"Vend des sous-systèmes / composants à un OEM construisant Logistics equipment, Ammunition.",Review website and validate opportunity,Mechanical parts,Eurosatory 2026 Catalog
W&E PLATT PTY LTD,https://www.plattmounts.com/,Australie,INGLEBURN,,Other,À vérifier,,D,New,Qualifier l'activité avant tout pitch ciblé.,No immediate action,To enrich,Eurosatory 2026 Catalog
W. L. Gore & Associes S.A.R.L.,http://www.gore.com/,France,PARIS,https://www.linkedin.com/company/gore-aerospace-defense-products,Radar / sensors,OEM,79.0,A,New,"Front-ends RF, processeurs, mécanique de précision pour fabricants radars.",Contact sales team and qualify need,Engines / propulsion,Eurosatory 2026 Catalog
W5 Solutions,http://w5solutions.com/,Suède,Nacka Strand,https://linkedin.com/company/w5-solution-ab/,Radar / sensors,OEM,71.0,B,New,"Front-ends RF, processeurs, mécanique de précision pour fabricants radars.",Review website and validate opportunity,Software,Eurosatory 2026 Catalog
Walaris GmbH,http://www.walaris.com/,Allemagne,Nürnberg,,Counter-UAV,Éditeur logiciel,68.0,B,New,"Fournisseur de RF, radars, optronique et embarqués pour stacks anti-drone.",Review website and validate opportunity,Energy / batteries,Eurosatory 2026 Catalog
WALTER FRANCE,http://www.walter-tools.com/fr-fr?utm_source=Exhibition&utm_medium=referal&utm_campaign=2026-WFR-walter-eurosatory-website,France,SOULTZ-SOUS-FORETS,https://www.linkedin.com/company/waltertools,Other,OEM,33.0,D,New,Activité à qualifier — discovery call avant pitch précis.,No immediate action,Mechanical parts,Eurosatory 2026 Catalog
WarBird Protection Group,http://www.warbirdpro.com/,États-Unis,Kallaska,,Soldier systems,OEM,69.5,B,New,"Vend des sous-systèmes / composants à un OEM construisant Ballistic protection, Logistics equipment.",Review website and validate opportunity,Composite materials,Eurosatory 2026 Catalog
WARIN,http://www.warindt.com/,Émirats arabes unis,HONGKONG,,UAV / drones,Sous-traitant industriel,68.0,B,New,"Fournisseur de batteries, moteurs, optronique, RF, composites pour fabricants UAV.",Review website and validate opportunity,Energetic materials,Eurosatory 2026 Catalog
WARYME,http://www.waryme.com/,France,CESSON-SEVIGNE,https://www.linkedin.com/company/waryme,Other,OEM,32.4,D,New,Vend des sous-systèmes / composants à un OEM construisant Software / Platforms.,No immediate action,Cloud / data services,Eurosatory 2026 Catalog
WAVELENGTH OPTO-ELECTRONIC (S) PTE. LTD.,http://www.wavelength-oe.com/,Singapour,SINGAPORE,https://www.linkedin.com/company/woe-sg/,UAV / drones,OEM,81.0,A,New,"Fournisseur de batteries, moteurs, optronique, RF, composites pour fabricants UAV.",Contact sales team and qualify need,Engines / propulsion,Eurosatory 2026 Catalog
Wayren,https://wayren.ee/,Estonie,TALLINN,,C4ISR,OEM,67.5,B,New,"Vend des sous-systèmes / composants à un OEM construisant Software / Platforms, Communications networks.",Review website and validate opportunity,Cloud / data services,Eurosatory 2026 Catalog
WB GROUP,http://www.wbgroup.pl/,Pologne,OZAROW MAZOWIECKI,,Other,À vérifier,,D,New,Qualifier l'activité avant tout pitch ciblé.,No immediate action,To enrich,Eurosatory 2026 Catalog
WEARIN',http://wearin.tech/,Suisse,VAUD,https://ch.linkedin.com/company/wearin,Cybersecurity,Distributeur,76.5,A,New,"Threat intel, hardware appliances, cloud souverain, audits.",Contact sales team and qualify need,Electronic components,Eurosatory 2026 Catalog
WEARTRONIC by Nicomatic,https://www.weartronic.com/,France,BONS EN CHABLAIS,,Other,À vérifier,,D,New,Qualifier l'activité avant tout pitch ciblé.,No immediate action,To enrich,Eurosatory 2026 Catalog
Webasto,http://www.webasto.com/,Allemagne,STOCKDORF,https://www.linkedin.com/company/webasto,Export / distribution,OEM,76.0,A,New,"Vend des sous-systèmes / composants à un OEM construisant Vehicles, Energy / batteries.",Contact sales team and qualify need,Engines / propulsion,Eurosatory 2026 Catalog
WEBER RESCUE SYSTEMS,http://www.weber-rescue.com/,Allemagne,GÜGLINGEN,https://www.linkedin.com/showcase/weberrescue/,Other,À vérifier,19.6,D,New,Qualifier l'activité avant tout pitch ciblé.,No immediate action,Industrial subcontracting / machining,Eurosatory 2026 Catalog
WEGSol ApS,,Danemark,Glostrup,,Other,À vérifier,,D,New,Qualifier l'activité avant tout pitch ciblé.,No immediate action,To enrich,Eurosatory 2026 Catalog
WEIBEL SCIENTIFIC A/S,http://www.weibel.dk/,Danemark,ALLEROD,,Air defense,Distributeur,65.5,B,New,"Radars, missiles, comms, électroniques pour systèmes anti-aériens.",Review website and validate opportunity,Energy / batteries,Eurosatory 2026 Catalog
WEICON,https://www.weicon.de/,Allemagne,MÜNSTER,,Naval defense,OEM,43.4,C,New,Vend des sous-systèmes / composants à un OEM construisant Logistics equipment.,Keep in watchlist,Mechanical parts,Eurosatory 2026 Catalog
WEILBURGER Coatings GmbH,https://www.weilburger.com/,Allemagne,WEILBURG,www.linkedin.com/company/weilburger,Other,OEM,44.4,C,New,Vend des sous-systèmes / composants à un OEM construisant Software / Platforms.,Keep in watchlist,Cloud / data services,Eurosatory 2026 Catalog
Weiss Technik GmbH,http://www.weissdefence.com/en,Allemagne,REISKIRCHEN,https://de.linkedin.com/company/weisstechnik-international,Simulation / training,OEM,57.9,C,New,Vend des sous-systèmes / composants à un OEM construisant Logistics equipment.,Keep in watchlist,Mechanical parts,Eurosatory 2026 Catalog
WELDALOY PRODUCTS CO.,http://www.weldaloy.com/,États-Unis,WARREN,,Other,À vérifier,,D,New,Qualifier l'activité avant tout pitch ciblé.,No immediate action,To enrich,Eurosatory 2026 Catalog
WELKIT,http://welkit.com/,France,MONTROUGE,https://www.linkedin.com/company/welkit/,Soldier systems,OEM,71.1,B,New,"Textiles, composites, optronique, énergie pour kits soldat.",Review website and validate opportunity,Electronic components,Eurosatory 2026 Catalog
WELP HOLDING GMBH,http://www.welp-group.com/,Allemagne,WILKAU-HASSLAU,https://www.linkedin.com/company/80490648/a,Counter-UAV,OEM,70.5,B,New,"Fournisseur de RF, radars, optronique et embarqués pour stacks anti-drone.",Review website and validate opportunity,Engines / propulsion,Eurosatory 2026 Catalog
WEO Corporation Pte Ltd,https://www.weocorp.com/,Singapour,SINGAPORE,,Other,À vérifier,,D,New,Qualifier l'activité avant tout pitch ciblé.,No immediate action,To enrich,Eurosatory 2026 Catalog
WESCOM DEFENCE,http://www.wescomdefence.com/,Royaume-Uni,DRAYCOTT,https://www.linkedin.com/company/wescomgroup,Intelligence / ISR,Distributeur,76.5,A,New,"Capteurs, payloads optroniques, communications pour plateformes ISR.",Contact sales team and qualify need,Engines / propulsion,Eurosatory 2026 Catalog
WEST ELETTRIC SRL,https://www.westelettric.com/,Italie,MASSAROSA,https://www.linkedin.com/company/24641741,Other,À vérifier,24.1,D,New,Qualifier l'activité avant tout pitch ciblé.,No immediate action,Industrial subcontracting / machining,Eurosatory 2026 Catalog
WF Maschinenbau,https://www.wf-maschinenbau.com/,Allemagne,SENDENHORST,,Other,OEM,40.9,C,New,"Vend des sous-systèmes / composants à un OEM construisant Logistics equipment, Engines / propulsion.",Keep in watchlist,Mechanical parts,Eurosatory 2026 Catalog
WFL MILLTURN TECHNOLOGIES GMBH & CO. KG,http://www.wfl.at/,Autriche,LINZ,,Simulation / training,OEM,56.9,C,New,"Vend des sous-systèmes / composants à un OEM construisant Software / Platforms, Robotics / UGV.",Keep in watchlist,Cloud / data services,Eurosatory 2026 Catalog
"WidePlus International Co,. Ltd.",http://wideplustex.com/,Taïwan,NEW TAIPEI CITY,https://www.linkedin.com/company/103684014/admin/page-posts/published/,Homeland security,OEM,45.4,C,New,Vend des sous-systèmes / composants à un OEM construisant Logistics equipment.,Keep in watchlist,Mechanical parts,Eurosatory 2026 Catalog
Wieland Austria,http://www.wieland.com/de/wieland-austria,Autriche,AMSTETTEN,https://www.linkedin.com/company/wielandgroup/?originalSubdomain=de,Radar / sensors,Distributeur,80.0,A,New,"Front-ends RF, processeurs, mécanique de précision pour fabricants radars.",Contact sales team and qualify need,Cloud / data services,Eurosatory 2026 Catalog
Wihuri Aviation AB,,Suède,Stockholm,,Other,À vérifier,,D,New,Qualifier l'activité avant tout pitch ciblé.,No immediate action,To enrich,Eurosatory 2026 Catalog
WILD GMBH,http://www.wild.at/,Autriche,VÖLKERMARKT,https://www.linkedin.com/company/wild-gruppe,Logistics / MRO,OEM,59.8,C,New,"Pièces de rechange, calibration, certification pour acteurs MRO.",Keep in watchlist,Industrial subcontracting / machining,Eurosatory 2026 Catalog
WILDSTEER,http://www.wildsteer.com/,France,ROCHE LA MOLIERE,,Other,À vérifier,,D,New,Qualifier l'activité avant tout pitch ciblé.,No immediate action,To enrich,Eurosatory 2026 Catalog
Wiley X,https://www.wileyx.eu/,Danemark,VEMB,https://www.linkedin.com/company/wiley-x-emea-llc/mycompany/verification/,Optics / optronics,Distributeur,72.9,B,New,Canal de distribution / représentation pour notre portefeuille.,Review website and validate opportunity,Electronic components,Eurosatory 2026 Catalog
WILL-BURT,http://www.willburt.com/,États-Unis,ORRVILLE,,Other,À vérifier,,D,New,Qualifier l'activité avant tout pitch ciblé.,No immediate action,To enrich,Eurosatory 2026 Catalog
WILLIAMSON ELECTRONIQUE,,France,BOUGUENAIS CEDEX,,Other,À vérifier,,D,New,Qualifier l'activité avant tout pitch ciblé.,No immediate action,To enrich,Eurosatory 2026 Catalog
"WINCHES, CAPSTANS AND WINCH SYSTEMS",http://www.rotzler.com/,Allemagne,STEINEN,https://www.linkedin.com/company/rotzler-group,Naval defense,OEM,69.1,B,New,"Vend des sous-systèmes / composants à un OEM construisant Vehicles, Logistics equipment.",Review website and validate opportunity,Engines / propulsion,Eurosatory 2026 Catalog
Winchester Ammunition,http://winchestermilitary.com/,États-Unis,Clayton,,Weapons,Distributeur,74.0,B,New,Canal de distribution / représentation pour notre portefeuille.,Review website and validate opportunity,Energetic materials,Eurosatory 2026 Catalog
Windracers,http://www.windracers.com/,Royaume-Uni,MIDDLESEX,https://www.linkedin.com/company/windracers,Intelligence / ISR,OEM,68.0,B,New,"Capteurs, payloads optroniques, communications pour plateformes ISR.",Review website and validate opportunity,Energy / batteries,Eurosatory 2026 Catalog
Winkelmann MSR Technology,https://www.winkelmann-flowforming.com/,Allemagne,AHLEN,,Other,À vérifier,,D,New,Qualifier l'activité avant tout pitch ciblé.,No immediate action,To enrich,Eurosatory 2026 Catalog
Winse Power,https://winsepower.com/,Finlande,Tampere,,Optics / optronics,OEM,51.6,C,New,"Verre spécial, détecteurs, mécanique de précision pour optronique.",Keep in watchlist,Electronic components,Eurosatory 2026 Catalog
WireTech,http://www.wiretech.kz/,Kazakhstan,ASTANA,,Other,OEM,35.8,D,New,Vend des sous-systèmes / composants à un OEM construisant Vehicles.,No immediate action,Engines / propulsion,Eurosatory 2026 Catalog
WIRETRONIC AB,,Suède,VÄNERSBORG,,Other,À vérifier,,D,New,Qualifier l'activité avant tout pitch ciblé.,No immediate action,To enrich,Eurosatory 2026 Catalog
WISELED APS,http://www.wiseled.com/,Danemark,GILLELEJE,,Other,À vérifier,,D,New,Qualifier l'activité avant tout pitch ciblé.,No immediate action,To enrich,Eurosatory 2026 Catalog
Witzig & Frank / Pfiffner,https://www.ffg-ea.com/,Allemagne,Offenburg,,Other,OEM,35.9,D,New,Vend des sous-systèmes / composants à un OEM construisant Software / Platforms.,No immediate action,Cloud / data services,Eurosatory 2026 Catalog
Wolf Advanced Technology,http://wolf.ca/,Canada,AURORA,https://www.linkedin.com/company/wolf-at/,Industrial subcontracting,OEM,65.1,B,New,"Matières premières, outils coupants, services qualité pour sous-traitants.",Review website and validate opportunity,Electronic components,Eurosatory 2026 Catalog
Work-Out,https://www.workout.sport/,Belgique,HASSELT,https://www.linkedin.com/company/workoutsport/,Soldier systems,OEM,71.0,B,New,"Textiles, composites, optronique, énergie pour kits soldat.",Review website and validate opportunity,Mechanical parts,Eurosatory 2026 Catalog
Workswell s.r.o.,https://www.workswell.eu/,République tchèque,Praha 6,,UAV / drones,OEM,75.0,A,New,"Fournisseur de batteries, moteurs, optronique, RF, composites pour fabricants UAV.",Contact sales team and qualify need,Engines / propulsion,Eurosatory 2026 Catalog
World Defense Show,https://www.worlddefnseshow.com/,Arabie saoudite,RIYADH,https://www.linkedin.com/company/worlddefenseshow,Other,À vérifier,5.0,D,New,Qualifier l'activité avant tout pitch ciblé.,No immediate action,To enrich,Eurosatory 2026 Catalog
World Fuel,http://world-fuel.com/government,États-Unis,Tampa,,Armored vehicles,Société de services,68.0,B,New,"Moteurs, composites, plaques balistiques, optronique, comms pour OEM blindés.",Review website and validate opportunity,Engines / propulsion,Eurosatory 2026 Catalog
WWW.KRYPTUS.COM.BR,https://kryptus.com/,Brésil,CAMPINAS,,Other,À vérifier,,D,New,Qualifier l'activité avant tout pitch ciblé.,No immediate action,To enrich,Eurosatory 2026 Catalog
"X-BEAM TECH CO.,LTD",http://www.xbeamtech.co.kr/,Corée du Sud,Seoul,https://www.linkedin.com/company/xbeamtech/posts/?feedView=all,Naval defense,OEM,66.0,B,New,"Radars, sonars, comms, armement, sustainment pour primes navals.",Review website and validate opportunity,Electronic components,Eurosatory 2026 Catalog
XMOBOTS AEROESPACIAL E DEFESA,http://www.xmobots.com/,Brésil,SAO CARLOS - SP,,Other,À vérifier,,D,New,Qualifier l'activité avant tout pitch ciblé.,No immediate action,To enrich,Eurosatory 2026 Catalog
XR COMMAND,http://xr-command.at/,Autriche,SALZBURG,https://www.linkedin.com/showcase/xr-command/,Other,À vérifier,27.6,D,New,Qualifier l'activité avant tout pitch ciblé.,No immediate action,Industrial subcontracting / machining,Eurosatory 2026 Catalog
XR Training (XRT),http://www.xrt.io/,États-Unis,"ORLANDO, FLORIDA",https://www.linkedin.com/company/xr-training-us/,Naval defense,OEM,71.0,B,New,"Radars, sonars, comms, armement, sustainment pour primes navals.",Review website and validate opportunity,Engines / propulsion,Eurosatory 2026 Catalog
XUBI GROUP,http://www.xubi.com/,Espagne,AZKOITIA,,Other,À vérifier,,D,New,Qualifier l'activité avant tout pitch ciblé.,No immediate action,To enrich,Eurosatory 2026 Catalog
YAKUPOGLU TEKSTIL VE DERI SANAYI TICARET A.S.,https://www.ydsgroup.com.tr/,Turquie,ANKARA,www.linkedin.com/company/yakupo-lu-deri-sanayi,Optics / optronics,OEM,64.4,B,New,Vend des sous-systèmes / composants à un OEM construisant Optronics / Optics.,Review website and validate opportunity,Electronic components,Eurosatory 2026 Catalog
YEONHAB PRECISION CO LTD,https://www.yeonhab.co.kr/,Corée du Sud,CHOONGCHUNGNAM-DO,,Other,À vérifier,,D,New,Qualifier l'activité avant tout pitch ciblé.,No immediate action,To enrich,Eurosatory 2026 Catalog
"YF PROTECTOR CO.,LTD",http://www.yfarmor.com/,Chine,HANGZHOU,,Other,À vérifier,16.6,D,New,Qualifier l'activité avant tout pitch ciblé.,No immediate action,Industrial subcontracting / machining,Eurosatory 2026 Catalog
"YOUNG POONG ELECTRONICS CO., LTD",http://ypelec.co.kr/index_en.php,Corée du Sud,Gyeonggi-do,,Naval defense,À vérifier,26.6,D,New,Qualifier l'activité avant tout pitch ciblé.,No immediate action,Industrial subcontracting / machining,Eurosatory 2026 Catalog
YSS - Yilmaz Makina,http://yilmazdefense.com/,Turquie,ISTANBUL,,Ammunition,OEM,58.2,C,New,"Matériaux énergétiques, mécanique, packaging, certification.",Keep in watchlist,Energetic materials,Eurosatory 2026 Catalog
"YUAN High-Tech Development Co., Ltd.",http://www.yuan.com.tw/,Taïwan,TAIPEI,https://www.linkedin.com/company/yuan-high-tech/posts/,Other,À vérifier,22.6,D,New,Qualifier l'activité avant tout pitch ciblé.,No immediate action,Industrial subcontracting / machining,Eurosatory 2026 Catalog
YUGOIMPORT-SDPR,http://www.yugoimport.com/,Serbie,BELGRADE,,Other,À vérifier,,D,New,Qualifier l'activité avant tout pitch ciblé.,No immediate action,To enrich,Eurosatory 2026 Catalog
ZARGES,https://www.zarges.com/fr/,France,ALTORF,https://www.linkedin.com/company/zarges-logistic-france/?viewAsMember=true,UAV / drones,Distributeur,74.0,B,New,"Fournisseur de batteries, moteurs, optronique, RF, composites pour fabricants UAV.",Review website and validate opportunity,"Materials (Li-ion, electrolytes)",Eurosatory 2026 Catalog
"ZDAS, A.S.",http://www.zdas.cz/,République tchèque,Zdar nad Sazavou,,Other,À vérifier,,D,New,Qualifier l'activité avant tout pitch ciblé.,No immediate action,To enrich,Eurosatory 2026 Catalog
ZEBRA PROTECTION,http://www.zebraprotection.com/,Afrique du Sud,WESTMEAD,,Other,À vérifier,,D,New,Qualifier l'activité avant tout pitch ciblé.,No immediate action,To enrich,Eurosatory 2026 Catalog
ZEKATRONIC,,France,BEAUCOUZE,,Other,À vérifier,,D,New,Qualifier l'activité avant tout pitch ciblé.,No immediate action,To enrich,Eurosatory 2026 Catalog
ZENITH AEROTECHNICS,https://zenith-aerotechnics.com/,France,MARIGNANE,,Other,À vérifier,,D,New,Qualifier l'activité avant tout pitch ciblé.,No immediate action,To enrich,Eurosatory 2026 Catalog
ZERO COMPROMISE OPTIC GMBH,https://www.zcompoptic.com/,Autriche,MARGARETHEN AM MOOS,,Other,À vérifier,,D,New,Qualifier l'activité avant tout pitch ciblé.,No immediate action,To enrich,Eurosatory 2026 Catalog
ZEVETA AMMUNITION A.S.,,République tchèque,BOJKOVICE,,Other,À vérifier,,D,New,Qualifier l'activité avant tout pitch ciblé.,No immediate action,To enrich,Eurosatory 2026 Catalog
ZF Friedrichshafen AG,https://www.zf.com/,Allemagne,FRIEDRICHSHAFEN,,Other,À vérifier,,D,New,Qualifier l'activité avant tout pitch ciblé.,No immediate action,To enrich,Eurosatory 2026 Catalog
ZFOAM,http://www.zfoam.com/,Espagne,Alfajarín - Zaragoza,https://linkedin.com/company/zfoam/,Logistics / MRO,OEM,64.5,B,New,"Vend des sous-systèmes / composants à un OEM construisant Logistics equipment, Communications networks.",Review website and validate opportunity,Mechanical parts,Eurosatory 2026 Catalog
"ZHEJIANG JICHENG ADVANCED CERAMICS CO.,LTD",http://www.jcccn.cn/,Chine,ZHEJIANG,,Ballistic protection,OEM,43.4,C,New,Vend des sous-systèmes / composants à un OEM construisant Ballistic protection.,Keep in watchlist,Composite materials,Eurosatory 2026 Catalog
"ZHEJIANG LIGHT-TOUGH COMPOSITE MATERIALS CO.,LTD.",http://www.lctm.com.cn/,Chine,ZHEJIANG PROVINCE,,Other,À vérifier,,D,New,Qualifier l'activité avant tout pitch ciblé.,No immediate action,To enrich,Eurosatory 2026 Catalog
ZHENDRE,http://www.zhendre.com/,France,VILLENAVE D ORNON,,Other,À vérifier,,D,New,Qualifier l'activité avant tout pitch ciblé.,No immediate action,To enrich,Eurosatory 2026 Catalog
ZSE TECHNOLOGY NV,https://zse.be/,Belgique,SINT-TRUIDEN,,Other,À vérifier,,D,New,Qualifier l'activité avant tout pitch ciblé.,No immediate action,To enrich,Eurosatory 2026 Catalog
ZSR,http://www.zsr.com.tr/,Turquie,BALIKESIR,https://www.linkedin.com/company/zsrmuhimmat,C4ISR,OEM,69.0,B,New,"Vend des sous-systèmes / composants à un OEM construisant Logistics equipment, Software / Platforms.",Review website and validate opportunity,Mechanical parts,Eurosatory 2026 Catalog
"ZTS - SPECIAL, a.s.",http://www.ztsspecial.sk/,Slovaquie,DUBNICA NAD VAHOM,,Other,OEM,35.8,D,New,Vend des sous-systèmes / composants à un OEM construisant Vehicles.,No immediate action,Engines / propulsion,Eurosatory 2026 Catalog
ZYRONE DYNAMICS,https://www.zyrone.com/,Turquie,ANKARA,https://www.linkedin.com/company/zyronedynamics/,UAV / drones,OEM,70.5,B,New,"Fournisseur de batteries, moteurs, optronique, RF, composites pour fabricants UAV.",Review website and validate opportunity,Engines / propulsion,Eurosatory 2026 Catalog
ООО “Electronic autonomous solutions”,https://eascompany.uz/en/,Uzbekistan,ТАШКЕНТ,https://www.linkedin.com/posts/azizbek-ubaydullaev-4a3467389_eas-dronedetection-security-activity-7385974691049603072-LW-L/?utm_source=social_share_send&utm_medium=member_desktop_web&rcm=ACoAAF-kV_sBkN5Kgc4zhMJZGEqd2rouTQ3aI5E,Electronic warfare,OEM,80.0,A,New,"Amplis RF, processeurs signal, embarqué, antennes pour EW.",Contact sales team and qualify need,Engines / propulsion,Eurosatory 2026 Catalog
