account_name,country,priority_level,lead_score,target_type,buying_need_main,ideal_seller_profile,recommended_sales_angle,short_pitch,website_url,linkedin_company_url,lead_status,next_best_action,notes
"NT SERVICE"" UAB",Lituanie,A,75.0,Acheteur potentiel,Energy / batteries,"Fournisseur de RF, radars, optronique et embarqués pour stacks anti-drone.","Their counter-UAV stack relies on RF, radar, optronics and embedded systems — exactly what we supply. Talk to procurement / chief engineer.","Hi — I noticed NT SERVICE"" UAB builds UAV / drones, Robotics / UGV (+3) for Counter-UAV.",http://ntservice.eu/,https://www.linkedin.com/company/nt-service-uab,New,Contact sales team and qualify need,
2H ENERGY,France,B,74.5,Acheteur potentiel,Engines / propulsion,"Front-ends RF, processeurs, mécanique de précision pour fabricants radars.","Radar / sensor lines need specialised electronics, signal processing chips and composite housings. Talk to chief engineer.","Hi — I noticed 2H ENERGY builds Vehicles, Radars (+3) for Radar / sensors.",http://www.2henergy.fr/,https://www.linkedin.com/company/8532886,New,Review website and validate opportunity,
2oneLab,Allemagne,B,70.5,Acheteur potentiel,Cloud / data services,"Vend des sous-systèmes / composants à un OEM construisant Software / Platforms, Logistics equipment.",2oneLab sells to forces — they need certified materials and ergonomic sub-systems.,"Hi — 2oneLab ships Software / Platforms, Logistics equipment (+2) to defense customers.",http://www.2onelab.com/,https://www.linkedin.com/company/2onelab-gmbh/,New,Review website and validate opportunity,
3M Svenska AB,Suède,D,,À vérifier,To enrich,Qualifier l'activité avant tout pitch ciblé.,To enrich,To enrich,http://www.3m.com/,,New,No immediate action,
4 Flutes Machining,États-Unis,D,,À vérifier,To enrich,Qualifier l'activité avant tout pitch ciblé.,To enrich,To enrich,https://www.4flutesmachining.com/,,New,No immediate action,
4C Strategies,Royaume-Uni,D,17.6,À vérifier,Industrial subcontracting / machining,Qualifier l'activité avant tout pitch ciblé.,"Public sources too thin — discovery call first, focused pitch second.",Hi — I noticed 4C Strategies at Eurosatory.,http://www.4cstrategies.com/,https://www.linkedin.com/company/4c-strategies,New,No immediate action,
4D CONCEPT,France,A,76.0,Fournisseur potentiel,Mechanical parts,"Front-ends RF, processeurs, mécanique de précision pour fabricants radars.","Radar / sensor lines need specialised electronics, signal processing chips and composite housings. Talk to chief engineer.","Hi — I noticed 4D CONCEPT builds Logistics equipment, Sensors (+1) for Radar / sensors.",http://www.4dconcept.fr/,https://www.linkedin.com/company/4dconcept/,New,Contact sales team and qualify need,
4iG Space and Defence Technologies Plc.,Hongrie,C,51.4,Acheteur potentiel,Energy / batteries,Sub-system / payload pour OEM drones tactiques.,UAV programs are scaling — 4iG Space and Defence Technologies Plc. is buying. Position [your sub-system] as a qualified alternative on their next platform.,Hi — 4iG Space and Defence Technologies Plc.,https://4igsdt.hu/,,New,Keep in watchlist,
4M Tactical,République tchèque,C,59.8,Acheteur potentiel,Electronic components,"Vend des sous-systèmes / composants à un OEM construisant Optronics / Optics, Soldier equipment.",4M Tactical sells to forces — they need certified materials and ergonomic sub-systems.,"Hi — 4M Tactical ships Optronics / Optics, Soldier equipment (+1) to Police / law enforcement.",https://4msystems.cz/,,New,Keep in watchlist,
4Security Tecnologia da Informação,Brésil,C,46.6,Acheteur potentiel,RF / microwave components,"Vend des sous-systèmes / composants à un OEM construisant Communications networks, Software / Platforms.",Qualify the activity before pitching.,"Hi — 4Security Tecnologia da Informação ships Communications networks, Software / Platforms to defense customers.",https://www.4secglobal.com/,https://www.linkedin.com/company/4SecGlobal,New,Keep in watchlist,
5.0 ROBOTICS,Estonie,A,80.5,Acheteur potentiel,Engines / propulsion,"Fournisseur de batteries, moteurs, optronique, RF, composites pour fabricants UAV.","UAV builds need batteries, motors, optronics, RF links and composites. Map their bill of materials with the supply chain lead.","Hi — I noticed 5.0 ROBOTICS builds Vehicles, UAV / drones (+8) for UAV / drones.",http://www.50robotics.com/,https://linkedin.com/company/50robotics,New,Contact sales team and qualify need,
"7STARLACK CO., LTD.",Taïwan,D,17.6,À vérifier,Industrial subcontracting / machining,Qualifier l'activité avant tout pitch ciblé.,"Public sources too thin — discovery call first, focused pitch second.","Hi — I noticed 7STARLACK CO., LTD.",http://7starlake.com/,https://www.linkedin.com/company/7starlake/,New,No immediate action,
8Devices,Lituanie,A,78.0,Acheteur potentiel,Energy / batteries,"Fournisseur de batteries, moteurs, optronique, RF, composites pour fabricants UAV.","UAV builds need batteries, motors, optronics, RF links and composites. Map their bill of materials with the supply chain lead.","Hi — I noticed 8Devices builds UAV / drones, Software / Platforms (+4) for UAV / drones.",http://8devices.com/,https://lt.linkedin.com/company/8devices,New,Contact sales team and qualify need,
A.C.S.A. STEEL FORGINGS,Italie,C,57.9,Fournisseur potentiel,Cloud / data services,Activité à qualifier — discovery call avant pitch précis.,Public data is thin — qualify the activity before pitching supply.,Hi — I noticed A.C.S.A.,http://acsa.it/en/,https://www.linkedin.com/company/a-c-s-a-steel-forgings-s-p-a/mycompany/?viewAsMember=true,New,Keep in watchlist,
A2V SAS,France,A,77.0,Acheteur potentiel,Electronic components,"Capteurs, payloads optroniques, communications pour plateformes ISR.","ISR platforms aggregate sensors, comms and AI. Map A2V SAS's integration partners.","Hi — I noticed A2V SAS builds Robotics / UGV, Logistics equipment (+6) for Intelligence / ISR.",https://a2v.fr/,https://www.linkedin.com/company/a2v/,New,Contact sales team and qualify need,
AADS,Gibraltar,D,37.6,Distributeur potentiel,Industrial subcontracting / machining,Canal de distribution / représentation pour notre portefeuille.,Mutual distribution alignment — pitch a portfolio swap or co-marketing.,Hi — we're scouting an exclusive distributor for your region.,http://www.aads-gib.com/,https://www.linkedin.com/company/africaautomotivedistributionservices,New,No immediate action,
AAE - Advanced Armour Engineering,Émirats arabes unis,B,72.0,Acheteur potentiel,Engines / propulsion,"Sous-systèmes, composites, certification pour primes terrestres.",Land defense primes integrate huge supply chains. Procurement is the buyer.,"Hi — I noticed AAE - Advanced Armour Engineering builds Vehicles, Ballistic protection (+6) for Land defense.",http://www.armoureng.com/,https://www.linkedin.com/company/advanced-armour-engineering/,New,Review website and validate opportunity,
Aage Christensen Defence,Danemark,D,,À vérifier,To enrich,Qualifier l'activité avant tout pitch ciblé.,To enrich,To enrich,,,New,No immediate action,
Aalberts Surface Technologies,France,A,80.5,Acheteur potentiel,Engines / propulsion,"Amplis RF, processeurs signal, embarqué, antennes pour EW.","EW systems source RF amplifiers, signal-processing chips, embedded computing and antennas. Talk to RF system lead.","Hi — I noticed Aalberts Surface Technologies builds Vehicles, Electronic components (+9) for Electronic warfare.",https://www.aalberts-st.com/,https://www.linkedin.com/company/aalberts-surface-treatment-gmbh/?lipi=urn%3Ali%3Apage%3Ad_flagship3_search_srp_all%3BZyHZAJL6R%2Be0Vv03w7BGTg%3D%3D,New,Contact sales team and qualify need,
Aalborg University,Danemark,D,,À vérifier,To enrich,Qualifier l'activité avant tout pitch ciblé.,To enrich,To enrich,,,New,No immediate action,
Aaronia AG,Allemagne,D,18.6,À vérifier,Industrial subcontracting / machining,Qualifier l'activité avant tout pitch ciblé.,"Public sources too thin — discovery call first, focused pitch second.",Hi — I noticed Aaronia AG at Eurosatory.,http://www.aaronia.de/,,New,No immediate action,
AART ELECTRONICS,France,B,66.4,Acheteur potentiel,Engines / propulsion,"Moteurs, composites, plaques balistiques, optronique, comms pour OEM blindés.","Armored vehicle OEMs buy engines, composites, ballistic plates, optronics, comms and specialised mechanics in volume.","Hi — I noticed AART ELECTRONICS builds Vehicles, Logistics equipment for Armored vehicles.",https://www.aart-electronics.com/,,New,Review website and validate opportunity,
AB Giraites Ginkluotes Gamykla (GGG),Lituanie,B,68.4,Acheteur potentiel,Energetic materials,"Matériaux énergétiques, mécanique, packaging, certification.","Ammunition makers buy energetic materials, mechanical parts, packaging and certification services.",Hi — I noticed AB Giraites Ginkluotes Gamykla (GGG) builds Ammunition for Ammunition.,http://www.ggg-ammo.lt/,https://www.linkedin.com/company/ab-giraites-ginkluotes-gamykla/,New,Review website and validate opportunity,
ABIMDE,Brésil,D,17.6,À vérifier,Industrial subcontracting / machining,Qualifier l'activité avant tout pitch ciblé.,"Public sources too thin — discovery call first, focused pitch second.",Hi — I noticed ABIMDE at Eurosatory.,https://abimde.org.br/pt-br/,https://www.linkedin.com/company/abimde/?originalSubdomain=br,New,No immediate action,
ABMI,France,B,66.4,Acheteur potentiel,Mechanical parts,"Outils CAD, simulation, certification pour bureau d'études.","Engineering shops buy CAD licences, simulation tools and certification services.",Hi — I noticed ABMI builds Logistics equipment for Engineering services.,http://abmi-groupe.com/,https://www.linkedin.com/company/abmi-engineering/,New,Review website and validate opportunity,
ABRIS Design Group,Pologne,A,75.0,Acheteur potentiel,Engines / propulsion,"Capteurs, payloads optroniques, communications pour plateformes ISR.","ISR platforms aggregate sensors, comms and AI. Map ABRIS Design Group's integration partners.","Hi — I noticed ABRIS Design Group builds Vehicles, UAV / drones (+10) for Intelligence / ISR.",https://abris-dg.com/,https://www.linkedin.com/company/abrisdesigngroup/posts/?feedView=all,New,Contact sales team and qualify need,
Accurate Nordic,Suède,D,19.6,À vérifier,Industrial subcontracting / machining,Qualifier l'activité avant tout pitch ciblé.,"Public sources too thin — discovery call first, focused pitch second.",Hi — I noticed Accurate Nordic at Eurosatory.,http://www.accuratenordic.com/,,New,No immediate action,
ACCURISION GMBH,Autriche,D,,À vérifier,To enrich,Qualifier l'activité avant tout pitch ciblé.,To enrich,To enrich,,,New,No immediate action,
ACCUWATT TECHNOLOGIES,France,B,72.0,Acheteur potentiel,Energy / batteries,"Fournisseur de batteries, moteurs, optronique, RF, composites pour fabricants UAV.","UAV builds need batteries, motors, optronics, RF links and composites. Map their bill of materials with the supply chain lead.","Hi — I noticed ACCUWATT TECHNOLOGIES builds UAV / drones, Sensors (+3) for UAV / drones.",https://www.accuwatt-technologies.com/,https://www.linkedin.com/company/accuwatt-technologies-france,New,Review website and validate opportunity,
ACGB – OTS,France,B,70.5,Acheteur potentiel,Engines / propulsion,"Front-ends RF, processeurs, mécanique de précision pour fabricants radars.","Radar / sensor lines need specialised electronics, signal processing chips and composite housings. Talk to chief engineer.","Hi — I noticed ACGB – OTS builds Vehicles, Sensors for Radar / sensors.",https://www.acgb.com/,https://www.linkedin.com/company/635770/,New,Review website and validate opportunity,
ACOME GROUP,France,A,76.5,Acheteur potentiel,RF / microwave components,"Capteurs, payloads optroniques, communications pour plateformes ISR.","ISR platforms aggregate sensors, comms and AI. Map ACOME GROUP's integration partners.","Hi — I noticed ACOME GROUP builds Communications networks, Engines / propulsion (+4) for Intelligence / ISR.",http://www.acome.com/fr,https://www.linkedin.com/company/acome/,New,Contact sales team and qualify need,
ACS Armoured Car Systems,Allemagne,C,50.0,Acheteur potentiel,Engines / propulsion,"Vend des sous-systèmes / composants à un OEM construisant Vehicles, Ballistic protection.",ACS Armoured Car Systems sells armour — they need composites and certified test-houses. Procurement is the buyer.,"Hi — ACS Armoured Car Systems ships Vehicles, Ballistic protection to defense customers.",http://www.acs-armoured-cars.com/,https://www.linkedin.com/company/acs-armoured-car-systems-gmbh,New,Keep in watchlist,
Actemium Bonnétage Automation (AC Automation),France,D,,À vérifier,To enrich,Qualifier l'activité avant tout pitch ciblé.,To enrich,To enrich,http://acautomation.fr/,,New,No immediate action,
Actemium Maintenance Auxerre,France,A,80.0,Acheteur potentiel,Energy / batteries,"Capteurs, payloads optroniques, communications pour plateformes ISR.","ISR platforms aggregate sensors, comms and AI. Map Actemium Maintenance Auxerre's integration partners.","Hi — I noticed Actemium Maintenance Auxerre builds UAV / drones, Software / Platforms (+4) for Intelligence / ISR.",https://www.actemium.fr/implantations/actemium-maintenance-auxerre,https://www.linkedin.com/company/actemium-france,New,Contact sales team and qualify need,
ACTIA AEROSPACE,France,D,,À vérifier,To enrich,Qualifier l'activité avant tout pitch ciblé.,To enrich,To enrich,https://aerospace.actia.com/,,New,No immediate action,
ACTinBlack Europe SARL,Luxembourg,B,65.3,Acheteur potentiel,Electronic components,"Textiles, composites, optronique, énergie pour kits soldat.","Soldier system vendors source textiles, composites, optronics and energy. Lead with NATO / military pedigree.","Hi — I noticed ACTinBlack Europe SARL builds Optronics / Optics, Soldier equipment (+1) for Soldier systems.",http://www.actinblack.com/,,New,Review website and validate opportunity,
ADDEV Materials,France,A,77.0,Acheteur potentiel,Electronic components,"Composites, capteurs, comms, lancement pour primes spatiaux.","Space primes source composites, sensors, comms and launch services.","Hi — I noticed ADDEV Materials builds Sensors, Logistics equipment (+3) for Space / satellite.",http://addevmaterials.com/,https://www.linkedin.com/company/addevmaterials-aerospace/,New,Contact sales team and qualify need,
ADDITESS,Cyprus,A,82.0,Acheteur potentiel,Energy / batteries,"Capteurs, payloads optroniques, communications pour plateformes ISR.","ISR platforms aggregate sensors, comms and AI. Map ADDITESS's integration partners.","Hi — I noticed ADDITESS builds UAV / drones, Software / Platforms (+9) for Intelligence / ISR.",https://additess.com/,https://www.linkedin.com/company/4872752/admin/feed/posts/,New,Contact sales team and qualify need,
ADDUP,France,D,14.6,À vérifier,Industrial subcontracting / machining,Qualifier l'activité avant tout pitch ciblé.,"Public sources too thin — discovery call first, focused pitch second.",Hi — I noticed ADDUP at Eurosatory.,https://addupsolutions.com/fr/,https://www.linkedin.com/company/addup/,New,No immediate action,
ADNEC - UAE National Pavilion,Émirats arabes unis,A,81.0,Acheteur potentiel,Engines / propulsion,"Vend des sous-systèmes / composants à un OEM construisant Vehicles, Communications networks.",ADNEC - UAE National Pavilion's ISR offer needs sensor primes and data-fusion suppliers. Engineering / programme is the buyer.,"Hi — ADNEC - UAE National Pavilion ships Vehicles, Communications networks (+7) to Defense ministries, Aerospace primes.",http://www.adnecgroup.ae/,https://www.linkedin.com/company/adnecgroup/,New,Contact sales team and qualify need,
ADR,France,A,76.0,Acheteur potentiel,RF / microwave components,"Textiles, composites, optronique, énergie pour kits soldat.","Soldier system vendors source textiles, composites, optronics and energy. Lead with NATO / military pedigree.","Hi — I noticed ADR builds Communications networks, Sensors (+6) for Soldier systems.",http://adr-alcen.com/,https://fr.linkedin.com/company/adr-alcen,New,Contact sales team and qualify need,
ADS Group Limited,Royaume-Uni,A,84.5,Acheteur potentiel,Cloud / data services,"Threat intel, hardware appliances, cloud souverain, audits.","Cyber-defense vendors source threat intel feeds, hardware appliances, cloud and certification services. Procurement / CISO are entry points.","Hi — I noticed ADS Group Limited builds Cybersecurity solutions, Communications networks (+5) for Cybersecurity.",http://www.adsgroup.org.uk/,https://www.linkedin.com/company/ads-group-ltd/,New,Contact sales team and qualify need,
ADV Defense,Lituanie,B,69.5,Acheteur potentiel,Energy / batteries,"Fournisseur de batteries, moteurs, optronique, RF, composites pour fabricants UAV.","UAV builds need batteries, motors, optronics, RF links and composites. Map their bill of materials with the supply chain lead.","Hi — I noticed ADV Defense builds UAV / drones, Software / Platforms (+4) for UAV / drones.",http://www.advdefense.lt/,,New,Review website and validate opportunity,
ADVANCED DESIGN SOLUTION S.R.O.,République tchèque,B,70.6,Acheteur potentiel,Engines / propulsion,"Moteurs, composites, plaques balistiques, optronique, comms pour OEM blindés.","Armored vehicle OEMs buy engines, composites, ballistic plates, optronics, comms and specialised mechanics in volume.",Hi — I noticed ADVANCED DESIGN SOLUTION S.R.O.,http://www.ads-cz.com/,,New,Review website and validate opportunity,
ADVANTAGE AUSTRIA,Autriche,A,82.0,Acheteur potentiel,RF / microwave components,"Radars, sonars, comms, armement, sustainment pour primes navals.","Naval primes buy radars, sonars, comms, weapons and sustainment in long cycles.","Hi — I noticed ADVANTAGE AUSTRIA builds Communications networks, Software / Platforms (+5) for Naval defense.",http://www.advantageaustria.org/,https://at.linkedin.com/company/advantageaustria,New,Contact sales team and qualify need,
ADVANTECH,France,A,85.0,Acheteur potentiel,Engines / propulsion,"Threat intel, hardware appliances, cloud souverain, audits.","Cyber-defense vendors source threat intel feeds, hardware appliances, cloud and certification services. Procurement / CISO are entry points.","Hi — I noticed ADVANTECH builds Vehicles, Sensors (+8) for Cybersecurity.",http://www.advantech.com/en-eu,https://www.linkedin.com/company/advantech-europe/,New,Contact sales team and qualify need,
Advent Atum Pty Ltd,Australie,A,82.0,Acheteur potentiel,Energy / batteries,"Capteurs, payloads optroniques, communications pour plateformes ISR.","ISR platforms aggregate sensors, comms and AI. Map Advent Atum Pty Ltd's integration partners.","Hi — I noticed Advent Atum Pty Ltd builds UAV / drones, Software / Platforms (+10) for Intelligence / ISR.",http://adventatum.com/,https://au.linkedin.com/company/adventatum,New,Contact sales team and qualify need,
adwäisEO,Luxembourg,D,,À vérifier,To enrich,Qualifier l'activité avant tout pitch ciblé.,To enrich,To enrich,https://adwaiseo.eu/en/,,New,No immediate action,
AEC Skyline,Pays-Bas,A,81.5,Acheteur potentiel,Energy / batteries,"Capteurs, payloads optroniques, communications pour plateformes ISR.","ISR platforms aggregate sensors, comms and AI. Map AEC Skyline's integration partners.","Hi — I noticed AEC Skyline builds UAV / drones, Sensors (+16) for Intelligence / ISR.",http://www.aec-skyline.com/,https://www.linkedin.com/company/aec-skyline/,New,Contact sales team and qualify need,
Aedus Space Ltd.,Hongrie,D,16.6,À vérifier,Industrial subcontracting / machining,Qualifier l'activité avant tout pitch ciblé.,"Public sources too thin — discovery call first, focused pitch second.",Hi — I noticed Aedus Space Ltd.,https://aedusspace.com/aedusspace.html,,New,No immediate action,
Aeffe srl Keelcrab,Italie,A,83.0,Acheteur potentiel,Energy / batteries,"Fournisseur de batteries, moteurs, optronique, RF, composites pour fabricants UAV.","UAV builds need batteries, motors, optronics, RF links and composites. Map their bill of materials with the supply chain lead.","Hi — I noticed Aeffe srl Keelcrab builds UAV / drones, Robotics / UGV (+7) for UAV / drones.",https://www.keelcrab.com/,https://www.linkedin.com/company/15155176/admin/dashboard/,New,Contact sales team and qualify need,
AERIADES,France,B,69.2,Sous-traitant,Mechanical parts,"Pièces de rechange, calibration, certification pour acteurs MRO.","MRO providers source spare parts, calibration tools and certification services. Procurement is the buyer.","Hi — I noticed AERIADES builds Logistics equipment, Communications networks for Logistics / MRO.",http://aeriades.fr/,,New,Review website and validate opportunity,
AERIX SYSTEMS,France,C,56.1,Acheteur potentiel,Energy / batteries,"Front-ends RF, processeurs, mécanique de précision pour fabricants radars.","Radar / sensor lines need specialised electronics, signal processing chips and composite housings. Talk to chief engineer.","Hi — I noticed AERIX SYSTEMS builds UAV / drones, Radars (+3) for Radar / sensors.",https://www.aerix-systems.com/,https://fr.linkedin.com/company/aerix-systems,New,Keep in watchlist,
AERO CONCEPT ENGINEERING,France,B,71.5,Acheteur potentiel,Engines / propulsion,"Fournisseur de batteries, moteurs, optronique, RF, composites pour fabricants UAV.","UAV builds need batteries, motors, optronics, RF links and composites. Map their bill of materials with the supply chain lead.","Hi — I noticed AERO CONCEPT ENGINEERING builds Vehicles, UAV / drones (+5) for UAV / drones.",https://www.aero-ce.com/,https://www.linkedin.com/company/aero-concept-engineering/,New,Review website and validate opportunity,
AEROCENTRE,France,B,63.5,Acheteur potentiel,Mechanical parts,"Fournisseur de batteries, moteurs, optronique, RF, composites pour fabricants UAV.","UAV builds need batteries, motors, optronics, RF links and composites. Map their bill of materials with the supply chain lead.","Hi — I noticed AEROCENTRE builds Logistics equipment, Engines / propulsion (+3) for UAV / drones.",https://aero-centre.fr/,https://www.linkedin.com/company/aerocentre/,New,Review website and validate opportunity,
AEROGLOW INTERNATIONAL,Royaume-Uni,D,,À vérifier,To enrich,Qualifier l'activité avant tout pitch ciblé.,To enrich,To enrich,https://www.aeroglowinternational.com/,,New,No immediate action,
Aeron Systems Pvt Ltd,Inde,B,74.5,Acheteur potentiel,Engines / propulsion,"Sous-systèmes, composites, certification pour primes terrestres.",Land defense primes integrate huge supply chains. Procurement is the buyer.,"Hi — I noticed Aeron Systems Pvt Ltd builds Vehicles, UAV / drones (+4) for Land defense.",https://aeronsystems.com/,https://www.linkedin.com/company/aeron-systems-pvt.-ltd./about/,New,Review website and validate opportunity,
AERONAUTICS GROUP,Israël,C,46.8,Acheteur potentiel,Energy / batteries,Sub-system / payload pour OEM drones tactiques.,UAV programs are scaling — AERONAUTICS GROUP is buying. Position [your sub-system] as a qualified alternative on their next platform.,Hi — AERONAUTICS GROUP ships UAV / drones to defense customers.,http://www.aeronautics-sys.com/,https://www.linkedin.com/company/aeronautics/,New,Keep in watchlist,
AEROSPACE & DEFENCE,France,B,69.0,Acheteur potentiel,Composite materials,"Composites, capteurs, comms, lancement pour primes spatiaux.","Space primes source composites, sensors, comms and launch services.","Hi — I noticed AEROSPACE & DEFENCE builds Satellites / Space, Engines / propulsion (+7) for Space / satellite.",https://www.acmh.fr/,,New,Review website and validate opportunity,
AEROVIRONMENT (AV),États-Unis,B,71.5,Acheteur potentiel,Energy / batteries,"Capteurs, payloads optroniques, communications pour plateformes ISR.","ISR platforms aggregate sensors, comms and AI. Map AEROVIRONMENT (AV)'s integration partners.","Hi — I noticed AEROVIRONMENT (AV) builds UAV / drones, Counter-UAV systems (+12) for Intelligence / ISR.",http://www.avinc.com/,https://www.linkedin.com/company/aerovironment/,New,Review website and validate opportunity,
AERTEC,Espagne,B,68.0,Acheteur potentiel,Energy / batteries,"Fournisseur de batteries, moteurs, optronique, RF, composites pour fabricants UAV.","UAV builds need batteries, motors, optronics, RF links and composites. Map their bill of materials with the supply chain lead.","Hi — I noticed AERTEC builds UAV / drones, Sensors (+2) for UAV / drones.",https://www.aertecsolutions.com/,https://es.linkedin.com/company/aertec,New,Review website and validate opportunity,
Africa Global Logistics,France,B,74.5,Acheteur potentiel,RF / microwave components,"Moteurs, composites, plaques balistiques, optronique, comms pour OEM blindés.","Armored vehicle OEMs buy engines, composites, ballistic plates, optronics, comms and specialised mechanics in volume.","Hi — I noticed Africa Global Logistics builds Communications networks, Naval systems (+3) for Armored vehicles.",https://www.aglgroup.com/,https://www.linkedin.com/company/africagloballogistics/,New,Review website and validate opportunity,
AFRY,Suède,D,,À vérifier,To enrich,Qualifier l'activité avant tout pitch ciblé.,To enrich,To enrich,,,New,No immediate action,
AG Optics,Corée du Sud,B,66.0,Fournisseur potentiel,Electronic components,"Front-ends RF, processeurs, mécanique de précision pour fabricants radars.","Radar / sensor lines need specialised electronics, signal processing chips and composite housings. Talk to chief engineer.","Hi — I noticed AG Optics builds Optronics / Optics, Sensors for Radar / sensors.",https://www.agoptics.co.kr/en,,New,Review website and validate opportunity,
AGC Plasma Technology Solutions,Belgique,B,73.5,Acheteur potentiel,"Materials (Li-ion, electrolytes)","Textiles, composites, optronique, énergie pour kits soldat.","Soldier system vendors source textiles, composites, optronics and energy. Lead with NATO / military pedigree.","Hi — I noticed AGC Plasma Technology Solutions builds Energy / batteries, Communications networks (+4) for Soldier systems.",http://www.agc-plasma.com/,https://www.linkedin.com/showcase/agc-plasma-technology-solutions/?viewAsMember=true,New,Review website and validate opportunity,
Agence Wallonne à l'Exportation et aux I.E.,Belgique,D,19.6,À vérifier,Industrial subcontracting / machining,Qualifier l'activité avant tout pitch ciblé.,"Public sources too thin — discovery call first, focused pitch second.",Hi — I noticed Agence Wallonne à l'Exportation et aux I.E.,https://www.awex.be/,https://www.linkedin.com/company/wallonia-export-investment-agency/,New,No immediate action,
AGENCIJA ALAN,Croatie,A,84.0,Acheteur potentiel,Engines / propulsion,"Sous-systèmes, composites, certification pour primes terrestres.",Land defense primes integrate huge supply chains. Procurement is the buyer.,"Hi — I noticed AGENCIJA ALAN builds Vehicles, UAV / drones (+8) for Land defense.",https://www.aalan.hr/,https://hr.linkedin.com/company/agencija-alan-d.o.o.,New,Contact sales team and qualify need,
AGM GLOBAL VISION,Bulgarie,A,83.5,Acheteur potentiel,Electronic components,"Textiles, composites, optronique, énergie pour kits soldat.","Soldier system vendors source textiles, composites, optronics and energy. Lead with NATO / military pedigree.","Hi — I noticed AGM GLOBAL VISION builds Sensors, Optronics / Optics (+5) for Soldier systems.",http://www.agmglobalvision.eu/,,New,Contact sales team and qualify need,
AGM ORTHOPAEDICS LLC,Lettonie,B,70.5,Acheteur potentiel,Cloud / data services,"Vend des sous-systèmes / composants à un OEM construisant Software / Platforms, Soldier equipment.",EW upgrades are a current priority for armed forces — AGM ORTHOPAEDICS LLC buys components and certification. Procurement is the entry point.,"Hi — AGM ORTHOPAEDICS LLC ships Software / Platforms, Soldier equipment (+5) to Border / customs.",http://www.trust-tq.com/,https://www.linkedin.com/company/agm-orthopaedics-trust-tq/,New,Review website and validate opportunity,
AGON ELECTRONICS,France,B,61.3,Fournisseur potentiel,Mechanical parts,"Matières premières, outils coupants, services qualité pour sous-traitants.","Sub-contractors buy raw materials, cutting tools and quality services.","Hi — I noticed AGON ELECTRONICS builds Logistics equipment, Embedded systems (+2) for Industrial subcontracting.",http://www.agon-electronics.com/,https://www.linkedin.com/company/ag%C3%B4n-electronics/,New,Review website and validate opportunity,
AGORAMECA,France,B,60.7,Fournisseur potentiel,"Raw materials (steel, aluminium)","Matières premières, outils coupants, services qualité pour sous-traitants.","Sub-contractors buy raw materials, cutting tools and quality services.",Hi — I noticed AGORAMECA builds Mechanical parts for Industrial subcontracting.,https://www.agorameca.com/,,New,Review website and validate opportunity,
AGORIA VZW/ASBL,Belgique,D,18.6,À vérifier,Industrial subcontracting / machining,Qualifier l'activité avant tout pitch ciblé.,"Public sources too thin — discovery call first, focused pitch second.",Hi — I noticed AGORIA VZW/ASBL at Eurosatory.,https://www.agoria.be/en/themes/businessgroups/safety-security-defence/belgian-security-defence-industry-defence-technologies-bsdidt/belgian-security-defence-industry-bsdi,https://www.linkedin.com/company/agoria,New,No immediate action,
AGP S GLASS EUROPE GMBH,Allemagne,B,70.0,Acheteur potentiel,Engines / propulsion,"Vend des sous-systèmes / composants à un OEM construisant Vehicles, Engines / propulsion.",AGP S GLASS EUROPE GMBH buys for next-gen platforms — engineering and supply chain are the buyers.,"Hi — AGP S GLASS EUROPE GMBH ships Vehicles, Engines / propulsion to Police / law enforcement.",http://www.agpglass.com/,,New,Review website and validate opportunity,
AI Verse,France,A,75.5,Acheteur potentiel,Engines / propulsion,"Capteurs, payloads optroniques, communications pour plateformes ISR.","ISR platforms aggregate sensors, comms and AI. Map AI Verse's integration partners.","Hi — I noticed AI Verse builds Vehicles, UAV / drones (+6) for Intelligence / ISR.",http://www.ai-verse.com/,https://www.linkedin.com/company/ai-verse/,New,Contact sales team and qualify need,
AIAD & M.O.D ITALIAN INDUSTRIES,Italie,C,50.1,Acheteur potentiel,RF / microwave components,"Vend des sous-systèmes / composants à un OEM construisant Communications networks, Software / Platforms.",AIAD & M.O.D ITALIAN INDUSTRIES adapts civil tech for defense — they need MIL-grade sub-suppliers.,"Hi — AIAD & M.O.D ITALIAN INDUSTRIES ships Communications networks, Software / Platforms to Aerospace primes.",http://www.aiad.it/,https://www.linkedin.com/company/aiad-federazione-aziende-italiane-aerospazio-difesa-sicurezza/about/,New,Keep in watchlist,
AICOX SOLUCIONES,Espagne,D,,À vérifier,To enrich,Qualifier l'activité avant tout pitch ciblé.,To enrich,To enrich,https://www.aicox.com/,,New,No immediate action,
AIM Infrarot-Module,Allemagne,B,68.0,Acheteur potentiel,Composite materials,Vend des sous-systèmes / composants à un OEM construisant Satellites / Space.,AIM Infrarot-Module builds space hardware — they need certified components and test services.,Hi — AIM Infrarot-Module ships Satellites / Space to Aerospace primes.,https://www.aim-ir.com/,,New,Review website and validate opportunity,
Aimpoint AB,Suède,D,,À vérifier,To enrich,Qualifier l'activité avant tout pitch ciblé.,To enrich,To enrich,http://www.aimpoint.com/,,New,No immediate action,
Air Target,Suède,B,70.0,Acheteur potentiel,Engines / propulsion,"Front-ends RF, processeurs, mécanique de précision pour fabricants radars.","Radar / sensor lines need specialised electronics, signal processing chips and composite housings. Talk to chief engineer.","Hi — I noticed Air Target builds Vehicles, UAV / drones (+8) for Radar / sensors.",http://www.airtarget.com/,https://www.linkedin.com/company/air-target-sweden/?viewAsMember=true,New,Review website and validate opportunity,
AIRBORNE SYSTEMS FRANCE,France,B,74.5,Acheteur potentiel,Engines / propulsion,"Sous-systèmes, composites, certification pour primes terrestres.",Land defense primes integrate huge supply chains. Procurement is the buyer.,"Hi — I noticed AIRBORNE SYSTEMS FRANCE builds Vehicles, UAV / drones (+9) for Land defense.",https://airborne-sys.com/,,New,Review website and validate opportunity,
AIRBORNE TECHNOLOGIES GMBH,Autriche,A,84.5,Acheteur potentiel,Engines / propulsion,"Amplis RF, processeurs signal, embarqué, antennes pour EW.","EW systems source RF amplifiers, signal-processing chips, embedded computing and antennas. Talk to RF system lead.","Hi — I noticed AIRBORNE TECHNOLOGIES GMBH builds Vehicles, UAV / drones (+6) for Electronic warfare.",https://www.airbornetechnologies.at/,https://www.linkedin.com/company/airborne-technologies-gmbh-austria/,New,Contact sales team and qualify need,
AIRBUS,France,A,77.0,Acheteur potentiel,Mechanical parts,"Capteurs, payloads optroniques, communications pour plateformes ISR.","ISR platforms aggregate sensors, comms and AI. Map AIRBUS's integration partners.","Hi — I noticed AIRBUS builds Engines / propulsion, Communications networks (+10) for Intelligence / ISR.",https://www.airbus.com/,https://www.linkedin.com/company/airbusgroup,New,Contact sales team and qualify need,
Airolit AB,Suède,D,,À vérifier,To enrich,Qualifier l'activité avant tout pitch ciblé.,To enrich,To enrich,,,New,No immediate action,
AIRSENSE Analytics,Allemagne,A,75.0,Acheteur potentiel,Electronic components,"Capteurs, payloads optroniques, communications pour plateformes ISR.","ISR platforms aggregate sensors, comms and AI. Map AIRSENSE Analytics's integration partners.","Hi — I noticed AIRSENSE Analytics builds Sensors, Soldier equipment (+9) for Intelligence / ISR.",https://www.airsense.com/,https://www.linkedin.com/company/airsense-analytics-gmbh/,New,Contact sales team and qualify need,
AIRTECH EUROPE Sarl,Luxembourg,C,52.6,Acheteur potentiel,Industrial subcontracting / machining,Activité à qualifier — discovery call avant pitch précis.,Public data is thin — qualify the activity before pitching supply.,Hi — I noticed AIRTECH EUROPE Sarl builds — for Other.,http://airtech.lu/,https://www.linkedin.com/company/airtech-advanced-materials-group/,New,Keep in watchlist,
Airvolute,Slovaquie,B,74.0,Acheteur potentiel,Energy / batteries,"Capteurs, payloads optroniques, communications pour plateformes ISR.","ISR platforms aggregate sensors, comms and AI. Map Airvolute's integration partners.","Hi — I noticed Airvolute builds UAV / drones, Sensors (+7) for Intelligence / ISR.",https://www.airvolute.com/,,New,Review website and validate opportunity,
Airwayz,Israël,B,68.0,Acheteur potentiel,Cloud / data services,"Fournisseur de batteries, moteurs, optronique, RF, composites pour fabricants UAV.","UAV builds need batteries, motors, optronics, RF links and composites. Map their bill of materials with the supply chain lead.","Hi — I noticed Airwayz builds Software / Platforms, Logistics equipment (+2) for UAV / drones.",https://www.airwayz.co/,https://www.linkedin.com/company/airwayz,New,Review website and validate opportunity,
AKAER,Brésil,B,74.5,Fournisseur potentiel,Cloud / data services,"Amplis RF, processeurs signal, embarqué, antennes pour EW.","EW systems source RF amplifiers, signal-processing chips, embedded computing and antennas. Talk to RF system lead.","Hi — I noticed AKAER builds Software / Platforms, Robotics / UGV (+4) for Electronic warfare.",https://www.akaer.com.br/,https://www.linkedin.com/company/akaer-engenharia-ltda/,New,Review website and validate opportunity,
AKG Group,France,A,82.0,Acheteur potentiel,Engines / propulsion,"Front-ends RF, processeurs, mécanique de précision pour fabricants radars.","Radar / sensor lines need specialised electronics, signal processing chips and composite housings. Talk to chief engineer.","Hi — I noticed AKG Group builds Vehicles, Software / Platforms (+5) for Radar / sensors.",http://www.akg-group.com/,https://www.linkedin.com/company/akg-thermotechnik-international-gmbh,New,Contact sales team and qualify need,
AKIRA TECHNOLOGIES,France,B,68.1,Acheteur potentiel,Mechanical parts,"Front-ends RF, processeurs, mécanique de précision pour fabricants radars.","Radar / sensor lines need specialised electronics, signal processing chips and composite housings. Talk to chief engineer.","Hi — I noticed AKIRA TECHNOLOGIES builds Engines / propulsion, Sensors for Radar / sensors.",https://www.akira.pro/,https://fr.linkedin.com/company/akira-tech,New,Review website and validate opportunity,
AKMON S.A.,Grèce,A,76.5,Sous-traitant,Mechanical parts,"Pièces de rechange, calibration, certification pour acteurs MRO.","MRO providers source spare parts, calibration tools and certification services. Procurement is the buyer.",Hi — I noticed AKMON S.A.,https://www.akmonsa.gr/,https://www.linkedin.com/company/akmon-s-a/,New,Contact sales team and qualify need,
Aksum Armored,Émirats arabes unis,B,66.0,Acheteur potentiel,Engines / propulsion,"Vend des sous-systèmes / composants à un OEM construisant Vehicles, Software / Platforms.","Aksum Armored pitches end-to-end C4ISR; they need sub-systems, software components and compliance services.","Hi — Aksum Armored ships Vehicles, Software / Platforms (+3) to Critical infrastructure.",http://www.aksumarmored.com/,https://www.linkedin.com/company/aksumarmoredvehicles/,New,Review website and validate opportunity,
AKTYVUS PHOTONICS,Lituanie,A,85.0,Acheteur potentiel,Mechanical parts,"Capteurs, payloads optroniques, communications pour plateformes ISR.","ISR platforms aggregate sensors, comms and AI. Map AKTYVUS PHOTONICS's integration partners.","Hi — I noticed AKTYVUS PHOTONICS builds Logistics equipment, Communications networks (+5) for Intelligence / ISR.",https://www.aktyvusphotonics.com/,https://www.linkedin.com/company/86300195,New,Contact sales team and qualify need,
AL JUNDI JOURNAL - UAE MINISTRY OF DEFENCE,Émirats arabes unis,D,19.6,À vérifier,Industrial subcontracting / machining,Qualifier l'activité avant tout pitch ciblé.,"Public sources too thin — discovery call first, focused pitch second.",Hi — I noticed AL JUNDI JOURNAL - UAE MINISTRY OF DEFENCE at Eurosatory.,http://www.aljundi.ae/en/,,New,No immediate action,
ALA,France,A,78.0,Acheteur potentiel,RF / microwave components,"Composites, capteurs, comms, lancement pour primes spatiaux.","Space primes source composites, sensors, comms and launch services.","Hi — I noticed ALA builds Communications networks, Satellites / Space (+1) for Space / satellite.",http://www.alacorporation.com/,https://www.linkedin.com/company/a-l-a--spa/,New,Contact sales team and qualify need,
ALCEN,France,A,82.0,Acheteur potentiel,Energy / batteries,"Capteurs, payloads optroniques, communications pour plateformes ISR.","ISR platforms aggregate sensors, comms and AI. Map ALCEN's integration partners.","Hi — I noticed ALCEN builds UAV / drones, Sensors (+15) for Intelligence / ISR.",http://alcen.com/,https://www.linkedin.com/company/alcen,New,Contact sales team and qualify need,
ALFAPROJ s.r.o.,République tchèque,D,19.6,À vérifier,Industrial subcontracting / machining,Qualifier l'activité avant tout pitch ciblé.,"Public sources too thin — discovery call first, focused pitch second.",Hi — I noticed ALFAPROJ s.r.o.,http://www.alfaproj.cz/,,New,No immediate action,
"Aliter Technologies, a.s.",Slovaquie,A,81.0,Acheteur potentiel,Engines / propulsion,"Capteurs, payloads optroniques, communications pour plateformes ISR.","ISR platforms aggregate sensors, comms and AI. Map Aliter Technologies, a.s.'s integration partners.","Hi — I noticed Aliter Technologies, a.s.",http://www.aliter.com/,https://www.linkedin.com/company/268928/,New,Contact sales team and qualify need,
Allen-Vanguard,Canada,D,20.6,À vérifier,Industrial subcontracting / machining,Qualifier l'activité avant tout pitch ciblé.,"Public sources too thin — discovery call first, focused pitch second.",Hi — I noticed Allen-Vanguard at Eurosatory.,http://allenvanguard.com/,https://www.linkedin.com/company/allen-vanguard/,New,No immediate action,
ALLEVIO GROUPE,France,C,56.7,Fournisseur potentiel,"Raw materials (steel, aluminium)","Matières premières, outils coupants, services qualité pour sous-traitants.","Sub-contractors buy raw materials, cutting tools and quality services.",Hi — I noticed ALLEVIO GROUPE builds Mechanical parts for Industrial subcontracting.,https://www.allevio-groupe.com/,https://www.linkedin.com/company/aeroplast-group/,New,Keep in watchlist,
ALLIANCE DEFENSE & SECURITY,France,B,70.2,Acheteur potentiel,Mechanical parts,"Usinage de précision, matériaux, optronique, composants munitions ITAR-friendly.","Weapon manufacturers source precision machining, materials, optronics and ammunition components — heavy export control.","Hi — I noticed ALLIANCE DEFENSE & SECURITY builds Weapons, Ammunition for Weapons.",http://www.alliance-groupe.com/,,New,Review website and validate opportunity,
Allianz Vie,France,D,,À vérifier,To enrich,Qualifier l'activité avant tout pitch ciblé.,To enrich,To enrich,http://www.allianz.fr/,,New,No immediate action,
"ALLISON TRANSMISSION, INC.",États-Unis,A,81.0,Acheteur potentiel,Engines / propulsion,"Sous-systèmes, composites, certification pour primes terrestres.",Land defense primes integrate huge supply chains. Procurement is the buyer.,"Hi — I noticed ALLISON TRANSMISSION, INC.",http://www.allisontransmission.com/,https://www.linkedin.com/company/allison-transmission,New,Contact sales team and qualify need,
ALLWAN SECURITY,France,A,78.0,Acheteur potentiel,Energy / batteries,"Amplis RF, processeurs signal, embarqué, antennes pour EW.","EW systems source RF amplifiers, signal-processing chips, embedded computing and antennas. Talk to RF system lead.","Hi — I noticed ALLWAN SECURITY builds UAV / drones, Sensors (+6) for Electronic warfare.",https://www.allwan.eu/,,New,Contact sales team and qualify need,
AlmaDK,Kazakhstan,D,22.6,À vérifier,Industrial subcontracting / machining,Qualifier l'activité avant tout pitch ciblé.,"Confirm scope: police, border, fire, intelligence agency.",Hi — I noticed AlmaDK at Eurosatory.,http://www.almadk.kz/,,New,No immediate action,
ALPES USINAGE - SAS DECOPREM,France,D,,À vérifier,To enrich,Qualifier l'activité avant tout pitch ciblé.,To enrich,To enrich,,,New,No immediate action,
ALPHA AFFINITY GMBH,Allemagne,A,85.0,Acheteur potentiel,Energy / batteries,"Capteurs, payloads optroniques, communications pour plateformes ISR.","ISR platforms aggregate sensors, comms and AI. Map ALPHA AFFINITY GMBH's integration partners.","Hi — I noticed ALPHA AFFINITY GMBH builds UAV / drones, Counter-UAV systems (+9) for Intelligence / ISR.",http://www.alpha-affinity.com/,https://www.linkedin.com/company/alpha-affinity/,New,Contact sales team and qualify need,
ALPHA INNOVATIONS·RIPENERGY,Belgique,A,77.5,Acheteur potentiel,Cloud / data services,"Pièces de rechange, calibration, certification pour acteurs MRO.","MRO providers source spare parts, calibration tools and certification services. Procurement is the buyer.","Hi — I noticed ALPHA INNOVATIONS·RIPENERGY builds Software / Platforms, Energy / batteries (+5) for Logistics / MRO.",http://www.alphainnovations.eu/,https://www.linkedin.com/company/alpha-innovations-sa,New,Contact sales team and qualify need,
ALPHA NUM,France,A,78.5,Acheteur potentiel,Engines / propulsion,"Textiles, composites, optronique, énergie pour kits soldat.","Soldier system vendors source textiles, composites, optronics and energy. Lead with NATO / military pedigree.","Hi — I noticed ALPHA NUM builds Vehicles, Software / Platforms (+8) for Soldier systems.",https://www.alpha-num.fr/,,New,Contact sales team and qualify need,
Alpine Eagle,Allemagne,A,78.5,Acheteur potentiel,Energy / batteries,"Capteurs, payloads optroniques, communications pour plateformes ISR.","ISR platforms aggregate sensors, comms and AI. Map Alpine Eagle's integration partners.","Hi — I noticed Alpine Eagle builds UAV / drones, Counter-UAV systems (+10) for Intelligence / ISR.",http://www.alpineeagle.com/,https://www.linkedin.com/company/alpineeagle,New,Contact sales team and qualify need,
ALSETEX,France,B,68.1,Fournisseur potentiel,Electronic components,"Front-ends RF, processeurs, mécanique de précision pour fabricants radars.","Radar / sensor lines need specialised electronics, signal processing chips and composite housings. Talk to chief engineer.","Hi — I noticed ALSETEX builds Sensors, Ammunition (+2) for Radar / sensors.",https://www.alsetex.fr/,https://fr.linkedin.com/company/sae-alsetex,New,Review website and validate opportunity,
ALSONS GROUP,Pakistan,D,19.6,À vérifier,Industrial subcontracting / machining,Qualifier l'activité avant tout pitch ciblé.,"Public sources too thin — discovery call first, focused pitch second.",Hi — I noticed ALSONS GROUP at Eurosatory.,http://www.alsonsgroup.com./,https://www.linkedin.com/company/alsonsgroup/mycompany/,New,No immediate action,
ALSYMEX,France,B,69.5,Acheteur potentiel,Engines / propulsion,"Composites, capteurs, comms, lancement pour primes spatiaux.","Space primes source composites, sensors, comms and launch services.","Hi — I noticed ALSYMEX builds Vehicles, Mechanical parts (+5) for Space / satellite.",https://alsymex-alcen.com/,https://www.linkedin.com/company/alsymex-alcen/,New,Review website and validate opportunity,
Alta Ares,France,A,77.5,Acheteur potentiel,Engines / propulsion,"Capteurs, payloads optroniques, communications pour plateformes ISR.","ISR platforms aggregate sensors, comms and AI. Map Alta Ares's integration partners.","Hi — I noticed Alta Ares builds Vehicles, UAV / drones (+12) for Intelligence / ISR.",https://altaares.com/,https://www.linkedin.com/company/alta-ares/,New,Contact sales team and qualify need,
ALTER TECHNOLOGY FRANCE,France,B,68.5,Acheteur potentiel,Industrial subcontracting / machining,"Pièces de rechange, calibration, certification pour acteurs MRO.","MRO providers source spare parts, calibration tools and certification services. Procurement is the buyer.","Hi — I noticed ALTER TECHNOLOGY FRANCE builds Electronic components, Logistics equipment (+4) for Logistics / MRO.",http://www.altertechnology.fr/,https://www.linkedin.com/company/alter-technology-france/posts/?feedView=all,New,Review website and validate opportunity,
ALTINAY DEFENSE TECHNOLOGIES,Turquie,B,71.5,Acheteur potentiel,Industrial subcontracting / machining,"Composites, capteurs, comms, lancement pour primes spatiaux.","Space primes source composites, sensors, comms and launch services.","Hi — I noticed ALTINAY DEFENSE TECHNOLOGIES builds Electronic components, Satellites / Space (+6) for Space / satellite.",http://www.altinaysavunma.com/,https://www.linkedin.com/company/altinaysavunma/,New,Review website and validate opportunity,
ALTRONICS,France,B,74.5,Acheteur potentiel,Electronic components,"Front-ends RF, processeurs, mécanique de précision pour fabricants radars.","Radar / sensor lines need specialised electronics, signal processing chips and composite housings. Talk to chief engineer.","Hi — I noticed ALTRONICS builds Sensors, Software / Platforms (+3) for Radar / sensors.",https://altronics.fr/,https://www.linkedin.com/company/altronicsfr/,New,Review website and validate opportunity,
ALTUS LSA S.A.,Grèce,A,79.0,Acheteur potentiel,Energy / batteries,"Capteurs, payloads optroniques, communications pour plateformes ISR.","ISR platforms aggregate sensors, comms and AI. Map ALTUS LSA S.A.'s integration partners.",Hi — I noticed ALTUS LSA S.A.,https://new.altus-lsa.gr/,https://www.linkedin.com/company/altus-lsa,New,Contact sales team and qualify need,
Alurib Oy,Finlande,A,81.0,Acheteur potentiel,Engines / propulsion,"Fournisseur de batteries, moteurs, optronique, RF, composites pour fabricants UAV.","UAV builds need batteries, motors, optronics, RF links and composites. Map their bill of materials with the supply chain lead.","Hi — I noticed Alurib Oy builds Vehicles, Logistics equipment (+5) for UAV / drones.",https://savodefence.com/network/alurib-oy/,,New,Contact sales team and qualify need,
Alu-Stock,Espagne,D,,À vérifier,To enrich,Qualifier l'activité avant tout pitch ciblé.,To enrich,To enrich,https://www.alu-stock.es/fr/,,New,No immediate action,
Alva Industries,Norvège,A,76.0,Acheteur potentiel,Electronic components,"Composites, capteurs, comms, lancement pour primes spatiaux.","Space primes source composites, sensors, comms and launch services.","Hi — I noticed Alva Industries builds Tactical radios, Electronic components (+10) for Space / satellite.",http://www.alvaindustries.com/,https://www.linkedin.com/company/alva-industries/?originalSubdomain=no,New,Contact sales team and qualify need,
ALX SYSTEMS,Belgique,D,,À vérifier,To enrich,Qualifier l'activité avant tout pitch ciblé.,To enrich,To enrich,https://www.alxsys.com/,,New,No immediate action,
ALYSOPHIL,France,D,,À vérifier,To enrich,Qualifier l'activité avant tout pitch ciblé.,To enrich,To enrich,,,New,No immediate action,
AM 4 M,Luxembourg,B,65.5,Acheteur potentiel,Engines / propulsion,"Amplis RF, processeurs signal, embarqué, antennes pour EW.","EW systems source RF amplifiers, signal-processing chips, embedded computing and antennas. Talk to RF system lead.","Hi — I noticed AM 4 M builds Vehicles, Software / Platforms (+4) for Electronic warfare.",http://www.am-4-am.com/,https://www.linkedin.com/company/am-4-am/,New,Review website and validate opportunity,
AM GENERAL LLC,États-Unis,B,74.5,Acheteur potentiel,Engines / propulsion,"Amplis RF, processeurs signal, embarqué, antennes pour EW.","EW systems source RF amplifiers, signal-processing chips, embedded computing and antennas. Talk to RF system lead.","Hi — I noticed AM GENERAL LLC builds Vehicles, Logistics equipment (+7) for Electronic warfare.",http://www.amgeneral.com/,https://www.linkedin.com/company/am-general,New,Review website and validate opportunity,
AMA Spa,Italie,A,79.0,Acheteur potentiel,Engines / propulsion,"Outils SOC/SIEM, brique de sécurité défensive pour vendeur cyber.","AMA Spa sells cyber to defense — they also need NDA-friendly suppliers for components, cloud and audits. Lead with compliance pedigree.","Hi — AMA Spa ships Vehicles, Robotics / UGV (+4) to defense customers.",https://www.ama.it/,https://www.linkedin.com/company/2393585/admin/dashboard/,New,Contact sales team and qualify need,
AmaDema - Advanced Materials Design & Manufacturing Ltd,Cyprus,C,56.8,Fournisseur potentiel,"Raw materials (carbon fiber, resins)","Pièces de rechange, calibration, certification pour acteurs MRO.","MRO providers source spare parts, calibration tools and certification services. Procurement is the buyer.",Hi — I noticed AmaDema - Advanced Materials Design & Manufacturing Ltd builds Composite materials for Logistics / MRO.,https://www.amdmcomposites.com/,https://www.linkedin.com/company/amdm---advanced-materials-design-,New,Keep in watchlist,
AMAZON LEO,États-Unis,B,74.0,Acheteur potentiel,Engines / propulsion,"Composites, capteurs, comms, lancement pour primes spatiaux.","Space primes source composites, sensors, comms and launch services.","Hi — I noticed AMAZON LEO builds Vehicles, Optronics / Optics (+11) for Space / satellite.",https://www.amazon.com/,https://www.linkedin.com/company/amazon/,New,Review website and validate opportunity,
AMD DECOLLETAGE,France,B,74.0,Acheteur potentiel,Electronic components,"Fournisseur de batteries, moteurs, optronique, RF, composites pour fabricants UAV.","UAV builds need batteries, motors, optronics, RF links and composites. Map their bill of materials with the supply chain lead.","Hi — I noticed AMD DECOLLETAGE builds Embedded systems, Mechanical parts (+5) for UAV / drones.",http://www.amd-decolletage.com/,https://www.linkedin.com/company/amd-decolletage-savoy-international/,New,Review website and validate opportunity,
AMEFO,France,A,79.0,Acheteur potentiel,Mechanical parts,"Front-ends RF, processeurs, mécanique de précision pour fabricants radars.","Radar / sensor lines need specialised electronics, signal processing chips and composite housings. Talk to chief engineer.","Hi — I noticed AMEFO builds Logistics equipment, Vehicles (+5) for Radar / sensors.",https://amefo.fr/,https://www.linkedin.com/in/amefo,New,Contact sales team and qualify need,
AMETEK,Royaume-Uni,D,,À vérifier,To enrich,Qualifier l'activité avant tout pitch ciblé.,To enrich,To enrich,https://www.ametek-airtechnology.com/,,New,No immediate action,
AMETRA INTEGRATION,France,D,,À vérifier,To enrich,Qualifier l'activité avant tout pitch ciblé.,To enrich,To enrich,,,New,No immediate action,
AMEXCI,Suède,D,,À vérifier,To enrich,Qualifier l'activité avant tout pitch ciblé.,To enrich,To enrich,,,New,No immediate action,
AMGPRO,France,D,,À vérifier,To enrich,Qualifier l'activité avant tout pitch ciblé.,To enrich,To enrich,https://www.amgpro.fr/,,New,No immediate action,
Amicell - Amit Industries Ltd,Israël,A,82.0,Acheteur potentiel,Energy / batteries,"Fournisseur de batteries, moteurs, optronique, RF, composites pour fabricants UAV.","UAV builds need batteries, motors, optronics, RF links and composites. Map their bill of materials with the supply chain lead.","Hi — I noticed Amicell - Amit Industries Ltd builds UAV / drones, Software / Platforms (+6) for UAV / drones.",http://www.amicell.co.il/,https://www.linkedin.com/company/amit-industries/,New,Contact sales team and qualify need,
AMMUNITY SIA,Lettonie,B,65.1,Acheteur potentiel,Energetic materials,"Matériaux énergétiques, mécanique, packaging, certification.","Ammunition makers buy energetic materials, mechanical parts, packaging and certification services.","Hi — I noticed AMMUNITY SIA builds Ammunition, Composite materials for Ammunition.",http://ammunity.com/,https://www.linkedin.com/company/ammunityeu/,New,Review website and validate opportunity,
AMPHENOL,France,D,,À vérifier,To enrich,Qualifier l'activité avant tout pitch ciblé.,To enrich,To enrich,http://amphenol.com/products/,https://www.linkedin.com/company/amphenol,New,No immediate action,
AMPHINICY TECHNOLOGIES,Luxembourg,B,64.1,Fournisseur potentiel,Cloud / data services,"RF, crypto, certification interopérabilité pour radios tactiques.","Tactical comms vendors source RF, encryption modules and certifications. Talk to RF / security architect.","Hi — I noticed AMPHINICY TECHNOLOGIES builds Software / Platforms, Satellites / Space (+3) for Communications.",https://amphinicy.com/,,New,Review website and validate opportunity,
Amprius Technologies,États-Unis,D,,À vérifier,To enrich,Qualifier l'activité avant tout pitch ciblé.,To enrich,To enrich,https://amprius.com/,,New,No immediate action,
AMZ-KUTNO S.A.,Pologne,D,19.6,À vérifier,Industrial subcontracting / machining,Qualifier l'activité avant tout pitch ciblé.,"Public sources too thin — discovery call first, focused pitch second.",Hi — I noticed AMZ-KUTNO S.A.,https://www.amz.pl/,,New,No immediate action,
ANDAR ELECTROMECHANICAL SYSTEMS,Turquie,A,83.0,Acheteur potentiel,Engines / propulsion,"Front-ends RF, processeurs, mécanique de précision pour fabricants radars.","Radar / sensor lines need specialised electronics, signal processing chips and composite housings. Talk to chief engineer.","Hi — I noticed ANDAR ELECTROMECHANICAL SYSTEMS builds Vehicles, Sensors (+2) for Radar / sensors.",https://www.andar.com.tr/,https://www.linkedin.com/company/15195916,New,Contact sales team and qualify need,
ANDRITZ Schuler Pressen GmbH,Allemagne,B,71.0,Acheteur potentiel,Mechanical parts,"Outils SOC/SIEM, brique de sécurité défensive pour vendeur cyber.","ANDRITZ Schuler Pressen GmbH sells cyber to defense — they also need NDA-friendly suppliers for components, cloud and audits. Lead with compliance pedigree.","Hi — ANDRITZ Schuler Pressen GmbH ships Engines / propulsion, Communications networks (+4) to Aerospace primes.",http://www.schulergroup.com/,https://www.linkedin.com/company/andritz-schuler,New,Review website and validate opportunity,
ANELLO Photonics,États-Unis,B,66.0,Acheteur potentiel,Engines / propulsion,"Capteurs, payloads optroniques, communications pour plateformes ISR.","ISR platforms aggregate sensors, comms and AI. Map ANELLO Photonics's integration partners.","Hi — I noticed ANELLO Photonics builds Vehicles, UAV / drones (+10) for Intelligence / ISR.",https://anellophotonics.com/,https://www.linkedin.com/company/anellophotonics,New,Review website and validate opportunity,
ANG SARL,Luxembourg,B,70.5,Acheteur potentiel,Cloud / data services,"Amplis RF, processeurs signal, embarqué, antennes pour EW.","EW systems source RF amplifiers, signal-processing chips, embedded computing and antennas. Talk to RF system lead.","Hi — I noticed ANG SARL builds Software / Platforms, Robotics / UGV (+3) for Electronic warfare.",http://www.ang.lu/,https://www.linkedin.com/company/108560243,New,Review website and validate opportunity,
"ANHUI YAOFENG RADAR TECHNOLOGY CO., LTD",Chine,B,70.0,Acheteur potentiel,Energy / batteries,Vend une brique du chain detection-effector aux primes anti-drone.,"Defense end-users buying C-UAS solutions are tightening specs every year. Position our offer as a complement to ANHUI YAOFENG RADAR TECHNOLOGY CO., LTD's sensor fusion / kinetic effector chain.","Hi — ANHUI YAOFENG RADAR TECHNOLOGY CO., LTD ships UAV / drones, Counter-UAV systems (+4) to Border / customs.",http://www.yaofengradar.com/,,New,Review website and validate opportunity,
ANMOPYC,Espagne,B,64.8,Sous-traitant,Mechanical parts,"Composants, sous-systèmes, software, services pour primes C4ISR.",C4ISR primes integrate hundreds of components — the sourcing surface is huge. Procurement / supply chain is the entry point.,"Hi — I noticed ANMOPYC builds Logistics equipment, Engines / propulsion (+1) for C4ISR.",http://www.anmopyc.es/,https://www.linkedin.com/company/anmopyces/posts/?feedView=all,New,Review website and validate opportunity,
ANOVA R&D TECHNOLOGIES,Turquie,C,57.2,Acheteur potentiel,Electronic components,"Vend des sous-systèmes / composants à un OEM construisant Radars, Logistics equipment.","ANOVA R&D TECHNOLOGIES sells radars; they buy front-ends, processing modules and field testing. Engineering buys.","Hi — ANOVA R&D TECHNOLOGIES ships Radars, Logistics equipment to defense customers.",http://www.anova.com.tr/,https://www.linkedin.com/company/anova-arge,New,Keep in watchlist,
A-NSE,France,A,76.5,Acheteur potentiel,Energy / batteries,"Capteurs, payloads optroniques, communications pour plateformes ISR.","ISR platforms aggregate sensors, comms and AI. Map A-NSE's integration partners.","Hi — I noticed A-NSE builds UAV / drones, Counter-UAV systems (+4) for Intelligence / ISR.",https://www.a-nse.com/,http://fr.linkedin.com/company/a-nse,New,Contact sales team and qualify need,
Ansys,France,B,72.5,Acheteur potentiel,Engines / propulsion,"Radars, sonars, comms, armement, sustainment pour primes navals.","Naval primes buy radars, sonars, comms, weapons and sustainment in long cycles.","Hi — I noticed Ansys builds Vehicles, Sensors (+14) for Naval defense.",https://www.ansys.com/,https://www.linkedin.com/company/ansys-inc,New,Review website and validate opportunity,
ANTARES FRANCE,France,C,52.7,Fournisseur potentiel,"Raw materials (steel, aluminium)","Matières premières, outils coupants, services qualité pour sous-traitants.","Sub-contractors buy raw materials, cutting tools and quality services.",Hi — I noticed ANTARES FRANCE builds Mechanical parts for Industrial subcontracting.,http://www.antares-france.com/,,New,Keep in watchlist,
ANY-SHAPE,Belgique,A,79.5,Acheteur potentiel,Mechanical parts,"Textiles, composites, optronique, énergie pour kits soldat.","Soldier system vendors source textiles, composites, optronics and energy. Lead with NATO / military pedigree.","Hi — I noticed ANY-SHAPE builds Engines / propulsion, Software / Platforms (+4) for Soldier systems.",https://www.any-shape.com/,https://www.linkedin.com/company/any-shape/,New,Contact sales team and qualify need,
AP LUX,Luxembourg,A,80.5,Acheteur potentiel,Energy / batteries,"Fournisseur de batteries, moteurs, optronique, RF, composites pour fabricants UAV.","UAV builds need batteries, motors, optronics, RF links and composites. Map their bill of materials with the supply chain lead.","Hi — I noticed AP LUX builds UAV / drones, Engines / propulsion (+3) for UAV / drones.",http://www.ap-lux.com/,,New,Contact sales team and qualify need,
APAVE,France,D,,À vérifier,To enrich,Qualifier l'activité avant tout pitch ciblé.,To enrich,To enrich,,,New,No immediate action,
APEM,France,A,75.0,Acheteur potentiel,Cloud / data services,"Composants, sous-systèmes, software, services pour primes C4ISR.",C4ISR primes integrate hundreds of components — the sourcing surface is huge. Procurement / supply chain is the entry point.,"Hi — I noticed APEM builds Software / Platforms, Electronic components (+9) for C4ISR.",https://www.apem.com/,https://www.linkedin.com/company/apem-group,New,Contact sales team and qualify need,
AP-FLYER MADDOS,Pologne,A,79.0,Acheteur potentiel,Energy / batteries,"Amplis RF, processeurs signal, embarqué, antennes pour EW.","EW systems source RF amplifiers, signal-processing chips, embedded computing and antennas. Talk to RF system lead.","Hi — I noticed AP-FLYER MADDOS builds UAV / drones, Counter-UAV systems (+6) for Electronic warfare.",http://www.maddos.com/,https://www.linkedin.com/company/ap-flyer/,New,Contact sales team and qualify need,
APPI -TECHNOLOGY SAS,France,A,79.0,Acheteur potentiel,Mechanical parts,"RF, crypto, certification interopérabilité pour radios tactiques.","Tactical comms vendors source RF, encryption modules and certifications. Talk to RF / security architect.","Hi — I noticed APPI -TECHNOLOGY SAS builds Logistics equipment, Communications networks (+4) for Communications.",https://www.appi-technology.com/,https://www.linkedin.com/company/appi-technology/,New,Contact sales team and qualify need,
Appian,France,A,75.4,Sous-traitant,Cloud / data services,"Threat intel, hardware appliances, cloud souverain, audits.","Cyber-defense vendors source threat intel feeds, hardware appliances, cloud and certification services. Procurement / CISO are entry points.","Hi — I noticed Appian builds Software / Platforms, Logistics equipment (+1) for Cybersecurity.",http://appian.com/,https://www.linkedin.com/company/appian/,New,Contact sales team and qualify need,
APPLICATIONS COMPOSITES,France,C,54.4,Fournisseur potentiel,"Raw materials (steel, aluminium)","Matières premières, outils coupants, services qualité pour sous-traitants.","Sub-contractors buy raw materials, cutting tools and quality services.","Hi — I noticed APPLICATIONS COMPOSITES builds Mechanical parts, Composite materials for Industrial subcontracting.",https://www.applicationscomposites.fr/,,New,Keep in watchlist,
"APPLIED RESEARCH ASSOCIATES, INC.",États-Unis,B,68.5,Acheteur potentiel,Engines / propulsion,"Composites, capteurs, comms, lancement pour primes spatiaux.","Space primes source composites, sensors, comms and launch services.","Hi — I noticed APPLIED RESEARCH ASSOCIATES, INC.",http://ara.com/,https://www.linkedin.com/company/ara,New,Review website and validate opportunity,
AQ TECH,France,B,70.9,Acheteur potentiel,Electronic components,"Front-ends RF, processeurs, mécanique de précision pour fabricants radars.","Radar / sensor lines need specialised electronics, signal processing chips and composite housings. Talk to chief engineer.","Hi — I noticed AQ TECH builds Sensors, Soldier equipment (+2) for Radar / sensors.",https://www.aq-tech.fr/fr/contact/,https://www.linkedin.com/company/aq-tech/,New,Review website and validate opportunity,
AQLE,France,B,62.9,Distributeur potentiel,Mechanical parts,Canal de distribution / représentation pour notre portefeuille.,MRO is rarely distributed — confirm scope before pitching.,Hi — we're scouting an exclusive distributor for France.,https://www.aqle.fr/,https://www.linkedin.com/company/aqle,New,Review website and validate opportunity,
AQUA MANIA,France,C,57.3,Fournisseur potentiel,Cloud / data services,"Textiles, composites, optronique, énergie pour kits soldat.","Soldier system vendors source textiles, composites, optronics and energy. Lead with NATO / military pedigree.","Hi — I noticed AQUA MANIA builds Software / Platforms, Soldier equipment for Soldier systems.",https://www.top-star.fr/,,New,Keep in watchlist,
AQUITAINE ELECTRONIQUE (AECEGROUP),France,B,62.9,Fournisseur potentiel,Electronic components,"Radars, sonars, comms, armement, sustainment pour primes navals.","Naval primes buy radars, sonars, comms, weapons and sustainment in long cycles.","Hi — I noticed AQUITAINE ELECTRONIQUE (AECEGROUP) builds Sensors, Engines / propulsion (+1) for Naval defense.",https://www.aece-group.com/,http://www.linkedin.com/company/aquitaineelectronique,New,Review website and validate opportunity,
ARAGON HUB DEFENSE,Espagne,C,54.7,Acheteur potentiel,Mechanical parts,"Vend des sous-systèmes / composants à un OEM construisant Logistics equipment, Software / Platforms.",Qualify the activity before pitching.,"Hi — ARAGON HUB DEFENSE ships Logistics equipment, Software / Platforms to defense customers.",http://www.aragonexterior.es/,https://www.linkedin.com/company/aragon-exterior/posts/?feedView=all,New,Keep in watchlist,
ARAGON PHOTONICS LABS,Espagne,B,71.5,Acheteur potentiel,Electronic components,"Textiles, composites, optronique, énergie pour kits soldat.","Soldier system vendors source textiles, composites, optronics and energy. Lead with NATO / military pedigree.","Hi — I noticed ARAGON PHOTONICS LABS builds Sensors, Optronics / Optics (+7) for Soldier systems.",https://www.aragonphotonics.com/,https://www.linkedin.com/company/aragon-photonics/,New,Review website and validate opportunity,
Arbit Cyber Defence Systems,Danemark,A,77.6,Acheteur potentiel,Electronic components,"Composants, sous-systèmes, software, services pour primes C4ISR.",C4ISR primes integrate hundreds of components — the sourcing surface is huge. Procurement / supply chain is the entry point.,"Hi — I noticed Arbit Cyber Defence Systems builds Optronics / Optics, Software / Platforms (+3) for C4ISR.",http://arbitcds.com/,https://www.linkedin.com/company/3032697,New,Contact sales team and qualify need,
ArcelorMittal Commercial Sections S.A.,Luxembourg,D,,À vérifier,To enrich,Qualifier l'activité avant tout pitch ciblé.,To enrich,To enrich,https://www.arcelormittal.com/,,New,No immediate action,
Arctus Technologies,Pays-Bas,B,67.0,Acheteur potentiel,Energy / batteries,"Fournisseur de batteries, moteurs, optronique, RF, composites pour fabricants UAV.","UAV builds need batteries, motors, optronics, RF links and composites. Map their bill of materials with the supply chain lead.","Hi — I noticed Arctus Technologies builds UAV / drones, Logistics equipment (+3) for UAV / drones.",https://www.arctus.ai/,https://www.linkedin.com/company/arctus-technologies/posts,New,Review website and validate opportunity,
Ares Shield AI,Pologne,A,76.0,Acheteur potentiel,Energy / batteries,"Capteurs, payloads optroniques, communications pour plateformes ISR.","ISR platforms aggregate sensors, comms and AI. Map Ares Shield AI's integration partners.","Hi — I noticed Ares Shield AI builds UAV / drones, Sensors (+10) for Intelligence / ISR.",https://aresshield.ai/about-us/,,New,Contact sales team and qualify need,
ARESIA,France,B,74.0,Acheteur potentiel,Electronic components,"Fournisseur de batteries, moteurs, optronique, RF, composites pour fabricants UAV.","UAV builds need batteries, motors, optronics, RF links and composites. Map their bill of materials with the supply chain lead.","Hi — I noticed ARESIA builds Radars, UAV / drones (+6) for UAV / drones.",http://www.aresia.com/,https://www.linkedin.com/company/aresia/,New,Review website and validate opportunity,
Arge Robotik,Turquie,B,69.0,Acheteur potentiel,Electronic components,"Vend des sous-systèmes / composants à un OEM construisant Robotics / UGV, Software / Platforms.",Arge Robotik buys raw materials and machining — long lead times. Procurement is the buyer.,"Hi — Arge Robotik ships Robotics / UGV, Software / Platforms (+2) to defense customers.",http://www.argerobotik.com/,https://www.linkedin.com/company/arge-robotik,New,Review website and validate opportunity,
Argus Interception,Allemagne,B,67.5,Acheteur potentiel,Energy / batteries,"Capteurs, payloads optroniques, communications pour plateformes ISR.","ISR platforms aggregate sensors, comms and AI. Map Argus Interception's integration partners.","Hi — I noticed Argus Interception builds UAV / drones, Counter-UAV systems (+4) for Intelligence / ISR.",https://www.argus-interception.com/,https://www.linkedin.com/company/argus-interception/,New,Review website and validate opportunity,
ARIA SEPROLEC GROUP,France,B,67.4,Fournisseur potentiel,Mechanical parts,"Pièces de rechange, calibration, certification pour acteurs MRO.","MRO providers source spare parts, calibration tools and certification services. Procurement is the buyer.","Hi — I noticed ARIA SEPROLEC GROUP builds Logistics equipment, Robotics / UGV for Logistics / MRO.",http://www.aria-seprolec.fr/,https://www.linkedin.com/company/aria-seprolec/,New,Review website and validate opportunity,
ArianeGroup,France,A,77.0,Acheteur potentiel,Mechanical parts,"Composites, capteurs, comms, lancement pour primes spatiaux.","Space primes source composites, sensors, comms and launch services.","Hi — I noticed ArianeGroup builds Engines / propulsion, Satellites / Space (+9) for Space / satellite.",https://www.ariane.group/,https://www.linkedin.com/company/arianegroup/,New,Contact sales team and qualify need,
Ark Robotics,Estonie,A,80.0,Acheteur potentiel,Engines / propulsion,"Amplis RF, processeurs signal, embarqué, antennes pour EW.","EW systems source RF amplifiers, signal-processing chips, embedded computing and antennas. Talk to RF system lead.","Hi — I noticed Ark Robotics builds Vehicles, UAV / drones (+12) for Electronic warfare.",http://ark-robotics.com/,https://www.linkedin.com/company/arkrobotics,New,Contact sales team and qualify need,
ARMATAN,France,A,75.0,Acheteur potentiel,Electronic components,"Front-ends RF, processeurs, mécanique de précision pour fabricants radars.","Radar / sensor lines need specialised electronics, signal processing chips and composite housings. Talk to chief engineer.","Hi — I noticed ARMATAN builds Sensors, Engines / propulsion (+3) for Radar / sensors.",http://armatan.com/,https://www.linkedin.com/company/armatan-sas,New,Contact sales team and qualify need,
ARMMO,Espagne,B,74.0,Acheteur potentiel,Engines / propulsion,"Capteurs, payloads optroniques, communications pour plateformes ISR.","ISR platforms aggregate sensors, comms and AI. Map ARMMO's integration partners.","Hi — I noticed ARMMO builds Vehicles, UAV / drones (+3) for Intelligence / ISR.",https://www.armmo.es/,,New,Review website and validate opportunity,
ARMOUR PLATE PROCESSING,Royaume-Uni,C,43.8,Acheteur potentiel,Engines / propulsion,Vend des sous-systèmes / composants à un OEM construisant Vehicles.,ARMOUR PLATE PROCESSING adapts civil tech for defense — they need MIL-grade sub-suppliers.,Hi — ARMOUR PLATE PROCESSING ships Vehicles to defense customers.,http://www.mtladv.com/,,New,Keep in watchlist,
ARMOURED VEHICLES NIGAM LIMITED,Inde,B,64.5,Acheteur potentiel,Engines / propulsion,"Vend des sous-systèmes / composants à un OEM construisant Vehicles, Engines / propulsion.","ARMOURED VEHICLES NIGAM LIMITED sells to land forces — they need sub-systems, composites and certification.","Hi — ARMOURED VEHICLES NIGAM LIMITED ships Vehicles, Engines / propulsion (+2) to Land forces, Defense ministries.",https://avnl.co.in/,https://www.linkedin.com/in/armoured-vehicles-nigam-limited-careers-page-88744337b/,New,Review website and validate opportunity,
Armsto,Turquie,D,35.6,Distributeur potentiel,Industrial subcontracting / machining,Canal de distribution / représentation pour notre portefeuille.,Mutual distribution alignment — pitch a portfolio swap or co-marketing.,Hi — we're scouting an exclusive distributor for your region.,http://www.armsto.com.tr/,https://tr.linkedin.com/company/armsto,New,No immediate action,
ARMTEK,France,B,68.6,Fournisseur potentiel,Cloud / data services,"Threat intel, hardware appliances, cloud souverain, audits.","Cyber-defense vendors source threat intel feeds, hardware appliances, cloud and certification services. Procurement / CISO are entry points.","Hi — I noticed ARMTEK builds Software / Platforms, Communications networks (+2) for Cybersecurity.",https://armtek.fr/,https://www.linkedin.com/company/38084632/admin/feed/posts/,New,Review website and validate opportunity,
ARMY RECOGNITION GROUP,Belgique,A,81.0,Acheteur potentiel,Engines / propulsion,"Amplis RF, processeurs signal, embarqué, antennes pour EW.","EW systems source RF amplifiers, signal-processing chips, embedded computing and antennas. Talk to RF system lead.","Hi — I noticed ARMY RECOGNITION GROUP builds Vehicles, UAV / drones (+12) for Electronic warfare.",http://www.armyrecognition.com/,,New,Contact sales team and qualify need,
ARNOLD MAGNETIC TECHNOLOGIES,États-Unis,A,83.0,Acheteur potentiel,Engines / propulsion,"Composites, capteurs, comms, lancement pour primes spatiaux.","Space primes source composites, sensors, comms and launch services.","Hi — I noticed ARNOLD MAGNETIC TECHNOLOGIES builds Vehicles, UAV / drones (+11) for Space / satellite.",https://www.arnoldmagnetics.com/,https://www.linkedin.com/company/87842,New,Contact sales team and qualify need,
ARQUIMEA,Espagne,A,81.0,Acheteur potentiel,Electronic components,"Composites, capteurs, comms, lancement pour primes spatiaux.","Space primes source composites, sensors, comms and launch services.","Hi — I noticed ARQUIMEA builds Tactical radios, Ammunition (+8) for Space / satellite.",https://www.arquimea.com/,https://www.linkedin.com/company/arquimea-group/,New,Contact sales team and qualify need,
ARQUUS,France,A,83.0,Acheteur potentiel,Engines / propulsion,"Amplis RF, processeurs signal, embarqué, antennes pour EW.","EW systems source RF amplifiers, signal-processing chips, embedded computing and antennas. Talk to RF system lead.","Hi — I noticed ARQUUS builds Vehicles, Robotics / UGV (+8) for Electronic warfare.",http://www.arquus-defense.com/,https://www.linkedin.com/company/arquus-defense,New,Contact sales team and qualify need,
Arrow Electronics,France,D,,À vérifier,To enrich,Qualifier l'activité avant tout pitch ciblé.,To enrich,To enrich,https://arrow.com/,,New,No immediate action,
Arrow Switzerland S.à.r.l.,Suisse,D,,À vérifier,To enrich,Qualifier l'activité avant tout pitch ciblé.,To enrich,To enrich,http://www.kevlar.com/,,New,No immediate action,
Arsenal 2000 JSCo,Bulgarie,D,15.6,À vérifier,Industrial subcontracting / machining,Qualifier l'activité avant tout pitch ciblé.,"Public sources too thin — discovery call first, focused pitch second.",Hi — I noticed Arsenal 2000 JSCo at Eurosatory.,https://www.arsenal-bg.com/,,New,No immediate action,
ART CONCEPT COMPOSITES,France,D,,À vérifier,To enrich,Qualifier l'activité avant tout pitch ciblé.,To enrich,To enrich,http://www.art-concept.fr/,https://fr.linkedin.com/company/artconceptcomposites,New,No immediate action,
ART TECH,France,B,67.5,Acheteur potentiel,"Raw materials (steel, aluminium)",Activité à qualifier — discovery call avant pitch précis.,Public data is thin — qualify the activity before pitching supply.,"Hi — I noticed ART TECH builds Mechanical parts, Software / Platforms (+2) for Other.",http://www.art-tech-france.fr/,,New,Review website and validate opportunity,
Artillerie Inrichtingen Armaments,Pays-Bas,A,80.0,Acheteur potentiel,Energy / batteries,"Fournisseur de RF, radars, optronique et embarqués pour stacks anti-drone.","Their counter-UAV stack relies on RF, radar, optronics and embedded systems — exactly what we supply. Talk to procurement / chief engineer.","Hi — I noticed Artillerie Inrichtingen Armaments builds UAV / drones, Counter-UAV systems (+4) for Counter-UAV.",https://ai-armaments.com/,https://www.linkedin.com/in/gerardzondervan/,New,Contact sales team and qualify need,
ARTLIGHT,Pologne,C,50.6,Acheteur potentiel,Energy / batteries,Sub-system / payload pour OEM drones tactiques.,UAV programs are scaling — ARTLIGHT is buying. Position [your sub-system] as a qualified alternative on their next platform.,"Hi — ARTLIGHT ships UAV / drones, Software / Platforms to Defense ministries.",https://www.powerondrone.com/index.php?route=product/category&path=17_59,,New,Keep in watchlist,
ARX Robotics GmbH,Allemagne,A,82.0,Acheteur potentiel,Cloud / data services,"Capteurs, payloads optroniques, communications pour plateformes ISR.","ISR platforms aggregate sensors, comms and AI. Map ARX Robotics GmbH's integration partners.","Hi — I noticed ARX Robotics GmbH builds Software / Platforms, Robotics / UGV (+7) for Intelligence / ISR.",https://www.arx-robotics.com/,https://www.linkedin.com/company/arx-robotics/,New,Contact sales team and qualify need,
ARX Robotics GmbH,Allemagne,A,82.0,Acheteur potentiel,Cloud / data services,"Capteurs, payloads optroniques, communications pour plateformes ISR.","ISR platforms aggregate sensors, comms and AI. Map ARX Robotics GmbH's integration partners.","Hi — I noticed ARX Robotics GmbH builds Software / Platforms, Robotics / UGV (+7) for Intelligence / ISR.",http://www.arx-robotics.com/,https://www.linkedin.com/company/arx-robotics/,New,Contact sales team and qualify need,
ASB AEROSPATIALE BATTERIES,France,D,,À vérifier,To enrich,Qualifier l'activité avant tout pitch ciblé.,To enrich,To enrich,http://www.asb-group.com/,,New,No immediate action,
ASCENDANCE FLIGHT TECHNOLOGIES,France,A,81.5,Acheteur potentiel,Engines / propulsion,Sub-system / payload pour OEM drones tactiques.,UAV programs are scaling — ASCENDANCE FLIGHT TECHNOLOGIES is buying. Position [your sub-system] as a qualified alternative on their next platform.,"Hi — ASCENDANCE FLIGHT TECHNOLOGIES ships Vehicles, UAV / drones (+5) to Aerospace primes, Critical infrastructure (+1).",https://www.ascendance-ft.com/,https://www.linkedin.com/company/ascendance-ft/,New,Contact sales team and qualify need,
Ascent Lumina SIA,Lettonie,D,,À vérifier,To enrich,Qualifier l'activité avant tout pitch ciblé.,To enrich,To enrich,https://www.ascentlumina.com/,,New,No immediate action,
Aselsan,Turquie,D,17.6,À vérifier,Industrial subcontracting / machining,Qualifier l'activité avant tout pitch ciblé.,"Public sources too thin — discovery call first, focused pitch second.",Hi — I noticed Aselsan at Eurosatory.,http://www.aselsan.com/,,New,No immediate action,
ASGARD MOTORS,France,B,69.2,Acheteur potentiel,Mechanical parts,"Vend des sous-systèmes / composants à un OEM construisant Logistics equipment, Engines / propulsion.",ASGARD MOTORS performs MRO — they need parts and engineering support. Direct procurement angle.,"Hi — ASGARD MOTORS ships Logistics equipment, Engines / propulsion (+1) to Land forces, Police / law enforcement (+2).",https://www.asgard-motors.fr/,https://www.linkedin.com/company/asgard-motors/,New,Review website and validate opportunity,
ASHOKA MANUFACTURING PVT LTD,Inde,D,17.6,À vérifier,Industrial subcontracting / machining,Qualifier l'activité avant tout pitch ciblé.,"Public sources too thin — discovery call first, focused pitch second.",Hi — I noticed ASHOKA MANUFACTURING PVT LTD at Eurosatory.,https://www.notavailable.net/,,New,No immediate action,
ASMAN TECHNOLOGY,France,D,,À vérifier,To enrich,Qualifier l'activité avant tout pitch ciblé.,To enrich,To enrich,,,New,No immediate action,
"ASPEN WATER, INC.",États-Unis,B,74.0,Acheteur potentiel,Engines / propulsion,"Front-ends RF, processeurs, mécanique de précision pour fabricants radars.","Radar / sensor lines need specialised electronics, signal processing chips and composite housings. Talk to chief engineer.","Hi — I noticed ASPEN WATER, INC.",https://www.aspenwater.com/,,New,Review website and validate opportunity,
ASSEMBLICS,Belgique,B,61.6,Acheteur potentiel,Industrial subcontracting / machining,"Front-ends RF, processeurs, mécanique de précision pour fabricants radars.","Radar / sensor lines need specialised electronics, signal processing chips and composite housings. Talk to chief engineer.","Hi — I noticed ASSEMBLICS builds Electronic components, Radars for Radar / sensors.",https://www.assemblics.com/,https://www.linkedin.com/company/assemblics/,New,Review website and validate opportunity,
ASTECH PARIS REGION,France,D,,À vérifier,To enrich,Qualifier l'activité avant tout pitch ciblé.,To enrich,To enrich,http://www.pole-astech.org/,https://www.linkedin.com/company/18361791,New,No immediate action,
ASTERODYN,France,B,70.6,Acheteur potentiel,Energy / batteries,"Amplis RF, processeurs signal, embarqué, antennes pour EW.","EW systems source RF amplifiers, signal-processing chips, embedded computing and antennas. Talk to RF system lead.","Hi — I noticed ASTERODYN builds UAV / drones, Sensors (+1) for Electronic warfare.",http://www.asterodyn.com/,https://www.linkedin.com/company/asterodyn/,New,Review website and validate opportunity,
Astrolight,Lituanie,A,77.0,Acheteur potentiel,Composite materials,"Amplis RF, processeurs signal, embarqué, antennes pour EW.","EW systems source RF amplifiers, signal-processing chips, embedded computing and antennas. Talk to RF system lead.","Hi — I noticed Astrolight builds Satellites / Space, Sensors (+9) for Electronic warfare.",https://astrolightspace.com/,https://lt.linkedin.com/in/laurynas-maciulis,New,Contact sales team and qualify need,
Astronics,États-Unis,B,73.5,Fournisseur potentiel,Electronic components,"Capteurs, payloads optroniques, communications pour plateformes ISR.","ISR platforms aggregate sensors, comms and AI. Map Astronics's integration partners.","Hi — I noticed Astronics builds Sensors, Optronics / Optics (+10) for Intelligence / ISR.",https://www.astronics.com/,https://www.linkedin.com/company/astronics,New,Review website and validate opportunity,
ASTURIAS HUB DEFENSA,Espagne,B,68.0,Acheteur potentiel,Mechanical parts,Sub-system / payload pour OEM drones tactiques.,UAV programs are scaling — ASTURIAS HUB DEFENSA is buying. Position [your sub-system] as a qualified alternative on their next platform.,"Hi — ASTURIAS HUB DEFENSA ships Logistics equipment, Energy / batteries (+5) to Aerospace primes, Land forces.",https://www.asturiashubdefensa.com/,https://www.linkedin.com/company/asturiashubdefensa/,New,Review website and validate opportunity,
ATDI,Royaume-Uni,A,84.0,Acheteur potentiel,Electronic components,"Capteurs, payloads optroniques, communications pour plateformes ISR.","ISR platforms aggregate sensors, comms and AI. Map ATDI's integration partners.","Hi — I noticed ATDI builds Radars, Software / Platforms (+10) for Intelligence / ISR.",https://www.atdi.com/,https://www.linkedin.com/company/14433686,New,Contact sales team and qualify need,
Atech - Embraer Group,Brésil,A,78.0,Acheteur potentiel,Energy / batteries,"Capteurs, payloads optroniques, communications pour plateformes ISR.","ISR platforms aggregate sensors, comms and AI. Map Atech - Embraer Group's integration partners.","Hi — I noticed Atech - Embraer Group builds UAV / drones, Counter-UAV systems (+6) for Intelligence / ISR.",http://www.atech.com.br/,,New,Contact sales team and qualify need,
ATELIER BELGIUM COATINGS,Belgique,C,43.1,Sous-traitant,Industrial subcontracting / machining,"Outils CAD, simulation, certification pour bureau d'études.","Engineering shops buy CAD licences, simulation tools and certification services.",Hi — I noticed ATELIER BELGIUM COATINGS builds — for Engineering services.,https://www.belgium-coatings.be/,https://www.linkedin.com/company/belgium-coatings-sa/,New,Keep in watchlist,
ATERMES SAS,France,B,65.5,Acheteur potentiel,Mechanical parts,"Capteurs, payloads optroniques, communications pour plateformes ISR.","ISR platforms aggregate sensors, comms and AI. Map ATERMES SAS's integration partners.","Hi — I noticed ATERMES SAS builds Logistics equipment, Engines / propulsion (+5) for Intelligence / ISR.",https://www.atermes.fr/fr/,https://fr.linkedin.com/company/atermes,New,Review website and validate opportunity,
ATEŞÇİ ENGINEERING,Turquie,C,55.5,Acheteur potentiel,Mechanical parts,"Pièces de rechange, calibration, certification pour acteurs MRO.","MRO providers source spare parts, calibration tools and certification services. Procurement is the buyer.","Hi — I noticed ATEŞÇİ ENGINEERING builds Logistics equipment, Mechanical parts for Logistics / MRO.",https://www.atesci.com/,https://tr.linkedin.com/company/atesci,New,Keep in watchlist,
ATI DEFENSE,États-Unis,A,80.5,Acheteur potentiel,Engines / propulsion,"Threat intel, hardware appliances, cloud souverain, audits.","Cyber-defense vendors source threat intel feeds, hardware appliances, cloud and certification services. Procurement / CISO are entry points.","Hi — I noticed ATI DEFENSE builds Vehicles, Software / Platforms (+7) for Cybersecurity.",http://www.atimaterials.com/,https://www.linkedin.com/company/atimaterials,New,Contact sales team and qualify need,
ATL EUROPA,Espagne,C,57.0,Acheteur potentiel,Energy / batteries,"Fournisseur de batteries, moteurs, optronique, RF, composites pour fabricants UAV.","UAV builds need batteries, motors, optronics, RF links and composites. Map their bill of materials with the supply chain lead.","Hi — I noticed ATL EUROPA builds UAV / drones, Sensors (+2) for UAV / drones.",https://www.atleuropa.es/,https://www.linkedin.com/company/atleuropa/,New,Keep in watchlist,
Atlantic Data Center,Espagne,A,75.5,Acheteur potentiel,Engines / propulsion,"Moteurs, composites, plaques balistiques, optronique, comms pour OEM blindés.","Armored vehicle OEMs buy engines, composites, ballistic plates, optronics, comms and specialised mechanics in volume.","Hi — I noticed Atlantic Data Center builds Vehicles, Communications networks (+3) for Armored vehicles.",https://atlanticdc.es/,,New,Contact sales team and qualify need,
Atlas Aerospace Ltd.,Lettonie,A,81.0,Acheteur potentiel,Energy / batteries,"Amplis RF, processeurs signal, embarqué, antennes pour EW.","EW systems source RF amplifiers, signal-processing chips, embedded computing and antennas. Talk to RF system lead.",Hi — I noticed Atlas Aerospace Ltd.,https://www.atlasuas.com/,https://www.linkedin.com/company/atlasuas,New,Contact sales team and qualify need,
ATOS,France,B,69.1,Fournisseur potentiel,"Materials (Li-ion, electrolytes)","Front-ends RF, processeurs, mécanique de précision pour fabricants radars.","Radar / sensor lines need specialised electronics, signal processing chips and composite housings. Talk to chief engineer.","Hi — I noticed ATOS builds Energy / batteries, Sensors (+1) for Radar / sensors.",http://atos.net/fr/,https://www.linkedin.com/company/atos,New,Review website and validate opportunity,
ATREYD,France,B,73.0,Acheteur potentiel,Engines / propulsion,"Capteurs, payloads optroniques, communications pour plateformes ISR.","ISR platforms aggregate sensors, comms and AI. Map ATREYD's integration partners.","Hi — I noticed ATREYD builds Vehicles, UAV / drones (+8) for Intelligence / ISR.",https://www.atreyd.com/,https://www.linkedin.com/company/atreyd/,New,Review website and validate opportunity,
ATS - GROUPE AGS,France,D,,À vérifier,To enrich,Qualifier l'activité avant tout pitch ciblé.,To enrich,To enrich,https://www.groupe-ags.com/,,New,No immediate action,
ATS GROUP,Macedonia,A,82.0,Acheteur potentiel,Energetic materials,"Textiles, composites, optronique, énergie pour kits soldat.","Soldier system vendors source textiles, composites, optronics and energy. Lead with NATO / military pedigree.","Hi — I noticed ATS GROUP builds Ammunition, Logistics equipment (+4) for Soldier systems.",http://www.ats.com.mk/,https://www.linkedin.com/company/atsgroup-mk/,New,Contact sales team and qualify need,
ATTAX,France,D,,À vérifier,To enrich,Qualifier l'activité avant tout pitch ciblé.,To enrich,To enrich,http://www.attax.com/,,New,No immediate action,
AUBE ELECTRONIQUE,France,D,,À vérifier,To enrich,Qualifier l'activité avant tout pitch ciblé.,To enrich,To enrich,,,New,No immediate action,
AUBERT & DUVAL,France,D,,À vérifier,To enrich,Qualifier l'activité avant tout pitch ciblé.,To enrich,To enrich,http://www.aubertduval.com/,https://www.linkedin.com/company/aubert-&-duval,New,No immediate action,
AUMOVIO France S.A.S,France,B,72.0,Acheteur potentiel,Engines / propulsion,"Front-ends RF, processeurs, mécanique de précision pour fabricants radars.","Radar / sensor lines need specialised electronics, signal processing chips and composite housings. Talk to chief engineer.","Hi — I noticed AUMOVIO France S.A.S builds Vehicles, Sensors (+7) for Radar / sensors.",http://engineering-solutions.aumovio.com/,https://linkedin.com/company/aumovio-engineering-solutions,New,Review website and validate opportunity,
AUNAV,Espagne,D,,À vérifier,To enrich,Qualifier l'activité avant tout pitch ciblé.,To enrich,To enrich,https://www.aunav.com/,,New,No immediate action,
AURA AERO,France,B,74.0,Acheteur potentiel,Cloud / data services,"Composants, sous-systèmes, software, services pour primes C4ISR.",C4ISR primes integrate hundreds of components — the sourcing surface is huge. Procurement / supply chain is the entry point.,"Hi — I noticed AURA AERO builds Software / Platforms, Robotics / UGV (+5) for C4ISR.",http://www.aura-aero.com/,https://www.linkedin.com/company/aura-aero,New,Review website and validate opportunity,
AUSA (Association of the US Army),États-Unis,D,15.6,À vérifier,Industrial subcontracting / machining,Qualifier l'activité avant tout pitch ciblé.,"Public sources too thin — discovery call first, focused pitch second.",Hi — I noticed AUSA (Association of the US Army) at Eurosatory.,http://www.ausa.org/,,New,No immediate action,
Australian Pavilion,Australie,D,4.0,À vérifier,To enrich,Qualifier l'activité avant tout pitch ciblé.,"Public sources too thin — discovery call first, focused pitch second.",Hi — I noticed Australian Pavilion at Eurosatory.,https://www1.defence.gov.au/,,New,No immediate action,
AUSTRIAN DEFENCE & SECURITY INDUSTRY GROUP,Autriche,D,,À vérifier,To enrich,Qualifier l'activité avant tout pitch ciblé.,To enrich,To enrich,https://www.wko.at/asw,,New,No immediate action,
"AUTEL ROBOTICS CO., LTD.",Chine,D,15.6,À vérifier,Industrial subcontracting / machining,Qualifier l'activité avant tout pitch ciblé.,"Public sources too thin — discovery call first, focused pitch second.","Hi — I noticed AUTEL ROBOTICS CO., LTD.",https://www.autelrobotics.com/,,New,No immediate action,
AUTOFLUG,Allemagne,A,75.0,Acheteur potentiel,Engines / propulsion,"Front-ends RF, processeurs, mécanique de précision pour fabricants radars.","Radar / sensor lines need specialised electronics, signal processing chips and composite housings. Talk to chief engineer.","Hi — I noticed AUTOFLUG builds Vehicles, Sensors (+4) for Radar / sensors.",http://www.autoflug.de/,https://www.linkedin.com/company/autoflug-gmbh/,New,Contact sales team and qualify need,
AUTOLIFT,Autriche,B,65.0,Acheteur potentiel,Mechanical parts,"Vend des sous-systèmes / composants à un OEM construisant Logistics equipment, Vehicles.",AUTOLIFT performs MRO — they need parts and engineering support. Direct procurement angle.,"Hi — AUTOLIFT ships Logistics equipment, Vehicles (+2) to defense customers.",https://www.autolift.info/,,New,Review website and validate opportunity,
AUTONOMOUS GUARD,Israël,A,79.0,Acheteur potentiel,Energy / batteries,"Amplis RF, processeurs signal, embarqué, antennes pour EW.","EW systems source RF amplifiers, signal-processing chips, embedded computing and antennas. Talk to RF system lead.","Hi — I noticed AUTONOMOUS GUARD builds UAV / drones, Counter-UAV systems (+3) for Electronic warfare.",http://www.aguard-sys.com/,https://www.linkedin.com/company/109766290/admin/dashboard/,New,Contact sales team and qualify need,
Auxsys GmbH,Allemagne,B,71.0,Acheteur potentiel,Cloud / data services,Module IA / fusion de données pour intégration dans la stack du client.,Auxsys GmbH needs sovereign data infrastructure and ML ops — ITAR-friendly supplier list is short. Lead with compliance.,"Hi — Auxsys GmbH ships Software / Platforms, Robotics / UGV (+2) to defense customers.",https://auxsys.com/,,New,Review website and validate opportunity,
AVANTIS,France,B,64.3,Acheteur potentiel,Mechanical parts,"Front-ends RF, processeurs, mécanique de précision pour fabricants radars.","Radar / sensor lines need specialised electronics, signal processing chips and composite housings. Talk to chief engineer.","Hi — I noticed AVANTIS builds Logistics equipment, Radars (+1) for Radar / sensors.",http://avantis-group.com/,https://www.linkedin.com/company/groupeavantis,New,Review website and validate opportunity,
AVANTIX,France,D,,À vérifier,To enrich,Qualifier l'activité avant tout pitch ciblé.,To enrich,To enrich,http://avantix.net/,,New,No immediate action,
AVEC CHEM S.R.O.,République tchèque,D,16.6,À vérifier,Industrial subcontracting / machining,Qualifier l'activité avant tout pitch ciblé.,"Public sources too thin — discovery call first, focused pitch second.",Hi — I noticed AVEC CHEM S.R.O.,http://www.avec.cz/,,New,No immediate action,
"Aveo Engineering Group, s.r.o.",République tchèque,D,,À vérifier,To enrich,Qualifier l'activité avant tout pitch ciblé.,To enrich,To enrich,https://aveoengineering.com/,,New,No immediate action,
"AviaNera Technologies, a.s.",République tchèque,B,73.0,Acheteur potentiel,Energy / batteries,Vend une brique du chain detection-effector aux primes anti-drone.,"Defense end-users buying C-UAS solutions are tightening specs every year. Position our offer as a complement to AviaNera Technologies, a.s.'s sensor fusion / kinetic effector chain.","Hi — AviaNera Technologies, a.s.",http://avianeratech.com/,https://linkedin.com/company/avianera-technologies/,New,Review website and validate opportunity,
AVL LIST GMBH,Autriche,D,,À vérifier,To enrich,Qualifier l'activité avant tout pitch ciblé.,To enrich,To enrich,http://www.avl.com/,,New,No immediate action,
Avnon Enterprise Ltd,Israël,A,80.0,Acheteur potentiel,Energy / batteries,"Capteurs, payloads optroniques, communications pour plateformes ISR.","ISR platforms aggregate sensors, comms and AI. Map Avnon Enterprise Ltd's integration partners.","Hi — I noticed Avnon Enterprise Ltd builds UAV / drones, Counter-UAV systems (+8) for Intelligence / ISR.",https://www.avnongroup.com/,,New,Contact sales team and qualify need,
Avon Protection,Royaume-Uni,D,,À vérifier,To enrich,Qualifier l'activité avant tout pitch ciblé.,To enrich,To enrich,https://www.avon-protection.com/,,New,No immediate action,
AVT EUROPE (NV),Belgique,D,,À vérifier,To enrich,Qualifier l'activité avant tout pitch ciblé.,To enrich,To enrich,https://www.actemium.be/fr/segments-marche/solutions-de-manutention/solutions/,,New,No immediate action,
AWG TECH,France,C,57.4,Fournisseur potentiel,Mechanical parts,"Outils CAD, simulation, certification pour bureau d'études.","Engineering shops buy CAD licences, simulation tools and certification services.",Hi — I noticed AWG TECH builds Logistics equipment for Engineering services.,http://awgtech.fr/,https://www.linkedin.com/in/frédéric-geoffroy-0888bb146,New,Keep in watchlist,
AX Group,France,D,,À vérifier,To enrich,Qualifier l'activité avant tout pitch ciblé.,To enrich,To enrich,https://www.ax-group.com/fr/,,New,No immediate action,
AXNES AS,Norvège,D,20.6,À vérifier,Industrial subcontracting / machining,Qualifier l'activité avant tout pitch ciblé.,"Public sources too thin — discovery call first, focused pitch second.",Hi — I noticed AXNES AS at Eurosatory.,http://www.axnes.com/,https://www.linkedin.com/company/axnes/,New,No immediate action,
AXON,France,B,74.0,Acheteur potentiel,Energy / batteries,"Fournisseur de batteries, moteurs, optronique, RF, composites pour fabricants UAV.","UAV builds need batteries, motors, optronics, RF links and composites. Map their bill of materials with the supply chain lead.","Hi — I noticed AXON builds UAV / drones, Sensors (+5) for UAV / drones.",http://www.axon.com/fr,https://fr.linkedin.com/showcase/axon-france/,New,Review website and validate opportunity,
Axon' Cable,France,D,,À vérifier,To enrich,Qualifier l'activité avant tout pitch ciblé.,To enrich,To enrich,http://www.axon-cable.com/,,New,No immediate action,
AZUR DRONES,France,A,76.0,Acheteur potentiel,Energy / batteries,"Fournisseur de batteries, moteurs, optronique, RF, composites pour fabricants UAV.","UAV builds need batteries, motors, optronics, RF links and composites. Map their bill of materials with the supply chain lead.","Hi — I noticed AZUR DRONES builds UAV / drones, Sensors (+7) for UAV / drones.",https://www.azurdrones.com/,,New,Contact sales team and qualify need,
B Medical Systems,Luxembourg,A,76.5,Acheteur potentiel,Engines / propulsion,"Front-ends RF, processeurs, mécanique de précision pour fabricants radars.","Radar / sensor lines need specialised electronics, signal processing chips and composite housings. Talk to chief engineer.","Hi — I noticed B Medical Systems builds Vehicles, Sensors (+4) for Radar / sensors.",http://www.bmedicalsystems.com/,https://www.linkedin.com/company/b-medical-systems/,New,Contact sales team and qualify need,
B&T Composites,Grèce,B,65.5,Acheteur potentiel,Mechanical parts,"Fournisseur de batteries, moteurs, optronique, RF, composites pour fabricants UAV.","UAV builds need batteries, motors, optronics, RF links and composites. Map their bill of materials with the supply chain lead.","Hi — I noticed B&T Composites builds Logistics equipment, Communications networks (+6) for UAV / drones.",https://www.btcomposites.gr/,https://www.linkedin.com/company/101398294,New,Review website and validate opportunity,
B&TAG,Suisse,D,,À vérifier,To enrich,Qualifier l'activité avant tout pitch ciblé.,To enrich,To enrich,https://www.bt-ag.ch/,,New,No immediate action,
B.E. Meyers & Co. Inc,États-Unis,B,68.0,Acheteur potentiel,Mechanical parts,"Textiles, composites, optronique, énergie pour kits soldat.","Soldier system vendors source textiles, composites, optronics and energy. Lead with NATO / military pedigree.",Hi — I noticed B.E. Meyers & Co.,http://www.bemeyers.com/,https://www.linkedin.com/company/be-meyers/,New,Review website and validate opportunity,
B.R. PRECISION (nom commercial),France,B,62.8,Fournisseur potentiel,Cloud / data services,"Matières premières, outils coupants, services qualité pour sous-traitants.","Sub-contractors buy raw materials, cutting tools and quality services.","Hi — I noticed B.R. PRECISION (nom commercial) builds Software / Platforms, Logistics equipment (+1) for Industrial subcontracting.",https://www.brprecision.fr/,https://www.linkedin.com/company/bernard-ressorts02600/,New,Review website and validate opportunity,
B.R.C,France,D,,À vérifier,To enrich,Qualifier l'activité avant tout pitch ciblé.,To enrich,To enrich,https://brc.bzh/,,New,No immediate action,
B.S.N. BALLABIO SRL,Italie,D,,À vérifier,To enrich,Qualifier l'activité avant tout pitch ciblé.,To enrich,To enrich,https://www.bsn.it/,,New,No immediate action,
BABCOCK INTERNATIONAL,Royaume-Uni,D,,À vérifier,To enrich,Qualifier l'activité avant tout pitch ciblé.,To enrich,To enrich,https://www.babcockinternational.com/,,New,No immediate action,
BACHMANN RDS,France,D,,À vérifier,To enrich,Qualifier l'activité avant tout pitch ciblé.,To enrich,To enrich,http://bachmannrds.com/,https://www.linkedin.com/company/bachmannrds,New,No immediate action,
Backer HTF-Heating Technologies France,France,B,68.1,Acheteur potentiel,Electronic components,"Capteurs, payloads optroniques, communications pour plateformes ISR.","ISR platforms aggregate sensors, comms and AI. Map Backer HTF-Heating Technologies France's integration partners.","Hi — I noticed Backer HTF-Heating Technologies France builds Sensors, Energy / batteries for Intelligence / ISR.",https://backerhtf.fr/,https://www.linkedin.com/company/backer-htf-heating-technologies-france/?viewAsMember=true,New,Review website and validate opportunity,
BAE SYSTEMS,Royaume-Uni,D,17.6,À vérifier,Industrial subcontracting / machining,Qualifier l'activité avant tout pitch ciblé.,"Public sources too thin — discovery call first, focused pitch second.",Hi — I noticed BAE SYSTEMS at Eurosatory.,http://www.baesystems.com/,https://www.linkedin.com/company/bae-systems,New,No immediate action,
BAGALU,France,D,,À vérifier,To enrich,Qualifier l'activité avant tout pitch ciblé.,To enrich,To enrich,https://www.bagalu.fr/,,New,No immediate action,
BALTIC INSTITUTE OF ADVANCED TECHNOLOGY (BPTI),Lituanie,D,,À vérifier,To enrich,Qualifier l'activité avant tout pitch ciblé.,To enrich,To enrich,https://www.bpti.lt/,,New,No immediate action,
BALTIC VIPER,Lituanie,D,,À vérifier,To enrich,Qualifier l'activité avant tout pitch ciblé.,To enrich,To enrich,https://balticviper.com/,,New,No immediate action,
Banque Européenne d'Investissement,Luxembourg,D,,À vérifier,To enrich,Qualifier l'activité avant tout pitch ciblé.,To enrich,To enrich,https://www.eib.org/fr/index.htm,,New,No immediate action,
BARBAS ET PLAILLY,France,D,,À vérifier,To enrich,Qualifier l'activité avant tout pitch ciblé.,To enrich,To enrich,http://www.fonderie-barbas.com/,,New,No immediate action,
"BARRETT FIREARMS MANUFACTURING, INC.",États-Unis,D,,À vérifier,To enrich,Qualifier l'activité avant tout pitch ciblé.,To enrich,To enrich,http://www.barrett.net/,,New,No immediate action,
BARRON INDUSTRIES,États-Unis,D,,À vérifier,To enrich,Qualifier l'activité avant tout pitch ciblé.,To enrich,To enrich,https://www.barron-industries.com/,,New,No immediate action,
BARTEZ GLASS,Turquie,B,68.0,Acheteur potentiel,Engines / propulsion,"Vend des sous-systèmes / composants à un OEM construisant Vehicles, Ballistic protection.",BARTEZ GLASS buys for next-gen platforms — engineering and supply chain are the buyers.,"Hi — BARTEZ GLASS ships Vehicles, Ballistic protection to Police / law enforcement, Critical infrastructure.",https://www.bartez.com.tr/,,New,Review website and validate opportunity,
BASE A.Ş.,Turquie,A,75.5,Acheteur potentiel,Engines / propulsion,"Vend des sous-systèmes / composants à un OEM construisant Vehicles, Logistics equipment.",BASE A.Ş. is a regulated buyer — lead with ITAR/AQAP/EN9100 credentials.,"Hi — BASE A.Ş. ships Vehicles, Logistics equipment (+5) to Defense ministries.",http://www.basestudio.com.tr/,https://www.linkedin.com/company/base-studio,New,Contact sales team and qualify need,
Basemark,Finlande,A,79.0,Acheteur potentiel,Engines / propulsion,"Textiles, composites, optronique, énergie pour kits soldat.","Soldier system vendors source textiles, composites, optronics and energy. Lead with NATO / military pedigree.","Hi — I noticed Basemark builds Vehicles, Software / Platforms (+9) for Soldier systems.",http://www.basemark.com/,https://www.linkedin.com/company/basemarkltd/,New,Contact sales team and qualify need,
BATTOCCHIO,Italie,D,,À vérifier,To enrich,Qualifier l'activité avant tout pitch ciblé.,To enrich,To enrich,https://www.battocchio.com/,,New,No immediate action,
BAUMERT,France,B,68.0,Acheteur potentiel,Energetic materials,"Amplis RF, processeurs signal, embarqué, antennes pour EW.","EW systems source RF amplifiers, signal-processing chips, embedded computing and antennas. Talk to RF system lead.","Hi — I noticed BAUMERT builds Ammunition, NRBC / CBRN (+2) for Electronic warfare.",http://www.baumert.fr/,https://www.linkedin.com/company/baumert/,New,Review website and validate opportunity,
Bavarian Pavilion,Allemagne,D,17.6,À vérifier,Industrial subcontracting / machining,Qualifier l'activité avant tout pitch ciblé.,"Public sources too thin — discovery call first, focused pitch second.",Hi — I noticed Bavarian Pavilion at Eurosatory.,http://www.bayern-international.de/,https://www.instagram.com/bayerninternational,New,No immediate action,
Bayraktar Grubu,Turquie,D,22.6,À vérifier,Industrial subcontracting / machining,Qualifier l'activité avant tout pitch ciblé.,"Public sources too thin — discovery call first, focused pitch second.",Hi — I noticed Bayraktar Grubu at Eurosatory.,http://www.bayraktar.com/,https://www.linkedin.com/company/bayraktar-holding/posts/?feedView=all,New,No immediate action,
b-b systemtechnik GmbH,Allemagne,D,,À vérifier,To enrich,Qualifier l'activité avant tout pitch ciblé.,To enrich,To enrich,http://www.bbsystemtechnik.de/,,New,No immediate action,
BBS Automation GmbH,Allemagne,D,,À vérifier,To enrich,Qualifier l'activité avant tout pitch ciblé.,To enrich,To enrich,http://www.bbsautomation.com/,,New,No immediate action,
BCA BALLISTIC PROTECTION - BCA TÊXTIL LTDA,Brésil,C,51.4,Acheteur potentiel,Composite materials,"Vend des sous-systèmes / composants à un OEM construisant Soldier equipment, Ballistic protection.",BCA BALLISTIC PROTECTION - BCA TÊXTIL LTDA sells to forces — they need certified materials and ergonomic sub-systems.,"Hi — BCA BALLISTIC PROTECTION - BCA TÊXTIL LTDA ships Soldier equipment, Ballistic protection (+1) to defense customers.",http://www.bcaballisticprotection.com.br/,,New,Keep in watchlist,
BEAMSHOT/QUARTON USA,États-Unis,D,,À vérifier,To enrich,Qualifier l'activité avant tout pitch ciblé.,To enrich,To enrich,https://www.beamshot.com/,,New,No immediate action,
bebob defense - a division of bebob factory GmbH,Allemagne,B,60.6,Acheteur potentiel,Cloud / data services,"Vend des sous-systèmes / composants à un OEM construisant Software / Platforms, Robotics / UGV.",Qualify the activity before pitching.,"Hi — bebob defense - a division of bebob factory GmbH ships Software / Platforms, Robotics / UGV (+1) to defense customers.",http://www.bebob-defense.de/,https://www.linkedin.com/company/bebob-factory/,New,Review website and validate opportunity,
BEFPI,France,D,,À vérifier,To enrich,Qualifier l'activité avant tout pitch ciblé.,To enrich,To enrich,https://www.befpi.com/,,New,No immediate action,
Be-Ge Seating A/S,Danemark,D,17.6,À vérifier,Industrial subcontracting / machining,Qualifier l'activité avant tout pitch ciblé.,"Public sources too thin — discovery call first, focused pitch second.",Hi — I noticed Be-Ge Seating A/S at Eurosatory.,https://seating.be-ge.com/,https://www.linkedin.com/company/33514035/,New,No immediate action,
BEIJING LIZHENG TECHNOLOGY INC.,Chine,D,,À vérifier,To enrich,Qualifier l'activité avant tout pitch ciblé.,To enrich,To enrich,http://en.lizhengtech.com/,,New,No immediate action,
"BEIJING MKST TECHNOLOGY CO.,LTD",Chine,C,47.6,Acheteur potentiel,Composite materials,"Vend des sous-systèmes / composants à un OEM construisant Soldier equipment, Ballistic protection.","BEIJING MKST TECHNOLOGY CO.,LTD sells to forces — they need certified materials and ergonomic sub-systems.","Hi — BEIJING MKST TECHNOLOGY CO.,LTD ships Soldier equipment, Ballistic protection to defense customers.",http://www.mkst.cn/,,New,Keep in watchlist,
"Beijing Ribri Technology Co.,Ltd.",Chine,D,,À vérifier,To enrich,Qualifier l'activité avant tout pitch ciblé.,To enrich,To enrich,https://www.ribri.com/,,New,No immediate action,
BEIJING TONGYIZHONG NEW MATERIAL TECHNOLOGY CORPORATION,Chine,D,33.4,Acheteur potentiel,Mechanical parts,Vend des sous-systèmes / composants à un OEM construisant Logistics equipment.,Qualify the activity before pitching.,Hi — BEIJING TONGYIZHONG NEW MATERIAL TECHNOLOGY CORPORATION ships Logistics equipment to defense customers.,http://www.bjtyz.com/,,New,No immediate action,
Bel (Cinch Connectivity Solutions),Royaume-Uni,D,25.6,À vérifier,Industrial subcontracting / machining,Qualifier l'activité avant tout pitch ciblé.,"Public sources too thin — discovery call first, focused pitch second.",Hi — I noticed Bel (Cinch Connectivity Solutions) at Eurosatory.,http://www.cinch.com/,https://www.linkedin.com/showcase/cinch-connectivity-solutions/,New,No immediate action,
Belina d.o.o.,Croatie,B,65.5,Acheteur potentiel,Engines / propulsion,"Composites, capteurs, comms, lancement pour primes spatiaux.","Space primes source composites, sensors, comms and launch services.",Hi — I noticed Belina d.o.o.,http://www.belina.com/,https://hr.linkedin.com/company/belina,New,Review website and validate opportunity,
BELL,États-Unis,D,,À vérifier,To enrich,Qualifier l'activité avant tout pitch ciblé.,To enrich,To enrich,https://www.bellflight.com/,,New,No immediate action,
Belleville Boot Company,États-Unis,C,58.0,Acheteur potentiel,Sensors,Vend des sous-systèmes / composants à un OEM construisant Naval systems.,Belleville Boot Company sells naval kit — long sales cycle. Programme office is the buyer.,Hi — Belleville Boot Company ships Naval systems to Police / law enforcement.,http://www.bellevilleboot.com/,,New,Keep in watchlist,
BELSS,Lettonie,B,73.5,Acheteur potentiel,Engines / propulsion,"RF, crypto, certification interopérabilité pour radios tactiques.","Tactical comms vendors source RF, encryption modules and certifications. Talk to RF / security architect.","Hi — I noticed BELSS builds Vehicles, UAV / drones (+6) for Communications.",http://www.belss.lv/,https://www.linkedin.com/company/belss,New,Review website and validate opportunity,
BENELLI ARMI,Italie,B,66.5,Acheteur potentiel,Energetic materials,"Vend des sous-systèmes / composants à un OEM construisant Ammunition, UAV / drones.","BENELLI ARMI sells to land forces — they need sub-systems, composites and certification.","Hi — BENELLI ARMI ships Ammunition, UAV / drones (+5) to Land forces, Police / law enforcement (+1).",http://www.benellidefense.com/,,New,Review website and validate opportunity,
BERETTA (FABBRICA D’ARMI PIETRO BERETTA),Italie,B,69.3,Acheteur potentiel,Mechanical parts,"Verre spécial, détecteurs, mécanique de précision pour optronique.","Optronics suppliers buy specialty glass, detectors and precision mechanics. Talk to procurement and engineering.","Hi — I noticed BERETTA (FABBRICA D’ARMI PIETRO BERETTA) builds Weapons, Optronics / Optics (+1) for Optics / optronics.",http://www.berettadefense.com/,,New,Review website and validate opportunity,
Beretta Defense Technologies (BDT),Italie,A,77.0,Acheteur potentiel,Energy / batteries,"Fournisseur de RF, radars, optronique et embarqués pour stacks anti-drone.","Their counter-UAV stack relies on RF, radar, optronics and embedded systems — exactly what we supply. Talk to procurement / chief engineer.","Hi — I noticed Beretta Defense Technologies (BDT) builds UAV / drones, Counter-UAV systems (+5) for Counter-UAV.",http://berettadefensetechnologies.com/,,New,Contact sales team and qualify need,
BERNIER,France,D,,À vérifier,To enrich,Qualifier l'activité avant tout pitch ciblé.,To enrich,To enrich,https://www.bernier.tm.fr/,,New,No immediate action,
Bertel O. Steen Defence & Security AB,Suède,D,16.6,À vérifier,Industrial subcontracting / machining,Qualifier l'activité avant tout pitch ciblé.,"Public sources too thin — discovery call first, focused pitch second.",Hi — I noticed Bertel O.,http://www.bosdefence.se/,,New,No immediate action,
Bertin Environics,Finlande,A,80.0,Acheteur potentiel,Engines / propulsion,"Capteurs, payloads optroniques, communications pour plateformes ISR.","ISR platforms aggregate sensors, comms and AI. Map Bertin Environics's integration partners.","Hi — I noticed Bertin Environics builds Vehicles, UAV / drones (+8) for Intelligence / ISR.",http://www.environics.fi/,https://www.linkedin.com/company/bertin-environics/,New,Contact sales team and qualify need,
Bertin Exensor,Suède,D,,À vérifier,To enrich,Qualifier l'activité avant tout pitch ciblé.,To enrich,To enrich,https://www.exensor.com/,,New,No immediate action,
Bertin Technologies,France,D,,À vérifier,To enrich,Qualifier l'activité avant tout pitch ciblé.,To enrich,To enrich,http://www.bertin-technologies.com/,https://www.linkedin.com/company/bertin-technologies,New,No immediate action,
BERTRANDT,France,D,,À vérifier,To enrich,Qualifier l'activité avant tout pitch ciblé.,To enrich,To enrich,https://www.bertrandt.com/en/,,New,No immediate action,
BESSIN RECTIFICATION,France,D,,À vérifier,To enrich,Qualifier l'activité avant tout pitch ciblé.,To enrich,To enrich,,,New,No immediate action,
Beth-El Industries,Allemagne,B,71.0,Acheteur potentiel,Engines / propulsion,"Vend des sous-systèmes / composants à un OEM construisant Vehicles, Simulators / Training.",Beth-El Industries buys for next-gen platforms — engineering and supply chain are the buyers.,"Hi — Beth-El Industries ships Vehicles, Simulators / Training (+2) to Land forces.",http://beth-el.eu/,,New,Review website and validate opportunity,
Beyond Electric d.o.o.,Slovénie,B,70.0,Acheteur potentiel,Mechanical parts,"Vend des sous-systèmes / composants à un OEM construisant Engines / propulsion, Vehicles.",Beyond Electric d.o.o. performs MRO — they need parts and engineering support. Direct procurement angle.,Hi — Beyond Electric d.o.o.,https://www.beyondmotors.io/,https://www.linkedin.com/in/domen-kocevar-beyond-motors/,New,Review website and validate opportunity,
Beyond Vision,Portugal,D,,À vérifier,To enrich,Qualifier l'activité avant tout pitch ciblé.,To enrich,To enrich,https://beyond-vision.com/,,New,No immediate action,
BeyondComposite,Portugal,B,71.0,Acheteur potentiel,Mechanical parts,"Textiles, composites, optronique, énergie pour kits soldat.","Soldier system vendors source textiles, composites, optronics and energy. Lead with NATO / military pedigree.","Hi — I noticed BeyondComposite builds Logistics equipment, Mechanical parts (+6) for Soldier systems.",http://www.beyondcomposite.com/,https://www.linkedin.com/company/beyondcompositee,New,Review website and validate opportunity,
BEYRIA,France,D,,À vérifier,To enrich,Qualifier l'activité avant tout pitch ciblé.,To enrich,To enrich,http://www.beyria-emballages.com/,https://www.linkedin.com/company/100594994/,New,No immediate action,
BHARAT ELECTRONICS LTD,Inde,B,70.5,Acheteur potentiel,Engines / propulsion,"Capteurs, payloads optroniques, communications pour plateformes ISR.","ISR platforms aggregate sensors, comms and AI. Map BHARAT ELECTRONICS LTD's integration partners.","Hi — I noticed BHARAT ELECTRONICS LTD builds Vehicles, Radars (+15) for Intelligence / ISR.",https://www.bel-india.in/,,New,Review website and validate opportunity,
BHC Gummi-Metall GmbH - Part of RUPF Industries,Allemagne,D,17.6,À vérifier,Industrial subcontracting / machining,Qualifier l'activité avant tout pitch ciblé.,"Public sources too thin — discovery call first, focused pitch second.",Hi — I noticed BHC Gummi-Metall GmbH - Part of RUPF Industries at Eurosatory.,http://www.rupf-industries.com/,https://www.linkedin.com/company/rupf-industries-gruppe/,New,No immediate action,
BHE Ltd.,Hongrie,B,62.5,Acheteur potentiel,Energy / batteries,"Amplis RF, processeurs signal, embarqué, antennes pour EW.","EW systems source RF amplifiers, signal-processing chips, embedded computing and antennas. Talk to RF system lead.",Hi — I noticed BHE Ltd.,http://bhe-corp.com/,https://www.linkedin.com/company/bhebonn,New,Review website and validate opportunity,
Biemmedue spa,Italie,D,,À vérifier,To enrich,Qualifier l'activité avant tout pitch ciblé.,To enrich,To enrich,http://www.biemmedue.com/,,New,No immediate action,
Biesterfeld SE,Allemagne,D,,À vérifier,To enrich,Qualifier l'activité avant tout pitch ciblé.,To enrich,To enrich,https://www.biesterfeld.com/,,New,No immediate action,
BILLARD ENGRENAGES,France,D,,À vérifier,To enrich,Qualifier l'activité avant tout pitch ciblé.,To enrich,To enrich,https://billard-engrenages.fr/,,New,No immediate action,
BINAS DD BUGOJNO,Bosnia and Herzegovina,D,,À vérifier,To enrich,Qualifier l'activité avant tout pitch ciblé.,To enrich,To enrich,https://www.binas.com.ba/,,New,No immediate action,
BINDER,Allemagne,A,82.5,Acheteur potentiel,"Materials (Li-ion, electrolytes)","Capteurs, payloads optroniques, communications pour plateformes ISR.","ISR platforms aggregate sensors, comms and AI. Map BINDER's integration partners.","Hi — I noticed BINDER builds Energy / batteries, Logistics equipment (+2) for Intelligence / ISR.",https://www.binder-world.com/,https://www.linkedin.com/company/binder-gmbh/,New,Contact sales team and qualify need,
BINZ Automotive,Allemagne,D,,À vérifier,To enrich,Qualifier l'activité avant tout pitch ciblé.,To enrich,To enrich,https://www.binz-automotive.com/,,New,No immediate action,
BIOEX,France,D,,À vérifier,To enrich,Qualifier l'activité avant tout pitch ciblé.,To enrich,To enrich,https://www.bio-ex.com/fr/,,New,No immediate action,
BITTIUM,Finlande,D,,À vérifier,To enrich,Qualifier l'activité avant tout pitch ciblé.,To enrich,To enrich,http://www.bittium.com/,,New,No immediate action,
Black Bruin Oy,Finlande,D,,À vérifier,To enrich,Qualifier l'activité avant tout pitch ciblé.,To enrich,To enrich,,,New,No immediate action,
Black Hawk Defence Ltd,Royaume-Uni,A,76.0,Acheteur potentiel,Engines / propulsion,"Vend des sous-systèmes / composants à un OEM construisant Vehicles, UAV / drones.",Black Hawk Defence Ltd sells SAM / AAA systems — long programmes. Programme office is the buyer.,"Hi — Black Hawk Defence Ltd ships Vehicles, UAV / drones (+6) to defense customers.",http://www.blackhawkdefence.co.uk/,,New,Contact sales team and qualify need,
Blaschke J.,Autriche,C,52.4,Acheteur potentiel,Sensors,Vend des sous-systèmes / composants à un OEM construisant NRBC / CBRN.,Blaschke J. sells CBRN kit — they need certified materials and detection.,Hi — Blaschke J. ships NRBC / CBRN to Land forces.,http://www.blaschke.com/,https://www.linkedin.com/company/blaschke-wehrtechnik,New,Keep in watchlist,
Bliss Munitions Europe,États-Unis,B,70.4,Distributeur potentiel,Energetic materials,Canal de distribution / représentation pour notre portefeuille.,Ammunition export is licensed — confirm scope before pitching.,Hi — we're scouting an exclusive distributor for Europe (+7).,http://www.blissmunitions-eu.com/,https://www.linkedin.com/company/bliss-munitions-europe/,New,Review website and validate opportunity,
Block'Axess,France,D,,À vérifier,To enrich,Qualifier l'activité avant tout pitch ciblé.,To enrich,To enrich,https://www.blockaxess.com/,,New,No immediate action,
Blücher GmbH,Allemagne,B,64.0,Acheteur potentiel,Composite materials,"Vend des sous-systèmes / composants à un OEM construisant Soldier equipment, Logistics equipment.",Blücher GmbH sells to forces — they need certified materials and ergonomic sub-systems.,"Hi — Blücher GmbH ships Soldier equipment, Logistics equipment (+2) to defense customers.",http://www.bluecher.com/,https://www.linkedin.com/company/bl-cher-gmbh/,New,Review website and validate opportunity,
Bluewater Sweden AB,Suède,D,,À vérifier,To enrich,Qualifier l'activité avant tout pitch ciblé.,To enrich,To enrich,http://bluewatergroup.com/,,New,No immediate action,
BMC OTOMOTIV SANAYI VE TICARET A.S.,Turquie,C,51.5,Acheteur potentiel,Engines / propulsion,"Vend des sous-systèmes / composants à un OEM construisant Vehicles, Engines / propulsion.",BMC OTOMOTIV SANAYI VE TICARET A.S. buys for next-gen platforms — engineering and supply chain are the buyers.,Hi — BMC OTOMOTIV SANAYI VE TICARET A.S.,https://bmc.com.tr/,,New,Keep in watchlist,
BNP Paribas,France,D,,À vérifier,To enrich,Qualifier l'activité avant tout pitch ciblé.,To enrich,To enrich,https://mabanque.bnpparibas/,,New,No immediate action,
BNT Tvornica masina i hidraulike d.d.,Bosnia and Herzegovina,D,,À vérifier,To enrich,Qualifier l'activité avant tout pitch ciblé.,To enrich,To enrich,https://www.bnt-tmh.ba/,,New,No immediate action,
BODY ARMOR RECYCLER,France,C,56.5,Acheteur potentiel,"Raw materials (carbon fiber, resins)","Aramide, céramique, composites, certification balistique.","Ballistic protection vendors buy aramid, ceramic, composites and certification services.","Hi — I noticed BODY ARMOR RECYCLER builds Composite materials, Ballistic protection (+1) for Ballistic protection.",http://www.body-armor-recycler.com/,,New,Keep in watchlist,
Boehringer / VDF Boehringer,Allemagne,D,,À vérifier,To enrich,Qualifier l'activité avant tout pitch ciblé.,To enrich,To enrich,https://www.ffg-ea.com/,,New,No immediate action,
BOLD,Espagne,D,17.6,À vérifier,Industrial subcontracting / machining,Qualifier l'activité avant tout pitch ciblé.,"Public sources too thin — discovery call first, focused pitch second.",Hi — I noticed BOLD at Eurosatory.,http://boldtechnology.com/,https://www.linkedin.com/company/bold-valuable-technology-limited/,New,No immediate action,
BOOXit,Autriche,C,45.2,Acheteur potentiel,Cloud / data services,"Vend des sous-systèmes / composants à un OEM construisant Software / Platforms, Logistics equipment.",BOOXit performs MRO — they need parts and engineering support. Direct procurement angle.,"Hi — BOOXit ships Software / Platforms, Logistics equipment to defense customers.",https://www.booxit.at/,https://www.linkedin.com/in/peter-entenfellner-16a35a8a/,New,Keep in watchlist,
Borovo d.d.,Croatie,D,,À vérifier,To enrich,Qualifier l'activité avant tout pitch ciblé.,To enrich,To enrich,https://www.borovo.hr/,,New,No immediate action,
BörüCASE,Turquie,D,,À vérifier,To enrich,Qualifier l'activité avant tout pitch ciblé.,To enrich,To enrich,https://www.borucase.com/,,New,No immediate action,
Bosch Engineering GmbH,Allemagne,D,,À vérifier,To enrich,Qualifier l'activité avant tout pitch ciblé.,To enrich,To enrich,http://www.bosch-engineering.com/,,New,No immediate action,
Bosch Rexroth,Allemagne,A,80.0,Acheteur potentiel,Cloud / data services,"GPUs, cloud, data annotation, hardening cyber pour plateforme IA.","AI platforms consume GPUs, cloud, data annotation services and cybersecurity hardening. Talk to CTO / head of platform.","Hi — I noticed Bosch Rexroth builds Software / Platforms, Communications networks (+7) for AI / data.",http://www.boschrexroth.com/,https://www.linkedin.com/company/bosch-rexroth/,New,Contact sales team and qualify need,
Boston Dynamics,États-Unis,D,,À vérifier,To enrich,Qualifier l'activité avant tout pitch ciblé.,To enrich,To enrich,https://www.bostondynamics.com/,,New,No immediate action,
BOWAS-INDUPLAN CHEMIE GesmbH,Autriche,D,,À vérifier,To enrich,Qualifier l'activité avant tout pitch ciblé.,To enrich,To enrich,,,New,No immediate action,
BPCE,France,D,,À vérifier,To enrich,Qualifier l'activité avant tout pitch ciblé.,To enrich,To enrich,https://www.groupebpce.com/,,New,No immediate action,
Bpifrance,France,D,,À vérifier,To enrich,Qualifier l'activité avant tout pitch ciblé.,To enrich,To enrich,https://www.bpifrance.fr/,,New,No immediate action,
"BR Industrial Textile, a.s.",République tchèque,D,,À vérifier,To enrich,Qualifier l'activité avant tout pitch ciblé.,To enrich,To enrich,,,New,No immediate action,
Brasa Defence Systems,Lettonie,D,,À vérifier,To enrich,Qualifier l'activité avant tout pitch ciblé.,To enrich,To enrich,https://www.brasa.lv/,,New,No immediate action,
BREN-TRONICS,France,D,,À vérifier,To enrich,Qualifier l'activité avant tout pitch ciblé.,To enrich,To enrich,http://www.bren-tronics.com/,,New,No immediate action,
BRIE CHAMPAGNE INDUSTRIE,France,D,,À vérifier,To enrich,Qualifier l'activité avant tout pitch ciblé.,To enrich,To enrich,http://www.bc-indus.fr/,,New,No immediate action,
Brigade de sapeurs-pompiers de Paris,France,D,,À vérifier,To enrich,Qualifier l'activité avant tout pitch ciblé.,To enrich,To enrich,https://www.pompiersparis.fr/,,New,No immediate action,
Bron Technologies,Pologne,D,,À vérifier,To enrich,Qualifier l'activité avant tout pitch ciblé.,To enrich,To enrich,,,New,No immediate action,
Broshuis B.V.,Pays-Bas,B,72.1,Acheteur potentiel,Engines / propulsion,"Moteurs, composites, plaques balistiques, optronique, comms pour OEM blindés.","Armored vehicle OEMs buy engines, composites, ballistic plates, optronics, comms and specialised mechanics in volume.",Hi — I noticed Broshuis B.V.,https://www.broshuis.com/,,New,Review website and validate opportunity,
BROSWARM,Lituanie,D,,À vérifier,To enrich,Qualifier l'activité avant tout pitch ciblé.,To enrich,To enrich,,,New,No immediate action,
BROWNELL DIATERO,France,D,,À vérifier,To enrich,Qualifier l'activité avant tout pitch ciblé.,To enrich,To enrich,http://brownell.fr/,,New,No immediate action,
"BRP, INC.",Canada,B,62.5,Acheteur potentiel,Mechanical parts,"Vend des sous-systèmes / composants à un OEM construisant Engines / propulsion, Vehicles.","BRP, INC. sells naval kit — long sales cycle. Programme office is the buyer.","Hi — BRP, INC. ships Engines / propulsion, Vehicles (+2) to defense customers.",http://www.brp.com/en/,https://linkedin.com/company/brp,New,Review website and validate opportunity,
Bruhn Newtech A/S,Danemark,D,,À vérifier,To enrich,Qualifier l'activité avant tout pitch ciblé.,To enrich,To enrich,https://bruhn-newtech.com/,,New,No immediate action,
BRUKER,Allemagne,B,61.9,Sous-traitant,Cloud / data services,"Pièces de rechange, calibration, certification pour acteurs MRO.","MRO providers source spare parts, calibration tools and certification services. Procurement is the buyer.",Hi — I noticed BRUKER builds Software / Platforms for Logistics / MRO.,http://www.bruker.com/detection,https://www.linkedin.com/company/bruker-optics/posts/?feedView=all,New,Review website and validate opportunity,
BRUNELLO,Italie,D,,À vérifier,To enrich,Qualifier l'activité avant tout pitch ciblé.,To enrich,To enrich,http://www.brunellospa.com/,,New,No immediate action,
Bruns Exhibitions,Allemagne,D,,À vérifier,To enrich,Qualifier l'activité avant tout pitch ciblé.,To enrich,To enrich,https://www.bruns-messebau.de/,,New,No immediate action,
BSE,France,D,,À vérifier,To enrich,Qualifier l'activité avant tout pitch ciblé.,To enrich,To enrich,https://www.bse-ambulances.com./,,New,No immediate action,
BT2i,France,D,,À vérifier,To enrich,Qualifier l'activité avant tout pitch ciblé.,To enrich,To enrich,https://www.bt2igroup.com/,,New,No immediate action,
BTG Suisse AG,Suisse,B,72.6,Sous-traitant,RF / microwave components,"Radars, sonars, comms, armement, sustainment pour primes navals.","Naval primes buy radars, sonars, comms, weapons and sustainment in long cycles.","Hi — I noticed BTG Suisse AG builds Communications networks, Naval systems (+2) for Naval defense.",https://www.btg-suisse.ch/,,New,Review website and validate opportunity,
"BTRY.ENERGY"" LLC",Ukraine,A,76.5,Acheteur potentiel,Energy / batteries,"Vend des sous-systèmes / composants à un OEM construisant UAV / drones, Optronics / Optics.","BTRY.ENERGY"" LLC's ISR offer needs sensor primes and data-fusion suppliers. Engineering / programme is the buyer.","Hi — BTRY.ENERGY"" LLC ships UAV / drones, Optronics / Optics (+8) to Land forces, Defense ministries (+1).",https://btry.energy/en,https://www.linkedin.com/company/btry-energy/,New,Contact sales team and qualify need,
Bulletliner France,France,D,,À vérifier,To enrich,Qualifier l'activité avant tout pitch ciblé.,To enrich,To enrich,https://www.bulletliner.fr/,https://www.linkedin.com/company/bullet-liner-france/,New,No immediate action,
Business France,France,D,,À vérifier,To enrich,Qualifier l'activité avant tout pitch ciblé.,To enrich,To enrich,https://www.businessfrance.fr/,,New,No immediate action,
BUSINESS OULU / DEFTECH NORTH CLUSTER,Finlande,D,,À vérifier,To enrich,Qualifier l'activité avant tout pitch ciblé.,To enrich,To enrich,https://www.businessoulu.com/tietoa-meista/ohjelmat-ja-hankkeet/deftech-cluster-north/,,New,No immediate action,
Büttner és Társai Szerszámelemgyártó és Kereskedelmi Ltd.,Hongrie,D,,À vérifier,To enrich,Qualifier l'activité avant tout pitch ciblé.,To enrich,To enrich,https://www.buttner.hu/hu,,New,No immediate action,
C.E. NIEHOFF & CO,États-Unis,D,,À vérifier,To enrich,Qualifier l'activité avant tout pitch ciblé.,To enrich,To enrich,http://www.ceniehoff.com/,,New,No immediate action,
C.S.A. Construction Structures Aéronautiques,France,D,,À vérifier,To enrich,Qualifier l'activité avant tout pitch ciblé.,To enrich,To enrich,https://csa-creuzet.com/,,New,No immediate action,
CALCUB,France,D,,À vérifier,To enrich,Qualifier l'activité avant tout pitch ciblé.,To enrich,To enrich,https://www.calcub.com/,,New,No immediate action,
Calian,Canada,A,82.0,Acheteur potentiel,Electronic components,"Capteurs, payloads optroniques, communications pour plateformes ISR.","ISR platforms aggregate sensors, comms and AI. Map Calian's integration partners.","Hi — I noticed Calian builds Sensors, Radars (+18) for Intelligence / ISR.",https://www.calian.com/,https://www.linkedin.com/company/calian,New,Contact sales team and qualify need,
Calidus,Émirats arabes unis,D,,À vérifier,To enrich,Qualifier l'activité avant tout pitch ciblé.,To enrich,To enrich,,,New,No immediate action,
CALIP GROUP,France,B,62.2,Acheteur potentiel,"Raw materials (steel, aluminium)","Composites, capteurs, comms, lancement pour primes spatiaux.","Space primes source composites, sensors, comms and launch services.",Hi — I noticed CALIP GROUP builds Mechanical parts for Space / satellite.,http://www.calip-group.fr/,https://www.linkedin.com/company/calip-group/,New,Review website and validate opportunity,
CALIPSO,Belgique,D,,À vérifier,To enrich,Qualifier l'activité avant tout pitch ciblé.,To enrich,To enrich,https://seaeurope.eu/,,New,No immediate action,
Cambridge Aerospace,Royaume-Uni,D,,À vérifier,To enrich,Qualifier l'activité avant tout pitch ciblé.,To enrich,To enrich,https://www.cambridgeaerospace.com/,,New,No immediate action,
CAMBRIDGE PIXEL,Royaume-Uni,A,82.0,Acheteur potentiel,Energy / batteries,"Amplis RF, processeurs signal, embarqué, antennes pour EW.","EW systems source RF amplifiers, signal-processing chips, embedded computing and antennas. Talk to RF system lead.","Hi — I noticed CAMBRIDGE PIXEL builds UAV / drones, Counter-UAV systems (+9) for Electronic warfare.",http://cambridgepixel.com/,https://www.linkedin.com/company/cambridge-pixel,New,Contact sales team and qualify need,
CANADIAN ASSOCIATION OF DEFENCE AND SECURITY INDUS,Canada,A,79.0,Acheteur potentiel,Cloud / data services,"Sous-systèmes, composites, certification pour primes terrestres.",Land defense primes integrate huge supply chains. Procurement is the buyer.,"Hi — I noticed CANADIAN ASSOCIATION OF DEFENCE AND SECURITY INDUS builds Software / Platforms, UAV / drones (+9) for Land defense.",http://www.defenceandsecurity.ca/,,New,Contact sales team and qualify need,
Canca Savunma,Turquie,C,50.9,Fournisseur potentiel,Energetic materials,"Matériaux énergétiques, mécanique, packaging, certification.","Ammunition makers buy energetic materials, mechanical parts, packaging and certification services.",Hi — I noticed Canca Savunma builds Ammunition for Ammunition.,http://cancasavunma.com/En/Default.aspx,,New,Keep in watchlist,
CANDYVOICE,France,D,,À vérifier,To enrich,Qualifier l'activité avant tout pitch ciblé.,To enrich,To enrich,,,New,No immediate action,
CANiK,Turquie,D,,À vérifier,To enrich,Qualifier l'activité avant tout pitch ciblé.,To enrich,To enrich,https://www.canikarms.com/en,,New,No immediate action,
CAP2I,France,D,,À vérifier,To enrich,Qualifier l'activité avant tout pitch ciblé.,To enrich,To enrich,https://cap2i.eu/fr/index.php,,New,No immediate action,
CAPAUL,Belgique,D,,À vérifier,To enrich,Qualifier l'activité avant tout pitch ciblé.,To enrich,To enrich,,,New,No immediate action,
CAPGEMINI TECHNOLOGY SERVICES,France,D,,À vérifier,To enrich,Qualifier l'activité avant tout pitch ciblé.,To enrich,To enrich,http://www.capgemini.com/fr-fr/,,New,No immediate action,
Captec Group,Royaume-Uni,D,17.6,À vérifier,Industrial subcontracting / machining,Qualifier l'activité avant tout pitch ciblé.,"Public sources too thin — discovery call first, focused pitch second.",Hi — I noticed Captec Group at Eurosatory.,http://www.captec-group.com/,https://www.linkedin.com/company/captec/,New,No immediate action,
CARBON 01,France,D,26.1,Sous-traitant,Industrial subcontracting / machining,Activité à qualifier — discovery call avant pitch précis.,Public data is thin — qualify the activity before pitching supply.,Hi — I noticed CARBON 01 builds — for Other.,http://carbon01.com/,https://www.linkedin.com/company/19122698/admin/dashboard/,New,No immediate action,
CARBON LIGHT PVT. LTD,Inde,D,,À vérifier,To enrich,Qualifier l'activité avant tout pitch ciblé.,To enrich,To enrich,https://www.carbonlight.com/,,New,No immediate action,
CARCANO SPA,Italie,B,62.0,Fournisseur potentiel,Mechanical parts,"Composants, sous-systèmes, software, services pour primes C4ISR.",C4ISR primes integrate hundreds of components — the sourcing surface is huge. Procurement / supply chain is the entry point.,"Hi — I noticed CARCANO SPA builds Logistics equipment, Soldier equipment (+2) for C4ISR.",https://www.carcano.it/,https://www.linkedin.com/company/stamperia-carcano-giuseppe-s-p-a,New,Review website and validate opportunity,
Carinthia - Goldeck Textil,Autriche,C,48.0,Acheteur potentiel,"Materials (Li-ion, electrolytes)","Vend des sous-systèmes / composants à un OEM construisant Energy / batteries, Ammunition.",Carinthia - Goldeck Textil buys raw materials and machining — long lead times. Procurement is the buyer.,"Hi — Carinthia - Goldeck Textil ships Energy / batteries, Ammunition to Special forces.",http://www.carinthia.eu/,,New,Keep in watchlist,
Carl Aug. Picard GmbH,Allemagne,A,83.5,Acheteur potentiel,Industrial subcontracting / machining,"Front-ends RF, processeurs, mécanique de précision pour fabricants radars.","Radar / sensor lines need specialised electronics, signal processing chips and composite housings. Talk to chief engineer.",Hi — I noticed Carl Aug.,http://www.capicard.de/,https://www.linkedin.com/company/carl-aug.-picard-gmbh-&-co.-kg,New,Contact sales team and qualify need,
Carmenta Geospatial Technologies,Suède,B,73.0,Acheteur potentiel,Energy / batteries,"Capteurs, payloads optroniques, communications pour plateformes ISR.","ISR platforms aggregate sensors, comms and AI. Map Carmenta Geospatial Technologies's integration partners.","Hi — I noticed Carmenta Geospatial Technologies builds UAV / drones, Software / Platforms (+8) for Intelligence / ISR.",http://www.carmenta.com/,https://www.linkedin.com/company/carmenta-ab,New,Review website and validate opportunity,
CARTONI SpA,Italie,A,80.0,Fournisseur potentiel,Mechanical parts,"Radars, missiles, comms, électroniques pour systèmes anti-aériens.","Air defense systems buy radars, missile components, comms and electronics.","Hi — I noticed CARTONI SpA builds Logistics equipment, Composite materials (+6) for Air defense.",http://www.cartoni.com/,https://www.linkedin.com/company/10207092/admin/dashboard/,New,Contact sales team and qualify need,
CASE CONSTRUCTION EQUIPMENT,France,D,,À vérifier,To enrich,Qualifier l'activité avant tout pitch ciblé.,To enrich,To enrich,https://www.casece.com/fr-fr/europe,,New,No immediate action,
CAT Defense,États-Unis,D,,À vérifier,To enrich,Qualifier l'activité avant tout pitch ciblé.,To enrich,To enrich,https://cat.com/defense,,New,No immediate action,
ČATEKS,Croatie,D,,À vérifier,To enrich,Qualifier l'activité avant tout pitch ciblé.,To enrich,To enrich,https://cateks.hr/,,New,No immediate action,
CAVEL,Italie,B,71.4,Acheteur potentiel,Mechanical parts,"Vend des sous-systèmes / composants à un OEM construisant Logistics equipment, Communications networks.","CAVEL sells optronics, they need detector and electronics suppliers. Lead with quality data.","Hi — CAVEL ships Logistics equipment, Communications networks (+1) to defense customers.",https://www.cavel.it/EN,https://www.linkedin.com/search/results/all/?fetchDeterministicClustersOnly=true&heroEntityKey=urn%3Ali%3Aorganization%3A74693622&keywords=cavel%20italiana%20conduttori&origin=RICH_QUERY_TYPEAHEAD_HISTORY&position=0&searchId=27d06b74-18ce-4ade-926c-f11084,New,Review website and validate opportunity,
CBC,Brésil,D,,À vérifier,To enrich,Qualifier l'activité avant tout pitch ciblé.,To enrich,To enrich,https://www.cbc.com.br/,,New,No immediate action,
CCI BOURGOGNE FRANCHE COMTE,France,D,,À vérifier,To enrich,Qualifier l'activité avant tout pitch ciblé.,To enrich,To enrich,http://www.bourgognefranchecomte.cci.fr/,,New,No immediate action,
CCI GRAND EST,France,D,,À vérifier,To enrich,Qualifier l'activité avant tout pitch ciblé.,To enrich,To enrich,http://www.industrie.cci.alsace/,https://www.linkedin.com/search/results/all/?keywords=jacques%20meyer&origin=GLOBAL_SEARCH_HEADER&sid=fCD,New,No immediate action,
CCI PARIS ILE-DE-FRANCE,France,D,,À vérifier,To enrich,Qualifier l'activité avant tout pitch ciblé.,To enrich,To enrich,http://www.cci-paris-idf.fr/,,New,No immediate action,
CCI Seine-et-Marne,France,D,,À vérifier,To enrich,Qualifier l'activité avant tout pitch ciblé.,To enrich,To enrich,,,New,No immediate action,
CCO CREATIVE CONSULTING,Allemagne,B,65.4,Sous-traitant,Mechanical parts,"Radars, sonars, comms, armement, sustainment pour primes navals.","Naval primes buy radars, sonars, comms, weapons and sustainment in long cycles.",Hi — I noticed CCO CREATIVE CONSULTING builds Logistics equipment for Naval defense.,http://www.cco-germany.eu/,,New,Review website and validate opportunity,
CDDS,Suisse,B,68.5,Acheteur potentiel,Energy / batteries,"Front-ends RF, processeurs, mécanique de précision pour fabricants radars.","Radar / sensor lines need specialised electronics, signal processing chips and composite housings. Talk to chief engineer.","Hi — I noticed CDDS builds UAV / drones, Logistics equipment (+4) for Radar / sensors.",https://www.cdds.ai/,https://www.linkedin.com/company/cdds,New,Review website and validate opportunity,
CEA,France,D,,À vérifier,To enrich,Qualifier l'activité avant tout pitch ciblé.,To enrich,To enrich,https://www.cea.fr/,https://www.linkedin.com/company/cea/,New,No immediate action,
CEFA,France,D,,À vérifier,To enrich,Qualifier l'activité avant tout pitch ciblé.,To enrich,To enrich,http://www.cefa.fr/fr/,https://fr.linkedin.com/company/cefasas,New,No immediate action,
CEGELEC Défense,France,C,58.9,Acheteur potentiel,Sensors,"Capteurs détection, filtration, EPI certifié.","CBRN vendors buy detection sensors, filtration materials and certified PPE.",Hi — I noticed CEGELEC Défense builds NRBC / CBRN for NRBC / CBRN.,http://www.defense.cegelec.com/,https://www.linkedin.com/company/cegelec-d-fense/,New,Keep in watchlist,
CEIA SPA,Italie,D,,À vérifier,To enrich,Qualifier l'activité avant tout pitch ciblé.,To enrich,To enrich,http://www.ceia.net/,,New,No immediate action,
CELLOCK,Cyprus,B,73.0,Acheteur potentiel,Engines / propulsion,"Capteurs, payloads optroniques, communications pour plateformes ISR.","ISR platforms aggregate sensors, comms and AI. Map CELLOCK's integration partners.","Hi — I noticed CELLOCK builds Vehicles, UAV / drones (+10) for Intelligence / ISR.",https://www.cellock.com/,https://www.linkedin.com/company/cellock/,New,Review website and validate opportunity,
CELLULAR EXPERT,Lituanie,D,,À vérifier,To enrich,Qualifier l'activité avant tout pitch ciblé.,To enrich,To enrich,https://www.cellular-expert.com/,,New,No immediate action,
Cemar International Industrial,Émirats arabes unis,D,,À vérifier,To enrich,Qualifier l'activité avant tout pitch ciblé.,To enrich,To enrich,https://www.cemar-international.com/,,New,No immediate action,
CENATS,France,D,,À vérifier,To enrich,Qualifier l'activité avant tout pitch ciblé.,To enrich,To enrich,http://www.cenats.com/,,New,No immediate action,
Censec,Danemark,D,,À vérifier,To enrich,Qualifier l'activité avant tout pitch ciblé.,To enrich,To enrich,,,New,No immediate action,
CENSUS,Grèce,B,74.0,Acheteur potentiel,Mechanical parts,"Threat intel, hardware appliances, cloud souverain, audits.","Cyber-defense vendors source threat intel feeds, hardware appliances, cloud and certification services. Procurement / CISO are entry points.","Hi — I noticed CENSUS builds Logistics equipment, Communications networks (+7) for Cybersecurity.",https://census-labs.com/,https://www.linkedin.com/company/census/,New,Review website and validate opportunity,
CENTER OF INNOVATIVE TECHNOLOGIES LLC,Uzbekistan,D,,À vérifier,To enrich,Qualifier l'activité avant tout pitch ciblé.,To enrich,To enrich,https://itm-llc.uz/,,New,No immediate action,
Centigon France,France,B,71.1,Acheteur potentiel,Engines / propulsion,"Capteurs, payloads optroniques, communications pour plateformes ISR.","ISR platforms aggregate sensors, comms and AI. Map Centigon France's integration partners.","Hi — I noticed Centigon France builds Vehicles, UAV / drones (+1) for Intelligence / ISR.",http://www.centigon.fr/,https://fr.linkedin.com/company/centigon-france-sas,New,Review website and validate opportunity,
CENTUM,Espagne,B,71.0,Acheteur potentiel,Energy / batteries,"Amplis RF, processeurs signal, embarqué, antennes pour EW.","EW systems source RF amplifiers, signal-processing chips, embedded computing and antennas. Talk to RF system lead.","Hi — I noticed CENTUM builds UAV / drones, Sensors (+7) for Electronic warfare.",http://centum.com/en/,https://www.linkedin.com/company/wearecentum/,New,Review website and validate opportunity,
"CENTURY ARMS, INC.",États-Unis,D,,À vérifier,To enrich,Qualifier l'activité avant tout pitch ciblé.,To enrich,To enrich,https://www.centuryarms.com/,,New,No immediate action,
CEOTRONICS AG,Allemagne,D,,À vérifier,To enrich,Qualifier l'activité avant tout pitch ciblé.,To enrich,To enrich,https://www.ceotronics.com/,,New,No immediate action,
CERANEXT LTD,Cyprus,D,,À vérifier,To enrich,Qualifier l'activité avant tout pitch ciblé.,To enrich,To enrich,https://ceranext.com/,,New,No immediate action,
CERBAIR,France,D,,À vérifier,To enrich,Qualifier l'activité avant tout pitch ciblé.,To enrich,To enrich,https://www.cerbair.com/fr/,,New,No immediate action,
CERIMATEC,France,D,,À vérifier,To enrich,Qualifier l'activité avant tout pitch ciblé.,To enrich,To enrich,https://www.cerimatec.fr/,,New,No immediate action,
CERTIX GROUP,France,D,,À vérifier,To enrich,Qualifier l'activité avant tout pitch ciblé.,To enrich,To enrich,https://www.certix-group.com/,,New,No immediate action,
CES Advanced Armour,Turquie,A,78.0,Acheteur potentiel,Composite materials,"Textiles, composites, optronique, énergie pour kits soldat.","Soldier system vendors source textiles, composites, optronics and energy. Lead with NATO / military pedigree.","Hi — I noticed CES Advanced Armour builds Soldier equipment, Logistics equipment (+4) for Soldier systems.",http://www.cesarmour.co.uk/,https://tr.linkedin.com/company/cesarmour,New,Contact sales team and qualify need,
Česká agentura na podporu obchodu / CzechTrade,République tchèque,D,,À vérifier,To enrich,Qualifier l'activité avant tout pitch ciblé.,To enrich,To enrich,https://www.czechtrade.eu/,,New,No immediate action,
Ceska zbrojovka a.s.,République tchèque,C,57.9,Acheteur potentiel,Mechanical parts,"Vend des sous-systèmes / composants à un OEM construisant Weapons, Robotics / UGV.",Ceska zbrojovka a.s. is a regulated buyer — lead with ITAR/AQAP/EN9100 credentials.,Hi — Ceska zbrojovka a.s.,http://www.czub.cz/,,New,Keep in watchlist,
CET Fire Pumps,Canada,D,,À vérifier,To enrich,Qualifier l'activité avant tout pitch ciblé.,To enrich,To enrich,https://www.fire-pump.com/,,New,No immediate action,
CETIC,France,C,56.3,Fournisseur potentiel,Composite materials,"Composites, capteurs, comms, lancement pour primes spatiaux.","Space primes source composites, sensors, comms and launch services.","Hi — I noticed CETIC builds Satellites / Space, Ammunition for Space / satellite.",https://www.cetic.fr/,https://www.linkedin.com/company/cetic-sas/posts/?feedView=all,New,Keep in watchlist,
CetraC Technologies,France,D,,À vérifier,To enrich,Qualifier l'activité avant tout pitch ciblé.,To enrich,To enrich,https://www.cetrac.io/,,New,No immediate action,
CGR INTERNATIONAL,France,A,77.5,Acheteur potentiel,"Raw materials (steel, aluminium)","Composites, capteurs, comms, lancement pour primes spatiaux.","Space primes source composites, sensors, comms and launch services.","Hi — I noticed CGR INTERNATIONAL builds Mechanical parts, Robotics / UGV (+6) for Space / satellite.",http://www.cgr-international.com/,https://www.linkedin.com/company/cgrinternational-/posts/?feedView=all,New,Contact sales team and qualify need,
"Chaiseri Metal & Rubber Co.,Ltd.",Thaïlande,D,,À vérifier,To enrich,Qualifier l'activité avant tout pitch ciblé.,To enrich,To enrich,https://www.chaiseri-defense.com/,,New,No immediate action,
CHELTON,Royaume-Uni,A,78.0,Acheteur potentiel,Engines / propulsion,"Amplis RF, processeurs signal, embarqué, antennes pour EW.","EW systems source RF amplifiers, signal-processing chips, embedded computing and antennas. Talk to RF system lead.","Hi — I noticed CHELTON builds Vehicles, Logistics equipment (+6) for Electronic warfare.",https://www.chelton.com/,https://www.linkedin.com/company/chelton,New,Contact sales team and qualify need,
Chemring Group,Royaume-Uni,D,,À vérifier,To enrich,Qualifier l'activité avant tout pitch ciblé.,To enrich,To enrich,http://www.chemring.co.uk/,,New,No immediate action,
Chesneau Serret,France,D,,À vérifier,To enrich,Qualifier l'activité avant tout pitch ciblé.,To enrich,To enrich,https://www.chesneau-serret.com/,,New,No immediate action,
CHESS DYNAMICS LTD,Royaume-Uni,D,,À vérifier,To enrich,Qualifier l'activité avant tout pitch ciblé.,To enrich,To enrich,http://www.chess-dynamics.com/,,New,No immediate action,
CHIMNEY TRAIL HEALTH,États-Unis,A,78.0,Acheteur potentiel,Cloud / data services,"Amplis RF, processeurs signal, embarqué, antennes pour EW.","EW systems source RF amplifiers, signal-processing chips, embedded computing and antennas. Talk to RF system lead.","Hi — I noticed CHIMNEY TRAIL HEALTH builds Software / Platforms, Logistics equipment (+5) for Electronic warfare.",http://www.chimneytrailhealth.com/,https://www.linkedin.com/in/matt-brown-preventive-cbt/,New,Contact sales team and qualify need,
CHINA GREAT WALL INTERNATIONAL EXHIBITION CO LTD,Chine,D,34.8,Acheteur potentiel,"Materials (Li-ion, electrolytes)",Vend des sous-systèmes / composants à un OEM construisant Energy / batteries.,Qualify the activity before pitching.,Hi — CHINA GREAT WALL INTERNATIONAL EXHIBITION CO LTD ships Energy / batteries to defense customers.,http://www.chgie.com/,,New,No immediate action,
CHINA NORTH INDUSTRIES CORP,Chine,D,30.6,À vérifier,Industrial subcontracting / machining,Qualifier l'activité avant tout pitch ciblé.,Confirm if CHINA NORTH INDUSTRIES CORP integrates or supplies sub-systems.,Hi — I noticed CHINA NORTH INDUSTRIES CORP at Eurosatory.,http://www.norinco.com.cn/,,New,No immediate action,
Chrosziel GmbH,Allemagne,D,,À vérifier,To enrich,Qualifier l'activité avant tout pitch ciblé.,To enrich,To enrich,http://www.chrosziel.com/,,New,No immediate action,
CHS Spezialcontainer-Shelter and Engineering,Allemagne,D,,À vérifier,To enrich,Qualifier l'activité avant tout pitch ciblé.,To enrich,To enrich,http://www.chs-containergroup.com/,,New,No immediate action,
CHSNOR AS,Norvège,D,,À vérifier,To enrich,Qualifier l'activité avant tout pitch ciblé.,To enrich,To enrich,http://www.chsnor.no/,,New,No immediate action,
Cicor Group,France,B,74.0,Fournisseur potentiel,Industrial subcontracting / machining,"Threat intel, hardware appliances, cloud souverain, audits.","Cyber-defense vendors source threat intel feeds, hardware appliances, cloud and certification services. Procurement / CISO are entry points.","Hi — I noticed Cicor Group builds Electronic components, Energy / batteries (+6) for Cybersecurity.",http://www.cicor.com/,https://www.linkedin.com/company/cicorgroup/posts/?feedView=all,New,Review website and validate opportunity,
CIDER ENGINEERING,France,D,,À vérifier,To enrich,Qualifier l'activité avant tout pitch ciblé.,To enrich,To enrich,http://www.ciderengineering.com/,,New,No immediate action,
CILAS,France,D,,À vérifier,To enrich,Qualifier l'activité avant tout pitch ciblé.,To enrich,To enrich,http://www.cilas.com/,,New,No immediate action,
CIMES,France,D,,À vérifier,To enrich,Qualifier l'activité avant tout pitch ciblé.,To enrich,To enrich,https://www.cimesfrance.com/,,New,No immediate action,
CINADRA,Brésil,D,,À vérifier,To enrich,Qualifier l'activité avant tout pitch ciblé.,To enrich,To enrich,https://cinadra.com.br/,,New,No immediate action,
CIRRA PACKAGING,France,D,,À vérifier,To enrich,Qualifier l'activité avant tout pitch ciblé.,To enrich,To enrich,https://www.cirrapackaging.com/,,New,No immediate action,
Cisco Systems France Sarl - Attn. Accounts Payable,France,D,,À vérifier,To enrich,Qualifier l'activité avant tout pitch ciblé.,To enrich,To enrich,https://cisco.fr/,,New,No immediate action,
CISTELAIER S.P.A.,Italie,D,,À vérifier,To enrich,Qualifier l'activité avant tout pitch ciblé.,To enrich,To enrich,https://www.cistelaier.com/,,New,No immediate action,
CISTEME,France,D,,À vérifier,To enrich,Qualifier l'activité avant tout pitch ciblé.,To enrich,To enrich,https://cisteme.net/,,New,No immediate action,
Clarion Defence & Security,Royaume-Uni,D,,À vérifier,To enrich,Qualifier l'activité avant tout pitch ciblé.,To enrich,To enrich,,,New,No immediate action,
Clavister,Suède,B,69.5,Acheteur potentiel,Cloud / data services,"Outils SOC/SIEM, brique de sécurité défensive pour vendeur cyber.","Clavister sells cyber to defense — they also need NDA-friendly suppliers for components, cloud and audits. Lead with compliance pedigree.","Hi — Clavister ships Software / Platforms, Cybersecurity solutions (+3) to Critical infrastructure, Land forces.",http://www.clavister.com/,https://www.linkedin.com/company/clavister/,New,Review website and validate opportunity,
CLECIM SAS,France,B,67.4,Acheteur potentiel,Mechanical parts,"Pièces de rechange, calibration, certification pour acteurs MRO.","MRO providers source spare parts, calibration tools and certification services. Procurement is the buyer.","Hi — I noticed CLECIM SAS builds Logistics equipment, Robotics / UGV for Logistics / MRO.",http://www.clecim.com/,https://www.linkedin.com/company/clecim/?viewAsMember=true,New,Review website and validate opportunity,
"Click Bond, Inc.",États-Unis,D,,À vérifier,To enrich,Qualifier l'activité avant tout pitch ciblé.,To enrich,To enrich,https://www.clickbond.com/,,New,No immediate action,
CLUSTER ASD ALTYTUD,France,D,,À vérifier,To enrich,Qualifier l'activité avant tout pitch ciblé.,To enrich,To enrich,https://www.altytud.fr/,,New,No immediate action,
Cluster PRIMUS Défense & Sécurité,France,B,68.5,Acheteur potentiel,Mechanical parts,"Capteurs, payloads optroniques, communications pour plateformes ISR.","ISR platforms aggregate sensors, comms and AI. Map Cluster PRIMUS Défense & Sécurité's integration partners.","Hi — I noticed Cluster PRIMUS Défense & Sécurité builds Engines / propulsion, Logistics equipment (+7) for Intelligence / ISR.",http://clusterprimus.fr/,https://www.linkedin.com/company/primus-cluster/,New,Review website and validate opportunity,
CMA CGM,France,B,69.6,Acheteur potentiel,Mechanical parts,"Vend des sous-systèmes / composants à un OEM construisant Logistics equipment, Engines / propulsion.",CMA CGM sells naval kit — long sales cycle. Programme office is the buyer.,"Hi — CMA CGM ships Logistics equipment, Engines / propulsion (+2) to Critical infrastructure.",http://www.cmacgm-group.com/en,https://www.linkedin.com/company/cma-cgm/,New,Review website and validate opportunity,
CMMI - CYPRUS MARINE AND MARITIME INSTITUTE,Cyprus,D,,À vérifier,To enrich,Qualifier l'activité avant tout pitch ciblé.,To enrich,To enrich,https://www.cmmi.blue/,,New,No immediate action,
CMO OBERNAI,France,D,,À vérifier,To enrich,Qualifier l'activité avant tout pitch ciblé.,To enrich,To enrich,,,New,No immediate action,
CMP COMPOSITES,France,D,,À vérifier,To enrich,Qualifier l'activité avant tout pitch ciblé.,To enrich,To enrich,https://cmpcomposites.fr/,,New,No immediate action,
CNC LEBRUN,France,D,,À vérifier,To enrich,Qualifier l'activité avant tout pitch ciblé.,To enrich,To enrich,https://www.cnclebrun.com/,,New,No immediate action,
CNIM SYSTÈMES INDUSTRIELS,France,B,63.1,Acheteur potentiel,Electronic components,"Moteurs, composites, plaques balistiques, optronique, comms pour OEM blindés.","Armored vehicle OEMs buy engines, composites, ballistic plates, optronics, comms and specialised mechanics in volume.","Hi — I noticed CNIM SYSTÈMES INDUSTRIELS builds Robotics / UGV, Mechanical parts (+2) for Armored vehicles.",http://www.cnim-systemes-industriels.com/,https://fr.linkedin.com/company/cnim-syst%C3%A8mes-industriels,New,Review website and validate opportunity,
CODICA CABLES TRANSMISSIONS,France,D,,À vérifier,To enrich,Qualifier l'activité avant tout pitch ciblé.,To enrich,To enrich,,,New,No immediate action,
COFIDUR EMS,France,D,,À vérifier,To enrich,Qualifier l'activité avant tout pitch ciblé.,To enrich,To enrich,http://www.cofidur-ems.com/,,New,No immediate action,
CoFil - Colombo Filippetti SpA,Italie,B,63.4,Acheteur potentiel,Mechanical parts,"Threat intel, hardware appliances, cloud souverain, audits.","Cyber-defense vendors source threat intel feeds, hardware appliances, cloud and certification services. Procurement / CISO are entry points.",Hi — I noticed CoFil - Colombo Filippetti SpA builds Logistics equipment for Cybersecurity.,http://www.cofil.it/,https://www.linkedin.com/company/11043718,New,Review website and validate opportunity,
COGIT COMPOSITES,France,C,58.0,Fournisseur potentiel,Composite materials,"Visuel, motion, haptique, IA pour fabricants de simulateurs.",Simulator builders source visual / motion / haptics hardware and AI components. Engineering is the buyer.,Hi — I noticed COGIT COMPOSITES builds Soldier equipment for Simulation / training.,http://cogit-composites.com/,https://www.linkedin.com/company/19126628,New,Keep in watchlist,
COGNE ACCIAI SPECIALI,Italie,B,72.0,Acheteur potentiel,Electronic components,"Vend des sous-systèmes / composants à un OEM construisant Optronics / Optics, Software / Platforms.",EW upgrades are a current priority for armed forces — COGNE ACCIAI SPECIALI buys components and certification. Procurement is the entry point.,"Hi — COGNE ACCIAI SPECIALI ships Optronics / Optics, Software / Platforms (+4) to Aerospace primes, Defense ministries.",https://www.cogne.com/,https://www.linkedin.com/company/cogne-acciai-speciali-spa/mycompany/verification/?viewAsMember=true,New,Review website and validate opportunity,
COLT CANADA,Canada,D,,À vérifier,To enrich,Qualifier l'activité avant tout pitch ciblé.,To enrich,To enrich,https://www.coltcanada.com/,,New,No immediate action,
COLT CZ GROUP SE,République tchèque,B,60.5,Acheteur potentiel,Electronic components,"Vend des sous-systèmes / composants à un OEM construisant Optronics / Optics, Weapons.","COLT CZ GROUP SE sells optronics, they need detector and electronics suppliers. Lead with quality data.","Hi — COLT CZ GROUP SE ships Optronics / Optics, Weapons (+2) to Police / law enforcement.",http://www.coltczgroup.com/,,New,Review website and validate opportunity,
"Colt Electro Optics, LLC",États-Unis,D,,À vérifier,To enrich,Qualifier l'activité avant tout pitch ciblé.,To enrich,To enrich,http://coltoptics.com/,,New,No immediate action,
COLT’S MANUFACTURING COMPANY,États-Unis,D,,À vérifier,To enrich,Qualifier l'activité avant tout pitch ciblé.,To enrich,To enrich,https://www.colt.com/,,New,No immediate action,
COMAND AI,France,D,,À vérifier,To enrich,Qualifier l'activité avant tout pitch ciblé.,To enrich,To enrich,https://www.comand.ai/fr,https://www.linkedin.com/company/comand-ai/,New,No immediate action,
COMBITECH,Suède,D,,À vérifier,To enrich,Qualifier l'activité avant tout pitch ciblé.,To enrich,To enrich,http://www.combitech.se/,,New,No immediate action,
COMERCIAL TORRENTS,Espagne,B,67.1,Acheteur potentiel,Mechanical parts,"Vend des sous-systèmes / composants à un OEM construisant Weapons, Ammunition.",COMERCIAL TORRENTS is a regulated buyer — lead with ITAR/AQAP/EN9100 credentials.,"Hi — COMERCIAL TORRENTS ships Weapons, Ammunition (+2) to Defense ministries.",http://www.comercialtorrents.com/en/,https://www.linkedin.com/company/comercial-torrents/,New,Review website and validate opportunity,
COMEXPOSIUM SECURITY,France,D,,À vérifier,To enrich,Qualifier l'activité avant tout pitch ciblé.,To enrich,To enrich,http://www.milipol.com/,,New,No immediate action,
COMMUNAUTE D'AGGLOMERATION BOURGES PLUS,France,B,70.5,Acheteur potentiel,Cloud / data services,"Capteurs, payloads optroniques, communications pour plateformes ISR.","ISR platforms aggregate sensors, comms and AI. Map COMMUNAUTE D'AGGLOMERATION BOURGES PLUS's integration partners.","Hi — I noticed COMMUNAUTE D'AGGLOMERATION BOURGES PLUS builds Software / Platforms, Robotics / UGV (+9) for Intelligence / ISR.",http://www.cid.bourgesplus.fr/,https://www.linkedin.com/company/cidbourges/,New,Review website and validate opportunity,
Companhia Nitro Química Brasileira,Brésil,D,27.6,À vérifier,Industrial subcontracting / machining,Qualifier l'activité avant tout pitch ciblé.,"Confirm if Companhia Nitro Química Brasileira sells textiles, optronics, comms or full kit.",Hi — I noticed Companhia Nitro Química Brasileira at Eurosatory.,https://nitro.com.br/,https://www.linkedin.com/company/htpp-nitroquimica-com-br/?viewAsMember=true,New,No immediate action,
"COMPASS ARMOR MANUFACTURING (BEIJING) CO., LTD",Chine,B,68.0,Acheteur potentiel,Engines / propulsion,"Textiles, composites, optronique, énergie pour kits soldat.","Soldier system vendors source textiles, composites, optronics and energy. Lead with NATO / military pedigree.","Hi — I noticed COMPASS ARMOR MANUFACTURING (BEIJING) CO., LTD builds Vehicles, UAV / drones (+6) for Soldier systems.",http://www.compassint.cn/,https://www.linkedin.com/company/compassarmor,New,Review website and validate opportunity,
COMPOSHIELD,Danemark,D,16.6,À vérifier,Industrial subcontracting / machining,Qualifier l'activité avant tout pitch ciblé.,"Public sources too thin — discovery call first, focused pitch second.",Hi — I noticed COMPOSHIELD at Eurosatory.,https://www.composhield.com/,https://www.linkedin.com/company/113641/feed/posts/,New,No immediate action,
Composite Builders,États-Unis,D,,À vérifier,To enrich,Qualifier l'activité avant tout pitch ciblé.,To enrich,To enrich,https://www.compositebuilders.com/,,New,No immediate action,
CompoTech PLUS,République tchèque,D,,À vérifier,To enrich,Qualifier l'activité avant tout pitch ciblé.,To enrich,To enrich,https://www.compotech.com/,,New,No immediate action,
Computacenter,France,A,80.0,Acheteur potentiel,Mechanical parts,"Threat intel, hardware appliances, cloud souverain, audits.","Cyber-defense vendors source threat intel feeds, hardware appliances, cloud and certification services. Procurement / CISO are entry points.","Hi — I noticed Computacenter builds Logistics equipment, Communications networks (+3) for Cybersecurity.",https://www.computacenter.com/,https://www.linkedin.com/company/computacenter/about/,New,Contact sales team and qualify need,
Comrod Communication AS,Norvège,A,77.0,Acheteur potentiel,Electronic components,"RF, crypto, certification interopérabilité pour radios tactiques.","Tactical comms vendors source RF, encryption modules and certifications. Talk to RF / security architect.","Hi — I noticed Comrod Communication AS builds Sensors, Naval systems (+6) for Communications.",http://www.comrod.com/,https://www.linkedin.com/company/comrod-communication-asa,New,Contact sales team and qualify need,
CONCURRENT TECHNOLOGIES,Royaume-Uni,D,,À vérifier,To enrich,Qualifier l'activité avant tout pitch ciblé.,To enrich,To enrich,https://www.concurrent.tech/,,New,No immediate action,
CONDOR S/A INDUSTRIA QUIMICA,Brésil,D,,À vérifier,To enrich,Qualifier l'activité avant tout pitch ciblé.,To enrich,To enrich,http://www.condornaoletal.com.br/,,New,No immediate action,
Connektica,France,B,67.0,Acheteur potentiel,Energy / batteries,"Fournisseur de batteries, moteurs, optronique, RF, composites pour fabricants UAV.","UAV builds need batteries, motors, optronics, RF links and composites. Map their bill of materials with the supply chain lead.","Hi — I noticed Connektica builds UAV / drones, Software / Platforms (+6) for UAV / drones.",http://connektica.com/,,New,Review website and validate opportunity,
CONOTECH B.V.,Pays-Bas,D,,À vérifier,To enrich,Qualifier l'activité avant tout pitch ciblé.,To enrich,To enrich,http://conotech-security.com/,,New,No immediate action,
Continental,Allemagne,D,,À vérifier,To enrich,Qualifier l'activité avant tout pitch ciblé.,To enrich,To enrich,https://www.continental-reifen.de/,,New,No immediate action,
CONTOUR ADVANCED SYSTEMS,Pays-Bas,B,66.0,Acheteur potentiel,Mechanical parts,Sub-system / payload pour OEM drones tactiques.,UAV programs are scaling — CONTOUR ADVANCED SYSTEMS is buying. Position [your sub-system] as a qualified alternative on their next platform.,"Hi — CONTOUR ADVANCED SYSTEMS ships Logistics equipment, Energy / batteries (+4) to Land forces, Air forces (+3).",http://www.contouradvancedsystems.com/,https://www.linkedin.com/company/contour-advanced-systems-bv/?originalSubdomain=nl,New,Review website and validate opportunity,
CONTROL SOLUTIONS LLC,États-Unis,D,,À vérifier,To enrich,Qualifier l'activité avant tout pitch ciblé.,To enrich,To enrich,http://www.controls.com/,,New,No immediate action,
Contromax,Corée du Sud,D,35.8,Acheteur potentiel,Energy / batteries,Vend des sous-systèmes / composants à un OEM construisant UAV / drones.,Qualify the activity before pitching.,Hi — Contromax ships UAV / drones to Aerospace primes.,http://www.contromax.com/,,New,No immediate action,
CONTROP PRECISION TECHNOLOGIES LTD,Israël,D,,À vérifier,To enrich,Qualifier l'activité avant tout pitch ciblé.,To enrich,To enrich,http://www.controp.com/,,New,No immediate action,
COOK DEFENCE SYSTEMS LTD,Royaume-Uni,D,,À vérifier,To enrich,Qualifier l'activité avant tout pitch ciblé.,To enrich,To enrich,https://www.william-cook.co.uk/,,New,No immediate action,
Copenhagen Sensor Technology,Danemark,B,66.0,Acheteur potentiel,Engines / propulsion,"Radars, sonars, comms, armement, sustainment pour primes navals.","Naval primes buy radars, sonars, comms, weapons and sustainment in long cycles.","Hi — I noticed Copenhagen Sensor Technology builds Vehicles, UAV / drones (+10) for Naval defense.",http://www.copst.com/,https://dk.linkedin.com/company/cst---copenhagen-sensor-technology,New,Review website and validate opportunity,
CORDM ENGRENAGES,France,B,64.5,Acheteur potentiel,"Raw materials (steel, aluminium)","Pièces de rechange, calibration, certification pour acteurs MRO.","MRO providers source spare parts, calibration tools and certification services. Procurement is the buyer.","Hi — I noticed CORDM ENGRENAGES builds Mechanical parts, Engines / propulsion (+1) for Logistics / MRO.",http://www.cordm.com/,https://www.linkedin.com/cordm,New,Review website and validate opportunity,
COREEL TECHNOLOGIES (INDIA) PRIVATE LIMITED,Inde,D,,À vérifier,To enrich,Qualifier l'activité avant tout pitch ciblé.,To enrich,To enrich,https://coreel.com/,,New,No immediate action,
CORMACH S.R.L.,Italie,D,,À vérifier,To enrich,Qualifier l'activité avant tout pitch ciblé.,To enrich,To enrich,http://www.cormach.it/,,New,No immediate action,
Coros Space,France,D,,À vérifier,To enrich,Qualifier l'activité avant tout pitch ciblé.,To enrich,To enrich,,,New,No immediate action,
CoSENSE AR,France,D,,À vérifier,To enrich,Qualifier l'activité avant tout pitch ciblé.,To enrich,To enrich,,,New,No immediate action,
COSMYX,France,D,,À vérifier,To enrich,Qualifier l'activité avant tout pitch ciblé.,To enrich,To enrich,http://www.cosmyx3d.com/,https://www.linkedin.com/company/cosmyx3d/,New,No immediate action,
Coupery et Masson,France,C,49.7,Acheteur potentiel,"Raw materials (steel, aluminium)",Activité à qualifier — discovery call avant pitch précis.,Public data is thin — qualify the activity before pitching supply.,"Hi — I noticed Coupery et Masson builds Mechanical parts, Robotics / UGV for Other.",http://www.engrenages-coupery.com/,https://www.linkedin.com/company/coupery-et-masson/,New,Keep in watchlist,
COUSIN TRESEC SAS,France,B,70.6,Acheteur potentiel,RF / microwave components,"Pièces de rechange, calibration, certification pour acteurs MRO.","MRO providers source spare parts, calibration tools and certification services. Procurement is the buyer.","Hi — I noticed COUSIN TRESEC SAS builds Communications networks, Composite materials for Logistics / MRO.",http://www.cousin-group.com/fr/,,New,Review website and validate opportunity,
CP CASES LTD,Royaume-Uni,D,,À vérifier,To enrich,Qualifier l'activité avant tout pitch ciblé.,To enrich,To enrich,http://www.cpcases.com/,,New,No immediate action,
CP FRANCE,France,D,,À vérifier,To enrich,Qualifier l'activité avant tout pitch ciblé.,To enrich,To enrich,http://www.cpfrance.com/,,New,No immediate action,
CPM ELETTRONICA SRL,Italie,A,78.0,Acheteur potentiel,Energy / batteries,"Amplis RF, processeurs signal, embarqué, antennes pour EW.","EW systems source RF amplifiers, signal-processing chips, embedded computing and antennas. Talk to RF system lead.","Hi — I noticed CPM ELETTRONICA SRL builds UAV / drones, Counter-UAV systems (+8) for Electronic warfare.",http://www.cpmelettronica.com/,https://www.linkedin.com/company/cpm-elettronica-s.r.l./?viewAsMember=true,New,Contact sales team and qualify need,
Crédit Agricole S.A.,France,D,,À vérifier,To enrich,Qualifier l'activité avant tout pitch ciblé.,To enrich,To enrich,https://www.credit-agricole.fr/,,New,No immediate action,
Crédit Mutuel,France,D,,À vérifier,To enrich,Qualifier l'activité avant tout pitch ciblé.,To enrich,To enrich,https://www.creditmutuel.fr/fr/particuliers.html,,New,No immediate action,
C-RICH CO LTD,Corée du Sud,D,,À vérifier,To enrich,Qualifier l'activité avant tout pitch ciblé.,To enrich,To enrich,http://www.okcrich.com/,,New,No immediate action,
CRISTAL INNOV,France,D,,À vérifier,To enrich,Qualifier l'activité avant tout pitch ciblé.,To enrich,To enrich,https://www.cristal-innov.com/fr,,New,No immediate action,
CRISTANINI,Italie,D,18.6,À vérifier,Industrial subcontracting / machining,Qualifier l'activité avant tout pitch ciblé.,"Public sources too thin — discovery call first, focused pitch second.",Hi — I noticed CRISTANINI at Eurosatory.,http://www.cristanini.com/,,New,No immediate action,
Croatian Chamber of Economy,Croatie,D,16.6,À vérifier,Industrial subcontracting / machining,Qualifier l'activité avant tout pitch ciblé.,"Public sources too thin — discovery call first, focused pitch second.",Hi — I noticed Croatian Chamber of Economy at Eurosatory.,http://www.hgk.hr/,,New,No immediate action,
CROSHIELD D.O.O.,Croatie,D,,À vérifier,To enrich,Qualifier l'activité avant tout pitch ciblé.,To enrich,To enrich,https://www.croshield.hr/,,New,No immediate action,
CRYLA GROUP,France,C,53.7,Fournisseur potentiel,"Raw materials (steel, aluminium)","Composites, capteurs, comms, lancement pour primes spatiaux.","Space primes source composites, sensors, comms and launch services.","Hi — I noticed CRYLA GROUP builds Mechanical parts, Communications networks (+1) for Space / satellite.",http://www.cryla-group.com/,https://www.linkedin.com/company/crylagroup/,New,Keep in watchlist,
CRYSTAL COMPANY,Pays-Bas,D,,À vérifier,To enrich,Qualifier l'activité avant tout pitch ciblé.,To enrich,To enrich,http://www.crystalcompany.nl/,,New,No immediate action,
CS GROUP FRANCE,France,D,,À vérifier,To enrich,Qualifier l'activité avant tout pitch ciblé.,To enrich,To enrich,http://www.csgroup.eu/,,New,No immediate action,
CSD - COMPONENTES E SISTEMAS DE DEFESA S.A.,Brésil,B,67.5,Acheteur potentiel,Energy / batteries,Sub-system / payload pour OEM drones tactiques.,UAV programs are scaling — CSD - COMPONENTES E SISTEMAS DE DEFESA S.A. is buying. Position [your sub-system] as a qualified alternative on their next platform.,Hi — CSD - COMPONENTES E SISTEMAS DE DEFESA S.A.,http://csd.ind.br/,https://www.linkedin.com/company/componentes-sistemas-de-defesa,New,Review website and validate opportunity,
CSG,République tchèque,D,,À vérifier,To enrich,Qualifier l'activité avant tout pitch ciblé.,To enrich,To enrich,https://www.czechoslovakgroup.cz/,,New,No immediate action,
CSG Defence,République tchèque,D,,À vérifier,To enrich,Qualifier l'activité avant tout pitch ciblé.,To enrich,To enrich,http://www.czechoslovakgroup.com/,,New,No immediate action,
csi entwicklungstechnik GmbH,Allemagne,D,17.6,À vérifier,Industrial subcontracting / machining,Qualifier l'activité avant tout pitch ciblé.,"Public sources too thin — discovery call first, focused pitch second.",Hi — I noticed csi entwicklungstechnik GmbH at Eurosatory.,http://www.csi-online.de/,https://www.linkedin.com/company/csi-entwicklungstechnik/,New,No immediate action,
"CSM Industry, s.r.o.",Slovaquie,C,51.0,Fournisseur potentiel,"Raw materials (steel, aluminium)","Matières premières, outils coupants, services qualité pour sous-traitants.","Sub-contractors buy raw materials, cutting tools and quality services.","Hi — I noticed CSM Industry, s.r.o.",http://csm.sk/,,New,Keep in watchlist,
CTA INTERNATIONAL,France,D,,À vérifier,To enrich,Qualifier l'activité avant tout pitch ciblé.,To enrich,To enrich,https://www.cta-international.com/,,New,No immediate action,
CTECH BILISIM TEKNOLOJILERI SAN. VE TIC. A.S.,Turquie,B,68.0,Acheteur potentiel,Mechanical parts,"Capteurs, payloads optroniques, communications pour plateformes ISR.","ISR platforms aggregate sensors, comms and AI. Map CTECH BILISIM TEKNOLOJILERI SAN. VE TIC. A.S.'s integration partners.",Hi — I noticed CTECH BILISIM TEKNOLOJILERI SAN.,https://www.ctech.com.tr/,www.linkedin.com/company/ctechbilisim,New,Review website and validate opportunity,
CTI Systems,Luxembourg,A,76.5,Acheteur potentiel,Engines / propulsion,"Threat intel, hardware appliances, cloud souverain, audits.","Cyber-defense vendors source threat intel feeds, hardware appliances, cloud and certification services. Procurement / CISO are entry points.","Hi — I noticed CTI Systems builds Vehicles, Logistics equipment (+4) for Cybersecurity.",http://www.ctisystems.com/,https://www.linkedin.com/company/cti-systems,New,Contact sales team and qualify need,
ÇUKUROVA MAKINA IMALAT VE TICARET A.S,Turquie,D,,À vérifier,To enrich,Qualifier l'activité avant tout pitch ciblé.,To enrich,To enrich,http://www.cumitas.com/,,New,No immediate action,
Cummins,États-Unis,D,38.0,Acheteur potentiel,Engines / propulsion,"Vend des sous-systèmes / composants à un OEM construisant Vehicles, Engines / propulsion.",Qualify the activity before pitching.,"Hi — Cummins ships Vehicles, Engines / propulsion to defense customers.",http://www.cummins.com/,https://www.linkedin.com/company/cummins-inc,New,No immediate action,
"CUMMINS LTD (DAR), C/O CUMMINS BUSINESS SERVICES UK",Royaume-Uni,D,,À vérifier,To enrich,Qualifier l'activité avant tout pitch ciblé.,To enrich,To enrich,,,New,No immediate action,
Curtiss Wright Defense Solutions,Royaume-Uni,D,,À vérifier,To enrich,Qualifier l'activité avant tout pitch ciblé.,To enrich,To enrich,,,New,No immediate action,
CVN Medical,Finlande,C,47.4,Acheteur potentiel,Electronic components,Vend des sous-systèmes / composants à un OEM construisant Optronics / Optics.,"CVN Medical sells optronics, they need detector and electronics suppliers. Lead with quality data.",Hi — CVN Medical ships Optronics / Optics to Police / law enforcement.,https://www.cvn.fi/,https://www.linkedin.com/in/cvn-medical-7636841ba?utm_source=share&utm_campaign=share_via&utm_content=profile&utm_medium=android_app,New,Keep in watchlist,
Cyalume Technologies,France,D,,À vérifier,To enrich,Qualifier l'activité avant tout pitch ciblé.,To enrich,To enrich,http://www.cyalume.eu/,,New,No immediate action,
Cybernetica,Estonie,A,81.5,Acheteur potentiel,Electronic components,"Radars, sonars, comms, armement, sustainment pour primes navals.","Naval primes buy radars, sonars, comms, weapons and sustainment in long cycles.","Hi — I noticed Cybernetica builds Sensors, Radars (+8) for Naval defense.",http://cyber.ee/,https://www.linkedin.com/company/cybernetica/,New,Contact sales team and qualify need,
CybExer Technologies,Estonie,D,,À vérifier,To enrich,Qualifier l'activité avant tout pitch ciblé.,To enrich,To enrich,,,New,No immediate action,
CYPRUS CHAMBER OF COMMERCE AND INDUSTRY,Cyprus,D,,À vérifier,To enrich,Qualifier l'activité avant tout pitch ciblé.,To enrich,To enrich,https://www.ccci.org.cy/,,New,No immediate action,
CYRIC AGS LTD,Cyprus,D,,À vérifier,To enrich,Qualifier l'activité avant tout pitch ciblé.,To enrich,To enrich,https://ww.cyricags.com/,,New,No immediate action,
"D&M Holding Company, Inc.",États-Unis,B,72.6,Acheteur potentiel,Energetic materials,"Vend des sous-systèmes / composants à un OEM construisant Ammunition, Vehicles.","D&M Holding Company, Inc. buys for next-gen platforms — engineering and supply chain are the buyers.","Hi — D&M Holding Company, Inc.",http://dmholding.com/,https://www.linkedin.com/company/d-m-holding-company,New,Review website and validate opportunity,
D.I.OPTICAL,Corée du Sud,B,62.5,Acheteur potentiel,Engines / propulsion,"Front-ends RF, processeurs, mécanique de précision pour fabricants radars.","Radar / sensor lines need specialised electronics, signal processing chips and composite housings. Talk to chief engineer.","Hi — I noticed D.I.OPTICAL builds Vehicles, Optronics / Optics (+4) for Radar / sensors.",http://www.donginoptical.com/ko/home/,,New,Review website and validate opportunity,
D7G Nigeria Ltd,Nigeria,D,,À vérifier,To enrich,Qualifier l'activité avant tout pitch ciblé.,To enrich,To enrich,https://www.d7g.ng/,,New,No immediate action,
Daff,Chili,D,17.6,À vérifier,Industrial subcontracting / machining,Qualifier l'activité avant tout pitch ciblé.,"Public sources too thin — discovery call first, focused pitch second.",Hi — I noticed Daff at Eurosatory.,http://www.daff.cl/,https://www.linkedin.com/company/daff-desarrollos-alimenticios/,New,No immediate action,
DA-GROUP,Finlande,B,72.5,Acheteur potentiel,Electronic components,"Amplis RF, processeurs signal, embarqué, antennes pour EW.","EW systems source RF amplifiers, signal-processing chips, embedded computing and antennas. Talk to RF system lead.","Hi — I noticed DA-GROUP builds Radars, Communications networks (+8) for Electronic warfare.",http://www.da-group.com/,https://www.linkedin.com/company/da-group-fi/?viewAsMember=true,New,Review website and validate opportunity,
Daher,France,D,,À vérifier,To enrich,Qualifier l'activité avant tout pitch ciblé.,To enrich,To enrich,http://www.daher.com/,https://www.linkedin.com/company/daher,New,No immediate action,
Daimler Truck AG,Allemagne,B,72.5,Acheteur potentiel,Engines / propulsion,"Aramide, céramique, composites, certification balistique.","Ballistic protection vendors buy aramid, ceramic, composites and certification services.","Hi — I noticed Daimler Truck AG builds Vehicles, Ballistic protection (+2) for Ballistic protection.",http://defence.mercedes-benz-trucks.com/,https://de.linkedin.com/company/daimlertruckag,New,Review website and validate opportunity,
Danfoss,Danemark,A,75.0,Acheteur potentiel,Cloud / data services,"Pièces de rechange, calibration, certification pour acteurs MRO.","MRO providers source spare parts, calibration tools and certification services. Procurement is the buyer.","Hi — I noticed Danfoss builds Software / Platforms, Electronic components (+2) for Logistics / MRO.",http://www.danfoss.com/,https://www.linkedin.com/company/danfoss,New,Contact sales team and qualify need,
DANIELSON ENGINEERING,France,D,,À vérifier,To enrich,Qualifier l'activité avant tout pitch ciblé.,To enrich,To enrich,https://www.danielson-groupe.fr/,,New,No immediate action,
Danish Industry,Danemark,D,,À vérifier,To enrich,Qualifier l'activité avant tout pitch ciblé.,To enrich,To enrich,http://www.di-fos.dk/,,New,No immediate action,
DANTHERM GROUP,Danemark,A,76.0,Acheteur potentiel,Mechanical parts,"Vend des sous-systèmes / composants à un OEM construisant Logistics equipment, Communications networks.",DANTHERM GROUP sells naval kit — long sales cycle. Programme office is the buyer.,"Hi — DANTHERM GROUP ships Logistics equipment, Communications networks (+3) to Aerospace primes.",http://www.danthermgroup.com/,,New,Contact sales team and qualify need,
Dark Shadows Technologies SRL,Roumanie,B,66.6,Acheteur potentiel,Energy / batteries,"Fournisseur de batteries, moteurs, optronique, RF, composites pour fabricants UAV.","UAV builds need batteries, motors, optronics, RF links and composites. Map their bill of materials with the supply chain lead.","Hi — I noticed Dark Shadows Technologies SRL builds UAV / drones, Software / Platforms for UAV / drones.",https://www.darkshadowstechnologies.com/,,New,Review website and validate opportunity,
DART AEROSPACE,Canada,D,,À vérifier,To enrich,Qualifier l'activité avant tout pitch ciblé.,To enrich,To enrich,http://dartaero.com/,,New,No immediate action,
DASSAULT SYSTEMES SE,France,D,,À vérifier,To enrich,Qualifier l'activité avant tout pitch ciblé.,To enrich,To enrich,http://www.3ds.com/,https://fr.linkedin.com/company/dassaultsystemes,New,No immediate action,
Data Design Engineering S.à r.l.,Luxembourg,B,71.5,Acheteur potentiel,RF / microwave components,"Composites, capteurs, comms, lancement pour primes spatiaux.","Space primes source composites, sensors, comms and launch services.",Hi — I noticed Data Design Engineering S.à r.l.,http://datadesign.engineering/latest_news,https://www.linkedin.com/company/datadesign-engineering/posts/?feedView=all&viewAsMember=true,New,Review website and validate opportunity,
DataScouting,Grèce,B,67.6,Sous-traitant,Cloud / data services,"Composites, capteurs, comms, lancement pour primes spatiaux.","Space primes source composites, sensors, comms and launch services.","Hi — I noticed DataScouting builds Software / Platforms, Engines / propulsion (+2) for Space / satellite.",http://datascouting.com/,https://www.linkedin.com/company/datascouting/,New,Review website and validate opportunity,
"Dataspeed, Inc.",États-Unis,D,,À vérifier,To enrich,Qualifier l'activité avant tout pitch ciblé.,To enrich,To enrich,https://www.dataspeedinc.com/,,New,No immediate action,
DBC,France,B,70.0,Acheteur potentiel,Mechanical parts,"Capteurs, payloads optroniques, communications pour plateformes ISR.","ISR platforms aggregate sensors, comms and AI. Map DBC's integration partners.","Hi — I noticed DBC builds Logistics equipment, Mechanical parts (+5) for Intelligence / ISR.",https://www.dbc.fr/,https://www.linkedin.com/company/dbc---d%C3%A9colletage-bar-cutting/,New,Review website and validate opportunity,
DBOX,Lituanie,D,,À vérifier,To enrich,Qualifier l'activité avant tout pitch ciblé.,To enrich,To enrich,https://dbox.lt/,,New,No immediate action,
DCI - Défense Conseil International,France,A,76.0,Acheteur potentiel,Energy / batteries,"Sous-systèmes, composites, certification pour primes terrestres.",Land defense primes integrate huge supply chains. Procurement is the buyer.,"Hi — I noticed DCI - Défense Conseil International builds UAV / drones, Simulators / Training (+5) for Land defense.",http://www.groupedci.com/,https://www.linkedin.com/company/dci-defense-conseil-international,New,Contact sales team and qualify need,
DCSD,France,D,22.6,À vérifier,Industrial subcontracting / machining,Qualifier l'activité avant tout pitch ciblé.,"Public sources too thin — discovery call first, focused pitch second.",Hi — I noticed DCSD at Eurosatory.,http://www.diplomatie.gouv.fr/fr/politique-etrangere-de-la-france/securite-desarmement-et-non-proliferation/la-cooperation-de-securite-et-de-defense-64255/,https://www.linkedin.com/company/direction-de-la-coop%C3%A9ration-de-s%C3%A9curit%C3%A9-et-de-d%C3%A9fense/?lipi=urn%3Ali%3Apage%3Ad_flagship3_search_srp_all%3BEclO5FogReaCyNPPA9gsTQ%3D%3D,New,No immediate action,
DE DIETRICH,France,A,75.0,Acheteur potentiel,Engines / propulsion,"Front-ends RF, processeurs, mécanique de précision pour fabricants radars.","Radar / sensor lines need specialised electronics, signal processing chips and composite housings. Talk to chief engineer.","Hi — I noticed DE DIETRICH builds Vehicles, Ammunition (+5) for Radar / sensors.",http://www.dedietrich.com/,https://www.linkedin.com/company/dedietrichgroup/?viewAsMember=true,New,Contact sales team and qualify need,
DE JONGE GMBH,Allemagne,D,,À vérifier,To enrich,Qualifier l'activité avant tout pitch ciblé.,To enrich,To enrich,https://www.dejonge.ai/,,New,No immediate action,
DECELECT,France,B,69.5,Acheteur potentiel,Electronic components,"Capteurs, payloads optroniques, communications pour plateformes ISR.","ISR platforms aggregate sensors, comms and AI. Map DECELECT's integration partners.","Hi — I noticed DECELECT builds Sensors, Logistics equipment (+3) for Intelligence / ISR.",https://www.decelect.com/,https://www.linkedin.com/company/decelect-ubiwizz,New,Review website and validate opportunity,
December1,Ukraine,D,,À vérifier,To enrich,Qualifier l'activité avant tout pitch ciblé.,To enrich,To enrich,,,New,No immediate action,
DECODIO,France,D,,À vérifier,To enrich,Qualifier l'activité avant tout pitch ciblé.,To enrich,To enrich,https://www.decodio.com/,,New,No immediate action,
DECOR-GIPS LLC,Ukraine,D,,À vérifier,To enrich,Qualifier l'activité avant tout pitch ciblé.,To enrich,To enrich,,,New,No immediate action,
Dedienne Aerospace,France,D,,À vérifier,To enrich,Qualifier l'activité avant tout pitch ciblé.,To enrich,To enrich,https://dedienne-aero.com/,,New,No immediate action,
DEFAINE GMBH,Allemagne,D,15.6,À vérifier,Industrial subcontracting / machining,Qualifier l'activité avant tout pitch ciblé.,"Public sources too thin — discovery call first, focused pitch second.",Hi — I noticed DEFAINE GMBH at Eurosatory.,https://defaine.com/,,New,No immediate action,
DEFCON 5 SRL,Italie,A,75.5,Fournisseur potentiel,Electronic components,"Textiles, composites, optronique, énergie pour kits soldat.","Soldier system vendors source textiles, composites, optronics and energy. Lead with NATO / military pedigree.","Hi — I noticed DEFCON 5 SRL builds Optronics / Optics, Soldier equipment (+4) for Soldier systems.",http://www.defcon5italy.com/,,New,Contact sales team and qualify need,
DEFEA - DEFENCE EXHIBITION ATHENS,Grèce,A,77.0,Acheteur potentiel,Energy / batteries,"Fournisseur de batteries, moteurs, optronique, RF, composites pour fabricants UAV.","UAV builds need batteries, motors, optronics, RF links and composites. Map their bill of materials with the supply chain lead.","Hi — I noticed DEFEA - DEFENCE EXHIBITION ATHENS builds UAV / drones, Logistics equipment (+4) for UAV / drones.",https://www.defea.gr/,https://www.linkedin.com/company/29362401,New,Contact sales team and qualify need,
DEFENCE RESEARCH AND DEVELOPMENT ORGANISATION,Inde,D,,À vérifier,To enrich,Qualifier l'activité avant tout pitch ciblé.,To enrich,To enrich,https://drdo.gov.in/,,New,No immediate action,
DEFENDEC,Estonie,D,,À vérifier,To enrich,Qualifier l'activité avant tout pitch ciblé.,To enrich,To enrich,https://www.defendec.com/,,New,No immediate action,
DEFENSE CAPITAL INDUSTRY,Bulgarie,D,,À vérifier,To enrich,Qualifier l'activité avant tout pitch ciblé.,To enrich,To enrich,https://www.dci-bg.com/,,New,No immediate action,
DEFENSE SECURITY COOPERATION AGENCY,États-Unis,D,,À vérifier,To enrich,Qualifier l'activité avant tout pitch ciblé.,To enrich,To enrich,,,New,No immediate action,
"DEFENSE TECHNOLOGY EQUIPMENT, INC.",États-Unis,D,,À vérifier,To enrich,Qualifier l'activité avant tout pitch ciblé.,To enrich,To enrich,https://www.defense-tech.com/,,New,No immediate action,
Defensor Group Sweden,Suède,C,57.9,Fournisseur potentiel,RF / microwave components,"Amplis RF, processeurs signal, embarqué, antennes pour EW.","EW systems source RF amplifiers, signal-processing chips, embedded computing and antennas. Talk to RF system lead.",Hi — I noticed Defensor Group Sweden builds Communications networks for Electronic warfare.,http://www.defensorgroup.se/,https://www.linkedin.com/company/defensor-group,New,Keep in watchlist,
DEFSECINTEL SOLUTIONS OÜ,Estonie,B,73.5,Acheteur potentiel,Energy / batteries,"Capteurs, payloads optroniques, communications pour plateformes ISR.","ISR platforms aggregate sensors, comms and AI. Map DEFSECINTEL SOLUTIONS OÜ's integration partners.","Hi — I noticed DEFSECINTEL SOLUTIONS OÜ builds UAV / drones, Counter-UAV systems (+6) for Intelligence / ISR.",http://defsecintel.com/,,New,Review website and validate opportunity,
DEGOISEY SAS,France,D,,À vérifier,To enrich,Qualifier l'activité avant tout pitch ciblé.,To enrich,To enrich,http://www.usinage-degoisey.com/,,New,No immediate action,
DEGREANE Horizon,France,B,65.5,Acheteur potentiel,Electronic components,"Vend des sous-systèmes / composants à un OEM construisant Radars, Naval systems.",DEGREANE Horizon sells naval kit — long sales cycle. Programme office is the buyer.,"Hi — DEGREANE Horizon ships Radars, Naval systems (+1) to Critical infrastructure.",http://www.degreane-horizon.com/,https://www.linkedin.com/company/25619488/admin/dashboard/,New,Review website and validate opportunity,
DEKIMO,Belgique,D,,À vérifier,To enrich,Qualifier l'activité avant tout pitch ciblé.,To enrich,To enrich,https://www.dekimo.com/,,New,No immediate action,
DELAIR,France,A,76.5,Acheteur potentiel,Energy / batteries,"Capteurs, payloads optroniques, communications pour plateformes ISR.","ISR platforms aggregate sensors, comms and AI. Map DELAIR's integration partners.","Hi — I noticed DELAIR builds UAV / drones, Sensors (+10) for Intelligence / ISR.",http://www.delair.aero/,https://www.linkedin.com/company/delair-tech/,New,Contact sales team and qualify need,
DÉLÉGATION QUÉBEC,Canada,D,,À vérifier,To enrich,Qualifier l'activité avant tout pitch ciblé.,To enrich,To enrich,https://www.investquebec.com/quebec/fr/,,New,No immediate action,
DELLNER GLASS SOLUTIONS LTD,Royaume-Uni,D,,À vérifier,To enrich,Qualifier l'activité avant tout pitch ciblé.,To enrich,To enrich,https://www.dellnerglass.com/,,New,No immediate action,
DELMON GROUP,France,D,,À vérifier,To enrich,Qualifier l'activité avant tout pitch ciblé.,To enrich,To enrich,https://www.delmon-group.com/,,New,No immediate action,
Delta Aero Tech,Italie,D,,À vérifier,To enrich,Qualifier l'activité avant tout pitch ciblé.,To enrich,To enrich,https://www.deltaerotech.com/,,New,No immediate action,
DELTA DEFENCE,Slovaquie,D,,À vérifier,To enrich,Qualifier l'activité avant tout pitch ciblé.,To enrich,To enrich,https://www.deltadefence.eu/,,New,No immediate action,
DELTA PREMIUM,Ukraine,D,22.6,À vérifier,Industrial subcontracting / machining,Qualifier l'activité avant tout pitch ciblé.,"Confirm scope: police, border, fire, intelligence agency.",Hi — I noticed DELTA PREMIUM at Eurosatory.,http://deltacase.ua/,,New,No immediate action,
DeltaQuad,Pays-Bas,B,71.0,Acheteur potentiel,Energy / batteries,"Capteurs, payloads optroniques, communications pour plateformes ISR.","ISR platforms aggregate sensors, comms and AI. Map DeltaQuad's integration partners.","Hi — I noticed DeltaQuad builds UAV / drones, Vehicles (+6) for Intelligence / ISR.",https://www.deltaquad.com/,https://www.linkedin.com/company/deltaquad,New,Review website and validate opportunity,
DEMARKO S.A.,Pologne,B,69.5,Acheteur potentiel,Engines / propulsion,Module IA / fusion de données pour intégration dans la stack du client.,DEMARKO S.A. needs sovereign data infrastructure and ML ops — ITAR-friendly supplier list is short. Lead with compliance.,"Hi — DEMARKO S.A. ships Vehicles, Ammunition (+4) to Land forces.",https://demarko-military.com/,,New,Review website and validate opportunity,
DEMIL TECH,Croatie,D,,À vérifier,To enrich,Qualifier l'activité avant tout pitch ciblé.,To enrich,To enrich,https://demiltech.hr/,,New,No immediate action,
DENN,Espagne,A,76.0,Acheteur potentiel,Cloud / data services,"Threat intel, hardware appliances, cloud souverain, audits.","Cyber-defense vendors source threat intel feeds, hardware appliances, cloud and certification services. Procurement / CISO are entry points.","Hi — I noticed DENN builds Software / Platforms, Logistics equipment (+4) for Cybersecurity.",https://www.denn.es/,https://www.linkedin.com/company/denn,New,Contact sales team and qualify need,
"DEQING FOX ARMOUR CO.,LTD",Chine,B,71.0,Acheteur potentiel,Composite materials,"Vend des sous-systèmes / composants à un OEM construisant Soldier equipment, Ammunition.","DEQING FOX ARMOUR CO.,LTD buys raw materials and machining — long lead times. Procurement is the buyer.","Hi — DEQING FOX ARMOUR CO.,LTD ships Soldier equipment, Ammunition (+2) to Land forces, Police / law enforcement.",http://www.foxarmour.com/,,New,Review website and validate opportunity,
DEREMAUX Sarl,France,B,60.7,Acheteur potentiel,"Raw materials (steel, aluminium)","Matières premières, outils coupants, services qualité pour sous-traitants.","Sub-contractors buy raw materials, cutting tools and quality services.",Hi — I noticed DEREMAUX Sarl builds Mechanical parts for Industrial subcontracting.,http://www.deremaux.com/,https://www.linkedin.com/company/deremaux/?viewAsMember=true,New,Review website and validate opportunity,
DERIVERY SAS,France,D,,À vérifier,To enrich,Qualifier l'activité avant tout pitch ciblé.,To enrich,To enrich,http://www.derivery.fr/,,New,No immediate action,
DESCHAMPS,France,D,,À vérifier,To enrich,Qualifier l'activité avant tout pitch ciblé.,To enrich,To enrich,http://www.deschamps-systems.com/,https://linkedin.com/company/deschamps,New,No immediate action,
DESTINUS,France,D,,À vérifier,To enrich,Qualifier l'activité avant tout pitch ciblé.,To enrich,To enrich,http://www.destinus.com/,,New,No immediate action,
Destinus,France,D,,À vérifier,To enrich,Qualifier l'activité avant tout pitch ciblé.,To enrich,To enrich,https://www.destinus.com/,,New,No immediate action,
DEUTZ Defense Systems,Allemagne,D,,À vérifier,To enrich,Qualifier l'activité avant tout pitch ciblé.,To enrich,To enrich,https://www.deutz.com/,,New,No immediate action,
DEVISMES SAS,France,B,64.5,Fournisseur potentiel,Electronic components,"Capteurs, payloads optroniques, communications pour plateformes ISR.","ISR platforms aggregate sensors, comms and AI. Map DEVISMES SAS's integration partners.","Hi — I noticed DEVISMES SAS builds Sensors, Logistics equipment (+1) for Intelligence / ISR.",https://www.devismes.fr/,https://www.linkedin.com/company/11175337,New,Review website and validate opportunity,
D-Fend Solutions,Royaume-Uni,A,80.0,Acheteur potentiel,Engines / propulsion,"Capteurs, payloads optroniques, communications pour plateformes ISR.","ISR platforms aggregate sensors, comms and AI. Map D-Fend Solutions's integration partners.","Hi — I noticed D-Fend Solutions builds Vehicles, UAV / drones (+10) for Intelligence / ISR.",http://d-fendsolutions.com/,https://www.linkedin.com/company/d-fend-solutions/,New,Contact sales team and qualify need,
DGA/DICE/SDGQ/BUREAU DES SALONS,France,D,,À vérifier,To enrich,Qualifier l'activité avant tout pitch ciblé.,To enrich,To enrich,http://www.defense.gouv.fr/,,New,No immediate action,
Diadrom Systems AB,Suède,D,,À vérifier,To enrich,Qualifier l'activité avant tout pitch ciblé.,To enrich,To enrich,,,New,No immediate action,
DIAGER INDUSTRIE,France,D,,À vérifier,To enrich,Qualifier l'activité avant tout pitch ciblé.,To enrich,To enrich,https://www.diager-industrie.com/,,New,No immediate action,
Diamond Aircraft,Autriche,D,,À vérifier,To enrich,Qualifier l'activité avant tout pitch ciblé.,To enrich,To enrich,https://www.diamondaircraft.com/,,New,No immediate action,
DIATEX SA,France,D,,À vérifier,To enrich,Qualifier l'activité avant tout pitch ciblé.,To enrich,To enrich,https://www.diatex.com/,,New,No immediate action,
Diehl Defence,Allemagne,D,,À vérifier,To enrich,Qualifier l'activité avant tout pitch ciblé.,To enrich,To enrich,http://www.diehl.com/defence,,New,No immediate action,
DIGIGRAM,France,D,,À vérifier,To enrich,Qualifier l'activité avant tout pitch ciblé.,To enrich,To enrich,https://www.digigram.com/,,New,No immediate action,
DIGITAL BIT SRL,Roumanie,D,,À vérifier,To enrich,Qualifier l'activité avant tout pitch ciblé.,To enrich,To enrich,https://www.digitalbit.ro/,,New,No immediate action,
Digital Core Technologies Pvt Ltd,Inde,B,70.0,Fournisseur potentiel,Cloud / data services,"Threat intel, hardware appliances, cloud souverain, audits.","Cyber-defense vendors source threat intel feeds, hardware appliances, cloud and certification services. Procurement / CISO are entry points.","Hi — I noticed Digital Core Technologies Pvt Ltd builds Software / Platforms, Electronic components (+5) for Cybersecurity.",http://www.dicortech.com/,https://www.linkedin.com/company/digital-core-technologies-pvt-ltd,New,Review website and validate opportunity,
Digital Defence Ecosystem,Finlande,D,17.6,À vérifier,Industrial subcontracting / machining,Qualifier l'activité avant tout pitch ciblé.,"Public sources too thin — discovery call first, focused pitch second.",Hi — I noticed Digital Defence Ecosystem at Eurosatory.,http://www.digitaldefence.fi/,https://www.linkedin.com/company/86868558,New,No immediate action,
"DIGITAL RESEARCH AND CONSULTING CO.,LTD",Thaïlande,D,4.0,À vérifier,To enrich,Qualifier l'activité avant tout pitch ciblé.,"Public sources too thin — discovery call first, focused pitch second.","Hi — I noticed DIGITAL RESEARCH AND CONSULTING CO.,LTD at Eurosatory.",http://www.drc.co.th/,,New,No immediate action,
Dillinger Saarstahl,Allemagne,D,,À vérifier,To enrich,Qualifier l'activité avant tout pitch ciblé.,To enrich,To enrich,http://www.dillinger.de/,,New,No immediate action,
"DILLON AERO, INC.",États-Unis,A,79.0,Acheteur potentiel,Engines / propulsion,"Capteurs, payloads optroniques, communications pour plateformes ISR.","ISR platforms aggregate sensors, comms and AI. Map DILLON AERO, INC.'s integration partners.","Hi — I noticed DILLON AERO, INC.",http://dillonaero.com/,https://dillonaeroinc.com,New,Contact sales team and qualify need,
DIRECT,France,B,69.5,Acheteur potentiel,Engines / propulsion,"Front-ends RF, processeurs, mécanique de précision pour fabricants radars.","Radar / sensor lines need specialised electronics, signal processing chips and composite housings. Talk to chief engineer.","Hi — I noticed DIRECT builds Vehicles, Sensors (+2) for Radar / sensors.",http://www.direct.fr/,https://linkedin.com/compagnydirectdistribution,New,Review website and validate opportunity,
Direct Action,Pologne,C,49.0,Distributeur potentiel,Cloud / data services,Canal de distribution / représentation pour notre portefeuille.,Soldier kit distribution into their region is plausible — pitch a representation agreement.,Hi — we're scouting an exclusive distributor for your region.,https://eu.directactiongear.com/,https://www.linkedin.com/company/entire-m-sp-z-o-o/,New,Keep in watchlist,
Directorate-General for Defence Industry and Space,Belgique,D,,À vérifier,To enrich,Qualifier l'activité avant tout pitch ciblé.,To enrich,To enrich,https://ec.europa.eu/info/departments/defence-industry-and-space_en,,New,No immediate action,
DISTANCE,Finlande,A,77.5,Acheteur potentiel,Engines / propulsion,"Capteurs, payloads optroniques, communications pour plateformes ISR.","ISR platforms aggregate sensors, comms and AI. Map DISTANCE's integration partners.","Hi — I noticed DISTANCE builds Vehicles, Sensors (+8) for Intelligence / ISR.",https://distance.tech/,,New,Contact sales team and qualify need,
DIVISA PRECISION,Suisse,B,66.6,Acheteur potentiel,Electronic components,"Front-ends RF, processeurs, mécanique de précision pour fabricants radars.","Radar / sensor lines need specialised electronics, signal processing chips and composite housings. Talk to chief engineer.","Hi — I noticed DIVISA PRECISION builds Radars, Ammunition (+4) for Radar / sensors.",http://www.divisa.ch/,https://ch.linkedin.com/company/divisa-precision,New,Review website and validate opportunity,
DIXI MICROTECHNIQUES,France,D,,À vérifier,To enrich,Qualifier l'activité avant tout pitch ciblé.,To enrich,To enrich,http://www.diximicrotechniques.com/,,New,No immediate action,
"DK UNITY, SIA",Lettonie,D,,À vérifier,To enrich,Qualifier l'activité avant tout pitch ciblé.,To enrich,To enrich,,,New,No immediate action,
DMG MORI,Allemagne,C,43.7,Acheteur potentiel,"Raw materials (steel, aluminium)",Activité à qualifier — discovery call avant pitch précis.,Public data is thin — qualify the activity before pitching supply.,Hi — I noticed DMG MORI builds Mechanical parts for Other.,https://dmgmori.com/,https://www.linkedin.com/company/dmgmori/,New,Keep in watchlist,
DOK-ING,Croatie,D,,À vérifier,To enrich,Qualifier l'activité avant tout pitch ciblé.,To enrich,To enrich,https://www.dok-ing.hr/,,New,No immediate action,
DOLL Fahrzeugbau GmbH,Allemagne,C,47.9,Acheteur potentiel,Mechanical parts,"Vend des sous-systèmes / composants à un OEM construisant Logistics equipment, Vehicles.",DOLL Fahrzeugbau GmbH sells to police / border — they need fast-deployable kits and certified comms.,"Hi — DOLL Fahrzeugbau GmbH ships Logistics equipment, Vehicles to Critical infrastructure, Police / law enforcement.",http://www.doll-defence.com/de/,https://de.linkedin.com/company/doll-fahrzeugbau,New,Keep in watchlist,
DOMO TACTICAL COMMUNICATIONS LTD (DTC),Royaume-Uni,D,,À vérifier,To enrich,Qualifier l'activité avant tout pitch ciblé.,To enrich,To enrich,http://www.domotactical.com/,,New,No immediate action,
DOODLE LABS LLC,États-Unis,D,15.6,À vérifier,Industrial subcontracting / machining,Qualifier l'activité avant tout pitch ciblé.,"Public sources too thin — discovery call first, focused pitch second.",Hi — I noticed DOODLE LABS LLC at Eurosatory.,https://doodlelabs.com/,,New,No immediate action,
DP WORLD,Pays-Bas,B,74.0,Acheteur potentiel,Engines / propulsion,"Moteurs, composites, plaques balistiques, optronique, comms pour OEM blindés.","Armored vehicle OEMs buy engines, composites, ballistic plates, optronics, comms and specialised mechanics in volume.","Hi — I noticed DP WORLD builds Vehicles, Logistics equipment (+7) for Armored vehicles.",http://www.dpworld.com/,https://www.linkedin.com/company/dp-world/posts/?feedView=all,New,Review website and validate opportunity,
Dr. Bohrer Lasertec GmbH,Autriche,D,,À vérifier,To enrich,Qualifier l'activité avant tout pitch ciblé.,To enrich,To enrich,,,New,No immediate action,
DR. WERNER RÖHRS GMBH & CO.KG,Allemagne,C,40.6,Acheteur potentiel,Industrial subcontracting / machining,Vend des sous-systèmes / composants à un OEM construisant leur build line.,Qualify the activity before pitching.,Hi — DR. WERNER RÖHRS GMBH & CO.KG ships — to defense customers.,http://www.roehrs.de/,,New,Keep in watchlist,
DRÄGER FRANCE SAS,France,D,20.1,À vérifier,Industrial subcontracting / machining,Qualifier l'activité avant tout pitch ciblé.,"Public sources too thin — discovery call first, focused pitch second.",Hi — I noticed DRÄGER FRANCE SAS at Eurosatory.,http://www.draeger.com/,https://www.linkedin.com/company/draeger,New,No immediate action,
Dragon Winch,Pologne,B,68.0,Acheteur potentiel,Cloud / data services,"Pièces de rechange, calibration, certification pour acteurs MRO.","MRO providers source spare parts, calibration tools and certification services. Procurement is the buyer.","Hi — I noticed Dragon Winch builds Software / Platforms, Engines / propulsion (+2) for Logistics / MRO.",http://www.dragonwinch.com/fr/,https://www.linkedin.com/company/dragon-winch,New,Review website and validate opportunity,
DREHTAINER GmbH,Allemagne,D,16.6,À vérifier,Industrial subcontracting / machining,Qualifier l'activité avant tout pitch ciblé.,"Public sources too thin — discovery call first, focused pitch second.",Hi — I noticed DREHTAINER GmbH at Eurosatory.,http://www.drehtainer.com/,,New,No immediate action,
DRIVE SYSTEM DESIGN,États-Unis,A,75.0,Acheteur potentiel,Engines / propulsion,"Outils SOC/SIEM, brique de sécurité défensive pour vendeur cyber.","DRIVE SYSTEM DESIGN sells cyber to defense — they also need NDA-friendly suppliers for components, cloud and audits. Lead with compliance pedigree.","Hi — DRIVE SYSTEM DESIGN ships Vehicles, Engines / propulsion (+1) to Aerospace primes.",https://www.drivesystemdesign.com/,,New,Contact sales team and qualify need,
DRONE VOLT,France,A,77.0,Acheteur potentiel,Engines / propulsion,"Composants, sous-systèmes, software, services pour primes C4ISR.",C4ISR primes integrate hundreds of components — the sourcing surface is huge. Procurement / supply chain is the entry point.,"Hi — I noticed DRONE VOLT builds Vehicles, UAV / drones (+8) for C4ISR.",https://www.dronevolt.com/,,New,Contact sales team and qualify need,
DRONE XTR,France,C,59.5,Acheteur potentiel,Energy / batteries,"Capteurs, payloads optroniques, communications pour plateformes ISR.","ISR platforms aggregate sensors, comms and AI. Map DRONE XTR's integration partners.","Hi — I noticed DRONE XTR builds UAV / drones, Sensors (+2) for Intelligence / ISR.",https://dronextr.fr/,,New,Keep in watchlist,
DroneShield,Australie,A,79.0,Acheteur potentiel,Engines / propulsion,"Capteurs, payloads optroniques, communications pour plateformes ISR.","ISR platforms aggregate sensors, comms and AI. Map DroneShield's integration partners.","Hi — I noticed DroneShield builds Vehicles, UAV / drones (+14) for Intelligence / ISR.",https://www.droneshield.com/,www.linkedin.com/company/droneshield,New,Contact sales team and qualify need,
Dronivo GmbH,Allemagne,D,5.0,À vérifier,To enrich,Qualifier l'activité avant tout pitch ciblé.,"Public sources too thin — discovery call first, focused pitch second.",Hi — I noticed Dronivo GmbH at Eurosatory.,https://www.dronivo.com/,https://www.linkedin.com/company/dronivo/posts/?feedView=all,New,No immediate action,
Dropla Tech,Danemark,D,,À vérifier,To enrich,Qualifier l'activité avant tout pitch ciblé.,To enrich,To enrich,,,New,No immediate action,
DROUIN SAS,France,D,15.6,À vérifier,Industrial subcontracting / machining,Qualifier l'activité avant tout pitch ciblé.,"Public sources too thin — discovery call first, focused pitch second.",Hi — I noticed DROUIN SAS at Eurosatory.,http://www.drouin.fr/,https://www.linkedin.com/company/71478338/admin/page-posts/published/,New,No immediate action,
DRV Solutions,Belgique,B,69.0,Acheteur potentiel,Mechanical parts,"Fournisseur de batteries, moteurs, optronique, RF, composites pour fabricants UAV.","UAV builds need batteries, motors, optronics, RF links and composites. Map their bill of materials with the supply chain lead.","Hi — I noticed DRV Solutions builds Engines / propulsion, Software / Platforms (+3) for UAV / drones.",https://www.drv-solutions.com/,https://www.linkedin.com/company/drvsolutions,New,Review website and validate opportunity,
DSG CANUSA GmbH,Allemagne,D,,À vérifier,To enrich,Qualifier l'activité avant tout pitch ciblé.,To enrich,To enrich,,,New,No immediate action,
Dspnor AS,Norvège,D,,À vérifier,To enrich,Qualifier l'activité avant tout pitch ciblé.,To enrich,To enrich,,,New,No immediate action,
DSS,République tchèque,B,62.5,Acheteur potentiel,Engines / propulsion,"Sous-systèmes, composites, certification pour primes terrestres.",Land defense primes integrate huge supply chains. Procurement is the buyer.,"Hi — I noticed DSS builds Vehicles, Weapons (+4) for Land defense.",http://www.dss-cz.com/,,New,Review website and validate opportunity,
DSV,France,B,69.5,Acheteur potentiel,Energy / batteries,"Capteurs, payloads optroniques, communications pour plateformes ISR.","ISR platforms aggregate sensors, comms and AI. Map DSV's integration partners.","Hi — I noticed DSV builds UAV / drones, Counter-UAV systems (+7) for Intelligence / ISR.",http://dsv-solutions.fr/,https://www.linkedin.com/company/dsv-developpement-strategies-ventes/?viewAsMember=true,New,Review website and validate opportunity,
DSV Air & Sea,France,D,,À vérifier,To enrich,Qualifier l'activité avant tout pitch ciblé.,To enrich,To enrich,,https://www.linkedin.com/company/dsv/about/,New,No immediate action,
DUCHENE INDUSTRIES,France,D,,À vérifier,To enrich,Qualifier l'activité avant tout pitch ciblé.,To enrich,To enrich,https://www.duchene-industries.fr/,,New,No immediate action,
DUNARIT,Bulgarie,D,,À vérifier,To enrich,Qualifier l'activité avant tout pitch ciblé.,To enrich,To enrich,http://www.dunarit.com/,,New,No immediate action,
DURABOOK,Taïwan,A,82.0,Acheteur potentiel,Energy / batteries,"Fournisseur de batteries, moteurs, optronique, RF, composites pour fabricants UAV.","UAV builds need batteries, motors, optronics, RF links and composites. Map their bill of materials with the supply chain lead.","Hi — I noticed DURABOOK builds UAV / drones, Software / Platforms (+8) for UAV / drones.",http://www.durabook.com/,https://www.linkedin.com/company/DURABOOK/,New,Contact sales team and qualify need,
DURKOPP,France,A,79.0,Acheteur potentiel,Mechanical parts,"Moteurs, composites, plaques balistiques, optronique, comms pour OEM blindés.","Armored vehicle OEMs buy engines, composites, ballistic plates, optronics, comms and specialised mechanics in volume.","Hi — I noticed DURKOPP builds Logistics equipment, Vehicles (+6) for Armored vehicles.",http://www.durkopp.group/,,New,Contact sales team and qualify need,
Đuro Đakovic Specijalna vozila,Croatie,D,33.4,Acheteur potentiel,Mechanical parts,Vend des sous-systèmes / composants à un OEM construisant Logistics equipment.,Qualify the activity before pitching.,Hi — Đuro Đakovic Specijalna vozila ships Logistics equipment to Defense ministries.,https://duro-dakovic.com/,,New,No immediate action,
Dürr AG,Allemagne,B,69.0,Acheteur potentiel,Cloud / data services,"GPUs, cloud, data annotation, hardening cyber pour plateforme IA.","AI platforms consume GPUs, cloud, data annotation services and cybersecurity hardening. Talk to CTO / head of platform.","Hi — I noticed Dürr AG builds Software / Platforms, Engines / propulsion (+3) for AI / data.",http://www.durr-group.com/,,New,Review website and validate opportunity,
Dürr Systems AG,Allemagne,A,79.0,Acheteur potentiel,Engines / propulsion,"Composites, capteurs, comms, lancement pour primes spatiaux.","Space primes source composites, sensors, comms and launch services.","Hi — I noticed Dürr Systems AG builds Vehicles, Software / Platforms (+3) for Space / satellite.",https://www.durr.com/,,New,Contact sales team and qualify need,
DWC LLC,Émirats arabes unis,D,15.6,À vérifier,Industrial subcontracting / machining,Qualifier l'activité avant tout pitch ciblé.,"Public sources too thin — discovery call first, focused pitch second.",Hi — I noticed DWC LLC at Eurosatory.,https://www.startupblink.com/,,New,No immediate action,
Dynamit Nobel Defence,Allemagne,A,79.5,Acheteur potentiel,Electronic components,"Sous-systèmes, composites, certification pour primes terrestres.",Land defense primes integrate huge supply chains. Procurement is the buyer.,"Hi — I noticed Dynamit Nobel Defence builds Sensors, Logistics equipment (+8) for Land defense.",http://www.dn-defence.com/,https://www.linkedin.com/company/dynamit-nobel-defence-gmbh,New,Contact sales team and qualify need,
Dynasafe US LLC,États-Unis,A,78.0,Acheteur potentiel,Energetic materials,"Vend des sous-systèmes / composants à un OEM construisant Ammunition, Weapons.",Dynasafe US LLC is a regulated buyer — lead with ITAR/AQAP/EN9100 credentials.,"Hi — Dynasafe US LLC ships Ammunition, Weapons (+3) to Police / law enforcement.",https://dynasafe.com/,,New,Contact sales team and qualify need,
Dyneema®,États-Unis,B,61.0,Acheteur potentiel,Engines / propulsion,"Textiles, composites, optronique, énergie pour kits soldat.","Soldier system vendors source textiles, composites, optronics and energy. Lead with NATO / military pedigree.","Hi — I noticed Dyneema® builds Vehicles, Soldier equipment (+3) for Soldier systems.",http://www.dyneema.com/,,New,Review website and validate opportunity,
e.tricks,France,D,,À vérifier,To enrich,Qualifier l'activité avant tout pitch ciblé.,To enrich,To enrich,,,New,No immediate action,
E.X LOGISTIQUE,France,D,,À vérifier,To enrich,Qualifier l'activité avant tout pitch ciblé.,To enrich,To enrich,http://e-x-logistique.com/,,New,No immediate action,
East Gear (International) Corp Limited,Hong-Kong,B,70.0,Distributeur potentiel,Composite materials,Canal de distribution / représentation pour notre portefeuille.,Soldier kit distribution into their region is plausible — pitch a representation agreement.,Hi — we're scouting an exclusive distributor for your region.,http://www.eastgear-int.com/,,New,Review website and validate opportunity,
EBERSPÄCHER CLIMATE CONTROL SYSTEMS INTERNATIONAL GMBH,Allemagne,D,,À vérifier,To enrich,Qualifier l'activité avant tout pitch ciblé.,To enrich,To enrich,http://www.eberspaecher.com/,,New,No immediate action,
E-boost Gmbh,Allemagne,D,39.6,Acheteur potentiel,Mechanical parts,"Vend des sous-systèmes / composants à un OEM construisant Logistics equipment, Engines / propulsion.",Qualify the activity before pitching.,"Hi — E-boost Gmbh ships Logistics equipment, Engines / propulsion to defense customers.",https://e-boost.com/,,New,No immediate action,
EBOS technologies ltd,Cyprus,A,81.0,Acheteur potentiel,Energy / batteries,"Threat intel, hardware appliances, cloud souverain, audits.","Cyber-defense vendors source threat intel feeds, hardware appliances, cloud and certification services. Procurement / CISO are entry points.","Hi — I noticed EBOS technologies ltd builds UAV / drones, Sensors (+14) for Cybersecurity.",https://www.ebosrnd.eu/,https://www.linkedin.com/company/ebos-technologies-ltd,New,Contact sales team and qualify need,
E-BUSINESS VENTURE,France,D,,À vérifier,To enrich,Qualifier l'activité avant tout pitch ciblé.,To enrich,To enrich,https://ebv.fr/,,New,No immediate action,
Echodyne,États-Unis,C,45.0,Acheteur potentiel,Electronic components,Vend des sous-systèmes / composants à un OEM construisant Radars.,"Echodyne sells radars; they buy front-ends, processing modules and field testing. Engineering buys.",Hi — Echodyne ships Radars to defense customers.,http://www.echodyne.com/,https://www.linkedin.com/company/echodyne/posts/?feedView=all,New,Keep in watchlist,
ECLIPTIC DEFENCE AND SPACE,Cyprus,A,75.0,Acheteur potentiel,Energy / batteries,"Amplis RF, processeurs signal, embarqué, antennes pour EW.","EW systems source RF amplifiers, signal-processing chips, embedded computing and antennas. Talk to RF system lead.","Hi — I noticed ECLIPTIC DEFENCE AND SPACE builds UAV / drones, Counter-UAV systems (+10) for Electronic warfare.",https://www.ecliptic-ds.com/,,New,Contact sales team and qualify need,
eCon Trading Ltd.,Hongrie,A,75.0,Acheteur potentiel,Engines / propulsion,"Radars, sonars, comms, armement, sustainment pour primes navals.","Naval primes buy radars, sonars, comms, weapons and sustainment in long cycles.",Hi — I noticed eCon Trading Ltd.,https://econengineering.com/en/,,New,Contact sales team and qualify need,
ECONOMAT DES ARMEES,France,D,,À vérifier,To enrich,Qualifier l'activité avant tout pitch ciblé.,To enrich,To enrich,https://economat-armees.com/,,New,No immediate action,
ECOSUN INNOVATIONS,France,D,,À vérifier,To enrich,Qualifier l'activité avant tout pitch ciblé.,To enrich,To enrich,https://www.ecosuninnovations.com/,,New,No immediate action,
ECOTEST GROUP,Ukraine,B,67.0,Acheteur potentiel,Engines / propulsion,"Vend des sous-systèmes / composants à un OEM construisant Vehicles, Software / Platforms.",ECOTEST GROUP sells CBRN kit — they need certified materials and detection.,"Hi — ECOTEST GROUP ships Vehicles, Software / Platforms (+3) to Aerospace primes, Police / law enforcement (+1).",http://ecotestgroup.com/,https://www.linkedin.com/company/10967767,New,Review website and validate opportunity,
ECRIN SYSTEMS,France,D,,À vérifier,To enrich,Qualifier l'activité avant tout pitch ciblé.,To enrich,To enrich,http://www.ecrin.com/,https://www.linkedin.com/company/ecrin-systems/,New,No immediate action,
ED PUBLISHING,France,D,,À vérifier,To enrich,Qualifier l'activité avant tout pitch ciblé.,To enrich,To enrich,https://www.edrmagazine.eu/,,New,No immediate action,
Edeis ingénierie,France,C,58.4,Acheteur potentiel,Mechanical parts,Vend des sous-systèmes / composants à un OEM construisant Logistics equipment.,Edeis ingénierie performs MRO — they need parts and engineering support. Direct procurement angle.,"Hi — Edeis ingénierie ships Logistics equipment to Police / law enforcement, Critical infrastructure.",http://www.edeis.com/expertises/ingenierie/,https://www.linkedin.com/company/edeis/,New,Keep in watchlist,
EDePro d.o.o,Serbie,B,71.0,Acheteur potentiel,Energy / batteries,"Composites, capteurs, comms, lancement pour primes spatiaux.","Space primes source composites, sensors, comms and launch services.","Hi — I noticed EDePro d.o.o builds UAV / drones, Weapons (+7) for Space / satellite.",http://www.edepro.com/,,New,Review website and validate opportunity,
EDGE GROUP,Émirats arabes unis,D,17.6,À vérifier,Industrial subcontracting / machining,Qualifier l'activité avant tout pitch ciblé.,"Public sources too thin — discovery call first, focused pitch second.",Hi — I noticed EDGE GROUP at Eurosatory.,https://edgegroupuae.com/,https://www.linkedin.com/company/edgegroup/,New,No immediate action,
EDH,France,D,,À vérifier,To enrich,Qualifier l'activité avant tout pitch ciblé.,To enrich,To enrich,https://edh.fr/,,New,No immediate action,
EDI-USA,États-Unis,D,,À vérifier,To enrich,Qualifier l'activité avant tout pitch ciblé.,To enrich,To enrich,https://execdefense.com/,,New,No immediate action,
EES CLEMESSY,France,D,,À vérifier,To enrich,Qualifier l'activité avant tout pitch ciblé.,To enrich,To enrich,https://www.clemessy.com/,,New,No immediate action,
EES-CLEMESSY,France,B,74.0,Acheteur potentiel,Electronic components,"Vend des sous-systèmes / composants à un OEM construisant Robotics / UGV, Logistics equipment.","EES-CLEMESSY pitches end-to-end C4ISR; they need sub-systems, software components and compliance services.","Hi — EES-CLEMESSY ships Robotics / UGV, Logistics equipment (+6) to Critical infrastructure.",https://www.clemessy.com/,https://www.linkedin.com/company/eiffageenergiesystemes/,New,Review website and validate opportunity,
efa France,France,B,68.0,Acheteur potentiel,Electronic components,"Front-ends RF, processeurs, mécanique de précision pour fabricants radars.","Radar / sensor lines need specialised electronics, signal processing chips and composite housings. Talk to chief engineer.","Hi — I noticed efa France builds Sensors, Software / Platforms (+7) for Radar / sensors.",https://efa-controls.com/,https://www.linkedin.com/company/efa-france/,New,Review website and validate opportunity,
EFT GROUP Sp. z o.o.,Pologne,C,48.9,Acheteur potentiel,Engines / propulsion,"Vend des sous-systèmes / composants à un OEM construisant Vehicles, Logistics equipment.",Qualify the activity before pitching.,Hi — EFT GROUP Sp. z o.o.,https://eftgroup.pl/en/,,New,Keep in watchlist,
Ege Araç Teknolojileri A.Ş.,Turquie,D,,À vérifier,To enrich,Qualifier l'activité avant tout pitch ciblé.,To enrich,To enrich,,,New,No immediate action,
Ege Endüstri ve Ticaret A.Ş.,Turquie,D,,À vérifier,To enrich,Qualifier l'activité avant tout pitch ciblé.,To enrich,To enrich,,,New,No immediate action,
Ege Fren Sanayi A.Ş.,Turquie,D,38.4,Acheteur potentiel,Mechanical parts,Vend des sous-systèmes / composants à un OEM construisant Engines / propulsion.,Qualify the activity before pitching.,Hi — Ege Fren Sanayi A.Ş.,https://www.egefren.com.tr/,,New,No immediate action,
EGIDE,France,A,78.0,Acheteur potentiel,Energy / batteries,"Capteurs, payloads optroniques, communications pour plateformes ISR.","ISR platforms aggregate sensors, comms and AI. Map EGIDE's integration partners.","Hi — I noticed EGIDE builds UAV / drones, Counter-UAV systems (+6) for Intelligence / ISR.",https://www.egide-tech.com/,https://www.linkedin.com/company/egide-tech/,New,Contact sales team and qualify need,
EID,Portugal,A,76.0,Acheteur potentiel,Engines / propulsion,"Composants, sous-systèmes, software, services pour primes C4ISR.",C4ISR primes integrate hundreds of components — the sourcing surface is huge. Procurement / supply chain is the entry point.,"Hi — I noticed EID builds Vehicles, Optronics / Optics (+6) for C4ISR.",http://www.eid.pt/,https://www.linkedin.com/company/eid-sa,New,Contact sales team and qualify need,
EINSA,Espagne,D,,À vérifier,To enrich,Qualifier l'activité avant tout pitch ciblé.,To enrich,To enrich,https://www.einsa.es/,,New,No immediate action,
EIZO Rugged Solutions,États-Unis,B,68.0,Acheteur potentiel,Electronic components,"Amplis RF, processeurs signal, embarqué, antennes pour EW.","EW systems source RF amplifiers, signal-processing chips, embedded computing and antennas. Talk to RF system lead.","Hi — I noticed EIZO Rugged Solutions builds Sensors, Radars (+5) for Electronic warfare.",http://www.eizorugged.com/,https://www.linkedin.com/company/eizoruggedsolutions/,New,Review website and validate opportunity,
EKOSCAN,France,D,,À vérifier,To enrich,Qualifier l'activité avant tout pitch ciblé.,To enrich,To enrich,https://www.ekoscan-ndt.com/,,New,No immediate action,
Eksma Optics,Lituanie,B,68.0,Acheteur potentiel,Electronic components,"Textiles, composites, optronique, énergie pour kits soldat.","Soldier system vendors source textiles, composites, optronics and energy. Lead with NATO / military pedigree.","Hi — I noticed Eksma Optics builds Optronics / Optics, Sensors (+3) for Soldier systems.",http://www.eksmaoptics.com/,https://www.linkedin.com/company/eksma-optics/,New,Review website and validate opportunity,
ELAUL,France,D,,À vérifier,To enrich,Qualifier l'activité avant tout pitch ciblé.,To enrich,To enrich,https://www.elaul.fr/,,New,No immediate action,
Elbe Holding,Allemagne,B,72.5,Acheteur potentiel,Engines / propulsion,"Composites, capteurs, comms, lancement pour primes spatiaux.","Space primes source composites, sensors, comms and launch services.","Hi — I noticed Elbe Holding builds Vehicles, Sensors (+4) for Space / satellite.",http://www.elbe-group.de/en/,,New,Review website and validate opportunity,
Elbit Systems,Israël,D,,À vérifier,To enrich,Qualifier l'activité avant tout pitch ciblé.,To enrich,To enrich,http://www.elbitsystems.com/,,New,No immediate action,
Elbit Systems Sweden AB,Suède,B,69.0,Acheteur potentiel,Electronic components,"Vend des sous-systèmes / composants à un OEM construisant Optronics / Optics, Tactical radios.",Elbit Systems Sweden AB's ISR offer needs sensor primes and data-fusion suppliers. Engineering / programme is the buyer.,"Hi — Elbit Systems Sweden AB ships Optronics / Optics, Tactical radios (+2) to Navy.",http://elbitsystems.se/,https://www.linkedin.com/company/elbit-systems-sweden-ab/,New,Review website and validate opportunity,
"ELDIS PARDUBICE, S.R.O.",République tchèque,D,,À vérifier,To enrich,Qualifier l'activité avant tout pitch ciblé.,To enrich,To enrich,http://www.eldis.cz/,,New,No immediate action,
Electro Optic Systems,Australie,D,,À vérifier,To enrich,Qualifier l'activité avant tout pitch ciblé.,To enrich,To enrich,https://www.eos-aus.com/,,New,No immediate action,
ELECTROPOLI SA,France,B,65.5,Fournisseur potentiel,Mechanical parts,"Matériaux énergétiques, mécanique, packaging, certification.","Ammunition makers buy energetic materials, mechanical parts, packaging and certification services.","Hi — I noticed ELECTROPOLI SA builds Logistics equipment, Communications networks (+2) for Ammunition.",http://www.electropoli.com/,https://www.linkedin.com/company/groupe-electropoli-sa/,New,Review website and validate opportunity,
Electro-therm,France,D,,À vérifier,To enrich,Qualifier l'activité avant tout pitch ciblé.,To enrich,To enrich,https://www.electrotherm.fr/,,New,No immediate action,
Elektroda Zagreb d.o.o.,Croatie,B,62.5,Distributeur potentiel,Sensors,Canal de distribution / représentation pour notre portefeuille.,Naval exports rarely use distributors — confirm before pitching.,Hi — we're scouting an exclusive distributor for Europe.,https://ezg.hr/,,New,Review website and validate opportunity,
ELETTRONICA SPA,Italie,D,,À vérifier,To enrich,Qualifier l'activité avant tout pitch ciblé.,To enrich,To enrich,https://www.eltgroup.net/,,New,No immediate action,
"ELFYS, INC.",Finlande,A,77.4,Acheteur potentiel,Electronic components,"Capteurs, payloads optroniques, communications pour plateformes ISR.","ISR platforms aggregate sensors, comms and AI. Map ELFYS, INC.'s integration partners.","Hi — I noticed ELFYS, INC.",http://www.elfys.fi/,https://www.linkedin.com/company/elfys,New,Contact sales team and qualify need,
ELGIE - Actemium Roanne Connectique,France,D,,À vérifier,To enrich,Qualifier l'activité avant tout pitch ciblé.,To enrich,To enrich,https://www.actemium.fr/implantations/actemium-roanne-connectique/presentation/,,New,No immediate action,
ELIKA TEAM,France,D,,À vérifier,To enrich,Qualifier l'activité avant tout pitch ciblé.,To enrich,To enrich,https://elikateam.com/,,New,No immediate action,
Elistair,France,B,73.5,Acheteur potentiel,Energy / batteries,"Capteurs, payloads optroniques, communications pour plateformes ISR.","ISR platforms aggregate sensors, comms and AI. Map Elistair's integration partners.","Hi — I noticed Elistair builds UAV / drones, Sensors (+9) for Intelligence / ISR.",http://www.elistair.com/,https://www.linkedin.com/company/3720597/admin/dashboard/,New,Review website and validate opportunity,
Elmo Motion Control,Israël,D,16.6,À vérifier,Industrial subcontracting / machining,Qualifier l'activité avant tout pitch ciblé.,"Public sources too thin — discovery call first, focused pitch second.",Hi — I noticed Elmo Motion Control at Eurosatory.,https://www.elmomc.com/,https://www.linkedin.com/company/elmomotioncontrol/,New,No immediate action,
ELMON SA,Grèce,D,,À vérifier,To enrich,Qualifier l'activité avant tout pitch ciblé.,To enrich,To enrich,https://www.elmon.com/,,New,No immediate action,
ELNO,France,D,,À vérifier,To enrich,Qualifier l'activité avant tout pitch ciblé.,To enrich,To enrich,https://www.elno.fr/,,New,No immediate action,
ELYNXO,France,B,62.5,Fournisseur potentiel,"Raw materials (steel, aluminium)","Matières premières, outils coupants, services qualité pour sous-traitants.","Sub-contractors buy raw materials, cutting tools and quality services.","Hi — I noticed ELYNXO builds Mechanical parts, Optronics / Optics (+4) for Industrial subcontracting.",http://www.elynxo.fr/,https://www.linkedin.com/company/10376980/,New,Review website and validate opportunity,
EM&E,Espagne,D,,À vérifier,To enrich,Qualifier l'activité avant tout pitch ciblé.,To enrich,To enrich,https://www.eme-es.com/,,New,No immediate action,
Emaan International Company,Arabie saoudite,D,,À vérifier,To enrich,Qualifier l'activité avant tout pitch ciblé.,To enrich,To enrich,,,New,No immediate action,
EMAG,Allemagne,A,80.0,Acheteur potentiel,Engines / propulsion,"Moteurs, composites, plaques balistiques, optronique, comms pour OEM blindés.","Armored vehicle OEMs buy engines, composites, ballistic plates, optronics, comms and specialised mechanics in volume.","Hi — I noticed EMAG builds Vehicles, Weapons (+5) for Armored vehicles.",http://www.emag.com/,https://www.linkedin.com/company/emaggroup,New,Contact sales team and qualify need,
Embedl,Suède,A,77.0,Acheteur potentiel,Cloud / data services,"Capteurs, payloads optroniques, communications pour plateformes ISR.","ISR platforms aggregate sensors, comms and AI. Map Embedl's integration partners.","Hi — I noticed Embedl builds Software / Platforms, Embedded systems (+8) for Intelligence / ISR.",http://www.embedl.com/,https://www.linkedin.com/company/embedl/,New,Contact sales team and qualify need,
EMBERION LTD,Royaume-Uni,D,,À vérifier,To enrich,Qualifier l'activité avant tout pitch ciblé.,To enrich,To enrich,http://www.emberion.com/,,New,No immediate action,
EMBRAER,Brésil,D,16.6,À vérifier,Industrial subcontracting / machining,Qualifier l'activité avant tout pitch ciblé.,"Public sources too thin — discovery call first, focused pitch second.",Hi — I noticed EMBRAER at Eurosatory.,http://embraer.com/defense-security-overview/en/,,New,No immediate action,
EMD,France,D,,À vérifier,To enrich,Qualifier l'activité avant tout pitch ciblé.,To enrich,To enrich,http://www.emd-pro.com/,,New,No immediate action,
Emergent Swarm Solutions,Pays-Bas,B,61.0,Acheteur potentiel,Energy / batteries,"Fournisseur de batteries, moteurs, optronique, RF, composites pour fabricants UAV.","UAV builds need batteries, motors, optronics, RF links and composites. Map their bill of materials with the supply chain lead.","Hi — I noticed Emergent Swarm Solutions builds UAV / drones, Sensors (+3) for UAV / drones.",https://emergentswarms.com/,,New,Review website and validate opportunity,
Emiliana Serbatoi,Italie,B,67.5,Acheteur potentiel,Engines / propulsion,"Outils SOC/SIEM, brique de sécurité défensive pour vendeur cyber.","Emiliana Serbatoi sells cyber to defense — they also need NDA-friendly suppliers for components, cloud and audits. Lead with compliance pedigree.","Hi — Emiliana Serbatoi ships Vehicles, Logistics equipment (+1) to defense customers.",http://www.emilianaserbatoi.com/,https://www.linkedin.com/company/11005217,New,Review website and validate opportunity,
Emirates Cable Corporation Interconnect (ECCI),Émirats arabes unis,D,26.6,À vérifier,Industrial subcontracting / machining,Qualifier l'activité avant tout pitch ciblé.,"Confirm if Emirates Cable Corporation Interconnect (ECCI) does MRO, sustainment or only spares.",Hi — I noticed Emirates Cable Corporation Interconnect (ECCI) at Eurosatory.,https://ecci.ae/,,New,No immediate action,
EMITECH,France,D,,À vérifier,To enrich,Qualifier l'activité avant tout pitch ciblé.,To enrich,To enrich,http://www.emitech.fr/,,New,No immediate action,
EMJ Metāls SIA,Lettonie,C,40.7,Fournisseur potentiel,Mechanical parts,Activité à qualifier — discovery call avant pitch précis.,Public data is thin — qualify the activity before pitching supply.,"Hi — I noticed EMJ Metāls SIA builds Logistics equipment, Communications networks for Other.",http://www.emjmetals.lv/,https://www.linkedin.com/company/emj-metals-sia/,New,Keep in watchlist,
Empact ApS,Danemark,D,,À vérifier,To enrich,Qualifier l'activité avant tout pitch ciblé.,To enrich,To enrich,,,New,No immediate action,
EMPL,Autriche,D,,À vérifier,To enrich,Qualifier l'activité avant tout pitch ciblé.,To enrich,To enrich,https://www.empl.at/,,New,No immediate action,
EMS Concept,France,D,,À vérifier,To enrich,Qualifier l'activité avant tout pitch ciblé.,To enrich,To enrich,https://www.ems-concept.com/,,New,No immediate action,
EMTECH,États-Unis,B,68.0,Acheteur potentiel,Engines / propulsion,"Vend des sous-systèmes / composants à un OEM construisant Vehicles, Software / Platforms.",EMTECH sells naval kit — long sales cycle. Programme office is the buyer.,"Hi — EMTECH ships Vehicles, Software / Platforms (+2) to defense customers.",https://www.emtechinc.net/,,New,Review website and validate opportunity,
ENAG,France,D,,À vérifier,To enrich,Qualifier l'activité avant tout pitch ciblé.,To enrich,To enrich,https://www.enag.fr/,,New,No immediate action,
ENCORP LTD,Cyprus,D,,À vérifier,To enrich,Qualifier l'activité avant tout pitch ciblé.,To enrich,To enrich,https://encorp.eu/,,New,No immediate action,
Energetics Technology ltd,Royaume-Uni,C,43.4,Acheteur potentiel,Cloud / data services,"Vend des sous-systèmes / composants à un OEM construisant Software / Platforms, Logistics equipment.",Qualify the activity before pitching.,"Hi — Energetics Technology ltd ships Software / Platforms, Logistics equipment (+1) to defense customers.",https://www.energetics-technology.com/,,New,Keep in watchlist,
ENERGIE METAL,France,D,,À vérifier,To enrich,Qualifier l'activité avant tout pitch ciblé.,To enrich,To enrich,https://www.energie-metal.fr/,,New,No immediate action,
Engineering Conception Maintenance,France,D,,À vérifier,To enrich,Qualifier l'activité avant tout pitch ciblé.,To enrich,To enrich,https://www.ecm-crit.com/,,New,No immediate action,
Enidine,États-Unis,D,,À vérifier,To enrich,Qualifier l'activité avant tout pitch ciblé.,To enrich,To enrich,https://www.enidine.com/,,New,No immediate action,
Ensign-Bickford Aerospace & Defense,États-Unis,D,27.6,À vérifier,Industrial subcontracting / machining,Qualifier l'activité avant tout pitch ciblé.,"Public sources too thin — discovery call first, focused pitch second.",Hi — I noticed Ensign-Bickford Aerospace & Defense at Eurosatory.,http://www.ebad.com/,https://www.linkedin.com/company/ensign-bickford-aerospace-&-defense-company/,New,No immediate action,
ENSTROM HELICOPTER CORPORATION,États-Unis,B,70.0,Acheteur potentiel,Mechanical parts,"Composites, capteurs, comms, lancement pour primes spatiaux.","Space primes source composites, sensors, comms and launch services.","Hi — I noticed ENSTROM HELICOPTER CORPORATION builds Logistics equipment, Engines / propulsion (+4) for Space / satellite.",http://www.enstromhelicopter.com/,,New,Review website and validate opportunity,
Entremonde Polycoaters Limited,Inde,D,,À vérifier,To enrich,Qualifier l'activité avant tout pitch ciblé.,To enrich,To enrich,http://www.entremonde.com/,,New,No immediate action,
EO SECURITY s.r.o.,République tchèque,D,,À vérifier,To enrich,Qualifier l'activité avant tout pitch ciblé.,To enrich,To enrich,https://www.eo-security.com/,,New,No immediate action,
EODH SA,Grèce,D,,À vérifier,To enrich,Qualifier l'activité avant tout pitch ciblé.,To enrich,To enrich,http://www.eodh-protection.com/,,New,No immediate action,
EOS GmbH,Allemagne,A,78.0,Acheteur potentiel,Energy / batteries,"Fournisseur de batteries, moteurs, optronique, RF, composites pour fabricants UAV.","UAV builds need batteries, motors, optronics, RF links and composites. Map their bill of materials with the supply chain lead.","Hi — I noticed EOS GmbH builds UAV / drones, Software / Platforms (+7) for UAV / drones.",http://www.eos.info/,,New,Contact sales team and qualify need,
EOS TECHNOLOGIE,France,D,,À vérifier,To enrich,Qualifier l'activité avant tout pitch ciblé.,To enrich,To enrich,https://www.eos-technologie.com/,,New,No immediate action,
EOST,Corée du Sud,D,16.6,À vérifier,Industrial subcontracting / machining,Qualifier l'activité avant tout pitch ciblé.,"Public sources too thin — discovery call first, focused pitch second.",Hi — I noticed EOST at Eurosatory.,https://www.eosystem.com/,https://www.linkedin.com/company/96136565/admin/feed/posts/,New,No immediate action,
EPCI,France,D,,À vérifier,To enrich,Qualifier l'activité avant tout pitch ciblé.,To enrich,To enrich,,https://www.linkedin.com/in/epci-engineering/,New,No immediate action,
Epec Oy,Finlande,B,71.5,Acheteur potentiel,Engines / propulsion,"Visuel, motion, haptique, IA pour fabricants de simulateurs.",Simulator builders source visual / motion / haptics hardware and AI components. Engineering is the buyer.,"Hi — I noticed Epec Oy builds Vehicles, Software / Platforms (+3) for Simulation / training.",http://www.epec.fi/,https://www.linkedin.com/company/epec/,New,Review website and validate opportunity,
Ephyca,Belgique,A,75.0,Acheteur potentiel,Electronic components,"Fournisseur de batteries, moteurs, optronique, RF, composites pour fabricants UAV.","UAV builds need batteries, motors, optronics, RF links and composites. Map their bill of materials with the supply chain lead.","Hi — I noticed Ephyca builds Sensors, Software / Platforms (+4) for UAV / drones.",https://www.ephyca.com/,https://www.linkedin.com/company/ephyca/,New,Contact sales team and qualify need,
EPSI,France,D,,À vérifier,To enrich,Qualifier l'activité avant tout pitch ciblé.,To enrich,To enrich,http://epsi-radars.fr/,https://www.linkedin.com/company/epsi-itni,New,No immediate action,
EPSILON,France,C,58.7,Fournisseur potentiel,Electronic components,"Radars, sonars, comms, armement, sustainment pour primes navals.","Naval primes buy radars, sonars, comms, weapons and sustainment in long cycles.","Hi — I noticed EPSILON builds Sensors, Logistics equipment for Naval defense.",http://www.epsilon-tolerie.fr/,https://fr.linkedin.com/company/epsilon-tolerie,New,Keep in watchlist,
Epsilor-Electric Fuel Ltd,Israël,A,75.0,Acheteur potentiel,Engines / propulsion,Sub-system / payload pour OEM drones tactiques.,UAV programs are scaling — Epsilor-Electric Fuel Ltd is buying. Position [your sub-system] as a qualified alternative on their next platform.,"Hi — Epsilor-Electric Fuel Ltd ships Vehicles, UAV / drones (+3) to Land forces, Aerospace primes (+4).",http://www.epsilor.com/,,New,Contact sales team and qualify need,
EQUANS,France,B,74.0,Fournisseur potentiel,"Materials (Li-ion, electrolytes)","Amplis RF, processeurs signal, embarqué, antennes pour EW.","EW systems source RF amplifiers, signal-processing chips, embedded computing and antennas. Talk to RF system lead.","Hi — I noticed EQUANS builds Energy / batteries, Sensors (+4) for Electronic warfare.",http://equans.fr/,https://www.linkedin.com/company/equans-france/posts/?feedView=all,New,Review website and validate opportunity,
EQUIMODAL,Espagne,B,65.3,Acheteur potentiel,Mechanical parts,"Pièces de rechange, calibration, certification pour acteurs MRO.","MRO providers source spare parts, calibration tools and certification services. Procurement is the buyer.","Hi — I noticed EQUIMODAL builds Logistics equipment, Energy / batteries (+1) for Logistics / MRO.",http://www.equimodal.com/,https://www.linkedin.com/company/equimodal/?originalSubdomain=es,New,Review website and validate opportunity,
"EQUIPOS MOVILES DE CAMPANA ARPA, S.A.U.",Espagne,D,,À vérifier,To enrich,Qualifier l'activité avant tout pitch ciblé.,To enrich,To enrich,https://www.arpaemc.com/,,New,No immediate action,
ERA A.S.,République tchèque,D,,À vérifier,To enrich,Qualifier l'activité avant tout pitch ciblé.,To enrich,To enrich,http://www.era.aero/,,New,No immediate action,
ERARD INDUSTRIE,France,D,2.0,À vérifier,To enrich,Qualifier l'activité avant tout pitch ciblé.,"Public sources too thin — discovery call first, focused pitch second.",Hi — I noticed ERARD INDUSTRIE at Eurosatory.,https://www.erard-industrie.com/,,New,No immediate action,
ERASER,Lettonie,D,38.4,Acheteur potentiel,Mechanical parts,Activité à qualifier — discovery call avant pitch précis.,Public data is thin — qualify the activity before pitching supply.,"Hi — I noticed ERASER builds Logistics equipment, Electronic components for Other.",https://eraser.lv/,,New,No immediate action,
Ericsson,Suède,D,,À vérifier,To enrich,Qualifier l'activité avant tout pitch ciblé.,To enrich,To enrich,,,New,No immediate action,
ERLA TECHNOLOGIES S.A.S.,France,B,60.7,Fournisseur potentiel,Electronic components,"Capteurs, payloads optroniques, communications pour plateformes ISR.","ISR platforms aggregate sensors, comms and AI. Map ERLA TECHNOLOGIES S.A.S.'s integration partners.",Hi — I noticed ERLA TECHNOLOGIES S.A.S.,http://erla.fr/,https://www.linkedin.com/company/erlatechnologies/,New,Review website and validate opportunity,
ERM Fab&Test,France,D,15.6,À vérifier,Industrial subcontracting / machining,Qualifier l'activité avant tout pitch ciblé.,"Public sources too thin — discovery call first, focused pitch second.",Hi — I noticed ERM Fab&Test at Eurosatory.,http://www.erm-fabtest.com/,https://www.linkedin.com/company/erm-fab-test,New,No immediate action,
Esh-tech Systems,Israël,D,17.6,À vérifier,Industrial subcontracting / machining,Qualifier l'activité avant tout pitch ciblé.,"Public sources too thin — discovery call first, focused pitch second.",Hi — I noticed Esh-tech Systems at Eurosatory.,https://www.esh-tech.com/,https://www.linkedin.com/company/esh-tech-systems/?viewAsMember=true,New,No immediate action,
ESSETI PRINTED CIRCUIT BOARD,Italie,B,61.1,Fournisseur potentiel,Cloud / data services,"Composites, capteurs, comms, lancement pour primes spatiaux.","Space primes source composites, sensors, comms and launch services.","Hi — I noticed ESSETI PRINTED CIRCUIT BOARD builds Software / Platforms, Electronic components (+2) for Space / satellite.",http://www.circuiti-stampati.com/,https://www.linkedin.com/in/esseti-circuiti-stampati-74b37678/,New,Review website and validate opportunity,
ESSONNE SECURITE SIDES ARMORIC HOLDING,France,D,,À vérifier,To enrich,Qualifier l'activité avant tout pitch ciblé.,To enrich,To enrich,http://www.essonnesecurite.fr/,,New,No immediate action,
Estonian Defence and Aerospace Industry Association,Estonie,D,,À vérifier,To enrich,Qualifier l'activité avant tout pitch ciblé.,To enrich,To enrich,,,New,No immediate action,
ETENDARD,France,D,,À vérifier,To enrich,Qualifier l'activité avant tout pitch ciblé.,To enrich,To enrich,http://etendard.tech/,https://www.linkedin.com/company/etendard-tech/posts/?feedView=all,New,No immediate action,
Eternum Ltd.,Hongrie,C,54.4,Acheteur potentiel,RF / microwave components,Vend des sous-systèmes / composants à un OEM construisant Communications networks.,Eternum Ltd. performs MRO — they need parts and engineering support. Direct procurement angle.,Hi — Eternum Ltd. ships Communications networks to defense customers.,https://www.eternum.com/en,,New,Keep in watchlist,
ETHEREAL MACHINES,Inde,B,71.5,Acheteur potentiel,Energy / batteries,"Capteurs, payloads optroniques, communications pour plateformes ISR.","ISR platforms aggregate sensors, comms and AI. Map ETHEREAL MACHINES's integration partners.","Hi — I noticed ETHEREAL MACHINES builds UAV / drones, Electronic components (+13) for Intelligence / ISR.",http://etherealmachines.com/,https://www.linkedin.com/company/etherealmachines/,New,Review website and validate opportunity,
Etienne Lacroix Logistics,France,D,,À vérifier,To enrich,Qualifier l'activité avant tout pitch ciblé.,To enrich,To enrich,https://www.etienne-lacroix-logistics.com/,,New,No immediate action,
"ETL Co., Ltd. (Stealth Technology)",Corée du Sud,D,16.6,À vérifier,Industrial subcontracting / machining,Qualifier l'activité avant tout pitch ciblé.,"Public sources too thin — discovery call first, focused pitch second.","Hi — I noticed ETL Co., Ltd.",https://www.etlst.com/,,New,No immediate action,
ETRI (ROSENBERG VENDOME),France,B,61.6,Acheteur potentiel,Electronic components,"Front-ends RF, processeurs, mécanique de précision pour fabricants radars.","Radar / sensor lines need specialised electronics, signal processing chips and composite housings. Talk to chief engineer.","Hi — I noticed ETRI (ROSENBERG VENDOME) builds Radars, Engines / propulsion for Radar / sensors.",http://www.etrinet.com/,https://www.linkedin.com/company/ecofit-etri/,New,Review website and validate opportunity,
ETRONIKA,Pologne,B,73.5,Acheteur potentiel,Electronic components,"Fournisseur de batteries, moteurs, optronique, RF, composites pour fabricants UAV.","UAV builds need batteries, motors, optronics, RF links and composites. Map their bill of materials with the supply chain lead.","Hi — I noticed ETRONIKA builds Optronics / Optics, UAV / drones (+3) for UAV / drones.",http://www.etronika.pl/start-en/,https://www.linkedin.com/company/etronika-pl,New,Review website and validate opportunity,
ETS GABRIEL ET CIE,France,D,,À vérifier,To enrich,Qualifier l'activité avant tout pitch ciblé.,To enrich,To enrich,https://www.gabriel-lyon.fr/,,New,No immediate action,
EUCLIDE INDUSTRIE,France,D,,À vérifier,To enrich,Qualifier l'activité avant tout pitch ciblé.,To enrich,To enrich,http://www.euclide.pro/,https://www.linkedin.com/company/euclideindustrie,New,No immediate action,
EURENCO S.A.S.,France,D,,À vérifier,To enrich,Qualifier l'activité avant tout pitch ciblé.,To enrich,To enrich,http://www.eurenco.com/,,New,No immediate action,
"EURO SECURITY PRODUCTS, S.R.O.",République tchèque,B,62.5,Acheteur potentiel,Mechanical parts,"Usinage de précision, matériaux, optronique, composants munitions ITAR-friendly.","Weapon manufacturers source precision machining, materials, optronics and ammunition components — heavy export control.","Hi — I noticed EURO SECURITY PRODUCTS, S.R.O.",http://www.esp-products.com/,https://linkedin.com/in/ondrejmuzika,New,Review website and validate opportunity,
EUROATLAS GmbH,Allemagne,D,,À vérifier,To enrich,Qualifier l'activité avant tout pitch ciblé.,To enrich,To enrich,https://www.euroatlas.com/,,New,No immediate action,
EURO-COMPOSITES® S.à r.l.,Luxembourg,A,76.5,Acheteur potentiel,Engines / propulsion,"Radars, sonars, comms, armement, sustainment pour primes navals.","Naval primes buy radars, sonars, comms, weapons and sustainment in long cycles.",Hi — I noticed EURO-COMPOSITES® S.à r.l.,http://www.euro-composites.com/,https://www.linkedin.com/company/euro-composites/,New,Contact sales team and qualify need,
EUROHEATER AS,Norvège,C,57.4,Acheteur potentiel,Engines / propulsion,"Vend des sous-systèmes / composants à un OEM construisant Vehicles, Energy / batteries.",EUROHEATER AS sells to police / border — they need fast-deployable kits and certified comms.,"Hi — EUROHEATER AS ships Vehicles, Energy / batteries to Police / law enforcement.",http://euroheater.no/,https://www.linkedin.com/company/euroheater-as/?viewAsMember=true,New,Keep in watchlist,
EUROPEAN DEFENCE AGENCY,Grèce,D,,À vérifier,To enrich,Qualifier l'activité avant tout pitch ciblé.,To enrich,To enrich,,,New,No immediate action,
EUROPEAN DEFENSE ECONOMIC NETWORKS,France,B,70.0,Acheteur potentiel,Energy / batteries,"Capteurs, payloads optroniques, communications pour plateformes ISR.","ISR platforms aggregate sensors, comms and AI. Map EUROPEAN DEFENSE ECONOMIC NETWORKS's integration partners.","Hi — I noticed EUROPEAN DEFENSE ECONOMIC NETWORKS builds UAV / drones, Software / Platforms (+9) for Intelligence / ISR.",http://www.edencluster.com/,https://www.linkedin.com/in/eden-cluster/,New,Review website and validate opportunity,
EUROPLAST-NYCAST,Allemagne,D,,À vérifier,To enrich,Qualifier l'activité avant tout pitch ciblé.,To enrich,To enrich,http://www.europlast-nycast.de/,,New,No immediate action,
EUROPROTECT FRANCE SA,France,D,,À vérifier,To enrich,Qualifier l'activité avant tout pitch ciblé.,To enrich,To enrich,http://www.europrotect.fr/,,New,No immediate action,
EUROSAM,France,D,,À vérifier,To enrich,Qualifier l'activité avant tout pitch ciblé.,To enrich,To enrich,http://www.eurosam.com/,https://fr.linkedin.com/company/eurosam-gie,New,No immediate action,
EUROSATCOM & VSATECH Associé,France,A,76.5,Acheteur potentiel,Electronic components,"Composites, capteurs, comms, lancement pour primes spatiaux.","Space primes source composites, sensors, comms and launch services.","Hi — I noticed EUROSATCOM & VSATECH Associé builds Tactical radios, Logistics equipment (+6) for Space / satellite.",http://eurosatcom.eu/,https://www.linkedin.com/company/25766007/admin/dashboard/,New,Contact sales team and qualify need,
EUROSPIKE GMBH,Allemagne,D,,À vérifier,To enrich,Qualifier l'activité avant tout pitch ciblé.,To enrich,To enrich,https://www.eurospike.com/,,New,No immediate action,
EUROTECH INTERNATIONAL,France,D,,À vérifier,To enrich,Qualifier l'activité avant tout pitch ciblé.,To enrich,To enrich,https://www.eurotech-intl.com/,,New,No immediate action,
EuroTrophy GmbH,Allemagne,D,20.1,À vérifier,Industrial subcontracting / machining,Qualifier l'activité avant tout pitch ciblé.,"Public sources too thin — discovery call first, focused pitch second.",Hi — I noticed EuroTrophy GmbH at Eurosatory.,http://www.euro-trophy.de/,https://www.linkedin.com/company/eurotrophy/,New,No immediate action,
Evertz,Canada,D,,À vérifier,To enrich,Qualifier l'activité avant tout pitch ciblé.,To enrich,To enrich,https://www.evertz.com/,,New,No immediate action,
Eviden,France,A,80.0,Acheteur potentiel,Engines / propulsion,"Radars, sonars, comms, armement, sustainment pour primes navals.","Naval primes buy radars, sonars, comms, weapons and sustainment in long cycles.","Hi — I noticed Eviden builds Vehicles, Sensors (+9) for Naval defense.",http://eviden.com/,https://www.linkedin.com/company/eviden/posts,New,Contact sales team and qualify need,
EVPÚ a.s.,Slovaquie,B,60.5,Acheteur potentiel,Mechanical parts,Sub-system / payload pour OEM drones tactiques.,UAV programs are scaling — EVPÚ a.s. is buying. Position [your sub-system] as a qualified alternative on their next platform.,"Hi — EVPÚ a.s. ships Logistics equipment, UAV / drones to Aerospace primes.",https://www.evpu.sk/,www.linkedin.com/company/94793184,New,Review website and validate opportunity,
EVPU DEFENCE A. S.,République tchèque,B,71.0,Acheteur potentiel,Energy / batteries,"Capteurs, payloads optroniques, communications pour plateformes ISR.","ISR platforms aggregate sensors, comms and AI. Map EVPU DEFENCE A. S.'s integration partners.",Hi — I noticed EVPU DEFENCE A.,http://www.evpudefence.com/,https://www.linkedin.com/company/18689469/,New,Review website and validate opportunity,
EXAIL,France,D,,À vérifier,To enrich,Qualifier l'activité avant tout pitch ciblé.,To enrich,To enrich,https://www.exail.com/,,New,No immediate action,
EXAVISION SAS,France,D,,À vérifier,To enrich,Qualifier l'activité avant tout pitch ciblé.,To enrich,To enrich,http://exavision.com/,,New,No immediate action,
EXCALIBUR ARMY,République tchèque,A,78.0,Acheteur potentiel,Engines / propulsion,"Capteurs, payloads optroniques, communications pour plateformes ISR.","ISR platforms aggregate sensors, comms and AI. Map EXCALIBUR ARMY's integration partners.","Hi — I noticed EXCALIBUR ARMY builds Vehicles, Weapons (+6) for Intelligence / ISR.",https://www.excaliburarmy.cz/,,New,Contact sales team and qualify need,
EXCALIBUR INTERNATIONAL A.S.,République tchèque,A,81.5,Acheteur potentiel,Engines / propulsion,"Capteurs, payloads optroniques, communications pour plateformes ISR.","ISR platforms aggregate sensors, comms and AI. Map EXCALIBUR INTERNATIONAL A.S.'s integration partners.",Hi — I noticed EXCALIBUR INTERNATIONAL A.S.,http://www.excaliburinternational.cz/,https://www.linkedin.com/company/excalibur-international/,New,Contact sales team and qualify need,
EXENS GROUP,France,A,77.0,Acheteur potentiel,Electronic components,"Composites, capteurs, comms, lancement pour primes spatiaux.","Space primes source composites, sensors, comms and launch services.","Hi — I noticed EXENS GROUP builds Radars, Software / Platforms (+6) for Space / satellite.",http://www.exens-solutions.com/,https://www.linkedin.com/company/99523318,New,Contact sales team and qualify need,
EXONICUS R&D,Lettonie,D,,À vérifier,To enrich,Qualifier l'activité avant tout pitch ciblé.,To enrich,To enrich,,,New,No immediate action,
EXOSENS,France,A,80.0,Acheteur potentiel,Energy / batteries,"Capteurs, payloads optroniques, communications pour plateformes ISR.","ISR platforms aggregate sensors, comms and AI. Map EXOSENS's integration partners.","Hi — I noticed EXOSENS builds UAV / drones, Sensors (+7) for Intelligence / ISR.",http://www.exosens.com/,https://fr.linkedin.com/company/exosens-group,New,Contact sales team and qualify need,
EXPLEO FRANCE,France,A,78.5,Acheteur potentiel,Engines / propulsion,"Composites, capteurs, comms, lancement pour primes spatiaux.","Space primes source composites, sensors, comms and launch services.","Hi — I noticed EXPLEO FRANCE builds Vehicles, Software / Platforms (+9) for Space / satellite.",https://expleo.com/,,New,Contact sales team and qualify need,
EXPLORER CASES BY GT LINE GROUP,Italie,A,75.0,Acheteur potentiel,Energy / batteries,Sub-system / payload pour OEM drones tactiques.,UAV programs are scaling — EXPLORER CASES BY GT LINE GROUP is buying. Position [your sub-system] as a qualified alternative on their next platform.,"Hi — EXPLORER CASES BY GT LINE GROUP ships UAV / drones, Logistics equipment (+2) to Police / law enforcement, Defense ministries (+1).",http://www.explorercases.com/,https://www.linkedin.com/company/gt-line-srl/,New,Contact sales team and qualify need,
EXPLOSIA A.S.,République tchèque,D,,À vérifier,To enrich,Qualifier l'activité avant tout pitch ciblé.,To enrich,To enrich,https://www.explosia.cz/,,New,No immediate action,
Extron,Pays-Bas,D,,À vérifier,To enrich,Qualifier l'activité avant tout pitch ciblé.,To enrich,To enrich,http://www.extron.com/,,New,No immediate action,
FA Krosno S.A.,Pologne,D,16.6,À vérifier,Industrial subcontracting / machining,Qualifier l'activité avant tout pitch ciblé.,"Public sources too thin — discovery call first, focused pitch second.",Hi — I noticed FA Krosno S.A.,https://www.fakrosno.pl/,,New,No immediate action,
FACTEM,France,D,,À vérifier,To enrich,Qualifier l'activité avant tout pitch ciblé.,To enrich,To enrich,https://www.factem.com/,,New,No immediate action,
Factor Ingeniería y Decoletaje S.L.,Espagne,B,69.0,Fournisseur potentiel,Energetic materials,"Threat intel, hardware appliances, cloud souverain, audits.","Cyber-defense vendors source threat intel feeds, hardware appliances, cloud and certification services. Procurement / CISO are entry points.",Hi — I noticed Factor Ingeniería y Decoletaje S.L.,http://factorsl.es/en/solutions/defence,https://www.linkedin.com/company/factor-ingenieria-y-decoletaje,New,Review website and validate opportunity,
FACTORY SYSTEMES,France,D,,À vérifier,To enrich,Qualifier l'activité avant tout pitch ciblé.,To enrich,To enrich,,,New,No immediate action,
FAE,Italie,A,78.0,Acheteur potentiel,Engines / propulsion,"Front-ends RF, processeurs, mécanique de précision pour fabricants radars.","Radar / sensor lines need specialised electronics, signal processing chips and composite housings. Talk to chief engineer.","Hi — I noticed FAE builds Vehicles, Communications networks (+5) for Radar / sensors.",http://demining.fae-group.com/,,New,Contact sales team and qualify need,
Fairsight Vision,Ukraine,D,,À vérifier,To enrich,Qualifier l'activité avant tout pitch ciblé.,To enrich,To enrich,,,New,No immediate action,
Falck-Schmidt Corp,Danemark,D,,À vérifier,To enrich,Qualifier l'activité avant tout pitch ciblé.,To enrich,To enrich,https://www.falck-schmidt.systems/,,New,No immediate action,
FALCOM,Danemark,C,53.6,Acheteur potentiel,Mechanical parts,"Vend des sous-systèmes / composants à un OEM construisant Logistics equipment, Engines / propulsion.",FALCOM sells to forces — they need certified materials and ergonomic sub-systems.,"Hi — FALCOM ships Logistics equipment, Engines / propulsion to Police / law enforcement.",http://falcom.gn.com/,,New,Keep in watchlist,
FALKEN S.A.U.,Espagne,D,,À vérifier,To enrich,Qualifier l'activité avant tout pitch ciblé.,To enrich,To enrich,http://www.falken.es/,,New,No immediate action,
FASSI,Italie,A,76.5,Acheteur potentiel,Cloud / data services,"GPUs, cloud, data annotation, hardening cyber pour plateforme IA.","AI platforms consume GPUs, cloud, data annotation services and cybersecurity hardening. Talk to CTO / head of platform.","Hi — I noticed FASSI builds Software / Platforms, Communications networks (+3) for AI / data.",http://www.fassi.com/,https://www.linkedin.com/company/fassi-official/,New,Contact sales team and qualify need,
FAUN Trackway Limited,Royaume-Uni,A,80.0,Acheteur potentiel,Energy / batteries,"Fournisseur de batteries, moteurs, optronique, RF, composites pour fabricants UAV.","UAV builds need batteries, motors, optronics, RF links and composites. Map their bill of materials with the supply chain lead.","Hi — I noticed FAUN Trackway Limited builds UAV / drones, Logistics equipment (+3) for UAV / drones.",http://www.fauntrackway.co.uk/,https://www.linkedin.com/company/faun-trackway/?viewAsMember=true,New,Contact sales team and qualify need,
FDH Aero,États-Unis,D,16.6,À vérifier,Industrial subcontracting / machining,Qualifier l'activité avant tout pitch ciblé.,"Public sources too thin — discovery call first, focused pitch second.",Hi — I noticed FDH Aero at Eurosatory.,https://fdhaero.com/,https://www.linkedin.com/company/fdhaero/,New,No immediate action,
FEDD,France,D,,À vérifier,To enrich,Qualifier l'activité avant tout pitch ciblé.,To enrich,To enrich,https://www.agon-electronics.com/fedd/,,New,No immediate action,
Fédération Bancaire Française,France,B,70.5,Acheteur potentiel,Electronic components,"Moteurs, composites, plaques balistiques, optronique, comms pour OEM blindés.","Armored vehicle OEMs buy engines, composites, ballistic plates, optronics, comms and specialised mechanics in volume.","Hi — I noticed Fédération Bancaire Française builds Sensors, Vehicles for Armored vehicles.",https://www.fbf.fr/fr/,https://www.linkedin.com/company/fbf/posts/?feedView=all,New,Review website and validate opportunity,
FEDERATION OF SECURITY AND DEFENCE INDUSTRIES OF LATVIA,Lettonie,D,,À vérifier,To enrich,Qualifier l'activité avant tout pitch ciblé.,To enrich,To enrich,http://www.federacija.lv/,,New,No immediate action,
FELSENSOHN,Turquie,C,50.4,Acheteur potentiel,Mechanical parts,"Vend des sous-systèmes / composants à un OEM construisant Logistics equipment, Vehicles.",Qualify the activity before pitching.,"Hi — FELSENSOHN ships Logistics equipment, Vehicles to defense customers.",http://felsensohnsafetybelts.com/,https://www.linkedin.com/company/104619788,New,Keep in watchlist,
FERONYL SA,Belgique,D,,À vérifier,To enrich,Qualifier l'activité avant tout pitch ciblé.,To enrich,To enrich,https://www.feronyl.com/,,New,No immediate action,
FEV FRANCE,France,B,73.0,Acheteur potentiel,Engines / propulsion,"Threat intel, hardware appliances, cloud souverain, audits.","Cyber-defense vendors source threat intel feeds, hardware appliances, cloud and certification services. Procurement / CISO are entry points.","Hi — I noticed FEV FRANCE builds Vehicles, Engines / propulsion (+6) for Cybersecurity.",http://fev.com/,,New,Review website and validate opportunity,
FFG FLENSBURGER FAHRZEUGBAU GESELLSCHAFT MBH,Allemagne,D,,À vérifier,To enrich,Qualifier l'activité avant tout pitch ciblé.,To enrich,To enrich,http://www.ffg-flensburg.de/,,New,No immediate action,
"FFT GD SPORTS CO,.LTD",Chine,B,67.2,Acheteur potentiel,Mechanical parts,"Vend des sous-systèmes / composants à un OEM construisant Logistics equipment, Software / Platforms.","FFT GD SPORTS CO,.LTD sells to police / border — they need fast-deployable kits and certified comms.","Hi — FFT GD SPORTS CO,.LTD ships Logistics equipment, Software / Platforms to Police / law enforcement, Civil security / fire (+2).",http://www.fftsport.com/,,New,Review website and validate opportunity,
FGH TECHNOLOGIES,France,D,,À vérifier,To enrich,Qualifier l'activité avant tout pitch ciblé.,To enrich,To enrich,https://www.fgh-technologies.com/,,New,No immediate action,
FibreCoat,Allemagne,B,73.0,Acheteur potentiel,Energy / batteries,"Front-ends RF, processeurs, mécanique de précision pour fabricants radars.","Radar / sensor lines need specialised electronics, signal processing chips and composite housings. Talk to chief engineer.","Hi — I noticed FibreCoat builds UAV / drones, Logistics equipment (+8) for Radar / sensors.",https://www.fibrecoat.de/,https://www.linkedin.com/company/37058976/,New,Review website and validate opportunity,
FIDEMECA,France,D,,À vérifier,To enrich,Qualifier l'activité avant tout pitch ciblé.,To enrich,To enrich,https://www.fidemeca.com/,,New,No immediate action,
FIDUCIAL SECURITE,France,B,66.8,Fournisseur potentiel,Mechanical parts,"Capteurs, payloads optroniques, communications pour plateformes ISR.","ISR platforms aggregate sensors, comms and AI. Map FIDUCIAL SECURITE's integration partners.","Hi — I noticed FIDUCIAL SECURITE builds Logistics equipment, Sensors (+1) for Intelligence / ISR.",http://www.fiducial-securite.fr/,https://fr.linkedin.com/company/fiducial-s%C3%A9curit%C3%A9,New,Review website and validate opportunity,
FIGHTLITE INDUSTRIES,États-Unis,D,15.6,À vérifier,Industrial subcontracting / machining,Qualifier l'activité avant tout pitch ciblé.,"Public sources too thin — discovery call first, focused pitch second.",Hi — I noticed FIGHTLITE INDUSTRIES at Eurosatory.,https://www.fightlite.com/,,New,No immediate action,
filiale de SERMA Ingénieurie,France,D,,À vérifier,To enrich,Qualifier l'activité avant tout pitch ciblé.,To enrich,To enrich,https://www.tdm-ing.com/,,New,No immediate action,
FINAL ADVANCED MATERIALS,France,D,,À vérifier,To enrich,Qualifier l'activité avant tout pitch ciblé.,To enrich,To enrich,https://www.final-materials.com/,,New,No immediate action,
FINCANTIERI NEXTECH,Italie,A,79.0,Acheteur potentiel,Sensors,"Radars, sonars, comms, armement, sustainment pour primes navals.","Naval primes buy radars, sonars, comms, weapons and sustainment in long cycles.","Hi — I noticed FINCANTIERI NEXTECH builds Naval systems, Communications networks (+1) for Naval defense.",https://www.fincantierinextech.com/,,New,Contact sales team and qualify need,
FINISHED SOLUTION,Corée du Sud,D,,À vérifier,To enrich,Qualifier l'activité avant tout pitch ciblé.,To enrich,To enrich,http://www.finishedsolution.com/main,,New,No immediate action,
FIOCCHI MUNIZIONI,Italie,D,,À vérifier,To enrich,Qualifier l'activité avant tout pitch ciblé.,To enrich,To enrich,http://www.fiocchi.com/,,New,No immediate action,
FIRE EAGLE ARMORY,Brésil,B,63.5,Acheteur potentiel,Cloud / data services,"Vend des sous-systèmes / composants à un OEM construisant Software / Platforms, Logistics equipment.",FIRE EAGLE ARMORY is a regulated buyer — lead with ITAR/AQAP/EN9100 credentials.,"Hi — FIRE EAGLE ARMORY ships Software / Platforms, Logistics equipment (+1) to defense customers.",https://fireeagle-armory.com/fire-eagle-armory-armas/,,New,Review website and validate opportunity,
Fire Point,Ukraine,C,45.8,Acheteur potentiel,Energy / batteries,Sub-system / payload pour OEM drones tactiques.,UAV programs are scaling — Fire Point is buying. Position [your sub-system] as a qualified alternative on their next platform.,Hi — Fire Point ships UAV / drones to defense customers.,http://firepoint.technology/,,New,Keep in watchlist,
FIRECO,Italie,D,,À vérifier,To enrich,Qualifier l'activité avant tout pitch ciblé.,To enrich,To enrich,https://www.fireco.eu/,,New,No immediate action,
FISAZA,Émirats arabes unis,B,62.2,Acheteur potentiel,Mechanical parts,"Usinage de précision, matériaux, optronique, composants munitions ITAR-friendly.","Weapon manufacturers source precision machining, materials, optronics and ammunition components — heavy export control.","Hi — I noticed FISAZA builds Weapons, Ammunition for Weapons.",http://www.fisaza.com/,https://www.linkedin.com/company/fisaza/,New,Review website and validate opportunity,
FISCHER CONNECTORS,France,C,54.2,Acheteur potentiel,Electronic components,"Front-ends RF, processeurs, mécanique de précision pour fabricants radars.","Radar / sensor lines need specialised electronics, signal processing chips and composite housings. Talk to chief engineer.","Hi — I noticed FISCHER CONNECTORS builds Sensors, Logistics equipment for Radar / sensors.",http://www.fischerconnectors.fr/,https://www.linkedin.com/company/fischer-connectors,New,Keep in watchlist,
Fischer Panda GmbH,Allemagne,D,17.6,À vérifier,Industrial subcontracting / machining,Qualifier l'activité avant tout pitch ciblé.,"Public sources too thin — discovery call first, focused pitch second.",Hi — I noticed Fischer Panda GmbH at Eurosatory.,http://defence.fischerpanda.de/,https://de.linkedin.com/company/fischerpanda,New,No immediate action,
FIXATION TECHNIQUE DE VIREUX,France,D,,À vérifier,To enrich,Qualifier l'activité avant tout pitch ciblé.,To enrich,To enrich,http://www.ftv-sa.fr/,,New,No immediate action,
FJORD DEFENCE AS,Norvège,D,,À vérifier,To enrich,Qualifier l'activité avant tout pitch ciblé.,To enrich,To enrich,https://www.fjorddefencegroup.no/,,New,No immediate action,
FLYING EYE,France,D,,À vérifier,To enrich,Qualifier l'activité avant tout pitch ciblé.,To enrich,To enrich,https://www.flyingeye.fr/,,New,No immediate action,
FLYING OBJECTS TECHNOLOGIES,France,D,,À vérifier,To enrich,Qualifier l'activité avant tout pitch ciblé.,To enrich,To enrich,https://www.flyingobjects.tech/,https://www.linkedin.com/company/flying-objects-technologies/about/?viewAsMember=true,New,No immediate action,
FMS USA,États-Unis,D,,À vérifier,To enrich,Qualifier l'activité avant tout pitch ciblé.,To enrich,To enrich,https://www.fms.co.il/,,New,No immediate action,
FN,Belgique,B,72.0,Acheteur potentiel,Electronic components,"Sous-systèmes, composites, certification pour primes terrestres.",Land defense primes integrate huge supply chains. Procurement is the buyer.,"Hi — I noticed FN builds Optronics / Optics, Weapons (+5) for Land defense.",http://www.fnherstal.com/,https://www.linkedin.com/company/fn-herstal,New,Review website and validate opportunity,
Fonderie de Bretagne,France,D,,À vérifier,To enrich,Qualifier l'activité avant tout pitch ciblé.,To enrich,To enrich,https://www.fonderiedebretagne.com/,,New,No immediate action,
FORCE Technology,Danemark,A,82.0,Acheteur potentiel,Engines / propulsion,"Radars, sonars, comms, armement, sustainment pour primes navals.","Naval primes buy radars, sonars, comms, weapons and sustainment in long cycles.","Hi — I noticed FORCE Technology builds Vehicles, Sensors (+9) for Naval defense.",http://forcetechnology.com/en/defence,https://www.linkedin.com/company/force-technology/posts/?feedView=all,New,Contact sales team and qualify need,
FORCETEK,Italie,D,,À vérifier,To enrich,Qualifier l'activité avant tout pitch ciblé.,To enrich,To enrich,http://www.forcetek.it/,,New,No immediate action,
FORCIT OY,Finlande,D,,À vérifier,To enrich,Qualifier l'activité avant tout pitch ciblé.,To enrich,To enrich,https://www.forcit.fi/defence,,New,No immediate action,
FORD GLOBAL FLEET SALES,États-Unis,A,80.0,Acheteur potentiel,Engines / propulsion,"Radars, sonars, comms, armement, sustainment pour primes navals.","Naval primes buy radars, sonars, comms, weapons and sustainment in long cycles.","Hi — I noticed FORD GLOBAL FLEET SALES builds Vehicles, Logistics equipment (+4) for Naval defense.",http://fordglobalfleetsales.com/,https://www.linkedin.com/company/fordglobalfleetsales/,New,Contact sales team and qualify need,
Forecr,Estonie,D,,À vérifier,To enrich,Qualifier l'activité avant tout pitch ciblé.,To enrich,To enrich,,,New,No immediate action,
FOREIGN TRADE CHAMBER OF BOSNIA AND HERZEGOVINA,Bosnia and Herzegovina,D,,À vérifier,To enrich,Qualifier l'activité avant tout pitch ciblé.,To enrich,To enrich,https://www.komorabih.ba/,,New,No immediate action,
Formnext,Allemagne,A,75.1,Acheteur potentiel,Cloud / data services,"Vend des sous-systèmes / composants à un OEM construisant Software / Platforms, Engines / propulsion.","Formnext sells optronics, they need detector and electronics suppliers. Lead with quality data.","Hi — Formnext ships Software / Platforms, Engines / propulsion (+3) to Aerospace primes.",https://formnext.mesago.com/frankfurt/en.html,https://www.linkedin.com/company/formnext/,New,Contact sales team and qualify need,
Forterra,États-Unis,B,72.5,Acheteur potentiel,Mechanical parts,"Threat intel, hardware appliances, cloud souverain, audits.","Cyber-defense vendors source threat intel feeds, hardware appliances, cloud and certification services. Procurement / CISO are entry points.","Hi — I noticed Forterra builds Logistics equipment, Communications networks (+7) for Cybersecurity.",https://forterra.com/,,New,Review website and validate opportunity,
FOX KNIVES - Oreste Frati S.r.l.,Italie,D,,À vérifier,To enrich,Qualifier l'activité avant tout pitch ciblé.,To enrich,To enrich,https://www.foxknives.com/,,New,No immediate action,
FRACHT FRANCE,France,B,72.1,Acheteur potentiel,Mechanical parts,"Radars, sonars, comms, armement, sustainment pour primes navals.","Naval primes buy radars, sonars, comms, weapons and sustainment in long cycles.","Hi — I noticed FRACHT FRANCE builds Logistics equipment, Engines / propulsion (+2) for Naval defense.",http://www.frachtgroup.com/,https://www.linkedin.com/company/fracht-france,New,Review website and validate opportunity,
FRANKENBURG TECHNOLOGIES OU,Estonie,A,80.0,Acheteur potentiel,Engines / propulsion,"Capteurs, payloads optroniques, communications pour plateformes ISR.","ISR platforms aggregate sensors, comms and AI. Map FRANKENBURG TECHNOLOGIES OU's integration partners.","Hi — I noticed FRANKENBURG TECHNOLOGIES OU builds Vehicles, UAV / drones (+10) for Intelligence / ISR.",http://www.frankenburg.tech/,https://www.linkedin.com/company/frankenburg-tech/posts/?feedView=all,New,Contact sales team and qualify need,
FRANZ ACHLEITNER-FAHRZEUGBAU und Reifenzentrum GmbH,Autriche,D,,À vérifier,To enrich,Qualifier l'activité avant tout pitch ciblé.,To enrich,To enrich,http://www.achleitner.com/,,New,No immediate action,
Fraunhofer IAPT,Allemagne,B,61.0,Fournisseur potentiel,Software,"Usinage de précision, matériaux, optronique, composants munitions ITAR-friendly.","Weapon manufacturers source precision machining, materials, optronics and ammunition components — heavy export control.","Hi — I noticed Fraunhofer IAPT builds Simulators / Training, Logistics equipment (+1) for Weapons.",https://www.iapt.fraunhofer.de/de/zukunftsfelder---branchen/zukunftsfeld-sicherheit---defense.html,https://www.linkedin.com/company/fraunhofer-iapt/posts/?feedView=all,New,Review website and validate opportunity,
Frequentis AG,Autriche,A,81.5,Acheteur potentiel,Energy / batteries,"Capteurs, payloads optroniques, communications pour plateformes ISR.","ISR platforms aggregate sensors, comms and AI. Map Frequentis AG's integration partners.","Hi — I noticed Frequentis AG builds UAV / drones, Radars (+9) for Intelligence / ISR.",https://www.frequentis.com/,https://www.linkedin.com/company/Frequentis,New,Contact sales team and qualify need,
FRESTEMS,Finlande,A,75.0,Acheteur potentiel,Engines / propulsion,"Pièces de rechange, calibration, certification pour acteurs MRO.","MRO providers source spare parts, calibration tools and certification services. Procurement is the buyer.","Hi — I noticed FRESTEMS builds Vehicles, Logistics equipment (+2) for Logistics / MRO.",http://www.frestems.fi/,,New,Contact sales team and qualify need,
FREWITT FABRIQUE DE MACHINES SA,Suisse,C,50.6,Fournisseur potentiel,Electronic components,"Front-ends RF, processeurs, mécanique de précision pour fabricants radars.","Radar / sensor lines need specialised electronics, signal processing chips and composite housings. Talk to chief engineer.","Hi — I noticed FREWITT FABRIQUE DE MACHINES SA builds Sensors, Engines / propulsion for Radar / sensors.",https://www.frewitt.com/,https://www.linkedin.com/company/frewitt/?viewAsMember=true,New,Keep in watchlist,
FRICTAPE,Finlande,C,46.8,Acheteur potentiel,Energy / batteries,Sub-system / payload pour OEM drones tactiques.,UAV programs are scaling — FRICTAPE is buying. Position [your sub-system] as a qualified alternative on their next platform.,Hi — FRICTAPE ships UAV / drones to defense customers.,http://frictape.com/,https://www.linkedin.com/company/frictape-net-ltd/,New,Keep in watchlist,
Fritz Stephan GmbH,Allemagne,B,68.5,Fournisseur potentiel,Mechanical parts,"Front-ends RF, processeurs, mécanique de précision pour fabricants radars.","Radar / sensor lines need specialised electronics, signal processing chips and composite housings. Talk to chief engineer.","Hi — I noticed Fritz Stephan GmbH builds Logistics equipment, Sensors (+2) for Radar / sensors.",http://www.stephan-gmbh.com/,https://www.linkedin.com/company/fritzstephan/?viewAsMember=true,New,Review website and validate opportunity,
FRONIUS INTERNATIONAL GMBH,Autriche,D,,À vérifier,To enrich,Qualifier l'activité avant tout pitch ciblé.,To enrich,To enrich,,,New,No immediate action,
"Fsain Technology Co., Ltd.",Chine,B,72.5,Acheteur potentiel,Engines / propulsion,"Capteurs, payloads optroniques, communications pour plateformes ISR.","ISR platforms aggregate sensors, comms and AI. Map Fsain Technology Co., Ltd.'s integration partners.","Hi — I noticed Fsain Technology Co., Ltd.",http://www.fsain.com/,,New,Review website and validate opportunity,
FSI,Norvège,D,,À vérifier,To enrich,Qualifier l'activité avant tout pitch ciblé.,To enrich,To enrich,http://www.fsi.no/,,New,No immediate action,
FT WIND SENSORS (FT Technologies),Royaume-Uni,A,76.5,Acheteur potentiel,Energy / batteries,"Composants, sous-systèmes, software, services pour primes C4ISR.",C4ISR primes integrate hundreds of components — the sourcing surface is huge. Procurement / supply chain is the entry point.,"Hi — I noticed FT WIND SENSORS (FT Technologies) builds UAV / drones, Sensors (+5) for C4ISR.",http://fttechnologies.com/,https://www.linkedin.com/company/ft-technologies-ltd,New,Contact sales team and qualify need,
FUCHS LUBRIFIANT,France,D,,À vérifier,To enrich,Qualifier l'activité avant tout pitch ciblé.,To enrich,To enrich,,,New,No immediate action,
"Fulcrum Concepts, LLC",États-Unis,D,,À vérifier,To enrich,Qualifier l'activité avant tout pitch ciblé.,To enrich,To enrich,https://www.fulcrumconceptsllc.com/,,New,No immediate action,
FullScale,France,D,,À vérifier,To enrich,Qualifier l'activité avant tout pitch ciblé.,To enrich,To enrich,http://www.fullscale-labs.com/,,New,No immediate action,
FYC,Finlande,B,70.5,Acheteur potentiel,Composite materials,"Vend des sous-systèmes / composants à un OEM construisant Soldier equipment, Ballistic protection.",FYC sells to forces — they need certified materials and ergonomic sub-systems.,"Hi — FYC ships Soldier equipment, Ballistic protection (+5) to Police / law enforcement, Special forces.",https://www.fyc.fi/,https://www.linkedin.com/company/fyc-fi,New,Review website and validate opportunity,
Fynd Reality AS,Norvège,B,61.8,Acheteur potentiel,Cloud / data services,"Vend des sous-systèmes / composants à un OEM construisant Software / Platforms, Simulators / Training.",Fynd Reality AS performs MRO — they need parts and engineering support. Direct procurement angle.,"Hi — Fynd Reality AS ships Software / Platforms, Simulators / Training (+1) to defense customers.",http://www.fyndreality.com/,,New,Review website and validate opportunity,
G&G PARTNERS,Italie,B,67.5,Acheteur potentiel,Engines / propulsion,"Composants, sous-systèmes, software, services pour primes C4ISR.",C4ISR primes integrate hundreds of components — the sourcing surface is huge. Procurement / supply chain is the entry point.,"Hi — I noticed G&G PARTNERS builds Vehicles, Logistics equipment (+1) for C4ISR.",http://www.defshell.it/,,New,Review website and validate opportunity,
G&G PARTNERS France,France,B,68.0,Acheteur potentiel,Engines / propulsion,"Composants, sous-systèmes, software, services pour primes C4ISR.",C4ISR primes integrate hundreds of components — the sourcing surface is huge. Procurement / supply chain is the entry point.,"Hi — I noticed G&G PARTNERS France builds Vehicles, Logistics equipment (+1) for C4ISR.",http://www.defshell.it/fr/,https://linkedin.com/company/g-g-partners-france,New,Review website and validate opportunity,
G&H,Royaume-Uni,A,78.0,Acheteur potentiel,Engines / propulsion,"Capteurs, payloads optroniques, communications pour plateformes ISR.","ISR platforms aggregate sensors, comms and AI. Map G&H's integration partners.","Hi — I noticed G&H builds Vehicles, Sensors (+7) for Intelligence / ISR.",https://www.gandh.com/,https://www.linkedin.com/company/g-h/,New,Contact sales team and qualify need,
G. W. Lisk,États-Unis,B,67.5,Acheteur potentiel,Electronic components,"Radars, sonars, comms, armement, sustainment pour primes navals.","Naval primes buy radars, sonars, comms, weapons and sustainment in long cycles.","Hi — I noticed G. W. Lisk builds Sensors, Engines / propulsion (+4) for Naval defense.",https://www.gwlisk.com/,,New,Review website and validate opportunity,
G.CARTIER TECHNOLOGIES,France,D,,À vérifier,To enrich,Qualifier l'activité avant tout pitch ciblé.,To enrich,To enrich,,,New,No immediate action,
G.K SPACEBOATS LTD,Cyprus,B,74.5,Acheteur potentiel,Cloud / data services,"Amplis RF, processeurs signal, embarqué, antennes pour EW.","EW systems source RF amplifiers, signal-processing chips, embedded computing and antennas. Talk to RF system lead.","Hi — I noticed G.K SPACEBOATS LTD builds Software / Platforms, Robotics / UGV (+7) for Electronic warfare.",https://www.spaceboats.eu/,,New,Review website and validate opportunity,
GACHES CHIMIE SPECIALITES,France,D,,À vérifier,To enrich,Qualifier l'activité avant tout pitch ciblé.,To enrich,To enrich,https://www.gaches.com/,https://www.linkedin.com/company/groupe-gaches-chimie/,New,No immediate action,
GACI TECHNOLOGIES,France,B,74.0,Acheteur potentiel,Industrial subcontracting / machining,"Capteurs, payloads optroniques, communications pour plateformes ISR.","ISR platforms aggregate sensors, comms and AI. Map GACI TECHNOLOGIES's integration partners.","Hi — I noticed GACI TECHNOLOGIES builds Electronic components, UAV / drones (+7) for Intelligence / ISR.",http://www.gaci.fr/,https://fr.linkedin.com/company/gaci-technologies,New,Review website and validate opportunity,
GALEB D.D.,Croatie,D,,À vérifier,To enrich,Qualifier l'activité avant tout pitch ciblé.,To enrich,To enrich,http://www.galeb.hr/,,New,No immediate action,
GALION,France,D,,À vérifier,To enrich,Qualifier l'activité avant tout pitch ciblé.,To enrich,To enrich,,,New,No immediate action,
GALKO D.O.O.,Croatie,B,61.2,Acheteur potentiel,RF / microwave components,"Pièces de rechange, calibration, certification pour acteurs MRO.","MRO providers source spare parts, calibration tools and certification services. Procurement is the buyer.",Hi — I noticed GALKO D.O.O.,http://galko-mps.com/,https://linkedin.com/company/galko-mps?originalSubdomain=hr,New,Review website and validate opportunity,
GALLAY LTD,Royaume-Uni,D,,À vérifier,To enrich,Qualifier l'activité avant tout pitch ciblé.,To enrich,To enrich,http://www.gallay.co.uk/,,New,No immediate action,
GALPERTI TECH FORGED PRODUCTS S.p.A.,Italie,B,60.8,Fournisseur potentiel,Mechanical parts,"Composants, sous-systèmes, software, services pour primes C4ISR.",C4ISR primes integrate hundreds of components — the sourcing surface is huge. Procurement / supply chain is the entry point.,Hi — I noticed GALPERTI TECH FORGED PRODUCTS S.p.A.,http://www.galperti.com/,,New,Review website and validate opportunity,
Galvion,Canada,D,,À vérifier,To enrich,Qualifier l'activité avant tout pitch ciblé.,To enrich,To enrich,https://www.galvion.com/,,New,No immediate action,
GAMBER-JOHNSON,Allemagne,D,,À vérifier,To enrich,Qualifier l'activité avant tout pitch ciblé.,To enrich,To enrich,https://www.lindelectronics.com/,,New,No immediate action,
Garde nationale,France,D,21.1,À vérifier,Industrial subcontracting / machining,Qualifier l'activité avant tout pitch ciblé.,"Confirm scope: police, border, fire, intelligence agency.",Hi — I noticed Garde nationale at Eurosatory.,http://garde-nationale.gouv.fr/,https://www.linkedin.com/company/gardenationale/,New,No immediate action,
GARG ASSOCIATES PVT. LTD.,Inde,D,,À vérifier,To enrich,Qualifier l'activité avant tout pitch ciblé.,To enrich,To enrich,https://www.gargasso.com/,,New,No immediate action,
GARMIN FRANCE SAS,France,D,,À vérifier,To enrich,Qualifier l'activité avant tout pitch ciblé.,To enrich,To enrich,https://www.garmin.com/,,New,No immediate action,
Gate Technologies,Israël,D,26.6,À vérifier,Industrial subcontracting / machining,Qualifier l'activité avant tout pitch ciblé.,"Confirm if Gate Technologies does MRO, sustainment or only spares.",Hi — I noticed Gate Technologies at Eurosatory.,https://gate-dev.com/,,New,No immediate action,
GATTEFIN,France,D,,À vérifier,To enrich,Qualifier l'activité avant tout pitch ciblé.,To enrich,To enrich,https://gattefin.fr/,,New,No immediate action,
GCA SUPPLY BAUDRY,France,D,,À vérifier,To enrich,Qualifier l'activité avant tout pitch ciblé.,To enrich,To enrich,http://www.baudry.fr/,https://www.linkedin.com/company/gca-baudry,New,No immediate action,
GDC Middle East,Arabie saoudite,D,,À vérifier,To enrich,Qualifier l'activité avant tout pitch ciblé.,To enrich,To enrich,,,New,No immediate action,
GDELS,Espagne,D,,À vérifier,To enrich,Qualifier l'activité avant tout pitch ciblé.,To enrich,To enrich,http://www.gdels.com/,,New,No immediate action,
GDI SIMULATION,France,B,67.5,Acheteur potentiel,Mechanical parts,"Fournisseur de RF, radars, optronique et embarqués pour stacks anti-drone.","Their counter-UAV stack relies on RF, radar, optronics and embedded systems — exactly what we supply. Talk to procurement / chief engineer.","Hi — I noticed GDI SIMULATION builds Logistics equipment, Vehicles (+4) for Counter-UAV.",http://www.gdi-simulation.fr/fr/,https://www.linkedin.com/company/gdi-simulation/,New,Review website and validate opportunity,
GDTECH,Belgique,B,63.5,Acheteur potentiel,Cloud / data services,"Matières premières, outils coupants, services qualité pour sous-traitants.","Sub-contractors buy raw materials, cutting tools and quality services.","Hi — I noticed GDTECH builds Software / Platforms, Composite materials (+4) for Industrial subcontracting.",https://www.gdtech.eu/,,New,Review website and validate opportunity,
GEFICCA SAS,France,B,69.5,Acheteur potentiel,Engines / propulsion,"Fournisseur de batteries, moteurs, optronique, RF, composites pour fabricants UAV.","UAV builds need batteries, motors, optronics, RF links and composites. Map their bill of materials with the supply chain lead.","Hi — I noticed GEFICCA SAS builds Vehicles, UAV / drones (+3) for UAV / drones.",http://geficca.fr/,https://www.linkedin.com/company/geficca-s-a-/,New,Review website and validate opportunity,
GEHRING TECHNOLOGIES GMBH + CO. KG,Allemagne,C,51.8,Acheteur potentiel,Mechanical parts,"Matières premières, outils coupants, services qualité pour sous-traitants.","Sub-contractors buy raw materials, cutting tools and quality services.",Hi — I noticed GEHRING TECHNOLOGIES GMBH + CO.,http://gehring-group.com/,https://www.linkedin.com/company/gehring-technologies-gmbh/,New,Keep in watchlist,
GEMINIS LATHES,Espagne,B,60.7,Fournisseur potentiel,"Raw materials (steel, aluminium)","Matières premières, outils coupants, services qualité pour sous-traitants.","Sub-contractors buy raw materials, cutting tools and quality services.","Hi — I noticed GEMINIS LATHES builds Mechanical parts, Engines / propulsion (+1) for Industrial subcontracting.",https://www.geminislathes.com/,,New,Review website and validate opportunity,
General Atomics,États-Unis,A,79.5,Fournisseur potentiel,Electronic components,"Capteurs, payloads optroniques, communications pour plateformes ISR.","ISR platforms aggregate sensors, comms and AI. Map General Atomics's integration partners.","Hi — I noticed General Atomics builds Sensors, Weapons (+6) for Intelligence / ISR.",https://www.ga.com/about/ems,www.linkedin.com/company/general-atomics,New,Contact sales team and qualify need,
GENERAL AUTHORITY FOR MILITARY INDUSTRIES (GAMI),Arabie saoudite,B,60.2,Acheteur potentiel,Mechanical parts,"Outils SOC/SIEM, brique de sécurité défensive pour vendeur cyber.","GENERAL AUTHORITY FOR MILITARY INDUSTRIES (GAMI) sells cyber to defense — they also need NDA-friendly suppliers for components, cloud and audits. Lead with compliance pedigree.","Hi — GENERAL AUTHORITY FOR MILITARY INDUSTRIES (GAMI) ships Logistics equipment, Communications networks to Critical infrastructure, Defense ministries (+1).",https://www.gami.gov.sa/en/homepage,https://www.linkedin.com/company/gami-ksa/,New,Review website and validate opportunity,
General Cherry,Ukraine,D,,À vérifier,To enrich,Qualifier l'activité avant tout pitch ciblé.,To enrich,To enrich,,,New,No immediate action,
General Dynamics Ordnance and Tactical Systems,États-Unis,C,44.4,Acheteur potentiel,Energetic materials,Vend des sous-systèmes / composants à un OEM construisant Ammunition.,General Dynamics Ordnance and Tactical Systems buys raw materials and machining — long lead times. Procurement is the buyer.,Hi — General Dynamics Ordnance and Tactical Systems ships Ammunition to defense customers.,http://www.gd-ots.com/,https://linkedin.com/company/general-dynamics-ordnance-and-tactical-systems,New,Keep in watchlist,
General Inspection,États-Unis,A,79.0,Fournisseur potentiel,Electronic components,"Front-ends RF, processeurs, mécanique de précision pour fabricants radars.","Radar / sensor lines need specialised electronics, signal processing chips and composite housings. Talk to chief engineer.","Hi — I noticed General Inspection builds Sensors, Ammunition (+5) for Radar / sensors.",https://www.geninsp.com/,,New,Contact sales team and qualify need,
Gentex Corporation | Ops-Core,États-Unis,C,44.0,Acheteur potentiel,Composite materials,Vend des sous-systèmes / composants à un OEM construisant Soldier equipment.,Gentex Corporation | Ops-Core sells to forces — they need certified materials and ergonomic sub-systems.,Hi — Gentex Corporation | Ops-Core ships Soldier equipment to defense customers.,http://www.gentexcorp.com/,,New,Keep in watchlist,
genua GmbH,Allemagne,A,75.0,Acheteur potentiel,Cloud / data services,"Threat intel, hardware appliances, cloud souverain, audits.","Cyber-defense vendors source threat intel feeds, hardware appliances, cloud and certification services. Procurement / CISO are entry points.","Hi — I noticed genua GmbH builds Software / Platforms, Electronic components (+4) for Cybersecurity.",http://www.genua.de/,,New,Contact sales team and qualify need,
GEOCONNECTICS,France,B,71.2,Acheteur potentiel,Industrial subcontracting / machining,"Composites, capteurs, comms, lancement pour primes spatiaux.","Space primes source composites, sensors, comms and launch services.","Hi — I noticed GEOCONNECTICS builds Electronic components, Logistics equipment (+2) for Space / satellite.",http://www.geoconnectics.com/,https://www.linkedin.com/company/geoconnectics/,New,Review website and validate opportunity,
GEODIS INTERSERVICES,France,D,25.6,À vérifier,Industrial subcontracting / machining,Qualifier l'activité avant tout pitch ciblé.,"Confirm if GEODIS INTERSERVICES does MRO, sustainment or only spares.",Hi — I noticed GEODIS INTERSERVICES at Eurosatory.,http://www.geodis.com/,https://www.linkedin.com/company/geodis/,New,No immediate action,
GEOMINES,France,D,,À vérifier,To enrich,Qualifier l'activité avant tout pitch ciblé.,To enrich,To enrich,https://www.geomines.com/,,New,No immediate action,
German Meeting Point / BDSV,Allemagne,B,74.5,Sous-traitant,Cloud / data services,"Usinage de précision, matériaux, optronique, composants munitions ITAR-friendly.","Weapon manufacturers source precision machining, materials, optronics and ammunition components — heavy export control.","Hi — I noticed German Meeting Point / BDSV builds Software / Platforms, Weapons (+1) for Weapons.",http://www.bdsv.eu/,https://www.linkedin.com/company/bdsv-eu/,New,Review website and validate opportunity,
Germandrones GmbH,Allemagne,D,,À vérifier,To enrich,Qualifier l'activité avant tout pitch ciblé.,To enrich,To enrich,https://www.germandrones.com/,,New,No immediate action,
GES,États-Unis,D,,À vérifier,To enrich,Qualifier l'activité avant tout pitch ciblé.,To enrich,To enrich,https://www.ges.com/,,New,No immediate action,
GESELLSCHAFT FÜR LEISTUNGSELEKTRONIK MBH,Allemagne,D,,À vérifier,To enrich,Qualifier l'activité avant tout pitch ciblé.,To enrich,To enrich,http://www.syko.de/,,New,No immediate action,
GETAC,Allemagne,D,,À vérifier,To enrich,Qualifier l'activité avant tout pitch ciblé.,To enrich,To enrich,http://fr.getac.com/,,New,No immediate action,
GETELEC,France,D,,À vérifier,To enrich,Qualifier l'activité avant tout pitch ciblé.,To enrich,To enrich,http://www.getelec.com/,https://www.linkedin.com/company/getelec,New,No immediate action,
GICAT,France,D,,À vérifier,To enrich,Qualifier l'activité avant tout pitch ciblé.,To enrich,To enrich,https://www.gicat.com/,,New,No immediate action,
GICAT -ENERGIE OPERATIONNELLE,France,D,,À vérifier,To enrich,Qualifier l'activité avant tout pitch ciblé.,To enrich,To enrich,http://www.gicat.fr/,,New,No immediate action,
Gilat Defense,Israël,D,39.6,À vérifier,Industrial subcontracting / machining,Qualifier l'activité avant tout pitch ciblé.,"Confirm scope: police, border, fire, intelligence agency.",Hi — I noticed Gilat Defense at Eurosatory.,http://www.gilat.com/industries/defense/,https://www.linkedin.com/showcase/gilat-defense,New,No immediate action,
GILLET GROUP,France,D,,À vérifier,To enrich,Qualifier l'activité avant tout pitch ciblé.,To enrich,To enrich,http://www.gillet-group.com/,https://www.linkedin.com/company/gillet-group-sa/,New,No immediate action,
GLADIATOR TECHNOLOGIES,États-Unis,D,,À vérifier,To enrich,Qualifier l'activité avant tout pitch ciblé.,To enrich,To enrich,https://gladiatortechnologies.com/,,New,No immediate action,
GLASSART,Grèce,B,69.9,Acheteur potentiel,Mechanical parts,"Pièces de rechange, calibration, certification pour acteurs MRO.","MRO providers source spare parts, calibration tools and certification services. Procurement is the buyer.","Hi — I noticed GLASSART builds Logistics equipment, Vehicles for Logistics / MRO.",https://www.glassart.gr/,,New,Review website and validate opportunity,
GLAUCUS APS,Danemark,D,,À vérifier,To enrich,Qualifier l'activité avant tout pitch ciblé.,To enrich,To enrich,,,New,No immediate action,
GLENAIR,France,D,,À vérifier,To enrich,Qualifier l'activité avant tout pitch ciblé.,To enrich,To enrich,https://glenair.com/,,New,No immediate action,
Global Clearance Solutions AG,Allemagne,A,75.0,Acheteur potentiel,Cloud / data services,"Sous-systèmes, composites, certification pour primes terrestres.",Land defense primes integrate huge supply chains. Procurement is the buyer.,"Hi — I noticed Global Clearance Solutions AG builds Software / Platforms, Vehicles (+5) for Land defense.",http://www.gcs.ch/,https://www.linkedin.com/company/global-clearance-solutions-gcs-/,New,Contact sales team and qualify need,
GLOBAL RTS Ltd.,Bulgarie,C,45.6,À vérifier,Industrial subcontracting / machining,Qualifier l'activité avant tout pitch ciblé.,"Confirm if GLOBAL RTS Ltd. does MRO, sustainment or only spares.",Hi — I noticed GLOBAL RTS Ltd.,http://www.global-rts.bg/en,https://share.google/ocm7tZDBRzM0uXTWC,New,Keep in watchlist,
Global Towing Systems Ltd.,Hongrie,C,53.9,Acheteur potentiel,Engines / propulsion,"Vend des sous-systèmes / composants à un OEM construisant Vehicles, Logistics equipment.",Qualify the activity before pitching.,Hi — Global Towing Systems Ltd.,https://www.globaltowingsystems.com/,,New,Keep in watchlist,
GLOBAL WIRE HARNESS SAVUNMA HAVACILIK TASARIM,Turquie,D,,À vérifier,To enrich,Qualifier l'activité avant tout pitch ciblé.,To enrich,To enrich,https://www.globalwireharness.com/,,New,No immediate action,
GLOCK GMBH,Autriche,D,,À vérifier,To enrich,Qualifier l'activité avant tout pitch ciblé.,To enrich,To enrich,https://www.glock.com/,,New,No immediate action,
GMT,France,D,,À vérifier,To enrich,Qualifier l'activité avant tout pitch ciblé.,To enrich,To enrich,http://www.gmt-gmbh.de/,,New,No immediate action,
GMV,Espagne,D,,À vérifier,To enrich,Qualifier l'activité avant tout pitch ciblé.,To enrich,To enrich,,,New,No immediate action,
Goldhofer,Allemagne,B,68.0,Acheteur potentiel,Cloud / data services,"Radars, sonars, comms, armement, sustainment pour primes navals.","Naval primes buy radars, sonars, comms, weapons and sustainment in long cycles.","Hi — I noticed Goldhofer builds Software / Platforms, Engines / propulsion (+1) for Naval defense.",http://www.goldhofer.com/,,New,Review website and validate opportunity,
GOLZ SAS FRANCE,France,D,,À vérifier,To enrich,Qualifier l'activité avant tout pitch ciblé.,To enrich,To enrich,https://www.golz.fr/,,New,No immediate action,
Goodluck Defence And Aerospace,Inde,D,,À vérifier,To enrich,Qualifier l'activité avant tout pitch ciblé.,To enrich,To enrich,https://www.goodluckindia.com/,,New,No immediate action,
Goodmill Systems Oy,Finlande,D,,À vérifier,To enrich,Qualifier l'activité avant tout pitch ciblé.,To enrich,To enrich,https://goodmillsystems.com/,,New,No immediate action,
Goodyear Operations,Luxembourg,A,77.0,Acheteur potentiel,Engines / propulsion,"Radars, sonars, comms, armement, sustainment pour primes navals.","Naval primes buy radars, sonars, comms, weapons and sustainment in long cycles.","Hi — I noticed Goodyear Operations builds Vehicles, Robotics / UGV (+6) for Naval defense.",http://www.goodyear.com/,,New,Contact sales team and qualify need,
GORIZIANE GROUP SPA,Italie,B,62.0,Acheteur potentiel,Mechanical parts,"Textiles, composites, optronique, énergie pour kits soldat.","Soldier system vendors source textiles, composites, optronics and energy. Lead with NATO / military pedigree.","Hi — I noticed GORIZIANE GROUP SPA builds Logistics equipment, Software / Platforms (+3) for Soldier systems.",http://www.goriziane.it/,https://www.linkedin.com/company/goriziane,New,Review website and validate opportunity,
goSmart GmbH,Allemagne,C,56.9,Acheteur potentiel,RF / microwave components,"RF, crypto, certification interopérabilité pour radios tactiques.","Tactical comms vendors source RF, encryption modules and certifications. Talk to RF / security architect.",Hi — I noticed goSmart GmbH builds Communications networks for Communications.,https://www.go-smart.de/,,New,Keep in watchlist,
Government of Alberta,Canada,A,78.0,Acheteur potentiel,Engines / propulsion,"Composites, capteurs, comms, lancement pour primes spatiaux.","Space primes source composites, sensors, comms and launch services.","Hi — I noticed Government of Alberta builds Vehicles, Ammunition (+1) for Space / satellite.",https://www.alberta.ca/choose-alberta-canada,,New,Contact sales team and qualify need,
GOVINI,États-Unis,B,61.7,Fournisseur potentiel,Cloud / data services,"GPUs, cloud, data annotation, hardening cyber pour plateforme IA.","AI platforms consume GPUs, cloud, data annotation services and cybersecurity hardening. Talk to CTO / head of platform.","Hi — I noticed GOVINI builds Software / Platforms, Engines / propulsion for AI / data.",https://www.govini.com/,,New,Review website and validate opportunity,
GRADEL SARL,Luxembourg,A,80.0,Acheteur potentiel,Mechanical parts,"Fournisseur de batteries, moteurs, optronique, RF, composites pour fabricants UAV.","UAV builds need batteries, motors, optronics, RF links and composites. Map their bill of materials with the supply chain lead.","Hi — I noticed GRADEL SARL builds Logistics equipment, Vehicles (+6) for UAV / drones.",http://gradel.lu/,https://linkedin.com/company/gradel,New,Contact sales team and qualify need,
Granta Solutions,Lituanie,D,,À vérifier,To enrich,Qualifier l'activité avant tout pitch ciblé.,To enrich,To enrich,https://www.grantaautonomy.com/,,New,No immediate action,
GREEN AL METALURJİ VE GERİ DÖNÜŞÜM,Turquie,C,47.6,Acheteur potentiel,Mechanical parts,"Vend des sous-systèmes / composants à un OEM construisant Logistics equipment, Engines / propulsion.","GREEN AL METALURJİ VE GERİ DÖNÜŞÜM pitches end-to-end C4ISR; they need sub-systems, software components and compliance services.","Hi — GREEN AL METALURJİ VE GERİ DÖNÜŞÜM ships Logistics equipment, Engines / propulsion to Defense ministries.",https://greenmetalurji.com/,,New,Keep in watchlist,
GREEN POWER TURBINE SYSTEMS,Serbie,D,,À vérifier,To enrich,Qualifier l'activité avant tout pitch ciblé.,To enrich,To enrich,http://www.gpts.rs/,,New,No immediate action,
GREENMOT,France,A,76.0,Acheteur potentiel,Electronic components,"Front-ends RF, processeurs, mécanique de précision pour fabricants radars.","Radar / sensor lines need specialised electronics, signal processing chips and composite housings. Talk to chief engineer.","Hi — I noticed GREENMOT builds Sensors, Ammunition (+3) for Radar / sensors.",https://www.greenmot.com/,https://www.linkedin.com/company/greenmot,New,Contact sales team and qualify need,
Gremsy Joint Stock Company,Vietnam,B,67.5,Acheteur potentiel,Energy / batteries,"Radars, sonars, comms, armement, sustainment pour primes navals.","Naval primes buy radars, sonars, comms, weapons and sustainment in long cycles.","Hi — I noticed Gremsy Joint Stock Company builds UAV / drones, Vehicles (+6) for Naval defense.",https://gremsy.com/,,New,Review website and validate opportunity,
GREYSTONE SAS,France,B,60.4,Acheteur potentiel,Mechanical parts,Vend des sous-systèmes / composants à un OEM construisant Logistics equipment.,GREYSTONE SAS sells to forces — they need certified materials and ergonomic sub-systems.,Hi — GREYSTONE SAS ships Logistics equipment to defense customers.,https://plouf.fr/pages/vetements-de-quart-flottants,https://www.linkedin.com/company/45867018/admin/dashboard/,New,Review website and validate opportunity,
Grinding Technology Srl.,Italie,D,35.9,Acheteur potentiel,Cloud / data services,Vend des sous-systèmes / composants à un OEM construisant Software / Platforms.,Qualify the activity before pitching.,Hi — Grinding Technology Srl.,https://www.ffg-ea.com/,,New,No immediate action,
GripID,France,B,66.1,Acheteur potentiel,Cloud / data services,"Front-ends RF, processeurs, mécanique de précision pour fabricants radars.","Radar / sensor lines need specialised electronics, signal processing chips and composite housings. Talk to chief engineer.","Hi — I noticed GripID builds Software / Platforms, Logistics equipment (+2) for Radar / sensors.",https://www.gripid.eu/,https://www.linkedin.com/company/89258739,New,Review website and validate opportunity,
GROB-WERKE GmbH & Co. KG,Allemagne,D,16.6,À vérifier,Industrial subcontracting / machining,Qualifier l'activité avant tout pitch ciblé.,"Public sources too thin — discovery call first, focused pitch second.",Hi — I noticed GROB-WERKE GmbH & Co.,https://www.grobgroup.com/,https://www.linkedin.com/company/grob-werke-gmbh-&-co-kg/posts/?feedView=all,New,No immediate action,
Groundspace,France,B,70.5,Acheteur potentiel,Cloud / data services,"Vend des sous-systèmes / composants à un OEM construisant Software / Platforms, Satellites / Space.",Groundspace builds space hardware — they need certified components and test services.,"Hi — Groundspace ships Software / Platforms, Satellites / Space (+2) to Aerospace primes.",http://groundspace.io/,https://www.linkedin.com/company/groundspace,New,Review website and validate opportunity,
Group ACB,Belgique,D,34.4,Acheteur potentiel,Industrial subcontracting / machining,Activité à qualifier — discovery call avant pitch précis.,Public data is thin — qualify the activity before pitching supply.,"Hi — I noticed Group ACB builds Electronic components, Energy / batteries for Other.",http://www.groupacb.com/,https://www.linkedin.com/company/acb-nv-atlantec-sas,New,No immediate action,
Group STSI,France,D,,À vérifier,To enrich,Qualifier l'activité avant tout pitch ciblé.,To enrich,To enrich,https://www.group-stsi.com/,,New,No immediate action,
GROUPE 6NAPSE,France,B,74.0,Acheteur potentiel,Mechanical parts,"Fournisseur de batteries, moteurs, optronique, RF, composites pour fabricants UAV.","UAV builds need batteries, motors, optronics, RF links and composites. Map their bill of materials with the supply chain lead.","Hi — I noticed GROUPE 6NAPSE builds Logistics equipment, Energy / batteries (+4) for UAV / drones.",http://6-napse.com/,https://www.linkedin.com/company/groupe-6napse/,New,Review website and validate opportunity,
GROUPE ABILIS,France,D,,À vérifier,To enrich,Qualifier l'activité avant tout pitch ciblé.,To enrich,To enrich,https://www.groupe-abilis.fr/,,New,No immediate action,
GROUPE DREYER DEFENSE,France,D,,À vérifier,To enrich,Qualifier l'activité avant tout pitch ciblé.,To enrich,To enrich,http://www.easycube.fr/,,New,No immediate action,
GROUPE DROUAULT INDUSTRIES,France,D,,À vérifier,To enrich,Qualifier l'activité avant tout pitch ciblé.,To enrich,To enrich,https://www.drouault-industries.com/,,New,No immediate action,
GROUPE ESARIS INDUSTRIES,France,D,,À vérifier,To enrich,Qualifier l'activité avant tout pitch ciblé.,To enrich,To enrich,http://www.esaris.fr/,https://www.linkedin.com/company/esaris-industries/,New,No immediate action,
GROUPE GAMI,France,C,58.5,Acheteur potentiel,"Raw materials (steel, aluminium)","Outils CAD, simulation, certification pour bureau d'études.","Engineering shops buy CAD licences, simulation tools and certification services.","Hi — I noticed GROUPE GAMI builds Mechanical parts, Engines / propulsion for Engineering services.",http://www.groupe-gami.com/,https://www.linkedin.com/company/groupegami,New,Keep in watchlist,
Groupe GODET,France,D,,À vérifier,To enrich,Qualifier l'activité avant tout pitch ciblé.,To enrich,To enrich,https://www.groupe-godet.fr/,,New,No immediate action,
GROUPE GONZALES,France,C,50.5,Fournisseur potentiel,Electronic components,"Matières premières, outils coupants, services qualité pour sous-traitants.","Sub-contractors buy raw materials, cutting tools and quality services.","Hi — I noticed GROUPE GONZALES builds Sensors, Mechanical parts for Industrial subcontracting.",http://www.gonzales.fr/,https://fr.linkedin.com/company/groupegonzales,New,Keep in watchlist,
GROUPE INGENITIS LEVIGNE MSJ Industrie,France,B,62.5,Acheteur potentiel,Energy / batteries,"Fournisseur de batteries, moteurs, optronique, RF, composites pour fabricants UAV.","UAV builds need batteries, motors, optronics, RF links and composites. Map their bill of materials with the supply chain lead.","Hi — I noticed GROUPE INGENITIS LEVIGNE MSJ Industrie builds UAV / drones, Robotics / UGV (+2) for UAV / drones.",http://www.ets-levigne.com/,https://www.linkedin.com/company/groupe-msj-industrie-levigne-m%C3%A9canome-cmf-zalau/posts/?feedView=all,New,Review website and validate opportunity,
GROUPE PG,France,D,,À vérifier,To enrich,Qualifier l'activité avant tout pitch ciblé.,To enrich,To enrich,https://www.groupe-pg.fr/,,New,No immediate action,
GROUPE PIROUX,France,C,55.5,Fournisseur potentiel,Mechanical parts,"Outils CAD, simulation, certification pour bureau d'études.","Engineering shops buy CAD licences, simulation tools and certification services.","Hi — I noticed GROUPE PIROUX builds Logistics equipment, Robotics / UGV (+1) for Engineering services.",http://www.piroux.com/,https://www.linkedin.com/company/groupe-piroux,New,Keep in watchlist,
GROUPE POMMIER,France,D,,À vérifier,To enrich,Qualifier l'activité avant tout pitch ciblé.,To enrich,To enrich,http://pommier.eu/,https://www.linkedin.com/company/pommier/about,New,No immediate action,
GROUPE SAVOY,France,D,,À vérifier,To enrich,Qualifier l'activité avant tout pitch ciblé.,To enrich,To enrich,https://www.groupe-savoy.fr/,,New,No immediate action,
GROUPE SSI,France,D,,À vérifier,To enrich,Qualifier l'activité avant tout pitch ciblé.,To enrich,To enrich,http://www.groupe-ssi.com/,,New,No immediate action,
GROUPEMECA,Belgique,D,,À vérifier,To enrich,Qualifier l'activité avant tout pitch ciblé.,To enrich,To enrich,https://groupemeca.com/,,New,No immediate action,
GROUPEMENT D'INTÉRÊT ÉCONOMIQUE DEFENSE NBC,France,D,,À vérifier,To enrich,Qualifier l'activité avant tout pitch ciblé.,To enrich,To enrich,http://www.defensenbc.fr/,,New,No immediate action,
"GS Engineering, Inc.",États-Unis,B,70.0,Acheteur potentiel,Engines / propulsion,"Front-ends RF, processeurs, mécanique de précision pour fabricants radars.","Radar / sensor lines need specialised electronics, signal processing chips and composite housings. Talk to chief engineer.","Hi — I noticed GS Engineering, Inc.",https://www.gsengineering.com/,,New,Review website and validate opportunity,
GSCI Advanced Photonics,Canada,D,,À vérifier,To enrich,Qualifier l'activité avant tout pitch ciblé.,To enrich,To enrich,http://www.gsci.net/,,New,No immediate action,
G-SHOCK,France,D,,À vérifier,To enrich,Qualifier l'activité avant tout pitch ciblé.,To enrich,To enrich,https://gshock.casio.com/,,New,No immediate action,
GSMK CRYPTOPHONE,Allemagne,D,,À vérifier,To enrich,Qualifier l'activité avant tout pitch ciblé.,To enrich,To enrich,https://www.gsmk.de/,,New,No immediate action,
GTD DEFENSE & SECURITY SOLUTIONS SLU,Espagne,A,75.5,Acheteur potentiel,Engines / propulsion,"Capteurs, payloads optroniques, communications pour plateformes ISR.","ISR platforms aggregate sensors, comms and AI. Map GTD DEFENSE & SECURITY SOLUTIONS SLU's integration partners.","Hi — I noticed GTD DEFENSE & SECURITY SOLUTIONS SLU builds Vehicles, UAV / drones (+8) for Intelligence / ISR.",https://www.gtd.eu/defense-security,,New,Contact sales team and qualify need,
Guardform s.r.o.,République tchèque,D,16.6,À vérifier,Industrial subcontracting / machining,Qualifier l'activité avant tout pitch ciblé.,"Public sources too thin — discovery call first, focused pitch second.",Hi — I noticed Guardform s.r.o.,http://www.guardform.eu/,,New,No immediate action,
Guardiaris,Slovénie,A,77.0,Acheteur potentiel,Engines / propulsion,"Radars, missiles, comms, électroniques pour systèmes anti-aériens.","Air defense systems buy radars, missile components, comms and electronics.","Hi — I noticed Guardiaris builds Vehicles, Software / Platforms (+9) for Air defense.",http://www.guardiaris.com/,https://si.linkedin.com/company/guardiaris,New,Contact sales team and qualify need,
GUEDO SAS,France,D,,À vérifier,To enrich,Qualifier l'activité avant tout pitch ciblé.,To enrich,To enrich,http://www.guedo.fr/en/precision-engineering/,,New,No immediate action,
GUMARNY ZUBRI,République tchèque,D,,À vérifier,To enrich,Qualifier l'activité avant tout pitch ciblé.,To enrich,To enrich,https://www.guzu.cz/,,New,No immediate action,
GUMI CITY,Corée du Sud,D,16.6,À vérifier,Industrial subcontracting / machining,Qualifier l'activité avant tout pitch ciblé.,"Public sources too thin — discovery call first, focused pitch second.",Hi — I noticed GUMI CITY at Eurosatory.,http://www.gumi.go.kr/,,New,No immediate action,
GuS Glass + Safety GmbH & Co. KG,Allemagne,D,,À vérifier,To enrich,Qualifier l'activité avant tout pitch ciblé.,To enrich,To enrich,http://www.gus-germany.com/,,New,No immediate action,
GuS Periscopes Ltd,Royaume-Uni,A,79.0,Acheteur potentiel,Engines / propulsion,"Verre spécial, détecteurs, mécanique de précision pour optronique.","Optronics suppliers buy specialty glass, detectors and precision mechanics. Talk to procurement and engineering.","Hi — I noticed GuS Periscopes Ltd builds Vehicles, Logistics equipment (+4) for Optics / optronics.",http://www.gus-periscopes.com/,https://www.linkedin.com/company/102276696,New,Contact sales team and qualify need,
H.P. Marketing & Consulting Wüst GmbH,Allemagne,B,69.5,Acheteur potentiel,Energy / batteries,"Fournisseur de RF, radars, optronique et embarqués pour stacks anti-drone.","Their counter-UAV stack relies on RF, radar, optronics and embedded systems — exactly what we supply. Talk to procurement / chief engineer.","Hi — I noticed H.P. Marketing & Consulting Wüst GmbH builds UAV / drones, Logistics equipment (+3) for Counter-UAV.",https://hp-jammer.de/,,New,Review website and validate opportunity,
H3D,États-Unis,B,73.5,Acheteur potentiel,Engines / propulsion,"Fournisseur de batteries, moteurs, optronique, RF, composites pour fabricants UAV.","UAV builds need batteries, motors, optronics, RF links and composites. Map their bill of materials with the supply chain lead.","Hi — I noticed H3D builds Vehicles, Logistics equipment (+4) for UAV / drones.",http://www.h3dgamma.com/,https://www.linkedin.com/company/h3d-inc-,New,Review website and validate opportunity,
HABIA,Allemagne,D,,À vérifier,To enrich,Qualifier l'activité avant tout pitch ciblé.,To enrich,To enrich,https://www.habia.com/,,New,No immediate action,
HAERAUX TECHNOLOGIES,France,D,,À vérifier,To enrich,Qualifier l'activité avant tout pitch ciblé.,To enrich,To enrich,https://haeraux.fr/,,New,No immediate action,
Haivision,Canada,D,,À vérifier,To enrich,Qualifier l'activité avant tout pitch ciblé.,To enrich,To enrich,https://www.haivision.com/,,New,No immediate action,
HAIX,Allemagne,C,53.2,Acheteur potentiel,Cloud / data services,"Vend des sous-systèmes / composants à un OEM construisant Software / Platforms, Logistics equipment.",Qualify the activity before pitching.,"Hi — HAIX ships Software / Platforms, Logistics equipment to defense customers.",http://www.haix.com/,https://de.linkedin.com/company/haixgroup,New,Keep in watchlist,
Halfar System GmbH,Allemagne,C,44.1,Acheteur potentiel,Industrial subcontracting / machining,Vend des sous-systèmes / composants à un OEM construisant leur build line.,Halfar System GmbH sells naval kit — long sales cycle. Programme office is the buyer.,Hi — Halfar System GmbH ships — to defense customers.,http://www.halfar.com/,https://www.linkedin.com/company/halfar-system-gmbh/,New,Keep in watchlist,
HAMMER WINCH,Turquie,D,,À vérifier,To enrich,Qualifier l'activité avant tout pitch ciblé.,To enrich,To enrich,https://www.hammerwinch.com/,,New,No immediate action,
"HAMPIAUX SAS ""LE LORRAIN",France,B,61.1,Acheteur potentiel,RF / microwave components,"Pièces de rechange, calibration, certification pour acteurs MRO.","MRO providers source spare parts, calibration tools and certification services. Procurement is the buyer.","Hi — I noticed HAMPIAUX SAS ""LE LORRAIN builds Communications networks, Vehicles for Logistics / MRO.",http://lelorrain.fr/,https://www.linkedin.com/company/le-lorrain-hampiaux-sas,New,Review website and validate opportunity,
Hanwha,Corée du Sud,D,,À vérifier,To enrich,Qualifier l'activité avant tout pitch ciblé.,To enrich,To enrich,https://www.hanwhaaerospace.co.kr/kor/index.do,,New,No immediate action,
Hanza,Finlande,D,,À vérifier,To enrich,Qualifier l'activité avant tout pitch ciblé.,To enrich,To enrich,,,New,No immediate action,
HARMATTAN AI,France,A,78.0,Acheteur potentiel,Energy / batteries,"Capteurs, payloads optroniques, communications pour plateformes ISR.","ISR platforms aggregate sensors, comms and AI. Map HARMATTAN AI's integration partners.","Hi — I noticed HARMATTAN AI builds UAV / drones, Counter-UAV systems (+5) for Intelligence / ISR.",https://www.harmattan.ai/,https://www.linkedin.com/company/harmattan-ai/,New,Contact sales team and qualify need,
Harmonic Drive SE,Allemagne,B,73.0,Acheteur potentiel,Electronic components,"Fournisseur de batteries, moteurs, optronique, RF, composites pour fabricants UAV.","UAV builds need batteries, motors, optronics, RF links and composites. Map their bill of materials with the supply chain lead.","Hi — I noticed Harmonic Drive SE builds Sensors, Engines / propulsion (+4) for UAV / drones.",http://www.harmonicdrive.de/,https://www.linkedin.com/company/harmonic-drive-se/posts/?feedView=all,New,Review website and validate opportunity,
HATZ,France,B,70.0,Acheteur potentiel,Mechanical parts,"Front-ends RF, processeurs, mécanique de précision pour fabricants radars.","Radar / sensor lines need specialised electronics, signal processing chips and composite housings. Talk to chief engineer.","Hi — I noticed HATZ builds Engines / propulsion, Communications networks (+3) for Radar / sensors.",https://www.hatz.com/fr-france/,https://www.linkedin.com/company/hatz-diesel-france/,New,Review website and validate opportunity,
HAVELSAN,Turquie,A,82.0,Acheteur potentiel,Energy / batteries,"Radars, sonars, comms, armement, sustainment pour primes navals.","Naval primes buy radars, sonars, comms, weapons and sustainment in long cycles.","Hi — I noticed HAVELSAN builds UAV / drones, Software / Platforms (+10) for Naval defense.",http://www.havelsan.com/,https://tr.linkedin.com/company/havelsan,New,Contact sales team and qualify need,
HawAI.tech,France,D,,À vérifier,To enrich,Qualifier l'activité avant tout pitch ciblé.,To enrich,To enrich,https://hawaitech.com/,,New,No immediate action,
HDS,Grèce,B,64.5,Acheteur potentiel,Mechanical parts,"Vend des sous-systèmes / composants à un OEM construisant Logistics equipment, Vehicles.",HDS is a regulated buyer — lead with ITAR/AQAP/EN9100 credentials.,"Hi — HDS ships Logistics equipment, Vehicles (+2) to defense customers.",https://www.eas.gr/,https://www.linkedin.com/company/hellenic-defence-systems-s.a./,New,Review website and validate opportunity,
HEADMIND PARTNERS,France,D,19.6,Distributeur potentiel,Industrial subcontracting / machining,Canal de distribution / représentation pour notre portefeuille.,Qualify the activity before pitching distribution.,Hi — we're scouting an exclusive distributor for your region.,http://www.headmind.com/,https://www.linkedin.com/company/headmind-partners,New,No immediate action,
HEBCO INDUSTRIE,France,D,,À vérifier,To enrich,Qualifier l'activité avant tout pitch ciblé.,To enrich,To enrich,http://hebcoindustrie.com/,,New,No immediate action,
Heckler & Koch GmbH,Allemagne,D,,À vérifier,To enrich,Qualifier l'activité avant tout pitch ciblé.,To enrich,To enrich,http://www.heckler-koch.com/,,New,No immediate action,
HEINZMANN,Allemagne,B,70.5,Acheteur potentiel,Engines / propulsion,"Radars, sonars, comms, armement, sustainment pour primes navals.","Naval primes buy radars, sonars, comms, weapons and sustainment in long cycles.","Hi — I noticed HEINZMANN builds Vehicles, Sensors (+6) for Naval defense.",https://www.heinzmann.com/,https://www.linkedin.com/company/heinzmann-gmbh-cokg/,New,Review website and validate opportunity,
HeiQ,Suisse,B,61.0,Acheteur potentiel,Cloud / data services,"Vend des sous-systèmes / composants à un OEM construisant Software / Platforms, Communications networks.",HeiQ resells defense kit — they need new vendors with export-friendly licences.,"Hi — HeiQ ships Software / Platforms, Communications networks (+1) to defense customers.",http://www.heiq.com/,https://www.linkedin.com/company/heiq/,New,Review website and validate opportunity,
HELLAS SAT,Grèce,A,75.0,Distributeur potentiel,Composite materials,Canal de distribution / représentation pour notre portefeuille.,Space products rarely use distributors — confirm before pitching.,Hi — we're scouting an exclusive distributor for Europe (+3).,https://www.hellas-sat.net/,,New,Contact sales team and qualify need,
HELLAS SAT CONSORTIUM LTD,Cyprus,A,75.0,Distributeur potentiel,Composite materials,Canal de distribution / représentation pour notre portefeuille.,Space products rarely use distributors — confirm before pitching.,Hi — we're scouting an exclusive distributor for Europe (+3).,https://www.hellas-sat.net/,,New,Contact sales team and qualify need,
Hellwig & Lünenschloss,Allemagne,D,37.4,Acheteur potentiel,Mechanical parts,"Vend des sous-systèmes / composants à un OEM construisant Logistics equipment, Vehicles.",Qualify the activity before pitching.,"Hi — Hellwig & Lünenschloss ships Logistics equipment, Vehicles to defense customers.",http://www.hul-gmbh.de/,https://www.linkedin.com/company/37096701/,New,No immediate action,
HELSING,France,D,,À vérifier,To enrich,Qualifier l'activité avant tout pitch ciblé.,To enrich,To enrich,https://helsing.ai/,,New,No immediate action,
Hemco d.o.o.,Croatie,C,56.5,Acheteur potentiel,Mechanical parts,"Textiles, composites, optronique, énergie pour kits soldat.","Soldier system vendors source textiles, composites, optronics and energy. Lead with NATO / military pedigree.",Hi — I noticed Hemco d.o.o.,https://www.hemco.hr/,,New,Keep in watchlist,
HEMERIA,France,D,,À vérifier,To enrich,Qualifier l'activité avant tout pitch ciblé.,To enrich,To enrich,http://www.hemeria-group.com/,https://www.facebook.com/hemeriaofficiel/,New,No immediate action,
Hensoldt AG,Allemagne,A,82.0,Acheteur potentiel,Engines / propulsion,"Capteurs, payloads optroniques, communications pour plateformes ISR.","ISR platforms aggregate sensors, comms and AI. Map Hensoldt AG's integration partners.","Hi — I noticed Hensoldt AG builds Vehicles, UAV / drones (+19) for Intelligence / ISR.",http://www.hensoldt.net/,https://www.linkedin.com/company/hensoldt/,New,Contact sales team and qualify need,
Hero Gears A/S,Danemark,A,76.0,Acheteur potentiel,"Raw materials (steel, aluminium)","Radars, sonars, comms, armement, sustainment pour primes navals.","Naval primes buy radars, sonars, comms, weapons and sustainment in long cycles.","Hi — I noticed Hero Gears A/S builds Mechanical parts, Engines / propulsion (+6) for Naval defense.",http://www.herogears.com/,https://www.linkedin.com/company/hero-gears-a-s,New,Contact sales team and qualify need,
HERTZ NEW TECHNOLOGIES SP. Z O.O.,Pologne,A,77.0,Acheteur potentiel,Energy / batteries,"Amplis RF, processeurs signal, embarqué, antennes pour EW.","EW systems source RF amplifiers, signal-processing chips, embedded computing and antennas. Talk to RF system lead.",Hi — I noticed HERTZ NEW TECHNOLOGIES SP.,https://hertznt.eu/,,New,Contact sales team and qualify need,
Hessapp / FFG Werke GmbH,Allemagne,D,35.9,Acheteur potentiel,Cloud / data services,Vend des sous-systèmes / composants à un OEM construisant Software / Platforms.,Qualify the activity before pitching.,Hi — Hessapp / FFG Werke GmbH ships Software / Platforms to defense customers.,https://www.ffg-ea.com/,,New,No immediate action,
Heven AeroTech,États-Unis,D,16.6,À vérifier,Industrial subcontracting / machining,Qualifier l'activité avant tout pitch ciblé.,"Public sources too thin — discovery call first, focused pitch second.",Hi — I noticed Heven AeroTech at Eurosatory.,http://www.hevenaerotech.com/,https://www.linkedin.com/company/hevenaerotech/,New,No immediate action,
HEVI Optronics,Estonie,B,68.0,Acheteur potentiel,Engines / propulsion,"Capteurs, payloads optroniques, communications pour plateformes ISR.","ISR platforms aggregate sensors, comms and AI. Map HEVI Optronics's integration partners.","Hi — I noticed HEVI Optronics builds Vehicles, UAV / drones (+8) for Intelligence / ISR.",https://www.hevioptronics.com/,,New,Review website and validate opportunity,
Hewlett Packard Enterprise (HPE),France,D,18.6,À vérifier,Industrial subcontracting / machining,Qualifier l'activité avant tout pitch ciblé.,"Public sources too thin — discovery call first, focused pitch second.",Hi — I noticed Hewlett Packard Enterprise (HPE) at Eurosatory.,http://www.hpe.com/fr,https://www.linkedin.com/company/hewlett-packard-enterprise,New,No immediate action,
Hexagon | NovAtel,Canada,C,54.6,Acheteur potentiel,Electronic components,"Composites, capteurs, comms, lancement pour primes spatiaux.","Space primes source composites, sensors, comms and launch services.","Hi — I noticed Hexagon | NovAtel builds Sensors, Satellites / Space for Space / satellite.",http://novatel.com/industries/defense,https://www.linkedin.com/company/novatel,New,Keep in watchlist,
HEXCEL,France,B,74.0,Acheteur potentiel,Engines / propulsion,"Composites, capteurs, comms, lancement pour primes spatiaux.","Space primes source composites, sensors, comms and launch services.","Hi — I noticed HEXCEL builds Vehicles, Composite materials (+5) for Space / satellite.",http://www.hexcel.com/,https://www.linkedin.com/company/hexcel-corporation/,New,Review website and validate opportunity,
HGH,France,A,76.5,Acheteur potentiel,Engines / propulsion,"Amplis RF, processeurs signal, embarqué, antennes pour EW.","EW systems source RF amplifiers, signal-processing chips, embedded computing and antennas. Talk to RF system lead.","Hi — I noticed HGH builds Vehicles, UAV / drones (+9) for Electronic warfare.",http://hgh-infrared.com/,https://www.linkedin.com/showcase/wide-area-surveillance-was/posts/?feedView=all,New,Contact sales team and qualify need,
HGXR,Allemagne,D,16.6,À vérifier,Industrial subcontracting / machining,Qualifier l'activité avant tout pitch ciblé.,"Public sources too thin — discovery call first, focused pitch second.",Hi — I noticed HGXR at Eurosatory.,https://www.hgxr.com/,https://www.linkedin.com/company/18116130/,New,No immediate action,
"HIAB LIMITED, Defence Logistics",Royaume-Uni,D,,À vérifier,To enrich,Qualifier l'activité avant tout pitch ciblé.,To enrich,To enrich,http://www.hiab.com/,,New,No immediate action,
HICO GROUP GMBH,Autriche,B,66.4,Acheteur potentiel,Cloud / data services,"GPUs, cloud, data annotation, hardening cyber pour plateforme IA.","AI platforms consume GPUs, cloud, data annotation services and cybersecurity hardening. Talk to CTO / head of platform.","Hi — I noticed HICO GROUP GMBH builds Software / Platforms, Engines / propulsion (+1) for AI / data.",https://www.hico-group.com/,,New,Review website and validate opportunity,
Hidraulika Kurelja d.o.o.,Croatie,C,50.2,Acheteur potentiel,Cloud / data services,"Vend des sous-systèmes / composants à un OEM construisant Software / Platforms, Logistics equipment.",Hidraulika Kurelja d.o.o. sells SAM / AAA systems — long programmes. Programme office is the buyer.,Hi — Hidraulika Kurelja d.o.o.,https://www.hidraulika-kurelja.hr/,,New,Keep in watchlist,
HIDROFIL,Turquie,D,,À vérifier,To enrich,Qualifier l'activité avant tout pitch ciblé.,To enrich,To enrich,https://www.hidrofil.com.tr/,,New,No immediate action,
HIFI FILTER,France,C,47.6,Sous-traitant,Industrial subcontracting / machining,"Pièces de rechange, calibration, certification pour acteurs MRO.","MRO providers source spare parts, calibration tools and certification services. Procurement is the buyer.",Hi — I noticed HIFI FILTER builds — for Logistics / MRO.,http://hifi-filter.com/fr/,https://www.linkedin.com/company/hififilter/,New,Keep in watchlist,
HIGH TECH CERAM,France,B,69.0,Acheteur potentiel,RF / microwave components,"Front-ends RF, processeurs, mécanique de précision pour fabricants radars.","Radar / sensor lines need specialised electronics, signal processing chips and composite housings. Talk to chief engineer.","Hi — I noticed HIGH TECH CERAM builds Communications networks, Composite materials (+3) for Radar / sensors.",http://www.rubis-precis.com/,https://www.linkedin.com/company/group-rubis-precis/,New,Review website and validate opportunity,
HIOLLE TECHNOLOGIES,France,D,,À vérifier,To enrich,Qualifier l'activité avant tout pitch ciblé.,To enrich,To enrich,https://www.hiolle-technologies.fr/,https://www.linkedin.com/company/hiolle-technologies/,New,No immediate action,
HI-REL SOLUTIONS BY STELIAU TECHNOLOGY,Italie,B,73.0,Fournisseur potentiel,Industrial subcontracting / machining,"Composites, capteurs, comms, lancement pour primes spatiaux.","Space primes source composites, sensors, comms and launch services.","Hi — I noticed HI-REL SOLUTIONS BY STELIAU TECHNOLOGY builds Electronic components, Logistics equipment (+2) for Space / satellite.",http://steliau-hirel.com/,https://www.linkedin.com/company/hi-rel-solutions-by-steliau-technology,New,Review website and validate opportunity,
HIRTENBERGER DEFENCE EUROPE GMBH,Autriche,D,,À vérifier,To enrich,Qualifier l'activité avant tout pitch ciblé.,To enrich,To enrich,https://hds.hirtenberger.com/,,New,No immediate action,
HITEC Luxembourg S.A.,Luxembourg,A,79.5,Acheteur potentiel,Engines / propulsion,"RF, crypto, certification interopérabilité pour radios tactiques.","Tactical comms vendors source RF, encryption modules and certifications. Talk to RF / security architect.",Hi — I noticed HITEC Luxembourg S.A.,http://www.hitec.lu/,https://www.linkedin.com/company/hitec-luxembourg,New,Contact sales team and qualify need,
HMK BILCON A/S,Danemark,D,,À vérifier,To enrich,Qualifier l'activité avant tout pitch ciblé.,To enrich,To enrich,https://www.hmkbilcon.com/,,New,No immediate action,
HOFFMANN Group,France,A,77.5,Acheteur potentiel,Electronic components,"Front-ends RF, processeurs, mécanique de précision pour fabricants radars.","Radar / sensor lines need specialised electronics, signal processing chips and composite housings. Talk to chief engineer.","Hi — I noticed HOFFMANN Group builds Robotics / UGV, Energy / batteries (+3) for Radar / sensors.",http://www.hoffmann-group.com/FR/fr/hof/,https://www.linkedin.com/company/hoffmann-group-france,New,Contact sales team and qualify need,
Holík International s.r.o.,République tchèque,D,,À vérifier,To enrich,Qualifier l'activité avant tout pitch ciblé.,To enrich,To enrich,http://www.holik-international.com/,,New,No immediate action,
Hologarde,France,B,63.5,Acheteur potentiel,Energy / batteries,"Front-ends RF, processeurs, mécanique de précision pour fabricants radars.","Radar / sensor lines need specialised electronics, signal processing chips and composite housings. Talk to chief engineer.","Hi — I noticed Hologarde builds UAV / drones, Counter-UAV systems (+2) for Radar / sensors.",http://hologarde.com/,https://www.linkedin.com/company/hologarde/,New,Review website and validate opportunity,
Honeywell,France,D,,À vérifier,To enrich,Qualifier l'activité avant tout pitch ciblé.,To enrich,To enrich,http://automation.honeywell.com/gb/en/industries/aerospace,https://www.linkedin.com/showcase/honeywell-ia,New,No immediate action,
HORNET,France,D,,À vérifier,To enrich,Qualifier l'activité avant tout pitch ciblé.,To enrich,To enrich,https://www.arquus-defense.com/fr,,New,No immediate action,
HORSTMAN GROUP,Royaume-Uni,D,,À vérifier,To enrich,Qualifier l'activité avant tout pitch ciblé.,To enrich,To enrich,http://www.horstman.co.uk/,,New,No immediate action,
HOUTRIS,Cyprus,B,71.5,Acheteur potentiel,Engines / propulsion,"Vend des sous-systèmes / composants à un OEM construisant Vehicles, Communications networks.",HOUTRIS buys for next-gen platforms — engineering and supply chain are the buyers.,"Hi — HOUTRIS ships Vehicles, Communications networks (+1) to Civil security / fire, Defense ministries (+3).",https://www.houtris.com/,,New,Review website and validate opportunity,
HOWA TRAMICO,France,D,,À vérifier,To enrich,Qualifier l'activité avant tout pitch ciblé.,To enrich,To enrich,https://www.howa-tramico.fr/,,New,No immediate action,
HP INC.,États-Unis,A,77.0,Acheteur potentiel,Engines / propulsion,"Threat intel, hardware appliances, cloud souverain, audits.","Cyber-defense vendors source threat intel feeds, hardware appliances, cloud and certification services. Procurement / CISO are entry points.",Hi — I noticed HP INC.,http://www.hp.com/,,New,Contact sales team and qualify need,
HP MEDIZINTECHNIK GMBH,Allemagne,B,61.5,Acheteur potentiel,Electronic components,"Moteurs, composites, plaques balistiques, optronique, comms pour OEM blindés.","Armored vehicle OEMs buy engines, composites, ballistic plates, optronics, comms and specialised mechanics in volume.","Hi — I noticed HP MEDIZINTECHNIK GMBH builds Sensors, Logistics equipment (+2) for Armored vehicles.",http://www.hp-med.com/,https://www.linkedin.com/company/hp-med,New,Review website and validate opportunity,
HPI HIGH PRESSURE INSTRUMENTATION,Autriche,D,,À vérifier,To enrich,Qualifier l'activité avant tout pitch ciblé.,To enrich,To enrich,http://www.hpi-gmbh.com/,,New,No immediate action,
HPRC | Plaber S.r.l.,Italie,B,71.0,Acheteur potentiel,Mechanical parts,Sub-system / payload pour OEM drones tactiques.,UAV programs are scaling — HPRC | Plaber S.r.l. is buying. Position [your sub-system] as a qualified alternative on their next platform.,Hi — HPRC | Plaber S.r.l.,http://www.hprc.it/,https://www.linkedin.com/company/hprccases,New,Review website and validate opportunity,
HPS SAPEM,France,D,,À vérifier,To enrich,Qualifier l'activité avant tout pitch ciblé.,To enrich,To enrich,http://www.sapem-sa.com/,https://www.linkedin.com/company/sapem-sa/,New,No immediate action,
HS PRODUKT d.o.o.,Croatie,D,,À vérifier,To enrich,Qualifier l'activité avant tout pitch ciblé.,To enrich,To enrich,https://www.hs-produkt.hr/,,New,No immediate action,
HT DIVISION ZRT,Hongrie,D,,À vérifier,To enrich,Qualifier l'activité avant tout pitch ciblé.,To enrich,To enrich,https://www.htdivision.com/,,New,No immediate action,
HT-NOVA LIMITED COMPANY,Chine,B,67.0,Acheteur potentiel,Engines / propulsion,"Capteurs, payloads optroniques, communications pour plateformes ISR.","ISR platforms aggregate sensors, comms and AI. Map HT-NOVA LIMITED COMPANY's integration partners.","Hi — I noticed HT-NOVA LIMITED COMPANY builds Vehicles, UAV / drones (+4) for Intelligence / ISR.",http://www.htnova.com/,,New,Review website and validate opportunity,
HTS TENTIQ,Allemagne,A,76.5,Acheteur potentiel,Engines / propulsion,"Pièces de rechange, calibration, certification pour acteurs MRO.","MRO providers source spare parts, calibration tools and certification services. Procurement is the buyer.","Hi — I noticed HTS TENTIQ builds Vehicles, Robotics / UGV for Logistics / MRO.",http://www.hts-tentiq.com/,https://www.linkedin.com/company/hts-tentiq/?originalSubdomain=de,New,Contact sales team and qualify need,
https://www.linkedin.com/company/weinberg-capital-,France,C,44.1,Acheteur potentiel,Engines / propulsion,"Vend des sous-systèmes / composants à un OEM construisant Vehicles, Communications networks.",Qualify the activity before pitching.,"Hi — https://www.linkedin.com/company/weinberg-capital- ships Vehicles, Communications networks to defense customers.",http://www.weinbergcapital.com/,https://www.linkedin.com/company/weinberg-capital-partners/?viewAsMember=true,New,Keep in watchlist,
"HUBER+SUHNER, Inc.",États-Unis,D,,À vérifier,To enrich,Qualifier l'activité avant tout pitch ciblé.,To enrich,To enrich,https://www.hubersuhner.com/,,New,No immediate action,
HÜBNER GMBH & CO. KG,Allemagne,A,80.0,Acheteur potentiel,Cloud / data services,"Composants, sous-systèmes, software, services pour primes C4ISR.",C4ISR primes integrate hundreds of components — the sourcing surface is huge. Procurement / supply chain is the entry point.,Hi — I noticed HÜBNER GMBH & CO.,http://www.hubner-group.com/,https://www.linkedin.com/company/hubner-group/,New,Contact sales team and qualify need,
HUIZHOU WES NEW ENERGY LIMITED COMPANY,Chine,C,59.0,Acheteur potentiel,Energy / batteries,Sub-system / payload pour OEM drones tactiques.,UAV programs are scaling — HUIZHOU WES NEW ENERGY LIMITED COMPANY is buying. Position [your sub-system] as a qualified alternative on their next platform.,"Hi — HUIZHOU WES NEW ENERGY LIMITED COMPANY ships UAV / drones, Software / Platforms (+3) to defense customers.",http://www.wesbattery.com/,https://www.linkedin.com/in/qu-yuan-04050356/,New,Keep in watchlist,
Huless,Royaume-Uni,D,19.6,À vérifier,Industrial subcontracting / machining,Qualifier l'activité avant tout pitch ciblé.,"Public sources too thin — discovery call first, focused pitch second.",Hi — I noticed Huless at Eurosatory.,https://huless.com/,https://www.linkedin.com/company/huless/,New,No immediate action,
"HUNAN KINGCERA ENGINEERING CO.,LTD",Chine,B,61.4,Distributeur potentiel,Composite materials,Canal de distribution / représentation pour notre portefeuille.,Body-armour exports are dual-use controlled — confirm before pitching distribution.,Hi — we're scouting an exclusive distributor for your region.,http://www.kingcera.com/,,New,Review website and validate opportunity,
HURON GRAFFENSTADEN,France,B,67.8,Acheteur potentiel,Mechanical parts,"GPUs, cloud, data annotation, hardening cyber pour plateforme IA.","AI platforms consume GPUs, cloud, data annotation services and cybersecurity hardening. Talk to CTO / head of platform.","Hi — I noticed HURON GRAFFENSTADEN builds Logistics equipment, Mechanical parts (+1) for AI / data.",http://www.huron.fr/,https://www.linkedin.com/in/hurongraffenstaden/,New,Review website and validate opportunity,
Hutchinson Industries,France,D,,À vérifier,To enrich,Qualifier l'activité avant tout pitch ciblé.,To enrich,To enrich,http://www.hutchinson.com/,,New,No immediate action,
Hydrema Danmark,Danemark,D,,À vérifier,To enrich,Qualifier l'activité avant tout pitch ciblé.,To enrich,To enrich,,,New,No immediate action,
Hydrema Export,Danemark,D,,À vérifier,To enrich,Qualifier l'activité avant tout pitch ciblé.,To enrich,To enrich,https://hydrema-defence.com/,,New,No immediate action,
HYDRO LEDUC SAS,France,B,69.5,Acheteur potentiel,Energy / batteries,"Fournisseur de batteries, moteurs, optronique, RF, composites pour fabricants UAV.","UAV builds need batteries, motors, optronics, RF links and composites. Map their bill of materials with the supply chain lead.","Hi — I noticed HYDRO LEDUC SAS builds UAV / drones, Logistics equipment (+3) for UAV / drones.",http://hydroleduc.com/,https://www.linkedin.com/company/hydro-leduc/,New,Review website and validate opportunity,
Hyperbunker d.o.o.,Croatie,D,15.6,À vérifier,Industrial subcontracting / machining,Qualifier l'activité avant tout pitch ciblé.,"Public sources too thin — discovery call first, focused pitch second.",Hi — I noticed Hyperbunker d.o.o.,https://www.hyperbunker.com/,,New,No immediate action,
HYPSUS MÜHENDISLIK VE SÜSPANSIYON SISTEMLERI ANONIM SIRKETI,Turquie,D,,À vérifier,To enrich,Qualifier l'activité avant tout pitch ciblé.,To enrich,To enrich,https://www.hypsus.com.tr/,,New,No immediate action,
HYUNDAI ROTEM COMPANY,Corée du Sud,C,48.8,Acheteur potentiel,Engines / propulsion,Vend des sous-systèmes / composants à un OEM construisant Vehicles.,HYUNDAI ROTEM COMPANY buys for next-gen platforms — engineering and supply chain are the buyers.,Hi — HYUNDAI ROTEM COMPANY ships Vehicles to defense customers.,http://www.hyundai-rotem.co.kr/en/main/index.do,,New,Keep in watchlist,
HYUNDAI WIA Corp.,Corée du Sud,D,,À vérifier,To enrich,Qualifier l'activité avant tout pitch ciblé.,To enrich,To enrich,,,New,No immediate action,
"i3system, inc.",Corée du Sud,D,,À vérifier,To enrich,Qualifier l'activité avant tout pitch ciblé.,To enrich,To enrich,http://www.i3system.com/,,New,No immediate action,
I-4S GROUP SAS,France,D,,À vérifier,To enrich,Qualifier l'activité avant tout pitch ciblé.,To enrich,To enrich,http://www.i-4s.eu/,,New,No immediate action,
IABG,Allemagne,A,75.5,Acheteur potentiel,Energy / batteries,"Amplis RF, processeurs signal, embarqué, antennes pour EW.","EW systems source RF amplifiers, signal-processing chips, embedded computing and antennas. Talk to RF system lead.","Hi — I noticed IABG builds UAV / drones, Optronics / Optics (+6) for Electronic warfare.",http://www.iabg.de/,,New,Contact sales team and qualify need,
IAI - ISRAEL AEROSPACE INDUSTRIES,Israël,D,,À vérifier,To enrich,Qualifier l'activité avant tout pitch ciblé.,To enrich,To enrich,http://www.iai.co.il/,,New,No immediate action,
IANUS CONSULTING LTD,Cyprus,D,5.0,À vérifier,To enrich,Qualifier l'activité avant tout pitch ciblé.,"Public sources too thin — discovery call first, focused pitch second.",Hi — I noticed IANUS CONSULTING LTD at Eurosatory.,https://ianus-consulting.com/,https://www.linkedin.com/company/ianus-consulting/?viewAsMember=true,New,No immediate action,
IANUS TECHNOLOGIES LTD,Grèce,D,5.0,À vérifier,To enrich,Qualifier l'activité avant tout pitch ciblé.,"Public sources too thin — discovery call first, focused pitch second.",Hi — I noticed IANUS TECHNOLOGIES LTD at Eurosatory.,https://ianus-consulting.com/,https://www.linkedin.com/company/ianus-consulting/?viewAsMember=true,New,No immediate action,
IAV,Allemagne,A,76.5,Acheteur potentiel,Engines / propulsion,"Fournisseur de batteries, moteurs, optronique, RF, composites pour fabricants UAV.","UAV builds need batteries, motors, optronics, RF links and composites. Map their bill of materials with the supply chain lead.","Hi — I noticed IAV builds Vehicles, Software / Platforms (+5) for UAV / drones.",http://www.iav.com/,https://www.linkedin.com/company/iav-gmbh,New,Contact sales team and qualify need,
ICARUS SWARMS,France,D,,À vérifier,To enrich,Qualifier l'activité avant tout pitch ciblé.,To enrich,To enrich,https://www.icarusswarms.ai/,,New,No immediate action,
iCOMAT,Grèce,C,52.9,Fournisseur potentiel,Cloud / data services,Activité à qualifier — discovery call avant pitch précis.,Distributors buy from primes — confirm if you'd be an upstream supplier they could carry.,"Hi — I noticed iCOMAT builds Software / Platforms, Energy / batteries (+2) for Export / distribution.",https://www.icomat.co.uk/,,New,Keep in watchlist,
ICPE ELECTRIC MOTORS,Roumanie,D,,À vérifier,To enrich,Qualifier l'activité avant tout pitch ciblé.,To enrich,To enrich,http://www.icpe-em.ro/,,New,No immediate action,
ID SYSTEM,France,D,,À vérifier,To enrich,Qualifier l'activité avant tout pitch ciblé.,To enrich,To enrich,https://idsystem.fr/,,New,No immediate action,
idD Portugal Defence,Portugal,A,77.5,Acheteur potentiel,Mechanical parts,"Amplis RF, processeurs signal, embarqué, antennes pour EW.","EW systems source RF amplifiers, signal-processing chips, embedded computing and antennas. Talk to RF system lead.","Hi — I noticed idD Portugal Defence builds Logistics equipment, Software / Platforms (+6) for Electronic warfare.",https://www.iddportugal.pt/,,New,Contact sales team and qualify need,
IDDEA,Belgique,D,,À vérifier,To enrich,Qualifier l'activité avant tout pitch ciblé.,To enrich,To enrich,https://mega-defence.com/,,New,No immediate action,
IDONIAL,Espagne,D,,À vérifier,To enrich,Qualifier l'activité avant tout pitch ciblé.,To enrich,To enrich,https://www.idonial.com/,,New,No immediate action,
IFS EXHIBITION,Turquie,C,56.3,Acheteur potentiel,Energy / batteries,Sub-system / payload pour OEM drones tactiques.,UAV programs are scaling — IFS EXHIBITION is buying. Position [your sub-system] as a qualified alternative on their next platform.,Hi — IFS EXHIBITION ships UAV / drones to defense customers.,https://www.ifsexhibition.com/,,New,Keep in watchlist,
IGMAN d.d. Konjic,Bosnia and Herzegovina,B,62.9,Acheteur potentiel,Energetic materials,"Vend des sous-systèmes / composants à un OEM construisant Ammunition, Logistics equipment.",IGMAN d.d. Konjic is a regulated buyer — lead with ITAR/AQAP/EN9100 credentials.,"Hi — IGMAN d.d. Konjic ships Ammunition, Logistics equipment (+1) to Special forces, Police / law enforcement.",http://www.igman.co.ba/,,New,Review website and validate opportunity,
IHI CORPORATION,Japon,D,,À vérifier,To enrich,Qualifier l'activité avant tout pitch ciblé.,To enrich,To enrich,https://www.ihi.co.jp/en/,,New,No immediate action,
ILS - Institut de Recherches de Saint-Louis,France,A,78.0,Acheteur potentiel,Electronic components,"Radars, sonars, comms, armement, sustainment pour primes navals.","Naval primes buy radars, sonars, comms, weapons and sustainment in long cycles.","Hi — I noticed ILS - Institut de Recherches de Saint-Louis builds Sensors, Electronic components (+13) for Naval defense.",https://www.isl.eu/,,New,Contact sales team and qualify need,
iMAR Navigation GmbH,Allemagne,A,78.5,Acheteur potentiel,Electronic components,"Radars, sonars, comms, armement, sustainment pour primes navals.","Naval primes buy radars, sonars, comms, weapons and sustainment in long cycles.","Hi — I noticed iMAR Navigation GmbH builds Sensors, Vehicles (+13) for Naval defense.",http://www.imar-navigation.de/,https://www.linkedin.com/company/2657041,New,Contact sales team and qualify need,
IMCO INDUSTRIES ltd,Israël,A,78.5,Acheteur potentiel,Engines / propulsion,"Radars, sonars, comms, armement, sustainment pour primes navals.","Naval primes buy radars, sonars, comms, weapons and sustainment in long cycles.","Hi — I noticed IMCO INDUSTRIES ltd builds Vehicles, Sensors (+9) for Naval defense.",http://www.imco-ind.com/,https://www.linkedin.com/company/imco-industried-ltd./,New,Contact sales team and qualify need,
IMEAR S.R.L.,Italie,D,,À vérifier,To enrich,Qualifier l'activité avant tout pitch ciblé.,To enrich,To enrich,http://www.cobogroup.net/,,New,No immediate action,
IMMI,États-Unis,C,52.8,Acheteur potentiel,Engines / propulsion,Vend des sous-systèmes / composants à un OEM construisant Vehicles.,IMMI performs MRO — they need parts and engineering support. Direct procurement angle.,Hi — IMMI ships Vehicles to defense customers.,https://www.imminet.com/,,New,Keep in watchlist,
IMPACT,France,D,,À vérifier,To enrich,Qualifier l'activité avant tout pitch ciblé.,To enrich,To enrich,https://sas-impact.fr/,,New,No immediate action,
Impact Innovations,Allemagne,A,78.0,Acheteur potentiel,Mechanical parts,"Composites, capteurs, comms, lancement pour primes spatiaux.","Space primes source composites, sensors, comms and launch services.","Hi — I noticed Impact Innovations builds Logistics equipment, Vehicles (+6) for Space / satellite.",https://www.impact-innovations.com/,https://www.linkedin.com/company/impact-innovations-gmbh/,New,Contact sales team and qualify need,
IMS France,France,C,53.5,Acheteur potentiel,Mechanical parts,"Capteurs, payloads optroniques, communications pour plateformes ISR.","ISR platforms aggregate sensors, comms and AI. Map IMS France's integration partners.","Hi — I noticed IMS France builds Logistics equipment, Mechanical parts for Intelligence / ISR.",http://www.imsfrance.com/,https://www.linkedin.com/showcase/ims-france/,New,Keep in watchlist,
"IMSAR, LLC",États-Unis,A,80.5,Acheteur potentiel,Energy / batteries,"Capteurs, payloads optroniques, communications pour plateformes ISR.","ISR platforms aggregate sensors, comms and AI. Map IMSAR, LLC's integration partners.","Hi — I noticed IMSAR, LLC builds UAV / drones, Sensors (+6) for Intelligence / ISR.",https://www.imsar.com/,,New,Contact sales team and qualify need,
Independent Forgings and Alloys Ltd,Royaume-Uni,D,,À vérifier,To enrich,Qualifier l'activité avant tout pitch ciblé.,To enrich,To enrich,,,New,No immediate action,
INDEX France Sarl,France,B,65.5,Acheteur potentiel,Electronic components,"Visuel, motion, haptique, IA pour fabricants de simulateurs.",Simulator builders source visual / motion / haptics hardware and AI components. Engineering is the buyer.,"Hi — I noticed INDEX France Sarl builds Robotics / UGV, Mechanical parts (+2) for Simulation / training.",https://www.index-group.com/fr,www.linkedin.com/company/index-france-sarl,New,Review website and validate opportunity,
India Optel Limited,Inde,D,,À vérifier,To enrich,Qualifier l'activité avant tout pitch ciblé.,To enrich,To enrich,https://www.indiaoptel.in/,,New,No immediate action,
INDO DEFENCE 2027 EXPO & FORUM,Indonésie,A,78.5,Acheteur potentiel,Mechanical parts,"Amplis RF, processeurs signal, embarqué, antennes pour EW.","EW systems source RF amplifiers, signal-processing chips, embedded computing and antennas. Talk to RF system lead.","Hi — I noticed INDO DEFENCE 2027 EXPO & FORUM builds Logistics equipment, Vehicles (+10) for Electronic warfare.",https://indodefence.com/,https://www.linkedin.com/showcase/indo-defence/,New,Contact sales team and qualify need,
Indra Group,Espagne,D,17.6,À vérifier,Industrial subcontracting / machining,Qualifier l'activité avant tout pitch ciblé.,"Public sources too thin — discovery call first, focused pitch second.",Hi — I noticed Indra Group at Eurosatory.,http://wwww.indracompany.com/,https://www.linkedin.com/company/indra/posts/?feedView=all,New,No immediate action,
INDUSTEEL FRANCE,France,D,,À vérifier,To enrich,Qualifier l'activité avant tout pitch ciblé.,To enrich,To enrich,http://industeel.arcelormittal.com/,,New,No immediate action,
Industria de Material Bélico do Brasil - IMBEL,Brésil,D,,À vérifier,To enrich,Qualifier l'activité avant tout pitch ciblé.,To enrich,To enrich,http://www.imbel.gov.br/,,New,No immediate action,
INDUSTRIAL OLMAR,Espagne,D,,À vérifier,To enrich,Qualifier l'activité avant tout pitch ciblé.,To enrich,To enrich,https://www.olmar.com/,,New,No immediate action,
INEO DEFENSE,France,D,,À vérifier,To enrich,Qualifier l'activité avant tout pitch ciblé.,To enrich,To enrich,https://equans.fr/,,New,No immediate action,
"Inertial Labs, a VIAVI Solutions Company",États-Unis,D,20.6,À vérifier,Industrial subcontracting / machining,Qualifier l'activité avant tout pitch ciblé.,"Public sources too thin — discovery call first, focused pitch second.","Hi — I noticed Inertial Labs, a VIAVI Solutions Company at Eurosatory.",http://www.intertiallabs.com/,https://www.linkedin.com/company/inertial-labs-inc,New,No immediate action,
INFINITY SAFE TECNOLOGIA EM SEGURANÇA,Brésil,D,,À vérifier,To enrich,Qualifier l'activité avant tout pitch ciblé.,To enrich,To enrich,,,New,No immediate action,
"Inflatable 2000, Inc.",Puerto Rico,B,69.5,Acheteur potentiel,Engines / propulsion,Sub-system / payload pour OEM drones tactiques.,"UAV programs are scaling — Inflatable 2000, Inc. is buying. Position [your sub-system] as a qualified alternative on their next platform.","Hi — Inflatable 2000, Inc.",https://www.i2kdefense.com/,,New,Review website and validate opportunity,
INFODEFENSA.COM,Espagne,B,68.5,Acheteur potentiel,Energy / batteries,Sub-system / payload pour OEM drones tactiques.,UAV programs are scaling — INFODEFENSA.COM is buying. Position [your sub-system] as a qualified alternative on their next platform.,"Hi — INFODEFENSA.COM ships UAV / drones, Radars (+4) to Navy, Critical infrastructure (+1).",http://www.infodefensa.com/,https://www.linkedin.com/company/infodefensa/posts/?feedView=all,New,Review website and validate opportunity,
INFODIP,France,D,,À vérifier,To enrich,Qualifier l'activité avant tout pitch ciblé.,To enrich,To enrich,https://www.infodip.com/,https://www.linkedin.com/company/infodip/?viewAsMember=true,New,No immediate action,
INGUAR-DEFENCE,Ukraine,B,67.1,Acheteur potentiel,Engines / propulsion,"Vend des sous-systèmes / composants à un OEM construisant Vehicles, Weapons.",INGUAR-DEFENCE buys for next-gen platforms — engineering and supply chain are the buyers.,"Hi — INGUAR-DEFENCE ships Vehicles, Weapons (+1) to Special forces, Police / law enforcement.",http://www.inguardefence.com/,https://www.linkedin.com/company/inguar-defence,New,Review website and validate opportunity,
INKOP OBUCA LTD.,Croatie,D,38.4,Acheteur potentiel,Mechanical parts,Vend des sous-systèmes / composants à un OEM construisant Logistics equipment.,Qualify the activity before pitching.,Hi — INKOP OBUCA LTD.,http://www.inkop.hr/,,New,No immediate action,
Innovation Agency Lithuania,Lituanie,D,,À vérifier,To enrich,Qualifier l'activité avant tout pitch ciblé.,To enrich,To enrich,https://inovacijuagentura.lt/?lang=lt,,New,No immediate action,
INOVEOS,France,D,,À vérifier,To enrich,Qualifier l'activité avant tout pitch ciblé.,To enrich,To enrich,https://www.inoveos.com/,,New,No immediate action,
INPIXAL,France,D,,À vérifier,To enrich,Qualifier l'activité avant tout pitch ciblé.,To enrich,To enrich,http://www.inpixal.com/,,New,No immediate action,
"INSOPACK CO.,Ltd.",Corée du Sud,D,,À vérifier,To enrich,Qualifier l'activité avant tout pitch ciblé.,To enrich,To enrich,http://www.insopack.co.kr/eng/main/main.html,,New,No immediate action,
Insta,Finlande,A,79.0,Acheteur potentiel,Engines / propulsion,"Threat intel, hardware appliances, cloud souverain, audits.","Cyber-defense vendors source threat intel feeds, hardware appliances, cloud and certification services. Procurement / CISO are entry points.","Hi — I noticed Insta builds Vehicles, UAV / drones (+10) for Cybersecurity.",http://www.insta.fi/en/,https://www.linkedin.com/showcase/insta-defence-and-aviation/,New,Contact sales team and qualify need,
Instagrid,Allemagne,A,77.9,Distributeur potentiel,"Materials (Li-ion, electrolytes)",Canal de distribution / représentation pour notre portefeuille.,MRO is rarely distributed — confirm scope before pitching.,Hi — we're scouting an exclusive distributor for United Kingdom (+4).,http://instagrid.co/,https://www.linkedin.com/company/instagrid/,New,Contact sales team and qualify need,
INSTALAZA,Espagne,C,49.0,Acheteur potentiel,Electronic components,"Front-ends RF, processeurs, mécanique de précision pour fabricants radars.","Radar / sensor lines need specialised electronics, signal processing chips and composite housings. Talk to chief engineer.","Hi — I noticed INSTALAZA builds Radars, Sensors for Radar / sensors.",http://www.instalaza.com/,,New,Keep in watchlist,
INSTITUT CARNOT MICA,France,D,34.1,À vérifier,Industrial subcontracting / machining,Qualifier l'activité avant tout pitch ciblé.,Confirm if INSTITUT CARNOT MICA makes simulators or training services.,Hi — I noticed INSTITUT CARNOT MICA at Eurosatory.,http://www.carnot-mica.fr/,https://www.linkedin.com/company/carnot-mica/,New,No immediate action,
INTAP ADVANCED TECHNOLOGY SP. Z O.O. SP.K.,Pologne,C,58.1,Acheteur potentiel,Mechanical parts,"Front-ends RF, processeurs, mécanique de précision pour fabricants radars.","Radar / sensor lines need specialised electronics, signal processing chips and composite housings. Talk to chief engineer.",Hi — I noticed INTAP ADVANCED TECHNOLOGY SP.,https://www.intap.com.pl/,,New,Keep in watchlist,
INTEGRIS COMPOSITES,Pays-Bas,A,82.0,Acheteur potentiel,Engines / propulsion,"Amplis RF, processeurs signal, embarqué, antennes pour EW.","EW systems source RF amplifiers, signal-processing chips, embedded computing and antennas. Talk to RF system lead.","Hi — I noticed INTEGRIS COMPOSITES builds Vehicles, Ballistic protection (+11) for Electronic warfare.",https://www.integriscomposites.com/,https://www.linkedin.com/company/tencate-advanced-armour,New,Contact sales team and qualify need,
Intelic,Pays-Bas,B,73.5,Acheteur potentiel,Engines / propulsion,"Amplis RF, processeurs signal, embarqué, antennes pour EW.","EW systems source RF amplifiers, signal-processing chips, embedded computing and antennas. Talk to RF system lead.","Hi — I noticed Intelic builds Vehicles, UAV / drones (+8) for Electronic warfare.",http://www.intelic.ai/,https://nl.linkedin.com/company/intelic-ai,New,Review website and validate opportunity,
INTERFACE CONCEPT,France,D,,À vérifier,To enrich,Qualifier l'activité avant tout pitch ciblé.,To enrich,To enrich,https://www.interfaceconcept.com/,,New,No immediate action,
INTERNATIONAL ARMORED GROUP,Émirats arabes unis,A,81.0,Acheteur potentiel,Engines / propulsion,"Moteurs, composites, plaques balistiques, optronique, comms pour OEM blindés.","Armored vehicle OEMs buy engines, composites, ballistic plates, optronics, comms and specialised mechanics in volume.","Hi — I noticed INTERNATIONAL ARMORED GROUP builds Vehicles, Logistics equipment (+2) for Armored vehicles.",https://www.interarmored.com/,https://www.linkedin.com/company/international-armored-group,New,Contact sales team and qualify need,
International Parts Supply (IPS),États-Unis,D,,À vérifier,To enrich,Qualifier l'activité avant tout pitch ciblé.,To enrich,To enrich,https://www.ipscorpusa.com/,,New,No immediate action,
INTRACOM DEFENSE S.A. (IDE),Grèce,A,78.0,Acheteur potentiel,Engines / propulsion,"Amplis RF, processeurs signal, embarqué, antennes pour EW.","EW systems source RF amplifiers, signal-processing chips, embedded computing and antennas. Talk to RF system lead.",Hi — I noticed INTRACOM DEFENSE S.A.,http://www.intracomdefense.com/,https://www.linkedin.com/company/intracom-defense/,New,Contact sales team and qualify need,
INVERNIZZI PRESSE,Italie,B,65.0,Acheteur potentiel,Energetic materials,"Matériaux énergétiques, mécanique, packaging, certification.","Ammunition makers buy energetic materials, mechanical parts, packaging and certification services.","Hi — I noticed INVERNIZZI PRESSE builds Ammunition, Energy / batteries (+4) for Ammunition.",http://www.invernizzi.com/,https://www.linkedin.com/company/invernizzi-presse/?originalSubdomain=it,New,Review website and validate opportunity,
INVESTMENT AND DEVELOPMENT AGENCY OF LATVIA,Lettonie,A,80.0,Acheteur potentiel,Electronic components,"Verre spécial, détecteurs, mécanique de précision pour optronique.","Optronics suppliers buy specialty glass, detectors and precision mechanics. Talk to procurement and engineering.","Hi — I noticed INVESTMENT AND DEVELOPMENT AGENCY OF LATVIA builds Optronics / Optics, Logistics equipment (+5) for Optics / optronics.",https://www.liaa.gov.lv/en,https://www.linkedin.com/company/invest-in-latvia/,New,Contact sales team and qualify need,
INVISIO,France,D,,À vérifier,To enrich,Qualifier l'activité avant tout pitch ciblé.,To enrich,To enrich,http://www.invisio.com/,,New,No immediate action,
IPO TECHNOLOGIE,France,D,,À vérifier,To enrich,Qualifier l'activité avant tout pitch ciblé.,To enrich,To enrich,http://www.ipo-sa.com/,https://www.linkedin.com/company/ipo-technologie/,New,No immediate action,
iprotex GmbH & Co.KG,Allemagne,B,67.0,Acheteur potentiel,Cloud / data services,"Vend des sous-systèmes / composants à un OEM construisant Software / Platforms, Logistics equipment.",iprotex GmbH & Co.KG performs MRO — they need parts and engineering support. Direct procurement angle.,"Hi — iprotex GmbH & Co.KG ships Software / Platforms, Logistics equipment (+3) to Aerospace primes.",http://www.iprotex.com/,,New,Review website and validate opportunity,
"IQ BRAND, DESIGN & PRODUCTION GMBH",Autriche,D,,À vérifier,To enrich,Qualifier l'activité avant tout pitch ciblé.,To enrich,To enrich,,,New,No immediate action,
IRAUNDI,Espagne,B,69.1,Acheteur potentiel,Mechanical parts,"Textiles, composites, optronique, énergie pour kits soldat.","Soldier system vendors source textiles, composites, optronics and energy. Lead with NATO / military pedigree.","Hi — I noticed IRAUNDI builds Logistics equipment, Engines / propulsion (+2) for Soldier systems.",http://iraundi.com/,https://linkedin.com/company/iraundi/,New,Review website and validate opportunity,
"IRMAXTEC Technology Co., Ltd.",Chine,C,46.4,Acheteur potentiel,Electronic components,Vend des sous-systèmes / composants à un OEM construisant Optronics / Optics.,"IRMAXTEC Technology Co., Ltd. sells optronics, they need detector and electronics suppliers. Lead with quality data.","Hi — IRMAXTEC Technology Co., Ltd.",http://www.irmaxtec.com/,,New,Keep in watchlist,
IRnova AB,Suède,D,4.0,À vérifier,To enrich,Qualifier l'activité avant tout pitch ciblé.,"Public sources too thin — discovery call first, focused pitch second.",Hi — I noticed IRnova AB at Eurosatory.,http://www.ir-nova.se/,,New,No immediate action,
IRON cluster,Ukraine,B,71.0,Acheteur potentiel,Energy / batteries,"Fournisseur de batteries, moteurs, optronique, RF, composites pour fabricants UAV.","UAV builds need batteries, motors, optronics, RF links and composites. Map their bill of materials with the supply chain lead.","Hi — I noticed IRON cluster builds UAV / drones, Robotics / UGV (+2) for UAV / drones.",https://ironcluster.org/eng-home,https://www.linkedin.com/company/iron-cluster/,New,Review website and validate opportunity,
IRTS,France,D,,À vérifier,To enrich,Qualifier l'activité avant tout pitch ciblé.,To enrich,To enrich,https://www.irts.fr/,,New,No immediate action,
IrvinGQ®,Royaume-Uni,D,,À vérifier,To enrich,Qualifier l'activité avant tout pitch ciblé.,To enrich,To enrich,http://www.irvingq.com/,,New,No immediate action,
ISD,France,C,51.6,Sous-traitant,Industrial subcontracting / machining,"Pièces de rechange, calibration, certification pour acteurs MRO.","MRO providers source spare parts, calibration tools and certification services. Procurement is the buyer.",Hi — I noticed ISD builds — for Logistics / MRO.,http://www.isd-sa.com/,,New,Keep in watchlist,
I-SEE GROUP,France,B,71.1,Acheteur potentiel,Energy / batteries,"Capteurs, payloads optroniques, communications pour plateformes ISR.","ISR platforms aggregate sensors, comms and AI. Map I-SEE GROUP's integration partners.","Hi — I noticed I-SEE GROUP builds UAV / drones, Sensors (+2) for Intelligence / ISR.",https://www.i-seegroup.com/,https://www.linkedin.com/company/i-see-group,New,Review website and validate opportunity,
ISEF STEEL FORGINGS,Italie,B,68.5,Acheteur potentiel,Engines / propulsion,"Pièces de rechange, calibration, certification pour acteurs MRO.","MRO providers source spare parts, calibration tools and certification services. Procurement is the buyer.","Hi — I noticed ISEF STEEL FORGINGS builds Vehicles, Logistics equipment (+3) for Logistics / MRO.",http://www.isefsteelforgings.com/,https://www.linkedin.com/company/77209901/admin/dashboard/,New,Review website and validate opportunity,
ISI-ACTEMIUM Clermont Engineering & Robotics,France,B,69.0,Acheteur potentiel,Energy / batteries,"Capteurs, payloads optroniques, communications pour plateformes ISR.","ISR platforms aggregate sensors, comms and AI. Map ISI-ACTEMIUM Clermont Engineering & Robotics's integration partners.","Hi — I noticed ISI-ACTEMIUM Clermont Engineering & Robotics builds UAV / drones, Software / Platforms (+5) for Intelligence / ISR.",https://www.actemium.fr/implantations/actemium-clermont-engineering-robotics/presentation/,,New,Review website and validate opportunity,
ISKRA brodogradiliste 1 d.o.o.,Croatie,C,54.4,Acheteur potentiel,"Raw materials (steel, aluminium)","Radars, sonars, comms, armement, sustainment pour primes navals.","Naval primes buy radars, sonars, comms, weapons and sustainment in long cycles.",Hi — I noticed ISKRA brodogradiliste 1 d.o.o.,https://shipyard.iskra.eu/,,New,Keep in watchlist,
Íslandsstofa,Iceland,D,5.0,À vérifier,To enrich,Qualifier l'activité avant tout pitch ciblé.,"Public sources too thin — discovery call first, focused pitch second.",Hi — I noticed Íslandsstofa at Eurosatory.,https://www.businessiceland.is/,https://www.linkedin.com/company/business-iceland/,New,No immediate action,
ISOCLIMA SPA,Italie,A,82.0,Acheteur potentiel,Engines / propulsion,"Vend des sous-systèmes / composants à un OEM construisant Vehicles, Embedded systems.",ISOCLIMA SPA buys for next-gen platforms — engineering and supply chain are the buyers.,"Hi — ISOCLIMA SPA ships Vehicles, Embedded systems (+1) to Navy, Aerospace primes (+2).",http://www.isoclimagroup.com/,https://www.linkedin.com/company/isoclimagroup,New,Contact sales team and qualify need,
ISP SYSTEM,France,D,,À vérifier,To enrich,Qualifier l'activité avant tout pitch ciblé.,To enrich,To enrich,https://www.isp-system.fr/,,New,No immediate action,
iTAC Software AG,Allemagne,A,75.5,Acheteur potentiel,Cloud / data services,"Threat intel, hardware appliances, cloud souverain, audits.","Cyber-defense vendors source threat intel feeds, hardware appliances, cloud and certification services. Procurement / CISO are entry points.","Hi — I noticed iTAC Software AG builds Software / Platforms, Communications networks (+2) for Cybersecurity.",https://www.itacsoftware.com/,,New,Contact sales team and qualify need,
ITALWATT,Italie,B,71.5,Acheteur potentiel,Engines / propulsion,"Front-ends RF, processeurs, mécanique de précision pour fabricants radars.","Radar / sensor lines need specialised electronics, signal processing chips and composite housings. Talk to chief engineer.","Hi — I noticed ITALWATT builds Vehicles, Engines / propulsion (+6) for Radar / sensors.",http://www.italwatt.it/,https://www.linkedin.com/company/italwatt,New,Review website and validate opportunity,
ITOPP,France,D,,À vérifier,To enrich,Qualifier l'activité avant tout pitch ciblé.,To enrich,To enrich,https://itopp-alcen.com/,,New,No immediate action,
ITS SAFETY,Espagne,D,,À vérifier,To enrich,Qualifier l'activité avant tout pitch ciblé.,To enrich,To enrich,https://www.itssafety.com/,,New,No immediate action,
ITSec Area Informatikai és Szolgáltató Ltd.,Hongrie,D,,À vérifier,To enrich,Qualifier l'activité avant tout pitch ciblé.,To enrich,To enrich,,,New,No immediate action,
ITT Cannon,Allemagne,D,27.6,À vérifier,Industrial subcontracting / machining,Qualifier l'activité avant tout pitch ciblé.,Weapons span small arms to artillery — qualify scope.,Hi — I noticed ITT Cannon at Eurosatory.,http://www.ittcannon.com/,https://www.linkedin.com/company/2887,New,No immediate action,
IVECO DEFENCE VEHICLES,Italie,D,,À vérifier,To enrich,Qualifier l'activité avant tout pitch ciblé.,To enrich,To enrich,https://idvgroup.com/,,New,No immediate action,
J. LANFRANCO & Cie,France,C,57.1,Acheteur potentiel,Mechanical parts,"Pièces de rechange, calibration, certification pour acteurs MRO.","MRO providers source spare parts, calibration tools and certification services. Procurement is the buyer.","Hi — I noticed J. LANFRANCO & Cie builds Weapons, Mechanical parts for Logistics / MRO.",http://www.lanfranco.fr/,https://www.linkedin.com/company/j-lanfranco-cie/posts/?feedView=all&viewAsMember=true,New,Keep in watchlist,
JACOBI CARBONS,France,D,,À vérifier,To enrich,Qualifier l'activité avant tout pitch ciblé.,To enrich,To enrich,,,New,No immediate action,
JACQUARD d.o.o.,Croatie,B,61.5,Fournisseur potentiel,Cloud / data services,"Sous-systèmes, composites, certification pour primes terrestres.",Land defense primes integrate huge supply chains. Procurement is the buyer.,Hi — I noticed JACQUARD d.o.o.,http://www.jacquard.hr/,,New,Review website and validate opportunity,
JACQUES DUBOIS SAS,France,D,,À vérifier,To enrich,Qualifier l'activité avant tout pitch ciblé.,To enrich,To enrich,http://www.jacquesdubois.com/,https://www.linkedin.com/jacques-dubois,New,No immediate action,
Jaguar Land Rover Francia,France,D,,À vérifier,To enrich,Qualifier l'activité avant tout pitch ciblé.,To enrich,To enrich,https://www.landrover.fr/index.html,,New,No immediate action,
JAKUSZ SP. Z O.O.,Pologne,D,,À vérifier,To enrich,Qualifier l'activité avant tout pitch ciblé.,To enrich,To enrich,https://www.jakusz.com/,,New,No immediate action,
Janes,Royaume-Uni,D,4.0,À vérifier,To enrich,Qualifier l'activité avant tout pitch ciblé.,"Public sources too thin — discovery call first, focused pitch second.",Hi — I noticed Janes at Eurosatory.,https://www.janes.com/,,New,No immediate action,
JEET & JEET GLASS AND CHEMICALS P LTD,Inde,B,72.0,Acheteur potentiel,Engines / propulsion,"Vend des sous-systèmes / composants à un OEM construisant Vehicles, Logistics equipment.",JEET & JEET GLASS AND CHEMICALS P LTD buys for next-gen platforms — engineering and supply chain are the buyers.,"Hi — JEET & JEET GLASS AND CHEMICALS P LTD ships Vehicles, Logistics equipment (+2) to Defense ministries, Land forces (+2).",http://www.jeetglassindia.com/,,New,Review website and validate opportunity,
Jelen Professional d.o.o.,Croatie,D,16.6,À vérifier,Industrial subcontracting / machining,Qualifier l'activité avant tout pitch ciblé.,"Public sources too thin — discovery call first, focused pitch second.",Hi — I noticed Jelen Professional d.o.o.,https://www.jelen.com/,,New,No immediate action,
JENOPTIK,Allemagne,D,,À vérifier,To enrich,Qualifier l'activité avant tout pitch ciblé.,To enrich,To enrich,http://www.jenoptik.com/,,New,No immediate action,
JI HUA 3502 CAREER APPAREL LTD,Chine,D,,À vérifier,To enrich,Qualifier l'activité avant tout pitch ciblé.,To enrich,To enrich,,,New,No immediate action,
"Jiangsu Shuwei New Material Technology Co., Ltd",Chine,D,16.6,À vérifier,Industrial subcontracting / machining,Qualifier l'activité avant tout pitch ciblé.,"Public sources too thin — discovery call first, focused pitch second.","Hi — I noticed Jiangsu Shuwei New Material Technology Co., Ltd at Eurosatory.",http://www.shu/,,New,No immediate action,
"JIHUA 3513 SHOES INDUSTRY CO.,LTD",Chine,D,,À vérifier,To enrich,Qualifier l'activité avant tout pitch ciblé.,To enrich,To enrich,https://jihua3514.en.alibaba.com/index.html?spm=a2700.shop_co.88.12.73dc3a7aRpEI8Q,,New,No immediate action,
"JINAN HOPE WISH PHOTOELECTRONIC TECHNOLOGY CO.,LTD.",Chine,C,40.8,Acheteur potentiel,Engines / propulsion,Vend des sous-systèmes / composants à un OEM construisant Vehicles.,"JINAN HOPE WISH PHOTOELECTRONIC TECHNOLOGY CO.,LTD. sells to police / border — they need fast-deployable kits and certified comms.","Hi — JINAN HOPE WISH PHOTOELECTRONIC TECHNOLOGY CO.,LTD.",http://www.chinahpws.com/,,New,Keep in watchlist,
JINGYE TEXTILE TECHNOLOGY LIMITED,Chine,D,,À vérifier,To enrich,Qualifier l'activité avant tout pitch ciblé.,To enrich,To enrich,https://www.camowebbing.com/,,New,No immediate action,
JLT Mobile Computers Sweden AB,Suède,D,,À vérifier,To enrich,Qualifier l'activité avant tout pitch ciblé.,To enrich,To enrich,,,New,No immediate action,
Jobs Spa,Italie,D,35.9,Acheteur potentiel,Cloud / data services,Vend des sous-systèmes / composants à un OEM construisant Software / Platforms.,Qualify the activity before pitching.,Hi — Jobs Spa ships Software / Platforms to Aerospace primes.,http://www.ffg-ea.com/,,New,No immediate action,
JOESCO LTD,Chine,D,,À vérifier,To enrich,Qualifier l'activité avant tout pitch ciblé.,To enrich,To enrich,http://www.militarybarrier.com/,,New,No immediate action,
JOHN COCKERILL,Belgique,C,45.8,Acheteur potentiel,Engines / propulsion,Vend des sous-systèmes / composants à un OEM construisant Vehicles.,JOHN COCKERILL buys for next-gen platforms — engineering and supply chain are the buyers.,Hi — JOHN COCKERILL ships Vehicles to defense customers.,http://defense.johncockerill.com/en/,,New,Keep in watchlist,
Jokon,Allemagne,B,65.5,Acheteur potentiel,Mechanical parts,"Vend des sous-systèmes / composants à un OEM construisant Logistics equipment, Energy / batteries.",Jokon performs MRO — they need parts and engineering support. Direct procurement angle.,"Hi — Jokon ships Logistics equipment, Energy / batteries (+1) to defense customers.",http://www.jokon.de/,https://www.linkedin.com/company/jokongmbh,New,Review website and validate opportunity,
JOMIPSA,Espagne,D,,À vérifier,To enrich,Qualifier l'activité avant tout pitch ciblé.,To enrich,To enrich,https://www.jomipsa.com/,,New,No immediate action,
JONATHAN GROUP DEFENSE,États-Unis,D,,À vérifier,To enrich,Qualifier l'activité avant tout pitch ciblé.,To enrich,To enrich,https://www.jonathanengr.com/,,New,No immediate action,
JONE PRECISION & ENGINEERING,France,D,,À vérifier,To enrich,Qualifier l'activité avant tout pitch ciblé.,To enrich,To enrich,http://www.joneprecision.com/,https://www.linkedin.com/company/jone-precision1/?viewAsMember=true,New,No immediate action,
JOWO - Systemtechnik AG,Allemagne,C,54.1,Acheteur potentiel,Mechanical parts,"Vend des sous-systèmes / composants à un OEM construisant Logistics equipment, Optronics / Optics.","JOWO - Systemtechnik AG sells optronics, they need detector and electronics suppliers. Lead with quality data.","Hi — JOWO - Systemtechnik AG ships Logistics equipment, Optronics / Optics to defense customers.",http://www.jowo.ag/,https://www.linkedin.com/company/12572222/admin/dashboard/,New,Keep in watchlist,
JP INDUSTRIAS MECÁNICAS,Espagne,D,,À vérifier,To enrich,Qualifier l'activité avant tout pitch ciblé.,To enrich,To enrich,https://www.jpim.es/,,New,No immediate action,
JPB SYSTÈME,France,D,,À vérifier,To enrich,Qualifier l'activité avant tout pitch ciblé.,To enrich,To enrich,,,New,No immediate action,
JSC Aurida Engineering Company,Lituanie,D,,À vérifier,To enrich,Qualifier l'activité avant tout pitch ciblé.,To enrich,To enrich,https://www.aurida-engineering.com/,,New,No immediate action,
JUNGHANS DEFENCE,Allemagne,D,,À vérifier,To enrich,Qualifier l'activité avant tout pitch ciblé.,To enrich,To enrich,http://www.junghans-defence.com/,,New,No immediate action,
KADAR POLAND,Pologne,D,24.6,Sous-traitant,Industrial subcontracting / machining,Activité à qualifier — discovery call avant pitch précis.,Public data is thin — qualify the activity before pitching supply.,Hi — I noticed KADAR POLAND builds — for Other.,http://www.kadarpoland.com/,,New,No immediate action,
KADIA PRODUKTION GMBH,Allemagne,B,66.5,Acheteur potentiel,Electronic components,"Pièces de rechange, calibration, certification pour acteurs MRO.","MRO providers source spare parts, calibration tools and certification services. Procurement is the buyer.","Hi — I noticed KADIA PRODUKTION GMBH builds Robotics / UGV, Vehicles (+4) for Logistics / MRO.",http://kadia.com/,https://www.linkedin.com/company/kadia-honen-entgraten/?viewAsMember=true,New,Review website and validate opportunity,
KAHLES GESELLSCHAFT MBH,Autriche,D,,À vérifier,To enrich,Qualifier l'activité avant tout pitch ciblé.,To enrich,To enrich,https://www.kahles.at/,,New,No immediate action,
KALEKALIP,Turquie,D,17.6,À vérifier,Industrial subcontracting / machining,Qualifier l'activité avant tout pitch ciblé.,"Public sources too thin — discovery call first, focused pitch second.",Hi — I noticed KALEKALIP at Eurosatory.,http://www.kalekalip.com.tr/,https://www.linkedin.com/company/kalekalip/,New,No immediate action,
Kaleo,États-Unis,A,75.0,Sous-traitant,Mechanical parts,"Matériaux énergétiques, mécanique, packaging, certification.","Ammunition makers buy energetic materials, mechanical parts, packaging and certification services.","Hi — I noticed Kaleo builds Logistics equipment, NRBC / CBRN (+3) for Ammunition.",https://www.kaleo.com/,,New,Contact sales team and qualify need,
KALLER,Suède,A,76.0,Acheteur potentiel,Engines / propulsion,"Radars, sonars, comms, armement, sustainment pour primes navals.","Naval primes buy radars, sonars, comms, weapons and sustainment in long cycles.","Hi — I noticed KALLER builds Vehicles, Sensors (+8) for Naval defense.",http://www.kaller.com/en-us/products/gas-hydraulic-suspension/,https://linkedin.com/company/kaller,New,Contact sales team and qualify need,
"Kallman Worldwide, Inc.",États-Unis,A,75.0,Distributeur potentiel,Mechanical parts,Canal de distribution / représentation pour notre portefeuille.,Naval exports rarely use distributors — confirm before pitching.,Hi — we're scouting an exclusive distributor for France (+7).,https://www.kallman.com/,https://www.linkedin.com/company/kallman-worldwide-inc./,New,Contact sales team and qualify need,
Kalyani Strategic Systems Limited (KSSL),Inde,A,78.0,Acheteur potentiel,Engines / propulsion,"Sous-systèmes, composites, certification pour primes terrestres.",Land defense primes integrate huge supply chains. Procurement is the buyer.,"Hi — I noticed Kalyani Strategic Systems Limited (KSSL) builds Vehicles, Weapons (+5) for Land defense.",http://www.kssl.in/,https://www.linkedin.com/company/kssldefence/,New,Contact sales team and qualify need,
KAP-KO D.O.O.,Croatie,C,41.4,Distributeur potentiel,Mechanical parts,Canal de distribution / représentation pour notre portefeuille.,Soldier kit distribution into their region is plausible — pitch a representation agreement.,Hi — we're scouting an exclusive distributor for your region.,http://www.kap-ko.hr/,,New,Keep in watchlist,
KAPPA OPTRONICS GMBH,Allemagne,A,81.0,Acheteur potentiel,Energy / batteries,"Composants, sous-systèmes, software, services pour primes C4ISR.",C4ISR primes integrate hundreds of components — the sourcing surface is huge. Procurement / supply chain is the entry point.,"Hi — I noticed KAPPA OPTRONICS GMBH builds UAV / drones, Optronics / Optics (+5) for C4ISR.",http://www.kappa-optronics.com/,,New,Contact sales team and qualify need,
KARA DAG TECHNOLOGIES,Ukraine,B,64.0,Acheteur potentiel,Engines / propulsion,"Capteurs, payloads optroniques, communications pour plateformes ISR.","ISR platforms aggregate sensors, comms and AI. Map KARA DAG TECHNOLOGIES's integration partners.","Hi — I noticed KARA DAG TECHNOLOGIES builds Vehicles, UAV / drones (+7) for Intelligence / ISR.",http://karadagtech.com/,https://www.linkedin.com/company/karadagtech,New,Review website and validate opportunity,
Kärcher Futuretech GmbH,Allemagne,B,65.5,Acheteur potentiel,Mechanical parts,"Moteurs, composites, plaques balistiques, optronique, comms pour OEM blindés.","Armored vehicle OEMs buy engines, composites, ballistic plates, optronics, comms and specialised mechanics in volume.","Hi — I noticed Kärcher Futuretech GmbH builds Logistics equipment, NRBC / CBRN (+2) for Armored vehicles.",http://www.karcher-futuretech.com/,https://www.linkedin.com/company/kaercher-futuretech,New,Review website and validate opportunity,
KARDEX,France,A,77.6,Sous-traitant,Cloud / data services,"Textiles, composites, optronique, énergie pour kits soldat.","Soldier system vendors source textiles, composites, optronics and energy. Lead with NATO / military pedigree.","Hi — I noticed KARDEX builds Software / Platforms, Robotics / UGV (+1) for Soldier systems.",https://www.kardex.com/fr,https://www.linkedin.com/company/kardex/,New,Contact sales team and qualify need,
KARMETAL SAVUNMA MUH. SIL. TEK. SAN. DIS TIC. A.S.,Turquie,B,73.0,Acheteur potentiel,Cloud / data services,"Vend des sous-systèmes / composants à un OEM construisant Software / Platforms, Robotics / UGV.","KARMETAL SAVUNMA MUH. SIL. TEK. SAN. DIS TIC. A.S. pitches end-to-end C4ISR; they need sub-systems, software components and compliance services.",Hi — KARMETAL SAVUNMA MUH.,https://www.karmetal.net.tr/,https://www.linkedin.com/company/karmetal/,New,Review website and validate opportunity,
Karrimor SF,Royaume-Uni,D,27.1,À vérifier,Industrial subcontracting / machining,Qualifier l'activité avant tout pitch ciblé.,"Confirm scope: police, border, fire, intelligence agency.",Hi — I noticed Karrimor SF at Eurosatory.,https://karrimorsf.com/,,New,No immediate action,
KEARFOTT CORPORATION,États-Unis,D,,À vérifier,To enrich,Qualifier l'activité avant tout pitch ciblé.,To enrich,To enrich,https://www.kearfott.com/,,New,No immediate action,
Kemppi,Finlande,A,82.0,Acheteur potentiel,Engines / propulsion,"Composants, sous-systèmes, software, services pour primes C4ISR.",C4ISR primes integrate hundreds of components — the sourcing surface is huge. Procurement / supply chain is the entry point.,"Hi — I noticed Kemppi builds Vehicles, UAV / drones (+13) for C4ISR.",https://www.kemppi.com/,https://www.linkedin.com/company/kemppi-oy,New,Contact sales team and qualify need,
Kennametal,États-Unis,D,,À vérifier,To enrich,Qualifier l'activité avant tout pitch ciblé.,To enrich,To enrich,https://www.kennametal.com/,,New,No immediate action,
KENNO TECH,Finlande,D,,À vérifier,To enrich,Qualifier l'activité avant tout pitch ciblé.,To enrich,To enrich,,,New,No immediate action,
"KEPAR ELECTRÓNICA, S.L.",Espagne,C,56.5,Acheteur potentiel,Cloud / data services,"Composites, capteurs, comms, lancement pour primes spatiaux.","Space primes source composites, sensors, comms and launch services.","Hi — I noticed KEPAR ELECTRÓNICA, S.L.",http://www.kepar.es/,https://www.linkedin.com/company/kepar-electronica/?originalSubdomain=es,New,Keep in watchlist,
Kessler & Co. GmbH & Co. KG,Allemagne,B,66.0,Acheteur potentiel,Engines / propulsion,"Vend des sous-systèmes / composants à un OEM construisant Vehicles, Software / Platforms.",Kessler & Co. GmbH & Co. KG is a regulated buyer — lead with ITAR/AQAP/EN9100 credentials.,Hi — Kessler & Co. GmbH & Co.,http://www.kessler-co.com/,https://www.linkedin.com/company/27173161/,New,Review website and validate opportunity,
KEYSIGHT TECHNOLOGIES,France,D,16.6,À vérifier,Industrial subcontracting / machining,Qualifier l'activité avant tout pitch ciblé.,"Public sources too thin — discovery call first, focused pitch second.",Hi — I noticed KEYSIGHT TECHNOLOGIES at Eurosatory.,http://www.keysight.com/find/ad,https://www.linkedin.com/company/keysight-technologies,New,No immediate action,
Kia,Corée du Sud,D,,À vérifier,To enrich,Qualifier l'activité avant tout pitch ciblé.,To enrich,To enrich,https://special.kia.com/,,New,No immediate action,
KIDDE DEUGRA Brandschutzsysteme GMBH,Allemagne,D,,À vérifier,To enrich,Qualifier l'activité avant tout pitch ciblé.,To enrich,To enrich,http://www.kidde-deugra.de/,,New,No immediate action,
Kilim Uniform,Turquie,C,58.3,Fournisseur potentiel,Composite materials,"Textiles, composites, optronique, énergie pour kits soldat.","Soldier system vendors source textiles, composites, optronics and energy. Lead with NATO / military pedigree.","Hi — I noticed Kilim Uniform builds Soldier equipment, Naval systems for Soldier systems.",https://www.kilimuniform.com/,,New,Keep in watchlist,
KILOW,France,D,,À vérifier,To enrich,Qualifier l'activité avant tout pitch ciblé.,To enrich,To enrich,,,New,No immediate action,
KINÉIS,France,B,61.5,Acheteur potentiel,Electronic components,"RF, crypto, certification interopérabilité pour radios tactiques.","Tactical comms vendors source RF, encryption modules and certifications. Talk to RF / security architect.","Hi — I noticed KINÉIS builds Tactical radios, Logistics equipment (+3) for Communications.",http://kineis.com/,https://www.linkedin.com/company/kineis-argos,New,Review website and validate opportunity,
Kitron,Suède,D,,À vérifier,To enrich,Qualifier l'activité avant tout pitch ciblé.,To enrich,To enrich,,,New,No immediate action,
KITRON AS,Norvège,A,79.5,Acheteur potentiel,Energy / batteries,"Fournisseur de batteries, moteurs, optronique, RF, composites pour fabricants UAV.","UAV builds need batteries, motors, optronics, RF links and composites. Map their bill of materials with the supply chain lead.","Hi — I noticed KITRON AS builds UAV / drones, Software / Platforms (+5) for UAV / drones.",http://www.kitron.com/,https://www.linkedin.com/company/kitron,New,Contact sales team and qualify need,
KK Group,Danemark,D,,À vérifier,To enrich,Qualifier l'activité avant tout pitch ciblé.,To enrich,To enrich,,,New,No immediate action,
KLAUS BAIER GMBH,Allemagne,B,69.5,Acheteur potentiel,Cloud / data services,"Visuel, motion, haptique, IA pour fabricants de simulateurs.",Simulator builders source visual / motion / haptics hardware and AI components. Engineering is the buyer.,"Hi — I noticed KLAUS BAIER GMBH builds Software / Platforms, Logistics equipment (+2) for Simulation / training.",http://www.klausbaier.de/,,New,Review website and validate opportunity,
KME,Royaume-Uni,D,,À vérifier,To enrich,Qualifier l'activité avant tout pitch ciblé.,To enrich,To enrich,https://www.kme.co.uk/,,New,No immediate action,
KNDS CBRN,France,B,73.0,Acheteur potentiel,Engines / propulsion,"Capteurs, payloads optroniques, communications pour plateformes ISR.","ISR platforms aggregate sensors, comms and AI. Map KNDS CBRN's integration partners.","Hi — I noticed KNDS CBRN builds Vehicles, Weapons (+16) for Intelligence / ISR.",http://knds.com/en/subsidiaries/knds-cbrn,,New,Review website and validate opportunity,
KNDS DEUTSCHLAND,Allemagne,D,,À vérifier,To enrich,Qualifier l'activité avant tout pitch ciblé.,To enrich,To enrich,http://www.knds.com/,,New,No immediate action,
KNDS FRANCE - SCE COMPTABILITE FOURNISSEUR,France,D,,À vérifier,To enrich,Qualifier l'activité avant tout pitch ciblé.,To enrich,To enrich,http://www.knds.fr/,,New,No immediate action,
KNDS Tracks,Allemagne,A,80.0,Acheteur potentiel,Engines / propulsion,"Composites, capteurs, comms, lancement pour primes spatiaux.","Space primes source composites, sensors, comms and launch services.","Hi — I noticed KNDS Tracks builds Vehicles, UAV / drones (+9) for Space / satellite.",http://www.knds-tracks.de/,https://de.linkedin.com/company/knds-tracks,New,Contact sales team and qualify need,
KNL,Finlande,A,75.0,Acheteur potentiel,Engines / propulsion,"Amplis RF, processeurs signal, embarqué, antennes pour EW.","EW systems source RF amplifiers, signal-processing chips, embedded computing and antennas. Talk to RF system lead.","Hi — I noticed KNL builds Vehicles, Sensors (+7) for Electronic warfare.",http://knl.fi/,,New,Contact sales team and qualify need,
KNOTT GmbH Bremsen - Achsen,Allemagne,A,75.6,Acheteur potentiel,Engines / propulsion,"Threat intel, hardware appliances, cloud souverain, audits.","Cyber-defense vendors source threat intel feeds, hardware appliances, cloud and certification services. Procurement / CISO are entry points.","Hi — I noticed KNOTT GmbH Bremsen - Achsen builds Vehicles, Software / Platforms for Cybersecurity.",http://www.knott.de/,https://www.linkedin.com/company/7976959/admin/dashboard/,New,Contact sales team and qualify need,
KOLARMS s.r.o.,Slovaquie,D,,À vérifier,To enrich,Qualifier l'activité avant tout pitch ciblé.,To enrich,To enrich,,,New,No immediate action,
KOLT Power,Royaume-Uni,D,,À vérifier,To enrich,Qualifier l'activité avant tout pitch ciblé.,To enrich,To enrich,,,New,No immediate action,
KOLUMAN OTOMOTİV ENDÜSTRİ A.Ş.,Turquie,C,59.5,Acheteur potentiel,Engines / propulsion,"Vend des sous-systèmes / composants à un OEM construisant Vehicles, Engines / propulsion.",KOLUMAN OTOMOTİV ENDÜSTRİ A.Ş. buys for next-gen platforms — engineering and supply chain are the buyers.,Hi — KOLUMAN OTOMOTİV ENDÜSTRİ A.Ş.,http://kolumantech.com/,https://www.linkedin.com/company/kolumantech/,New,Keep in watchlist,
KONGSBERG,Norvège,D,,À vérifier,To enrich,Qualifier l'activité avant tout pitch ciblé.,To enrich,To enrich,http://www.kongsberg.com/kda,,New,No immediate action,
KONI - AN ITT COMPANY,Pays-Bas,D,,À vérifier,To enrich,Qualifier l'activité avant tout pitch ciblé.,To enrich,To enrich,http://www.koni.com/,,New,No immediate action,
KÖNIG SEATINGS,Allemagne,C,43.9,Acheteur potentiel,Mechanical parts,Vend des sous-systèmes / composants à un OEM construisant Logistics equipment.,KÖNIG SEATINGS adapts civil tech for defense — they need MIL-grade sub-suppliers.,Hi — KÖNIG SEATINGS ships Logistics equipment to defense customers.,http://www.koenig-sitze.de/,,New,Keep in watchlist,
KONSTRUKTA - DEFENCE,Slovaquie,A,76.5,Acheteur potentiel,Mechanical parts,"Sous-systèmes, composites, certification pour primes terrestres.",Land defense primes integrate huge supply chains. Procurement is the buyer.,"Hi — I noticed KONSTRUKTA - DEFENCE builds Weapons, Logistics equipment (+4) for Land defense.",https://kotadef.sk/?lang=en,https://www.linkedin.com/company/kotadef,New,Contact sales team and qualify need,
KONTRON,France,D,,À vérifier,To enrich,Qualifier l'activité avant tout pitch ciblé.,To enrich,To enrich,http://www.kontron.com/,https://www.linkedin.com/company/kontron,New,No immediate action,
Korea Defense Industry Association,Corée du Sud,D,16.6,À vérifier,Industrial subcontracting / machining,Qualifier l'activité avant tout pitch ciblé.,"Public sources too thin — discovery call first, focused pitch second.",Hi — I noticed Korea Defense Industry Association at Eurosatory.,http://www.kdia.or.kr/,,New,No immediate action,
KOREA DEFENSE INDUSTRY CORP,Corée du Sud,D,,À vérifier,To enrich,Qualifier l'activité avant tout pitch ciblé.,To enrich,To enrich,https://www.koreadefenseindustry.com/eng/,,New,No immediate action,
KOVO Armor,Lituanie,B,69.5,Acheteur potentiel,Cloud / data services,"Vend des sous-systèmes / composants à un OEM construisant Software / Platforms, Soldier equipment.",KOVO Armor sells to forces — they need certified materials and ergonomic sub-systems.,"Hi — KOVO Armor ships Software / Platforms, Soldier equipment (+3) to Police / law enforcement, Special forces.",http://kovo-armor.com/,,New,Review website and validate opportunity,
Krämer Special Vehicles,Allemagne,C,55.0,Acheteur potentiel,Engines / propulsion,"Vend des sous-systèmes / composants à un OEM construisant Vehicles, Engines / propulsion.",Krämer Special Vehicles buys for next-gen platforms — engineering and supply chain are the buyers.,"Hi — Krämer Special Vehicles ships Vehicles, Engines / propulsion to Civil security / fire.",http://www.kraemer-vehicles.com/,https://www.linkedin.com/company/krämer-special-vehicles-gmbh,New,Keep in watchlist,
KrattWorks,Estonie,D,,À vérifier,To enrich,Qualifier l'activité avant tout pitch ciblé.,To enrich,To enrich,https://www.krattworks.com/,,New,No immediate action,
Kraus Elektrotechnik,Allemagne,A,78.0,Acheteur potentiel,Electronic components,"Vend des sous-systèmes / composants à un OEM construisant Optronics / Optics, Engines / propulsion.",Kraus Elektrotechnik sells naval kit — long sales cycle. Programme office is the buyer.,"Hi — Kraus Elektrotechnik ships Optronics / Optics, Engines / propulsion (+4) to defense customers.",http://www.kraus.de/,https://www.linkedin.com/company/walter-kraus-gmbh/,New,Contact sales team and qualify need,
Krempel,Allemagne,B,74.0,Acheteur potentiel,Composite materials,"Aramide, céramique, composites, certification balistique.","Ballistic protection vendors buy aramid, ceramic, composites and certification services.","Hi — I noticed Krempel builds Ballistic protection, Composite materials (+5) for Ballistic protection.",http://www.krempel.com/en,https://www.linkedin.com/company/krempel/?viewAsMember=true,New,Review website and validate opportunity,
Kroko proizvodnja i razvoj d.o.o.,Croatie,D,4.0,À vérifier,To enrich,Qualifier l'activité avant tout pitch ciblé.,"Public sources too thin — discovery call first, focused pitch second.",Hi — I noticed Kroko proizvodnja i razvoj d.o.o.,https://www.krokotactical.com/,,New,No immediate action,
KRONUS SIA,Lettonie,B,74.4,Acheteur potentiel,Cloud / data services,"Vend des sous-systèmes / composants à un OEM construisant Software / Platforms, Logistics equipment.",KRONUS SIA performs MRO — they need parts and engineering support. Direct procurement angle.,"Hi — KRONUS SIA ships Software / Platforms, Logistics equipment (+1) to defense customers.",http://www.kronus.eu/,https://www.linkedin.com/company/kronus-wooden-packaging,New,Review website and validate opportunity,
K-TEG BV,Belgique,B,71.0,Acheteur potentiel,Electronic components,"Fournisseur de batteries, moteurs, optronique, RF, composites pour fabricants UAV.","UAV builds need batteries, motors, optronics, RF links and composites. Map their bill of materials with the supply chain lead.","Hi — I noticed K-TEG BV builds Sensors, Weapons (+5) for UAV / drones.",http://k-teg.com/,https://www.linkedin.com/company/k-teg/,New,Review website and validate opportunity,
KUEHNE+NAGEL,France,D,,À vérifier,To enrich,Qualifier l'activité avant tout pitch ciblé.,To enrich,To enrich,https://www.kuehne-nagel.com/fr,https://www.linkedin.com/company/kuehne-nagel/,New,No immediate action,
Kugler Bimetal SA,Suisse,C,56.6,Acheteur potentiel,Mechanical parts,"Vend des sous-systèmes / composants à un OEM construisant Engines / propulsion, Communications networks.",Kugler Bimetal SA performs MRO — they need parts and engineering support. Direct procurement angle.,"Hi — Kugler Bimetal SA ships Engines / propulsion, Communications networks to Aerospace primes, Critical infrastructure.",http://kuglerbimetal.ch/,https://www.linkedin.com/company/kugler-bimetal-sa,New,Keep in watchlist,
KYIVSKYI ALLIANCE,Ukraine,D,36.4,Acheteur potentiel,Mechanical parts,Vend des sous-systèmes / composants à un OEM construisant Logistics equipment.,Qualify the activity before pitching.,Hi — KYIVSKYI ALLIANCE ships Logistics equipment to Defense ministries.,https://kyivalliance.tech/,,New,No immediate action,
KYUNGCHANG INDUSTRY (KCI),Corée du Sud,D,16.6,À vérifier,Industrial subcontracting / machining,Qualifier l'activité avant tout pitch ciblé.,"Public sources too thin — discovery call first, focused pitch second.",Hi — I noticed KYUNGCHANG INDUSTRY (KCI) at Eurosatory.,http://www.kyungchang.com/,,New,No immediate action,
"Kyungdo Co., Ltd.",Corée du Sud,C,49.4,Acheteur potentiel,Electronic components,Vend des sous-systèmes / composants à un OEM construisant Optronics / Optics.,"Kyungdo Co., Ltd. sells optronics, they need detector and electronics suppliers. Lead with quality data.","Hi — Kyungdo Co., Ltd.",http://www.kyungdo.net/,,New,Keep in watchlist,
L&D Jet Techniek,Belgique,C,46.4,Acheteur potentiel,Mechanical parts,Vend des sous-systèmes / composants à un OEM construisant Logistics equipment.,L&D Jet Techniek sells naval kit — long sales cycle. Programme office is the buyer.,Hi — L&D Jet Techniek ships Logistics equipment to defense customers.,https://ldtechnics.com/,,New,Keep in watchlist,
L3Harris Technologies,États-Unis,B,71.0,Acheteur potentiel,Electronic components,"Capteurs, payloads optroniques, communications pour plateformes ISR.","ISR platforms aggregate sensors, comms and AI. Map L3Harris Technologies's integration partners.","Hi — I noticed L3Harris Technologies builds Sensors, Optronics / Optics (+5) for Intelligence / ISR.",http://www.l3harris.com/,https://www.linkedin.com/company/l3harris-technologies,New,Review website and validate opportunity,
La Banque Postale,France,D,,À vérifier,To enrich,Qualifier l'activité avant tout pitch ciblé.,To enrich,To enrich,https://www.labanquepostale.fr/,,New,No immediate action,
La Dimension Mécanique (LDM),France,D,,À vérifier,To enrich,Qualifier l'activité avant tout pitch ciblé.,To enrich,To enrich,http://www.ldmeca.com/,,New,No immediate action,
LACHANT GROUP,France,D,,À vérifier,To enrich,Qualifier l'activité avant tout pitch ciblé.,To enrich,To enrich,,,New,No immediate action,
LACROIX,France,D,,À vérifier,To enrich,Qualifier l'activité avant tout pitch ciblé.,To enrich,To enrich,http://www.lacroix-defense.com/,,New,No immediate action,
LAMRE,France,D,,À vérifier,To enrich,Qualifier l'activité avant tout pitch ciblé.,To enrich,To enrich,http://www.lamre.fr/fr/,,New,No immediate action,
LANCO,France,B,62.5,Acheteur potentiel,Sensors,"Vend des sous-systèmes / composants à un OEM construisant NRBC / CBRN, Vehicles.",LANCO buys for next-gen platforms — engineering and supply chain are the buyers.,"Hi — LANCO ships NRBC / CBRN, Vehicles to Navy, Police / law enforcement (+2).",http://www.lanco-tentes.fr/,https://www.linkedin.com/company/lanco-sas/,New,Review website and validate opportunity,
LAPP MULLER,France,B,66.1,Acheteur potentiel,Engines / propulsion,"Radars, sonars, comms, armement, sustainment pour primes navals.","Naval primes buy radars, sonars, comms, weapons and sustainment in long cycles.","Hi — I noticed LAPP MULLER builds Vehicles, Sensors (+2) for Naval defense.",http://lappmuller.lappgroup.com/,https://www.linkedin.com/company/84945970/admin/dashboard/,New,Review website and validate opportunity,
Largillière Finance,France,B,65.4,Acheteur potentiel,Cloud / data services,"Outils CAD, simulation, certification pour bureau d'études.","Engineering shops buy CAD licences, simulation tools and certification services.","Hi — I noticed Largillière Finance builds Software / Platforms, Logistics equipment (+1) for Engineering services.",http://www.largilliere-finance.com/,https://www.linkedin.com/company/largilli-re-finance/?viewAsMember=true,New,Review website and validate opportunity,
Laser Techniques Company,États-Unis,D,15.6,À vérifier,Industrial subcontracting / machining,Qualifier l'activité avant tout pitch ciblé.,"Public sources too thin — discovery call first, focused pitch second.",Hi — I noticed Laser Techniques Company at Eurosatory.,https://www.laser-ndt.com/,,New,No immediate action,
Latence Technologies Inc. (LatenceTech),Canada,A,80.0,Acheteur potentiel,Cloud / data services,"Composites, capteurs, comms, lancement pour primes spatiaux.","Space primes source composites, sensors, comms and launch services.",Hi — I noticed Latence Technologies Inc.,http://www.latencetech.com/,https://www.linkedin.com/company/latence-technologies,New,Contact sales team and qualify need,
"LD Systems, Bozeman Montana",États-Unis,B,63.0,Acheteur potentiel,Engines / propulsion,"Textiles, composites, optronique, énergie pour kits soldat.","Soldier system vendors source textiles, composites, optronics and energy. Lead with NATO / military pedigree.","Hi — I noticed LD Systems, Bozeman Montana builds Vehicles, UAV / drones (+8) for Soldier systems.",https://www.ldsystems.us/,https://www.linkedin.com/company/ldsystems-us,New,Review website and validate opportunity,
"Le Bureau des Légendes, l'Escape Game Immersif",France,D,,À vérifier,To enrich,Qualifier l'activité avant tout pitch ciblé.,To enrich,To enrich,https://souslegende.com/,,New,No immediate action,
LE GUELLEC,France,D,,À vérifier,To enrich,Qualifier l'activité avant tout pitch ciblé.,To enrich,To enrich,https://www.leguellec.com/,,New,No immediate action,
LEADER,France,D,,À vérifier,To enrich,Qualifier l'activité avant tout pitch ciblé.,To enrich,To enrich,http://www.leader-group.company/fr,,New,No immediate action,
LEAFIELD CASES,Royaume-Uni,B,64.6,Acheteur potentiel,Engines / propulsion,Sub-system / payload pour OEM drones tactiques.,UAV programs are scaling — LEAFIELD CASES is buying. Position [your sub-system] as a qualified alternative on their next platform.,"Hi — LEAFIELD CASES ships Vehicles, UAV / drones (+1) to Navy.",http://www.leafieldcases.com/,https://www.linkedin.com/company/11158761/admin/dashboard/,New,Review website and validate opportunity,
LEBLANC SAS,France,D,,À vérifier,To enrich,Qualifier l'activité avant tout pitch ciblé.,To enrich,To enrich,,,New,No immediate action,
LEMO FRANCE,France,A,76.0,Acheteur potentiel,Energy / batteries,"Fournisseur de batteries, moteurs, optronique, RF, composites pour fabricants UAV.","UAV builds need batteries, motors, optronics, RF links and composites. Map their bill of materials with the supply chain lead.","Hi — I noticed LEMO FRANCE builds UAV / drones, Optronics / Optics (+4) for UAV / drones.",http://www.lemo.com/,https://www.linkedin.com/company/lemo?originalSubdomain=fr,New,Contact sales team and qualify need,
Leonardo,Italie,A,84.0,Acheteur potentiel,Engines / propulsion,"Capteurs, payloads optroniques, communications pour plateformes ISR.","ISR platforms aggregate sensors, comms and AI. Map Leonardo's integration partners.","Hi — I noticed Leonardo builds Vehicles, UAV / drones (+13) for Intelligence / ISR.",http://www.leonardo.com/,https://www.linkedin.com/company/leonardo_company/,New,Contact sales team and qualify need,
Leonardo DRS,États-Unis,D,17.6,À vérifier,Industrial subcontracting / machining,Qualifier l'activité avant tout pitch ciblé.,"Public sources too thin — discovery call first, focused pitch second.",Hi — I noticed Leonardo DRS at Eurosatory.,http://www.leonardodrs.com/,https://www.linkedin.com/company/leonardodrs/,New,No immediate action,
LEROY AUTOMATION,France,D,,À vérifier,To enrich,Qualifier l'activité avant tout pitch ciblé.,To enrich,To enrich,https://www.leroy-automation.com/,,New,No immediate action,
"Leupold & Stevens, Inc.",États-Unis,D,,À vérifier,To enrich,Qualifier l'activité avant tout pitch ciblé.,To enrich,To enrich,https://www.leupold.com/,,New,No immediate action,
LFE,France,D,,À vérifier,To enrich,Qualifier l'activité avant tout pitch ciblé.,To enrich,To enrich,,,New,No immediate action,
LGM,France,B,68.6,Acheteur potentiel,Industrial subcontracting / machining,"Radars, sonars, comms, armement, sustainment pour primes navals.","Naval primes buy radars, sonars, comms, weapons and sustainment in long cycles.","Hi — I noticed LGM builds Electronic components, Naval systems for Naval defense.",http://www.lgm.group/,https://www.linkedin.com/company/lgmgroup/posts/?feedView=all,New,Review website and validate opportunity,
LIBNER SAS,France,C,58.3,Acheteur potentiel,Engines / propulsion,"Pièces de rechange, calibration, certification pour acteurs MRO.","MRO providers source spare parts, calibration tools and certification services. Procurement is the buyer.",Hi — I noticed LIBNER SAS builds Vehicles for Logistics / MRO.,http://libner.fr/,https://www.linkedin.com/company/5142483/,New,Keep in watchlist,
Liebherr Group,Allemagne,A,82.0,Acheteur potentiel,Engines / propulsion,"Radars, sonars, comms, armement, sustainment pour primes navals.","Naval primes buy radars, sonars, comms, weapons and sustainment in long cycles.","Hi — I noticed Liebherr Group builds Vehicles, Simulators / Training (+8) for Naval defense.",http://www.liebherr.com/,https://www.linkedin.com/company/liebherr/posts/?feedView=all&viewAsMember=true,New,Contact sales team and qualify need,
LIFE SHIELD MILITARY INDUSTRIES,Arabie saoudite,A,75.5,Acheteur potentiel,Energy / batteries,"Capteurs, payloads optroniques, communications pour plateformes ISR.","ISR platforms aggregate sensors, comms and AI. Map LIFE SHIELD MILITARY INDUSTRIES's integration partners.","Hi — I noticed LIFE SHIELD MILITARY INDUSTRIES builds UAV / drones, Weapons (+11) for Intelligence / ISR.",http://lifeshield.com.sa/,https://www.linkedin.com/company/lifeshieldksa,New,Contact sales team and qualify need,
LIG Defense&Aerospace,Corée du Sud,B,68.0,Acheteur potentiel,Energy / batteries,"Fournisseur de batteries, moteurs, optronique, RF, composites pour fabricants UAV.","UAV builds need batteries, motors, optronics, RF links and composites. Map their bill of materials with the supply chain lead.","Hi — I noticed LIG Defense&Aerospace builds UAV / drones, Ammunition (+1) for UAV / drones.",http://www.ligdefenseaerospace.com/,,New,Review website and validate opportunity,
LIGHTSPACE TECHNOLOGIES,Lettonie,D,,À vérifier,To enrich,Qualifier l'activité avant tout pitch ciblé.,To enrich,To enrich,https://www.lightspace3d.com/,,New,No immediate action,
Lindner & Fischer,Allemagne,B,73.5,Acheteur potentiel,Engines / propulsion,"Vend des sous-systèmes / composants à un OEM construisant Vehicles, Logistics equipment.",Lindner & Fischer buys for next-gen platforms — engineering and supply chain are the buyers.,"Hi — Lindner & Fischer ships Vehicles, Logistics equipment (+3) to Border / customs.",https://www.lindner-fischer.com/,www.linkedin.com/company/lindnerfischer,New,Review website and validate opportunity,
LINE-X / PAXCON,France,D,,À vérifier,To enrich,Qualifier l'activité avant tout pitch ciblé.,To enrich,To enrich,http://www.line-x.fr/,https://www.linkedin.com/company/line-x-france/,New,No immediate action,
LIQTRA,Allemagne,B,61.0,Acheteur potentiel,Energy / batteries,"Fournisseur de batteries, moteurs, optronique, RF, composites pour fabricants UAV.","UAV builds need batteries, motors, optronics, RF links and composites. Map their bill of materials with the supply chain lead.","Hi — I noticed LIQTRA builds UAV / drones, Software / Platforms (+6) for UAV / drones.",https://www.liqtra.de/,,New,Review website and validate opportunity,
LISTA,Suisse,B,65.4,Acheteur potentiel,Engines / propulsion,"Pièces de rechange, calibration, certification pour acteurs MRO.","MRO providers source spare parts, calibration tools and certification services. Procurement is the buyer.","Hi — I noticed LISTA builds Vehicles, Logistics equipment for Logistics / MRO.",http://www.lista.com/,https://www.linkedin.com/company/lista-group,New,Review website and validate opportunity,
LITEF,Allemagne,B,73.5,Acheteur potentiel,Electronic components,"Amplis RF, processeurs signal, embarqué, antennes pour EW.","EW systems source RF amplifiers, signal-processing chips, embedded computing and antennas. Talk to RF system lead.","Hi — I noticed LITEF builds Sensors, Electronic components (+7) for Electronic warfare.",http://www.litef.com/,https://www.linkedin.com/company/ng-litef/,New,Review website and validate opportunity,
LiveDrop,Pays-Bas,A,77.0,Acheteur potentiel,Electronic components,"Composants, sous-systèmes, software, services pour primes C4ISR.",C4ISR primes integrate hundreds of components — the sourcing surface is huge. Procurement / supply chain is the entry point.,"Hi — I noticed LiveDrop builds Optronics / Optics, Software / Platforms (+2) for C4ISR.",http://www.livedrop.eu/,,New,Contact sales team and qualify need,
LKOMITROS STEEL SA,Grèce,D,,À vérifier,To enrich,Qualifier l'activité avant tout pitch ciblé.,To enrich,To enrich,https://www.lykomitros-steel.gr/,,New,No immediate action,
"LLC ""VYRIY INDUSTRY",Ukraine,C,51.4,Acheteur potentiel,Energy / batteries,Sub-system / payload pour OEM drones tactiques.,"UAV programs are scaling — LLC ""VYRIY INDUSTRY is buying. Position [your sub-system] as a qualified alternative on their next platform.","Hi — LLC ""VYRIY INDUSTRY ships UAV / drones, Robotics / UGV to defense customers.",https://www.vyriy.com/,,New,Keep in watchlist,
LLC Oko Camera,Ukraine,B,64.0,Acheteur potentiel,Engines / propulsion,"Capteurs, payloads optroniques, communications pour plateformes ISR.","ISR platforms aggregate sensors, comms and AI. Map LLC Oko Camera's integration partners.","Hi — I noticed LLC Oko Camera builds Vehicles, UAV / drones (+5) for Intelligence / ISR.",http://oko.camera/en,https://www.linkedin.com/company/oko-camera/,New,Review website and validate opportunity,
LMB Fans & Motors,France,D,,À vérifier,To enrich,Qualifier l'activité avant tout pitch ciblé.,To enrich,To enrich,https://www.lmbaerospace.com/,,New,No immediate action,
LMT DEFENSE,États-Unis,B,73.0,Acheteur potentiel,Electronic components,"Vend des sous-systèmes / composants à un OEM construisant Optronics / Optics, Weapons.","LMT DEFENSE sells to land forces — they need sub-systems, composites and certification.","Hi — LMT DEFENSE ships Optronics / Optics, Weapons (+3) to Land forces, Defense ministries (+2).",http://www.lmtdefense.com/,https://www.linkedin.com/company/lewis-machine-&-tool-co/posts/?feedView=all,New,Review website and validate opportunity,
LN INNOV,France,D,,À vérifier,To enrich,Qualifier l'activité avant tout pitch ciblé.,To enrich,To enrich,https://www.lninnov.com/,,New,No immediate action,
Lockheed Martin,États-Unis,D,,À vérifier,To enrich,Qualifier l'activité avant tout pitch ciblé.,To enrich,To enrich,http://www.lockheedmartin.com/,,New,No immediate action,
LOGAERO SERVICES,France,D,,À vérifier,To enrich,Qualifier l'activité avant tout pitch ciblé.,To enrich,To enrich,https://www.logaero.fr/,,New,No immediate action,
LOGIC INSTRUMENT,France,D,,À vérifier,To enrich,Qualifier l'activité avant tout pitch ciblé.,To enrich,To enrich,https://logic-instrument.com/,https://www.linkedin.com/company/131444/admin/dashboard/,New,No immediate action,
LoXoLock Ltd.,Hongrie,B,69.0,Acheteur potentiel,Mechanical parts,"Outils SOC/SIEM, brique de sécurité défensive pour vendeur cyber.","LoXoLock Ltd. sells cyber to defense — they also need NDA-friendly suppliers for components, cloud and audits. Lead with compliance pedigree.","Hi — LoXoLock Ltd. ships Weapons, Logistics equipment (+3) to Police / law enforcement.",https://loxolock.com/,,New,Review website and validate opportunity,
LPP,République tchèque,B,66.0,Acheteur potentiel,Energy / batteries,"Capteurs, payloads optroniques, communications pour plateformes ISR.","ISR platforms aggregate sensors, comms and AI. Map LPP's integration partners.","Hi — I noticed LPP builds UAV / drones, Sensors (+4) for Intelligence / ISR.",http://www.lp-praha.cz/,https://www.linkedin.com/company/lpp-holding-a-s,New,Review website and validate opportunity,
LR Pure Group,Allemagne,B,64.5,Acheteur potentiel,Mechanical parts,"Verre spécial, détecteurs, mécanique de précision pour optronique.","Optronics suppliers buy specialty glass, detectors and precision mechanics. Talk to procurement and engineering.","Hi — I noticed LR Pure Group builds Logistics equipment, Engines / propulsion (+4) for Optics / optronics.",http://www.lr-pure.com/,https://www.linkedin.com/company/105510190/admin/dashboard/,New,Review website and validate opportunity,
LS MTRON LTD.,Corée du Sud,D,,À vérifier,To enrich,Qualifier l'activité avant tout pitch ciblé.,To enrich,To enrich,http://www.lstrackshoe.com/,,New,No immediate action,
LTMilTech,Lituanie,C,54.3,Acheteur potentiel,Energy / batteries,Sub-system / payload pour OEM drones tactiques.,UAV programs are scaling — LTMilTech is buying. Position [your sub-system] as a qualified alternative on their next platform.,Hi — LTMilTech ships UAV / drones to defense customers.,https://ltmiltech.com/,,New,Keep in watchlist,
Lubawa SA,Pologne,D,,À vérifier,To enrich,Qualifier l'activité avant tout pitch ciblé.,To enrich,To enrich,https://lubawa.com.pl/en/,,New,No immediate action,
LUCE HYDRO,France,D,,À vérifier,To enrich,Qualifier l'activité avant tout pitch ciblé.,To enrich,To enrich,https://luce-hydro.fr/,,New,No immediate action,
Lucius & Baer GmbH,Allemagne,B,69.5,Acheteur potentiel,Mechanical parts,"Front-ends RF, processeurs, mécanique de précision pour fabricants radars.","Radar / sensor lines need specialised electronics, signal processing chips and composite housings. Talk to chief engineer.","Hi — I noticed Lucius & Baer GmbH builds Logistics equipment, Vehicles (+4) for Radar / sensors.",https://www.lucius-baer.com/,,New,Review website and validate opportunity,
Luma Automation S.A,Pologne,C,47.0,Acheteur potentiel,Mechanical parts,Activité à qualifier — discovery call avant pitch précis.,Public data is thin — qualify the activity before pitching supply.,"Hi — I noticed Luma Automation S.A builds Logistics equipment, Mechanical parts for Other.",https://lumaautomation.eu/,,New,Keep in watchlist,
LUMIBIRD PHOTONICS SWEDEN,Suède,D,,À vérifier,To enrich,Qualifier l'activité avant tout pitch ciblé.,To enrich,To enrich,https://www.lumibird.com/,,New,No immediate action,
Luna Robotics,Lituanie,A,75.0,Acheteur potentiel,Energy / batteries,"Fournisseur de batteries, moteurs, optronique, RF, composites pour fabricants UAV.","UAV builds need batteries, motors, optronics, RF links and composites. Map their bill of materials with the supply chain lead.","Hi — I noticed Luna Robotics builds UAV / drones, Optronics / Optics (+2) for UAV / drones.",http://www.lunarobotics.eu/,https://www.linkedin.com/company/luna-robotics-uab/posts/?feedView=all,New,Contact sales team and qualify need,
LuxDefence,Luxembourg,D,15.6,À vérifier,Industrial subcontracting / machining,Qualifier l'activité avant tout pitch ciblé.,"Public sources too thin — discovery call first, focused pitch second.",Hi — I noticed LuxDefence at Eurosatory.,https://www.luxdefence.lu/,,New,No immediate action,
LUXEMBOURG INSTITUTE OF SCIENCE AND TECHNOLOGY (LIST),Luxembourg,D,,À vérifier,To enrich,Qualifier l'activité avant tout pitch ciblé.,To enrich,To enrich,https://www.list.lu/,,New,No immediate action,
LUXEMBOURG TRADE & INVEST,Luxembourg,B,73.5,Acheteur potentiel,Mechanical parts,"Vend des sous-systèmes / composants à un OEM construisant Logistics equipment, Communications networks.",LUXEMBOURG TRADE & INVEST builds space hardware — they need certified components and test services.,"Hi — LUXEMBOURG TRADE & INVEST ships Logistics equipment, Communications networks (+3) to defense customers.",http://luxembourgtradeandinvest.com/,https://www.linkedin.com/company/luxembourg-trade-and-invest/posts/?feedView=all,New,Review website and validate opportunity,
LUXGOVSAT S.A.,Luxembourg,C,48.0,Acheteur potentiel,Composite materials,Vend des sous-systèmes / composants à un OEM construisant Satellites / Space.,LUXGOVSAT S.A. builds space hardware — they need certified components and test services.,Hi — LUXGOVSAT S.A. ships Satellites / Space to defense customers.,http://govsat.lu/,https://lu.linkedin.com/company/govsat,New,Keep in watchlist,
LUXUAV,Luxembourg,B,74.0,Acheteur potentiel,Engines / propulsion,"Composants, sous-systèmes, software, services pour primes C4ISR.",C4ISR primes integrate hundreds of components — the sourcing surface is huge. Procurement / supply chain is the entry point.,"Hi — I noticed LUXUAV builds Vehicles, UAV / drones (+10) for C4ISR.",https://www.luxuav.com/,,New,Review website and validate opportunity,
LV Equipment BV,Pays-Bas,B,71.7,Acheteur potentiel,Electronic components,"Vend des sous-systèmes / composants à un OEM construisant Optronics / Optics, Soldier equipment.",LV Equipment BV sells to forces — they need certified materials and ergonomic sub-systems.,"Hi — LV Equipment BV ships Optronics / Optics, Soldier equipment to Land forces, Police / law enforcement (+1).",http://www.lvequipment.nl/,,New,Review website and validate opportunity,
LV-Teh SIA,Lettonie,B,67.0,Acheteur potentiel,Engines / propulsion,Vend une brique du chain detection-effector aux primes anti-drone.,Defense end-users buying C-UAS solutions are tightening specs every year. Position our offer as a complement to LV-Teh SIA's sensor fusion / kinetic effector chain.,"Hi — LV-Teh SIA ships Vehicles, UAV / drones (+4) to Border / customs, Police / law enforcement (+1).",http://www.lvteh.lv/home/,,New,Review website and validate opportunity,
LYNRED,France,D,,À vérifier,To enrich,Qualifier l'activité avant tout pitch ciblé.,To enrich,To enrich,http://www.lynred.com/,,New,No immediate action,
LYSK,France,D,,À vérifier,To enrich,Qualifier l'activité avant tout pitch ciblé.,To enrich,To enrich,https://lysk.ai/,,New,No immediate action,
M&K LOGISTICS,Brésil,D,,À vérifier,To enrich,Qualifier l'activité avant tout pitch ciblé.,To enrich,To enrich,http://www.meklogistics.com.br/,,New,No immediate action,
MAB ROBOTICS,Pologne,B,70.5,Acheteur potentiel,Energy / batteries,"Capteurs, payloads optroniques, communications pour plateformes ISR.","ISR platforms aggregate sensors, comms and AI. Map MAB ROBOTICS's integration partners.","Hi — I noticed MAB ROBOTICS builds UAV / drones, Software / Platforms (+6) for Intelligence / ISR.",https://www.mabrobotics.pl/,https://www.linkedin.com/company/mabrobotics/,New,Review website and validate opportunity,
MAC JEE,Brésil,D,,À vérifier,To enrich,Qualifier l'activité avant tout pitch ciblé.,To enrich,To enrich,http://www.macjee.com.br/,,New,No immediate action,
Maccaferri - EBS MAC,Italie,B,74.6,Acheteur potentiel,Cloud / data services,"Vend des sous-systèmes / composants à un OEM construisant Software / Platforms, Logistics equipment.",Maccaferri - EBS MAC builds space hardware — they need certified components and test services.,"Hi — Maccaferri - EBS MAC ships Software / Platforms, Logistics equipment (+1) to defense customers.",https://www.maccaferri.com/it/,https://www.linkedin.com/company/maccaferri/,New,Review website and validate opportunity,
"MACK DEFENSE, LLC",États-Unis,A,77.5,Acheteur potentiel,Engines / propulsion,"Composants, sous-systèmes, software, services pour primes C4ISR.",C4ISR primes integrate hundreds of components — the sourcing surface is huge. Procurement / supply chain is the entry point.,"Hi — I noticed MACK DEFENSE, LLC builds Vehicles, Logistics equipment (+4) for C4ISR.",https://www.mackdefense.com/,,New,Contact sales team and qualify need,
Macrodyne Technologies Inc,Canada,A,76.5,Acheteur potentiel,Engines / propulsion,"Vend des sous-systèmes / composants à un OEM construisant Vehicles, UAV / drones.",Macrodyne Technologies Inc builds space hardware — they need certified components and test services.,"Hi — Macrodyne Technologies Inc ships Vehicles, UAV / drones (+12) to Aerospace primes, Navy.",http://www.macrodynepress.com/,https://www.linkedin.com/company/5174474,New,Contact sales team and qualify need,
MADES,Espagne,B,69.5,Acheteur potentiel,Sensors,"Front-ends RF, processeurs, mécanique de précision pour fabricants radars.","Radar / sensor lines need specialised electronics, signal processing chips and composite housings. Talk to chief engineer.","Hi — I noticed MADES builds Naval systems, Vehicles (+7) for Radar / sensors.",http://www.mades.es/,,New,Review website and validate opportunity,
MAFELEC TEAM - PETERCEM SWITCHES - COMTRONIC,France,D,,À vérifier,To enrich,Qualifier l'activité avant tout pitch ciblé.,To enrich,To enrich,http://www.petercem.com/,https://www.linkedin.com/company/mafelec-team/,New,No immediate action,
MAG IAS GMBH,Allemagne,C,55.5,Acheteur potentiel,Cloud / data services,"Vend des sous-systèmes / composants à un OEM construisant Software / Platforms, Weapons.",MAG IAS GMBH is a regulated buyer — lead with ITAR/AQAP/EN9100 credentials.,"Hi — MAG IAS GMBH ships Software / Platforms, Weapons (+1) to defense customers.",http://www.ffg-ea.com/,https://www.linkedin.com/company/ffg-fairfriendgroup/,New,Keep in watchlist,
MAGAM SAFTEY LTD.,Israël,C,50.6,Acheteur potentiel,Engines / propulsion,"Moteurs, composites, plaques balistiques, optronique, comms pour OEM blindés.","Armored vehicle OEMs buy engines, composites, ballistic plates, optronics, comms and specialised mechanics in volume.",Hi — I noticed MAGAM SAFTEY LTD.,https://magam-safety.com/,,New,Keep in watchlist,
MAGELLIUM ARTAL GROUP,France,A,76.0,Acheteur potentiel,Mechanical parts,"Capteurs, payloads optroniques, communications pour plateformes ISR.","ISR platforms aggregate sensors, comms and AI. Map MAGELLIUM ARTAL GROUP's integration partners.","Hi — I noticed MAGELLIUM ARTAL GROUP builds Logistics equipment, Satellites / Space (+2) for Intelligence / ISR.",http://www.magellium.com/,https://www.linkedin.com/company/magellium,New,Contact sales team and qualify need,
MAGNA POWERTRAIN,Autriche,D,,À vérifier,To enrich,Qualifier l'activité avant tout pitch ciblé.,To enrich,To enrich,https://engineering.mpt.magna.com/,,New,No immediate action,
MAGPUL,États-Unis,B,72.0,Acheteur potentiel,Mechanical parts,"Vend des sous-systèmes / composants à un OEM construisant Weapons, Logistics equipment.",MAGPUL's ISR offer needs sensor primes and data-fusion suppliers. Engineering / programme is the buyer.,"Hi — MAGPUL ships Weapons, Logistics equipment (+3) to Land forces, Air forces (+2).",http://magpul.com/government,https://www.linkedin.com/company/magpul-industries-corp/,New,Review website and validate opportunity,
MAGYAR,France,C,59.4,Acheteur potentiel,Mechanical parts,"Vend des sous-systèmes / composants à un OEM construisant Logistics equipment, Vehicles.",MAGYAR buys for next-gen platforms — engineering and supply chain are the buyers.,"Hi — MAGYAR ships Logistics equipment, Vehicles to defense customers.",http://www.magyar.fr/,,New,Keep in watchlist,
MAHA SE & Co. KG.,Allemagne,A,80.0,Acheteur potentiel,Engines / propulsion,"Front-ends RF, processeurs, mécanique de précision pour fabricants radars.","Radar / sensor lines need specialised electronics, signal processing chips and composite housings. Talk to chief engineer.",Hi — I noticed MAHA SE & Co.,https://www.maha.de/,,New,Contact sales team and qualify need,
MAHLE,Allemagne,A,75.0,Acheteur potentiel,Engines / propulsion,"Visuel, motion, haptique, IA pour fabricants de simulateurs.",Simulator builders source visual / motion / haptics hardware and AI components. Engineering is the buyer.,"Hi — I noticed MAHLE builds Vehicles, Engines / propulsion (+1) for Simulation / training.",http://www.mahle.com/,https://www.linkedin.com/company/mahle/,New,Contact sales team and qualify need,
MAHR,France,A,80.0,Acheteur potentiel,RF / microwave components,"Textiles, composites, optronique, énergie pour kits soldat.","Soldier system vendors source textiles, composites, optronics and energy. Lead with NATO / military pedigree.","Hi — I noticed MAHR builds Communications networks, Optronics / Optics (+4) for Soldier systems.",http://www.mahr.com/,https://fr.linkedin.com/company/mahr-france,New,Contact sales team and qualify need,
Maibach Industrie-Plastic,Allemagne,D,,À vérifier,To enrich,Qualifier l'activité avant tout pitch ciblé.,To enrich,To enrich,https://www.maibach-ipg.de/,,New,No immediate action,
Maintenance Industrielle sur Site,France,C,56.5,Fournisseur potentiel,Mechanical parts,"Pièces de rechange, calibration, certification pour acteurs MRO.","MRO providers source spare parts, calibration tools and certification services. Procurement is the buyer.","Hi — I noticed Maintenance Industrielle sur Site builds Logistics equipment, Mechanical parts for Logistics / MRO.",http://mis-france.com/,https://www.linkedin.com/company/m.i.s/?viewAsMember=true,New,Keep in watchlist,
MAINTLOG,France,B,71.5,Acheteur potentiel,Electronic components,"Front-ends RF, processeurs, mécanique de précision pour fabricants radars.","Radar / sensor lines need specialised electronics, signal processing chips and composite housings. Talk to chief engineer.","Hi — I noticed MAINTLOG builds Sensors, Software / Platforms (+3) for Radar / sensors.",http://www.maintlog.fr/,https://linkedin.com/company/maintlog?originalSubdomain=fr,New,Review website and validate opportunity,
MAISONNEUVE SAS,France,D,,À vérifier,To enrich,Qualifier l'activité avant tout pitch ciblé.,To enrich,To enrich,https://www.maisonneuve-citerne.com/,,New,No immediate action,
Makel Mekanik Mühendislik,Turquie,D,16.6,À vérifier,Industrial subcontracting / machining,Qualifier l'activité avant tout pitch ciblé.,"Public sources too thin — discovery call first, focused pitch second.",Hi — I noticed Makel Mekanik Mühendislik at Eurosatory.,http://www.suprobox.com/,,New,No immediate action,
MAKINE VE KIMYA ENDUSTRISI,Turquie,D,,À vérifier,To enrich,Qualifier l'activité avant tout pitch ciblé.,To enrich,To enrich,https://www.mke.gov.tr/,,New,No immediate action,
MANITOU,France,C,59.4,Acheteur potentiel,RF / microwave components,Vend des sous-systèmes / composants à un OEM construisant Communications networks.,MANITOU performs MRO — they need parts and engineering support. Direct procurement angle.,Hi — MANITOU ships Communications networks to Civil security / fire.,http://www.manitou.com/defence-market,,New,Keep in watchlist,
MANN+HUMMEL,Allemagne,D,,À vérifier,To enrich,Qualifier l'activité avant tout pitch ciblé.,To enrich,To enrich,https://oem.mann-hummel.com/de.html,,New,No immediate action,
Mantis,États-Unis,D,,À vérifier,To enrich,Qualifier l'activité avant tout pitch ciblé.,To enrich,To enrich,https://www.mantisx.com/,,New,No immediate action,
Manufacture du Haut Rhin (Manurhin),France,B,62.4,Acheteur potentiel,Energetic materials,"Matériaux énergétiques, mécanique, packaging, certification.","Ammunition makers buy energetic materials, mechanical parts, packaging and certification services.",Hi — I noticed Manufacture du Haut Rhin (Manurhin) builds Ammunition for Ammunition.,http://www.mhr-defense.com/,https://www.linkedin.com/company/manufacture-haut-rhin/mycompany,New,Review website and validate opportunity,
MANUFACTURE FRANCAISE DES PNEUMATIQUES,France,D,,À vérifier,To enrich,Qualifier l'activité avant tout pitch ciblé.,To enrich,To enrich,https://defense.michelingroup.com/,,New,No immediate action,
Marathon Targets,États-Unis,D,,À vérifier,To enrich,Qualifier l'activité avant tout pitch ciblé.,To enrich,To enrich,https://www.marathon-targets.com/,,New,No immediate action,
MARCK & BALSAN,France,B,70.9,Acheteur potentiel,Electronic components,"Fournisseur de batteries, moteurs, optronique, RF, composites pour fabricants UAV.","UAV builds need batteries, motors, optronics, RF links and composites. Map their bill of materials with the supply chain lead.","Hi — I noticed MARCK & BALSAN builds Robotics / UGV, UAV / drones for UAV / drones.",http://www.marcketbalsan.fr/,https://www.linkedin.com/company/marcketbalsan/,New,Review website and validate opportunity,
MARDUK TECHNOLOGIES,Estonie,D,,À vérifier,To enrich,Qualifier l'activité avant tout pitch ciblé.,To enrich,To enrich,https://www.marduk.ee/,,New,No immediate action,
MARINE INSTRUMENTS,Espagne,D,,À vérifier,To enrich,Qualifier l'activité avant tout pitch ciblé.,To enrich,To enrich,https://www.marineinstruments.es/,,New,No immediate action,
Maritan Glass S.r.l.,Italie,D,35.6,À vérifier,Industrial subcontracting / machining,Qualifier l'activité avant tout pitch ciblé.,"Confirm naval scope: shipbuilder, sub-system or services.",Hi — I noticed Maritan Glass S.r.l.,https://www.maritanglass.com/it,https://www.linkedin.com/company/maritanglass,New,No immediate action,
Maritan Glass S.r.l.,Italie,D,,À vérifier,To enrich,Qualifier l'activité avant tout pitch ciblé.,To enrich,To enrich,https://www.maritanglass.com/,,New,No immediate action,
Markforged,États-Unis,D,20.6,À vérifier,Industrial subcontracting / machining,Qualifier l'activité avant tout pitch ciblé.,"Public sources too thin — discovery call first, focused pitch second.",Hi — I noticed Markforged at Eurosatory.,http://markforged.com/,https://www.linkedin.com/company/markforged/,New,No immediate action,
MARLOW ROPES LTD,Royaume-Uni,A,75.0,Acheteur potentiel,Engines / propulsion,"Radars, sonars, comms, armement, sustainment pour primes navals.","Naval primes buy radars, sonars, comms, weapons and sustainment in long cycles.","Hi — I noticed MARLOW ROPES LTD builds Vehicles, Sensors (+4) for Naval defense.",http://www.marlowropes.com/,https://www.linkedin.com/company/marlow-ropes-ltd/,New,Contact sales team and qualify need,
MAROM DOLPHIN,Israël,D,,À vérifier,To enrich,Qualifier l'activité avant tout pitch ciblé.,To enrich,To enrich,http://www.marom-dolphin.com/,,New,No immediate action,
Marposs,États-Unis,A,76.0,Acheteur potentiel,Industrial subcontracting / machining,"Front-ends RF, processeurs, mécanique de précision pour fabricants radars.","Radar / sensor lines need specialised electronics, signal processing chips and composite housings. Talk to chief engineer.","Hi — I noticed Marposs builds Electronic components, Robotics / UGV (+8) for Radar / sensors.",http://www.marposs.com/,https://www.linkedin.com/company/marposs/,New,Contact sales team and qualify need,
MARREL SAS,France,D,34.8,Acheteur potentiel,Engines / propulsion,Vend des sous-systèmes / composants à un OEM construisant Vehicles.,Qualify the activity before pitching.,Hi — MARREL SAS ships Vehicles to defense customers.,http://www.marrel.com/,https://www.linkedin.com/company/marrel-sas/,New,No immediate action,
MARS A.S.,République tchèque,D,,À vérifier,To enrich,Qualifier l'activité avant tout pitch ciblé.,To enrich,To enrich,https://eshop.marsjev.cz/,,New,No immediate action,
MARS Armor,Bulgarie,B,70.5,Acheteur potentiel,Composite materials,"Textiles, composites, optronique, énergie pour kits soldat.","Soldier system vendors source textiles, composites, optronics and energy. Lead with NATO / military pedigree.","Hi — I noticed MARS Armor builds Soldier equipment, Ammunition (+3) for Soldier systems.",http://www.marsarmor.com/,https://www.linkedin.com/company/mars-armor,New,Review website and validate opportunity,
MASA GROUP,France,B,74.5,Acheteur potentiel,Cloud / data services,"Capteurs, payloads optroniques, communications pour plateformes ISR.","ISR platforms aggregate sensors, comms and AI. Map MASA GROUP's integration partners.","Hi — I noticed MASA GROUP builds Software / Platforms, Robotics / UGV (+5) for Intelligence / ISR.",http://masasim.com/,https://www.linkedin.com/company/masa-group/,New,Review website and validate opportunity,
MASCHINENFABRIK LIEZEN UND GIESSEREI GMBH,Autriche,B,61.0,Acheteur potentiel,Engines / propulsion,"Moteurs, composites, plaques balistiques, optronique, comms pour OEM blindés.","Armored vehicle OEMs buy engines, composites, ballistic plates, optronics, comms and specialised mechanics in volume.","Hi — I noticed MASCHINENFABRIK LIEZEN UND GIESSEREI GMBH builds Vehicles, Ammunition (+2) for Armored vehicles.",https://www.mfl.at/en/,,New,Review website and validate opportunity,
Masperotech Srl,Italie,B,71.5,Acheteur potentiel,Mechanical parts,"Textiles, composites, optronique, énergie pour kits soldat.","Soldier system vendors source textiles, composites, optronics and energy. Lead with NATO / military pedigree.","Hi — I noticed Masperotech Srl builds Logistics equipment, Mechanical parts (+4) for Soldier systems.",http://www.masperotech.it/,https://www.linkedin.com/company/masperotech/?viewAsMember=true,New,Review website and validate opportunity,
Mastsystem,Finlande,B,71.0,Acheteur potentiel,Engines / propulsion,"Amplis RF, processeurs signal, embarqué, antennes pour EW.","EW systems source RF amplifiers, signal-processing chips, embedded computing and antennas. Talk to RF system lead.","Hi — I noticed Mastsystem builds Vehicles, Composite materials (+6) for Electronic warfare.",http://mastsystem.com/,https://www.linkedin.com/company/mastsystem,New,Review website and validate opportunity,
Materialise NV,Belgique,A,81.0,Acheteur potentiel,Energy / batteries,"Fournisseur de batteries, moteurs, optronique, RF, composites pour fabricants UAV.","UAV builds need batteries, motors, optronics, RF links and composites. Map their bill of materials with the supply chain lead.","Hi — I noticed Materialise NV builds UAV / drones, Optronics / Optics (+10) for UAV / drones.",https://www.materialise.be/,,New,Contact sales team and qualify need,
MATERNA VIRTUAL SOLUTION GMBH,Allemagne,B,70.6,Fournisseur potentiel,Mechanical parts,"Amplis RF, processeurs signal, embarqué, antennes pour EW.","EW systems source RF amplifiers, signal-processing chips, embedded computing and antennas. Talk to RF system lead.","Hi — I noticed MATERNA VIRTUAL SOLUTION GMBH builds Logistics equipment, Software / Platforms (+2) for Electronic warfare.",http://www.virtual-solution.com/,,New,Review website and validate opportunity,
MATISEC,France,B,69.5,Acheteur potentiel,Sensors,"Sous-systèmes, composites, certification pour primes terrestres.",Land defense primes integrate huge supply chains. Procurement is the buyer.,"Hi — I noticed MATISEC builds NRBC / CBRN, Logistics equipment (+2) for Land defense.",http://www.matisec.fr/,https://www.linkedin.com/company/matisec,New,Review website and validate opportunity,
MATRA ELECTRONIQUE,France,D,,À vérifier,To enrich,Qualifier l'activité avant tout pitch ciblé.,To enrich,To enrich,https://www.matra-electronique.fr/,,New,No immediate action,
MATUZA TACTICAL,Lituanie,D,36.6,À vérifier,Industrial subcontracting / machining,Qualifier l'activité avant tout pitch ciblé.,"Public sources too thin — discovery call first, focused pitch second.",Hi — I noticed MATUZA TACTICAL at Eurosatory.,http://matuza-tactical.lt/,,New,No immediate action,
MAURIN FIXATION,France,D,,À vérifier,To enrich,Qualifier l'activité avant tout pitch ciblé.,To enrich,To enrich,https://fixation.emile-maurin.fr/fr/,,New,No immediate action,
MAXON nternational ltd.,Suisse,A,77.5,Acheteur potentiel,Engines / propulsion,"Fournisseur de batteries, moteurs, optronique, RF, composites pour fabricants UAV.","UAV builds need batteries, motors, optronics, RF links and composites. Map their bill of materials with the supply chain lead.",Hi — I noticed MAXON nternational ltd.,http://www.maxonmotor.com/,,New,Contact sales team and qualify need,
MBDA,France,D,,À vérifier,To enrich,Qualifier l'activité avant tout pitch ciblé.,To enrich,To enrich,http://www.mbda-systems.com/,,New,No immediate action,
MC2 TECHNOLOGIES,France,A,77.0,Acheteur potentiel,Energy / batteries,"Capteurs, payloads optroniques, communications pour plateformes ISR.","ISR platforms aggregate sensors, comms and AI. Map MC2 TECHNOLOGIES's integration partners.","Hi — I noticed MC2 TECHNOLOGIES builds UAV / drones, Counter-UAV systems (+13) for Intelligence / ISR.",http://www.mc2-technologies.com/,https://www.linkedin.com/company/mc2technologies,New,Contact sales team and qualify need,
McQ Inc.,États-Unis,D,4.0,À vérifier,To enrich,Qualifier l'activité avant tout pitch ciblé.,"Public sources too thin — discovery call first, focused pitch second.",Hi — I noticed McQ Inc.,https://www.mcqinc.com/,,New,No immediate action,
MCSA,France,C,55.0,Fournisseur potentiel,"Raw materials (steel, aluminium)","Front-ends RF, processeurs, mécanique de précision pour fabricants radars.","Radar / sensor lines need specialised electronics, signal processing chips and composite housings. Talk to chief engineer.","Hi — I noticed MCSA builds Mechanical parts, Sensors for Radar / sensors.",http://www.mcsa.fr/,https://www.linkedin.com/company/mcsa-celerc,New,Keep in watchlist,
MDH DEFENCE,Royaume-Uni,D,,À vérifier,To enrich,Qualifier l'activité avant tout pitch ciblé.,To enrich,To enrich,http://www.mdhdefence.com/,,New,No immediate action,
ME Mobil Elektronik GmbH,Allemagne,B,68.5,Acheteur potentiel,Engines / propulsion,"Threat intel, hardware appliances, cloud souverain, audits.","Cyber-defense vendors source threat intel feeds, hardware appliances, cloud and certification services. Procurement / CISO are entry points.","Hi — I noticed ME Mobil Elektronik GmbH builds Vehicles, Software / Platforms (+6) for Cybersecurity.",https://www.mobil-elektronik.com/,https://www.linkedin.com/company/7354942,New,Review website and validate opportunity,
Mecalectro,France,D,,À vérifier,To enrich,Qualifier l'activité avant tout pitch ciblé.,To enrich,To enrich,http://www.mecalectro.com/,https://www.linkedin.com/company/mecalectro-massy/,New,No immediate action,
MÉCANICAS DE PRESICIÓN TEJEDOR (MTP),Espagne,D,39.4,Acheteur potentiel,Cloud / data services,"Vend des sous-systèmes / composants à un OEM construisant Software / Platforms, Robotics / UGV.",Qualify the activity before pitching.,"Hi — MÉCANICAS DE PRESICIÓN TEJEDOR (MTP) ships Software / Platforms, Robotics / UGV to defense customers.",https://www.mptejedor.com/,,New,No immediate action,
MECANIUM,France,D,,À vérifier,To enrich,Qualifier l'activité avant tout pitch ciblé.,To enrich,To enrich,https://www.mecanium.fr/,,New,No immediate action,
Mecanus Innovación,Espagne,D,5.0,À vérifier,To enrich,Qualifier l'activité avant tout pitch ciblé.,"Public sources too thin — discovery call first, focused pitch second.",Hi — I noticed Mecanus Innovación at Eurosatory.,https://www.linkedin.com/company/mecanus-innovacion,https://www.linkedin.com/company/mecanus-innovacion,New,No immediate action,
Mecapole,France,D,,À vérifier,To enrich,Qualifier l'activité avant tout pitch ciblé.,To enrich,To enrich,https://www.mecapole.fr/,,New,No immediate action,
Mecc Alte International S.A.,Italie,A,78.0,Acheteur potentiel,Mechanical parts,"Pièces de rechange, calibration, certification pour acteurs MRO.","MRO providers source spare parts, calibration tools and certification services. Procurement is the buyer.",Hi — I noticed Mecc Alte International S.A.,https://www.meccalte.com/,https://www.linkedin.com/company/meccalte/,New,Contact sales team and qualify need,
MECCATRONICA,Italie,C,52.6,Acheteur potentiel,Cloud / data services,"Threat intel, hardware appliances, cloud souverain, audits.","Cyber-defense vendors source threat intel feeds, hardware appliances, cloud and certification services. Procurement / CISO are entry points.","Hi — I noticed MECCATRONICA builds Software / Platforms, Robotics / UGV (+1) for Cybersecurity.",http://www.automazionispeciali.it/,,New,Keep in watchlist,
MECH COMPONENTS PRIVATE LIMITED,Inde,C,50.4,Acheteur potentiel,Energetic materials,Vend des sous-systèmes / composants à un OEM construisant Ammunition.,MECH COMPONENTS PRIVATE LIMITED buys raw materials and machining — long lead times. Procurement is the buyer.,Hi — MECH COMPONENTS PRIVATE LIMITED ships Ammunition to defense customers.,http://www.patodiagroup.net/,,New,Keep in watchlist,
MEDIA INDIA,France,D,,À vérifier,To enrich,Qualifier l'activité avant tout pitch ciblé.,To enrich,To enrich,,,New,No immediate action,
Mehler Protection,Allemagne,A,75.5,Acheteur potentiel,Composite materials,"Vend des sous-systèmes / composants à un OEM construisant Ballistic protection, Vehicles.",Mehler Protection sells to forces — they need certified materials and ergonomic sub-systems.,"Hi — Mehler Protection ships Ballistic protection, Vehicles (+4) to Special forces, Police / law enforcement (+1).",https://mehler-systems.com/,https://www.linkedin.com/company/mehler-vario-system-gmbh/mycompany/,New,Contact sales team and qualify need,
MEN,Allemagne,B,69.1,Acheteur potentiel,Mechanical parts,"Vend des sous-systèmes / composants à un OEM construisant Weapons, Ammunition.",MEN is a regulated buyer — lead with ITAR/AQAP/EN9100 credentials.,"Hi — MEN ships Weapons, Ammunition (+1) to Special forces, Police / law enforcement.",http://www.men-defencetec.com/,,New,Review website and validate opportunity,
MENATEK DEFENSE TECHNOLOGIES,Turquie,A,80.0,Acheteur potentiel,Engines / propulsion,"Front-ends RF, processeurs, mécanique de précision pour fabricants radars.","Radar / sensor lines need specialised electronics, signal processing chips and composite housings. Talk to chief engineer.","Hi — I noticed MENATEK DEFENSE TECHNOLOGIES builds Vehicles, Mechanical parts (+3) for Radar / sensors.",http://www.menatek.com.tr/,https://linkedin.com/company/menatek-defense-technologies,New,Contact sales team and qualify need,
Mencl Advanced Systems s.r.o.,République tchèque,C,55.5,Acheteur potentiel,Engines / propulsion,"Usinage de précision, matériaux, optronique, composants munitions ITAR-friendly.","Weapon manufacturers source precision machining, materials, optronics and ammunition components — heavy export control.",Hi — I noticed Mencl Advanced Systems s.r.o.,http://www.masystems.eu/,,New,Keep in watchlist,
mentec GmbH,Allemagne,C,56.6,Acheteur potentiel,Mechanical parts,"Verre spécial, détecteurs, mécanique de précision pour optronique.","Optronics suppliers buy specialty glass, detectors and precision mechanics. Talk to procurement and engineering.","Hi — I noticed mentec GmbH builds Logistics equipment, Optronics / Optics for Optics / optronics.",http://www.mentec.de/,https://www.linkedin.com/company/mentec-gmbh,New,Keep in watchlist,
"MEOPTA SYSTEMS, S.R.O.",République tchèque,D,,À vérifier,To enrich,Qualifier l'activité avant tout pitch ciblé.,To enrich,To enrich,http://www.meopta.com/,,New,No immediate action,
MERCEDES-BENZ AG,Allemagne,D,16.6,À vérifier,Industrial subcontracting / machining,Qualifier l'activité avant tout pitch ciblé.,"Public sources too thin — discovery call first, focused pitch second.",Hi — I noticed MERCEDES-BENZ AG at Eurosatory.,https://www.group.mercedes-benz.com/,,New,No immediate action,
MERIN,Italie,D,,À vérifier,To enrich,Qualifier l'activité avant tout pitch ciblé.,To enrich,To enrich,http://www.merin.it/,,New,No immediate action,
MERIO,France,D,,À vérifier,To enrich,Qualifier l'activité avant tout pitch ciblé.,To enrich,To enrich,http://www.merio.fr/,,New,No immediate action,
MERSEN Advanced Materials,France,D,15.6,À vérifier,Industrial subcontracting / machining,Qualifier l'activité avant tout pitch ciblé.,"Public sources too thin — discovery call first, focused pitch second.",Hi — I noticed MERSEN Advanced Materials at Eurosatory.,http://www.mersen.com/,https://www.linkedin.com/showcase/mersen-graphite-specialties/?viewAsMember=true,New,No immediate action,
MERTSAV DEFENCE,Turquie,C,51.9,Acheteur potentiel,Mechanical parts,Vend des sous-systèmes / composants à un OEM construisant Logistics equipment.,"MERTSAV DEFENCE pitches end-to-end C4ISR; they need sub-systems, software components and compliance services.",Hi — MERTSAV DEFENCE ships Logistics equipment to defense customers.,https://www.mertsav.com.tr/,https://www.linkedin.com/company/mertsav-savunma-sistemleri/?viewAsMember=true,New,Keep in watchlist,
"MESIT asd, s.r.o.",République tchèque,A,76.0,Acheteur potentiel,Composite materials,"RF, crypto, certification interopérabilité pour radios tactiques.","Tactical comms vendors source RF, encryption modules and certifications. Talk to RF / security architect.","Hi — I noticed MESIT asd, s.r.o.",http://www.mesit.cz/,https://www.linkedin.com/company/skupinamesit,New,Contact sales team and qualify need,
METAL INDUSTRIES France,France,D,18.1,À vérifier,Industrial subcontracting / machining,Qualifier l'activité avant tout pitch ciblé.,"Public sources too thin — discovery call first, focused pitch second.",Hi — I noticed METAL INDUSTRIES France at Eurosatory.,http://www.metal-industries.fr/,https://www.linkedin.com/company/metal-industries-france,New,No immediate action,
METAL TECHNOLOGY GROUP - Angel Balevski Holding,Bulgarie,D,,À vérifier,To enrich,Qualifier l'activité avant tout pitch ciblé.,To enrich,To enrich,https://www.mtgbg.com/,,New,No immediate action,
METALLIAGES,France,D,,À vérifier,To enrich,Qualifier l'activité avant tout pitch ciblé.,To enrich,To enrich,https://www.metalliages.fr/,,New,No immediate action,
METEOROLOGICAL INSTRUMENTS,Suisse,D,,À vérifier,To enrich,Qualifier l'activité avant tout pitch ciblé.,To enrich,To enrich,http://www.irdam.ch/,,New,No immediate action,
METRAVIB DEFENCE,France,A,77.0,Acheteur potentiel,Engines / propulsion,"Sous-systèmes, composites, certification pour primes terrestres.",Land defense primes integrate huge supply chains. Procurement is the buyer.,"Hi — I noticed METRAVIB DEFENCE builds Vehicles, Sensors (+6) for Land defense.",http://www.metravib-defence.com/,https://www.linkedin.com/showcase/metravib-defence-protection-of-people-sites-&-vehicles,New,Contact sales team and qualify need,
METROHM France,France,D,,À vérifier,To enrich,Qualifier l'activité avant tout pitch ciblé.,To enrich,To enrich,https://www.metrohm.com/fr_fr.html,https://www.linkedin.com/company/metrohm-france/,New,No immediate action,
METROPACK,France,B,69.5,Acheteur potentiel,Energy / batteries,"Fournisseur de batteries, moteurs, optronique, RF, composites pour fabricants UAV.","UAV builds need batteries, motors, optronics, RF links and composites. Map their bill of materials with the supply chain lead.","Hi — I noticed METROPACK builds UAV / drones, Soldier equipment (+3) for UAV / drones.",http://www.metropack.fr/,https://www.linkedin.com/company/metropack/,New,Review website and validate opportunity,
Meuser Optik,Allemagne,C,49.7,Acheteur potentiel,Cloud / data services,"Vend des sous-systèmes / composants à un OEM construisant Software / Platforms, Optronics / Optics.","Meuser Optik sells optronics, they need detector and electronics suppliers. Lead with quality data.","Hi — Meuser Optik ships Software / Platforms, Optronics / Optics to defense customers.",https://www.meuser-optik.com/,,New,Keep in watchlist,
MEVACO S.A.,Grèce,C,52.7,Fournisseur potentiel,Cloud / data services,"Matières premières, outils coupants, services qualité pour sous-traitants.","Sub-contractors buy raw materials, cutting tools and quality services.",Hi — I noticed MEVACO S.A.,https://www.mevaco.gr/,,New,Keep in watchlist,
MFS DEFENSE,Hongrie,A,80.5,Acheteur potentiel,Cloud / data services,"Matériaux énergétiques, mécanique, packaging, certification.","Ammunition makers buy energetic materials, mechanical parts, packaging and certification services.","Hi — I noticed MFS DEFENSE builds Software / Platforms, Ammunition (+3) for Ammunition.",http://mfs-ammunition.com/,,New,Contact sales team and qualify need,
"MIC, MHTI of Armenia",Armenia,C,49.4,Acheteur potentiel,Energetic materials,Vend des sous-systèmes / composants à un OEM construisant Ammunition.,"MIC, MHTI of Armenia buys raw materials and machining — long lead times. Procurement is the buyer.","Hi — MIC, MHTI of Armenia ships Ammunition to Defense ministries.",https://hightech.gov.am/en/,http://www.linkedin.com/shareArticle?mini=true&url=https://hightech.gov.am/en/hetadarj-kap/hetadarj-kapi-tvyalner&title=&summary=,New,Keep in watchlist,
MICHIGAN ECONOMIC DEVELOPMENT CORPORATION,États-Unis,D,,À vérifier,To enrich,Qualifier l'activité avant tout pitch ciblé.,To enrich,To enrich,http://michiganbusiness.org/,,New,No immediate action,
Michigan Scientific Corporation,États-Unis,D,15.6,À vérifier,Industrial subcontracting / machining,Qualifier l'activité avant tout pitch ciblé.,"Public sources too thin — discovery call first, focused pitch second.",Hi — I noticed Michigan Scientific Corporation at Eurosatory.,https://www.michsci.com/,,New,No immediate action,
MICRON INSTRUMENTS PVT LTD,Inde,D,,À vérifier,To enrich,Qualifier l'activité avant tout pitch ciblé.,To enrich,To enrich,https://www.microninst.com/,,New,No immediate action,
MICROPIERRE SA,France,D,,À vérifier,To enrich,Qualifier l'activité avant tout pitch ciblé.,To enrich,To enrich,,,New,No immediate action,
MICROPOL FIBEROPTIC,Suède,D,,À vérifier,To enrich,Qualifier l'activité avant tout pitch ciblé.,To enrich,To enrich,,,New,No immediate action,
Microsoft,États-Unis,B,61.7,Acheteur potentiel,Mechanical parts,"Visuel, motion, haptique, IA pour fabricants de simulateurs.",Simulator builders source visual / motion / haptics hardware and AI components. Engineering is the buyer.,"Hi — I noticed Microsoft builds Logistics equipment, Simulators / Training for Simulation / training.",http://www.microsoft.com/,,New,Review website and validate opportunity,
Micross Components,États-Unis,D,16.6,À vérifier,Industrial subcontracting / machining,Qualifier l'activité avant tout pitch ciblé.,"Public sources too thin — discovery call first, focused pitch second.",Hi — I noticed Micross Components at Eurosatory.,https://www.micross.com/,https://www.linkedin.com/company/micross-components/,New,No immediate action,
MIFA,Pays-Bas,B,62.4,Acheteur potentiel,Industrial subcontracting / machining,"Verre spécial, détecteurs, mécanique de précision pour optronique.","Optronics suppliers buy specialty glass, detectors and precision mechanics. Talk to procurement and engineering.","Hi — I noticed MIFA builds Electronic components, Mechanical parts (+2) for Optics / optronics.",https://mifa.eu/nl/,,New,Review website and validate opportunity,
MIILUX OY,Turquie,D,,À vérifier,To enrich,Qualifier l'activité avant tout pitch ciblé.,To enrich,To enrich,https://www.miilux.com.tr/en/homepage,,New,No immediate action,
Miilux Oy,Finlande,D,,À vérifier,To enrich,Qualifier l'activité avant tout pitch ciblé.,To enrich,To enrich,,,New,No immediate action,
Mikkelin Kehitysyhtiö MIKSEI Oy / Etelä-Savo Goes Global,Finlande,B,64.6,Fournisseur potentiel,RF / microwave components,"Pièces de rechange, calibration, certification pour acteurs MRO.","MRO providers source spare parts, calibration tools and certification services. Procurement is the buyer.","Hi — I noticed Mikkelin Kehitysyhtiö MIKSEI Oy / Etelä-Savo Goes Global builds Communications networks, Energy / batteries for Logistics / MRO.",https://mikseimikkeli.fi/en/hanke/etela-savo-goes-global-2/,,New,Review website and validate opportunity,
MIKRO-PULSSI,Finlande,D,,À vérifier,To enrich,Qualifier l'activité avant tout pitch ciblé.,To enrich,To enrich,http://www.mikro-pulssi.fi/,,New,No immediate action,
Milda Technologies,Lettonie,C,50.1,Acheteur potentiel,Engines / propulsion,"Vend des sous-systèmes / composants à un OEM construisant Vehicles, Robotics / UGV.",Qualify the activity before pitching.,"Hi — Milda Technologies ships Vehicles, Robotics / UGV (+1) to Critical infrastructure.",http://milda.tech/,,New,Keep in watchlist,
MilDef,Suède,B,73.5,Acheteur potentiel,Engines / propulsion,"Composants, sous-systèmes, software, services pour primes C4ISR.",C4ISR primes integrate hundreds of components — the sourcing surface is huge. Procurement / supply chain is the entry point.,"Hi — I noticed MilDef builds Vehicles, Optronics / Optics (+5) for C4ISR.",http://www.mildef.com/,https://www.linkedin.com/company/mildef-group/,New,Review website and validate opportunity,
MILDEF INTERNATIONAL TECHNOLOGIES SDN BHD,Malaisie,B,74.5,Acheteur potentiel,Engines / propulsion,"Moteurs, composites, plaques balistiques, optronique, comms pour OEM blindés.","Armored vehicle OEMs buy engines, composites, ballistic plates, optronics, comms and specialised mechanics in volume.","Hi — I noticed MILDEF INTERNATIONAL TECHNOLOGIES SDN BHD builds Vehicles, Logistics equipment (+4) for Armored vehicles.",http://mildef.com.my/,,New,Review website and validate opportunity,
Milestone Aviation Services,Arabie saoudite,D,,À vérifier,To enrich,Qualifier l'activité avant tout pitch ciblé.,To enrich,To enrich,,,New,No immediate action,
Military Defense Package / Military Box/ Container,Chine,B,69.5,Acheteur potentiel,Energetic materials,"Vend des sous-systèmes / composants à un OEM construisant Ammunition, Vehicles.",Military Defense Package / Military Box/ Container buys for next-gen platforms — engineering and supply chain are the buyers.,"Hi — Military Defense Package / Military Box/ Container ships Ammunition, Vehicles (+2) to Police / law enforcement.",https://www.ammodefensepackaging.com/,,New,Review website and validate opportunity,
MILITARY EQUIPMENT DENMARK,Danemark,B,66.0,Acheteur potentiel,RF / microwave components,"Sous-systèmes, composites, certification pour primes terrestres.",Land defense primes integrate huge supply chains. Procurement is the buyer.,"Hi — I noticed MILITARY EQUIPMENT DENMARK builds Communications networks, Vehicles (+2) for Land defense.",http://www.med.dk/,https://www.linkedin.com/company/2617834/admin/settings/,New,Review website and validate opportunity,
Millog Oy,Finlande,D,17.6,À vérifier,Industrial subcontracting / machining,Qualifier l'activité avant tout pitch ciblé.,"Public sources too thin — discovery call first, focused pitch second.",Hi — I noticed Millog Oy at Eurosatory.,http://millog.fi/en/,https://fi.linkedin.com/company/millog-oy,New,No immediate action,
Milpower Savunma Sistemleri TİC.A.Ş,Turquie,D,,À vérifier,To enrich,Qualifier l'activité avant tout pitch ciblé.,To enrich,To enrich,https://www.milpower.com.tr/,,New,No immediate action,
Milrem Robotics,Estonie,A,76.0,Acheteur potentiel,Engines / propulsion,"Capteurs, payloads optroniques, communications pour plateformes ISR.","ISR platforms aggregate sensors, comms and AI. Map Milrem Robotics's integration partners.","Hi — I noticed Milrem Robotics builds Vehicles, UAV / drones (+5) for Intelligence / ISR.",http://www.milremrobotics.com/,https://www.linkedin.com/company/milremrobotics/,New,Contact sales team and qualify need,
MILTECH HELLAS,Grèce,D,,À vérifier,To enrich,Qualifier l'activité avant tout pitch ciblé.,To enrich,To enrich,https://miltech.gr/,,New,No immediate action,
MILTON,France,D,,À vérifier,To enrich,Qualifier l'activité avant tout pitch ciblé.,To enrich,To enrich,http://www.milton-innovation.com/,,New,No immediate action,
MINISTÈRE DE L'INTÉRIEUR ET DES OUTRE-MER,France,D,14.6,À vérifier,Industrial subcontracting / machining,Qualifier l'activité avant tout pitch ciblé.,"Public sources too thin — discovery call first, focused pitch second.",Hi — I noticed MINISTÈRE DE L'INTÉRIEUR ET DES OUTRE-MER at Eurosatory.,http://www.interieur.gouv.fr/,,New,No immediate action,
Ministère des Armées et des Anciens combattants,France,D,,À vérifier,To enrich,Qualifier l'activité avant tout pitch ciblé.,To enrich,To enrich,http://www.defense.gouv.fr/,https://www.linkedin.com/company/ministere-des-armees,New,No immediate action,
Ministère des armées et des anciens combattants - PEPS,France,D,,À vérifier,To enrich,Qualifier l'activité avant tout pitch ciblé.,To enrich,To enrich,http://www.defense.gouv.fr/,,New,No immediate action,
MINISTRY OF DEFENCE,Cyprus,D,,À vérifier,To enrich,Qualifier l'activité avant tout pitch ciblé.,To enrich,To enrich,https://mod.gov.cy/,,New,No immediate action,
Ministry of Defence of the Slovak Republic,Slovaquie,D,,À vérifier,To enrich,Qualifier l'activité avant tout pitch ciblé.,To enrich,To enrich,https://www.mosr.sk/mo-sr-en/,,New,No immediate action,
Ministry of Defence Republic of Croatia,Croatie,B,67.4,Acheteur potentiel,Electronic components,Vend des sous-systèmes / composants à un OEM construisant Optronics / Optics.,"Ministry of Defence Republic of Croatia sells optronics, they need detector and electronics suppliers. Lead with quality data.","Hi — Ministry of Defence Republic of Croatia ships Optronics / Optics to Defense ministries, Air forces (+2).",https://www.morh.hr/,,New,Review website and validate opportunity,
"MINISTRY OF DEFENCE, GOVT. OF INDIA",Inde,D,,À vérifier,To enrich,Qualifier l'activité avant tout pitch ciblé.,To enrich,To enrich,http://www.drdo.gov.in/,,New,No immediate action,
"Ministry of Economic Development, Job Creation and Trade, Ontario, Canada",Canada,A,84.0,Acheteur potentiel,Electronic components,"Composites, capteurs, comms, lancement pour primes spatiaux.","Space primes source composites, sensors, comms and launch services.","Hi — I noticed Ministry of Economic Development, Job Creation and Trade, Ontario, Canada builds Optronics / Optics, Software / Platforms (+6) for Space / satellite.",http://www.sourcefromontario.com/en/page/event/137030/ontario-eurosatory-2024,https://www.linkedin.com/company/ontario-ministry-of-economic-development-job-creation-and-trade/?originalSubdomain=ca,New,Contact sales team and qualify need,
Ministry of Economy,Croatie,D,16.6,À vérifier,Industrial subcontracting / machining,Qualifier l'activité avant tout pitch ciblé.,"Public sources too thin — discovery call first, focused pitch second.",Hi — I noticed Ministry of Economy at Eurosatory.,https://mingo.gov.hr/,,New,No immediate action,
Ministry of Industry and Mineral Resources,Arabie saoudite,D,,À vérifier,To enrich,Qualifier l'activité avant tout pitch ciblé.,To enrich,To enrich,,,New,No immediate action,
MINISTRY OF INDUSTRY AND TRADE OF THE CZECH REP.,République tchèque,D,,À vérifier,To enrich,Qualifier l'activité avant tout pitch ciblé.,To enrich,To enrich,https://mpo.gov.cz/en/,,New,No immediate action,
Ministry of Investment of Saudi Arabia,Arabie saoudite,D,,À vérifier,To enrich,Qualifier l'activité avant tout pitch ciblé.,To enrich,To enrich,,,New,No immediate action,
MIPA,Allemagne,D,,À vérifier,To enrich,Qualifier l'activité avant tout pitch ciblé.,To enrich,To enrich,http://www.mipa-paints.com/,,New,No immediate action,
Miranda Military,Pologne,D,,À vérifier,To enrich,Qualifier l'activité avant tout pitch ciblé.,To enrich,To enrich,https://www.mirandamilitary.pl/,,New,No immediate action,
MIRION TECHNOLOGIES,France,D,,À vérifier,To enrich,Qualifier l'activité avant tout pitch ciblé.,To enrich,To enrich,http://www.mirion.com/,https://www.linkedin.com/company/mirion-technologies-france,New,No immediate action,
MIRMEX MOTOR,Belgique,C,48.5,Fournisseur potentiel,Cloud / data services,Activité à qualifier — discovery call avant pitch précis.,Public data is thin — qualify the activity before pitching supply.,"Hi — I noticed MIRMEX MOTOR builds Software / Platforms, Robotics / UGV (+2) for Other.",http://www.mirmexmotor.com/,https://www.linkedin.com/company/mirmexmotor/,New,Keep in watchlist,
Mistral Group,États-Unis,B,70.0,Acheteur potentiel,Energy / batteries,"Front-ends RF, processeurs, mécanique de précision pour fabricants radars.","Radar / sensor lines need specialised electronics, signal processing chips and composite housings. Talk to chief engineer.","Hi — I noticed Mistral Group builds UAV / drones, Counter-UAV systems (+7) for Radar / sensors.",http://www.mistralinc.com/,,New,Review website and validate opportunity,
Mitekas,Lituanie,A,75.0,Acheteur potentiel,Energy / batteries,"Amplis RF, processeurs signal, embarqué, antennes pour EW.","EW systems source RF amplifiers, signal-processing chips, embedded computing and antennas. Talk to RF system lead.","Hi — I noticed Mitekas builds UAV / drones, Counter-UAV systems (+7) for Electronic warfare.",http://mitekas.com/,https://www.linkedin.com/company/mitekas-defense/,New,Contact sales team and qualify need,
Mittler Report Verlag GmbH,Allemagne,C,59.2,Acheteur potentiel,Mechanical parts,"Outils SOC/SIEM, brique de sécurité défensive pour vendeur cyber.","Mittler Report Verlag GmbH sells cyber to defense — they also need NDA-friendly suppliers for components, cloud and audits. Lead with compliance pedigree.","Hi — Mittler Report Verlag GmbH ships Logistics equipment, Communications networks to defense customers.",http://www.mittler-report.de/,https://www.linkedin.com/company/eurodefence,New,Keep in watchlist,
MKS Servo,Taïwan,B,63.6,Acheteur potentiel,Energy / batteries,"Fournisseur de batteries, moteurs, optronique, RF, composites pour fabricants UAV.","UAV builds need batteries, motors, optronics, RF links and composites. Map their bill of materials with the supply chain lead.","Hi — I noticed MKS Servo builds UAV / drones, Engines / propulsion (+1) for UAV / drones.",https://www.mks-servo.com/,https://www.linkedin.com/company/96599752,New,Review website and validate opportunity,
MKU LIMITED,Inde,D,,À vérifier,To enrich,Qualifier l'activité avant tout pitch ciblé.,To enrich,To enrich,https://www.mku.com/,,New,No immediate action,
MNC SOLUTION,Corée du Sud,B,65.0,Acheteur potentiel,Engines / propulsion,"Vend des sous-systèmes / composants à un OEM construisant Vehicles, Communications networks.",MNC SOLUTION sells naval kit — long sales cycle. Programme office is the buyer.,"Hi — MNC SOLUTION ships Vehicles, Communications networks (+4) to Aerospace primes.",http://www.mncsolution.com/,,New,Review website and validate opportunity,
MODIRUM GESPI - Industria E Comercio De Equipamentos,Brésil,A,78.0,Acheteur potentiel,Energy / batteries,"Capteurs, payloads optroniques, communications pour plateformes ISR.","ISR platforms aggregate sensors, comms and AI. Map MODIRUM GESPI - Industria E Comercio De Equipamentos's integration partners.","Hi — I noticed MODIRUM GESPI - Industria E Comercio De Equipamentos builds UAV / drones, Optronics / Optics (+14) for Intelligence / ISR.",https://modirumgespi.com/,https://www.linkedin.com/company/modirumgespi/,New,Contact sales team and qualify need,
MODISPREM,Espagne,B,69.0,Acheteur potentiel,Mechanical parts,"Vend des sous-systèmes / composants à un OEM construisant Engines / propulsion, Vehicles.",MODISPREM buys for next-gen platforms — engineering and supply chain are the buyers.,"Hi — MODISPREM ships Engines / propulsion, Vehicles (+1) to defense customers.",http://www.modisprem.com/,https://www.linkedin.com/company/modisprem-s-a/about/,New,Review website and validate opportunity,
"MOHOC, INC.",États-Unis,D,,À vérifier,To enrich,Qualifier l'activité avant tout pitch ciblé.,To enrich,To enrich,https://www.mohoc.com/,,New,No immediate action,
"Molex, LLC.",États-Unis,D,17.6,À vérifier,Industrial subcontracting / machining,Qualifier l'activité avant tout pitch ciblé.,"Public sources too thin — discovery call first, focused pitch second.","Hi — I noticed Molex, LLC.",http://www.molex.com/,https://www.linkedin.com/company/molex,New,No immediate action,
Molfar Intelligence,Ukraine,C,44.4,Sous-traitant,Mechanical parts,"Threat intel, hardware appliances, cloud souverain, audits.","Cyber-defense vendors source threat intel feeds, hardware appliances, cloud and certification services. Procurement / CISO are entry points.",Hi — I noticed Molfar Intelligence builds Logistics equipment for Cybersecurity.,https://molfar.com/,,New,Keep in watchlist,
MOLPIR S.R.O.,Slovaquie,C,56.4,Acheteur potentiel,Mechanical parts,"Vend des sous-systèmes / composants à un OEM construisant Logistics equipment, NRBC / CBRN.",MOLPIR S.R.O. sells CBRN kit — they need certified materials and detection.,"Hi — MOLPIR S.R.O. ships Logistics equipment, NRBC / CBRN (+1) to Defense ministries.",https://www.molpir.com/,,New,Keep in watchlist,
MOMENTUM TECHNOLOGIES (LIFEPODS),France,A,76.5,Acheteur potentiel,Energy / batteries,"Textiles, composites, optronique, énergie pour kits soldat.","Soldier system vendors source textiles, composites, optronics and energy. Lead with NATO / military pedigree.","Hi — I noticed MOMENTUM TECHNOLOGIES (LIFEPODS) builds UAV / drones, Ammunition (+7) for Soldier systems.",http://www.lifepods.tech/,https://www.linkedin.com/company/momentum-technologies-lifepods/?viewAsMember=true,New,Contact sales team and qualify need,
MÖNCH PUBLISHING GROUP,Allemagne,D,,À vérifier,To enrich,Qualifier l'activité avant tout pitch ciblé.,To enrich,To enrich,https://www.monch.com/,,New,No immediate action,
MONKILOWATT,France,D,,À vérifier,To enrich,Qualifier l'activité avant tout pitch ciblé.,To enrich,To enrich,http://www.monkilowatt.fr/,,New,No immediate action,
MONOPULSE,Lituanie,D,,À vérifier,To enrich,Qualifier l'activité avant tout pitch ciblé.,To enrich,To enrich,,,New,No immediate action,
MONT BLANC PRODUCTIONS,France,D,,À vérifier,To enrich,Qualifier l'activité avant tout pitch ciblé.,To enrich,To enrich,https://www.montblancproductions.fr/,,New,No immediate action,
MONVALIS GMBH,Allemagne,D,35.9,Acheteur potentiel,Mechanical parts,Vend des sous-systèmes / composants à un OEM construisant Logistics equipment.,Qualify the activity before pitching.,Hi — MONVALIS GMBH ships Logistics equipment to defense customers.,http://www.monvalis.de/,,New,No immediate action,
MOOG INC.,États-Unis,D,,À vérifier,To enrich,Qualifier l'activité avant tout pitch ciblé.,To enrich,To enrich,https://www.moog.com/,,New,No immediate action,
Moori Technologies,Corée du Sud,C,51.4,Acheteur potentiel,Electronic components,Vend des sous-systèmes / composants à un OEM construisant Optronics / Optics.,"Moori Technologies sells optronics, they need detector and electronics suppliers. Lead with quality data.",Hi — Moori Technologies ships Optronics / Optics to defense customers.,http://mooritech.com/,,New,Keep in watchlist,
MORAI GmbH,Allemagne,A,79.0,Acheteur potentiel,Engines / propulsion,"Amplis RF, processeurs signal, embarqué, antennes pour EW.","EW systems source RF amplifiers, signal-processing chips, embedded computing and antennas. Talk to RF system lead.","Hi — I noticed MORAI GmbH builds Vehicles, UAV / drones (+11) for Electronic warfare.",http://www.morai.ai/,https://www.linkedin.com/company/morai/,New,Contact sales team and qualify need,
MORIN - K9 VISION,France,D,,À vérifier,To enrich,Qualifier l'activité avant tout pitch ciblé.,To enrich,To enrich,https://www.morinfrance.com/,,New,No immediate action,
"MOS nutrition, Emergency Food, MX3 nutrition",France,D,,À vérifier,To enrich,Qualifier l'activité avant tout pitch ciblé.,To enrich,To enrich,https://www.nutridry.com/,https://www.linkedin.com/company/nutridrygroup/?originalSubdomain=fr,New,No immediate action,
MostaTech,Malta,B,68.0,Acheteur potentiel,Electronic components,"Fournisseur de batteries, moteurs, optronique, RF, composites pour fabricants UAV.","UAV builds need batteries, motors, optronics, RF links and composites. Map their bill of materials with the supply chain lead.","Hi — I noticed MostaTech builds Optronics / Optics, Software / Platforms (+6) for UAV / drones.",http://mostatech.mt/,https://www.linkedin.com/company/mostatech,New,Review website and validate opportunity,
Motor-G,Ukraine,C,55.6,Acheteur potentiel,Energy / batteries,Sub-system / payload pour OEM drones tactiques.,UAV programs are scaling — Motor-G is buying. Position [your sub-system] as a qualified alternative on their next platform.,"Hi — Motor-G ships UAV / drones, Engines / propulsion (+1) to defense customers.",https://motor-g.com/en/,,New,Keep in watchlist,
Motorola Solutions,France,D,,À vérifier,To enrich,Qualifier l'activité avant tout pitch ciblé.,To enrich,To enrich,http://www.motorolasolutions.com/,https://www.linkedin.com/company/motorolasolutions/,New,No immediate action,
MPH,France,C,58.5,Acheteur potentiel,Mechanical parts,"Outils CAD, simulation, certification pour bureau d'études.","Engineering shops buy CAD licences, simulation tools and certification services.","Hi — I noticed MPH builds Logistics equipment, Mechanical parts (+1) for Engineering services.",http://mph-mecanique.fr/,https://www.linkedin.com/company/mph-mecanique/,New,Keep in watchlist,
M-Plus France,France,D,,À vérifier,To enrich,Qualifier l'activité avant tout pitch ciblé.,To enrich,To enrich,http://www.m-plusgroup.com/,,New,No immediate action,
MPM,France,D,,À vérifier,To enrich,Qualifier l'activité avant tout pitch ciblé.,To enrich,To enrich,https://www.mpm.fr/,,New,No immediate action,
MPP,Belgique,B,62.6,Fournisseur potentiel,Mechanical parts,"Composites, capteurs, comms, lancement pour primes spatiaux.","Space primes source composites, sensors, comms and launch services.","Hi — I noticed MPP builds Logistics equipment, Satellites / Space (+2) for Space / satellite.",http://www.mpp.be/,https://linkedin.com/company/mpp-belgium,New,Review website and validate opportunity,
MPS Microsystems,Suisse,D,22.6,À vérifier,Industrial subcontracting / machining,Qualifier l'activité avant tout pitch ciblé.,"Public sources too thin — discovery call first, focused pitch second.",Hi — I noticed MPS Microsystems at Eurosatory.,http://www.mpsag.com/en/,https://www.linkedin.com/company/mpsagcom/,New,No immediate action,
Mraz Robotics s. r. o.,Slovaquie,D,,À vérifier,To enrich,Qualifier l'activité avant tout pitch ciblé.,To enrich,To enrich,,,New,No immediate action,
MSI Defense Solutions,États-Unis,B,68.0,Acheteur potentiel,Engines / propulsion,"Fournisseur de RF, radars, optronique et embarqués pour stacks anti-drone.","Their counter-UAV stack relies on RF, radar, optronics and embedded systems — exactly what we supply. Talk to procurement / chief engineer.","Hi — I noticed MSI Defense Solutions builds Vehicles, UAV / drones (+4) for Counter-UAV.",http://www.msidefense.com/,https://www.linkedin.com/company/2487734/,New,Review website and validate opportunity,
MSI-Defence Systems,Royaume-Uni,B,71.5,Acheteur potentiel,Engines / propulsion,"Radars, sonars, comms, armement, sustainment pour primes navals.","Naval primes buy radars, sonars, comms, weapons and sustainment in long cycles.","Hi — I noticed MSI-Defence Systems builds Vehicles, UAV / drones (+8) for Naval defense.",https://www.msi-dsl.com/,https://www.linkedin.com/company/msi-defence-systems-ltd/,New,Review website and validate opportunity,
MSM LAND SYSTEMS s.r.o.,Slovaquie,D,29.1,À vérifier,Industrial subcontracting / machining,Qualifier l'activité avant tout pitch ciblé.,"Confirm scope: vehicle, soldier or weapon system.",Hi — I noticed MSM LAND SYSTEMS s.r.o.,https://www.msmls.sk/,,New,No immediate action,
"MSM Services, s.r.o.",Slovaquie,B,66.5,Acheteur potentiel,Mechanical parts,"Moteurs, composites, plaques balistiques, optronique, comms pour OEM blindés.","Armored vehicle OEMs buy engines, composites, ballistic plates, optronics, comms and specialised mechanics in volume.","Hi — I noticed MSM Services, s.r.o.",http://msm.sk/,,New,Review website and validate opportunity,
MTE/DGITM/SDMINT/MINT2,France,D,,À vérifier,To enrich,Qualifier l'activité avant tout pitch ciblé.,To enrich,To enrich,http://www.ecologie.gouv.fr/politiques-publiques/agence-linnovation-transports,,New,No immediate action,
MTN Satellite,États-Unis,A,76.1,Acheteur potentiel,Mechanical parts,"Vend des sous-systèmes / composants à un OEM construisant Logistics equipment, Communications networks.",MTN Satellite builds space hardware — they need certified components and test services.,"Hi — MTN Satellite ships Logistics equipment, Communications networks (+2) to Critical infrastructure.",http://www.mtnsat.com/,https://www.linkedin.com/company/mtn-global/posts/?feedView=all,New,Contact sales team and qualify need,
"Mudanjiang North Alloy Tools Co., Ltd.",Chine,B,74.0,Acheteur potentiel,Mechanical parts,"Composites, capteurs, comms, lancement pour primes spatiaux.","Space primes source composites, sensors, comms and launch services.","Hi — I noticed Mudanjiang North Alloy Tools Co., Ltd.",http://en.north-tungsten.cn/,,New,Review website and validate opportunity,
MULTICUT A/S,Danemark,D,,À vérifier,To enrich,Qualifier l'activité avant tout pitch ciblé.,To enrich,To enrich,,,New,No immediate action,
MULTIVIS BRASIL LTDA,Brésil,B,67.6,Fournisseur potentiel,Electronic components,"Composants, sous-systèmes, software, services pour primes C4ISR.",C4ISR primes integrate hundreds of components — the sourcing surface is huge. Procurement / supply chain is the entry point.,"Hi — I noticed MULTIVIS BRASIL LTDA builds Sensors, Software / Platforms (+2) for C4ISR.",https://multivis.com/,,New,Review website and validate opportunity,
MUNEXLOG SAS,France,D,,À vérifier,To enrich,Qualifier l'activité avant tout pitch ciblé.,To enrich,To enrich,https://www.munexlog.com/,,New,No immediate action,
MUNITIONS INDIA LIMITED,Inde,D,,À vérifier,To enrich,Qualifier l'activité avant tout pitch ciblé.,To enrich,To enrich,https://munitionsindia.in/,,New,No immediate action,
Münstermann,Allemagne,C,58.8,Acheteur potentiel,Mechanical parts,"Vend des sous-systèmes / composants à un OEM construisant Logistics equipment, Energy / batteries.",Münstermann sells naval kit — long sales cycle. Programme office is the buyer.,"Hi — Münstermann ships Logistics equipment, Energy / batteries (+1) to defense customers.",http://www.muenstermann.com/,https://www.linkedin.com/company/muenstermann,New,Keep in watchlist,
MUSTAD BELGIUM,Belgique,D,,À vérifier,To enrich,Qualifier l'activité avant tout pitch ciblé.,To enrich,To enrich,https://www.mustad.be/,,New,No immediate action,
MUSTHANE,France,C,45.1,Sous-traitant,Industrial subcontracting / machining,"Aramide, céramique, composites, certification balistique.","Ballistic protection vendors buy aramid, ceramic, composites and certification services.",Hi — I noticed MUSTHANE builds — for Ballistic protection.,http://www.musthane.fr/,https://www.linkedin.com/company/musthane,New,Keep in watchlist,
MVG Microwave Vision Group,France,D,,À vérifier,To enrich,Qualifier l'activité avant tout pitch ciblé.,To enrich,To enrich,http://www.mvg-world.com/,https://www.linkedin.com/company/microwave-vision-group-satimo-orbit-fr-aemi-&-remc,New,No immediate action,
MW Group,Suède,D,,À vérifier,To enrich,Qualifier l'activité avant tout pitch ciblé.,To enrich,To enrich,,,New,No immediate action,
Myakiatto,France,D,,À vérifier,To enrich,Qualifier l'activité avant tout pitch ciblé.,To enrich,To enrich,https://www.myakiatto.com/,,New,No immediate action,
MYDEFENCE COMMUNICATION,Danemark,D,,À vérifier,To enrich,Qualifier l'activité avant tout pitch ciblé.,To enrich,To enrich,http://www.mydefence.dk/,,New,No immediate action,
MZD ELEKTRIK ELEKTRONIK ELEKTROMEKANIK MEKATRONIK,Turquie,B,67.5,Acheteur potentiel,RF / microwave components,"Visuel, motion, haptique, IA pour fabricants de simulateurs.",Simulator builders source visual / motion / haptics hardware and AI components. Engineering is the buyer.,"Hi — I noticed MZD ELEKTRIK ELEKTRONIK ELEKTROMEKANIK MEKATRONIK builds Communications networks, Vehicles (+2) for Simulation / training.",http://www.mzd.com.tr/,https://www.linkedin.com/company/mzdsavunma,New,Review website and validate opportunity,
Nabtesco Precision Europe GmbH,Allemagne,D,36.9,Acheteur potentiel,Mechanical parts,Vend des sous-systèmes / composants à un OEM construisant Engines / propulsion.,Qualify the activity before pitching.,Hi — Nabtesco Precision Europe GmbH ships Engines / propulsion to defense customers.,http://www.nabtesco.de/,https://www.linkedin.com/company/nabtesco-precision-europe-gmbh/,New,No immediate action,
NAE,France,D,,À vérifier,To enrich,Qualifier l'activité avant tout pitch ciblé.,To enrich,To enrich,http://www.nae.fr/,https://www.linkedin.com/company/normandie-aeroespace,New,No immediate action,
NAMMA,France,D,,À vérifier,To enrich,Qualifier l'activité avant tout pitch ciblé.,To enrich,To enrich,https://www.namma-france.com/,,New,No immediate action,
Nammo AS,Norvège,D,,À vérifier,To enrich,Qualifier l'activité avant tout pitch ciblé.,To enrich,To enrich,http://www.nammo.com/,,New,No immediate action,
"NANJING CNGEIR TECHNOLOGY CO.,LTD",Chine,D,,À vérifier,To enrich,Qualifier l'activité avant tout pitch ciblé.,To enrich,To enrich,https://www.cngeir.com/,,New,No immediate action,
Nanomade,France,B,64.0,Acheteur potentiel,Electronic components,"Front-ends RF, processeurs, mécanique de précision pour fabricants radars.","Radar / sensor lines need specialised electronics, signal processing chips and composite housings. Talk to chief engineer.","Hi — I noticed Nanomade builds Sensors, Logistics equipment (+3) for Radar / sensors.",https://nanomade.com/,www.linkedin.com/company/nanomade,New,Review website and validate opportunity,
NanoPyro,Belgique,B,62.1,Acheteur potentiel,Energetic materials,"Matériaux énergétiques, mécanique, packaging, certification.","Ammunition makers buy energetic materials, mechanical parts, packaging and certification services.","Hi — I noticed NanoPyro builds Ammunition, Engines / propulsion for Ammunition.",http://www.nanopyro.be/,https://www.linkedin.com/company/nanopyro/,New,Review website and validate opportunity,
NANOXPLORE SAS,France,D,,À vérifier,To enrich,Qualifier l'activité avant tout pitch ciblé.,To enrich,To enrich,,,New,No immediate action,
"NANTONG HANVO NEW MATERIAL TECHNOLOGY CO.,LTD",Chine,D,16.6,À vérifier,Industrial subcontracting / machining,Qualifier l'activité avant tout pitch ciblé.,"Public sources too thin — discovery call first, focused pitch second.","Hi — I noticed NANTONG HANVO NEW MATERIAL TECHNOLOGY CO.,LTD at Eurosatory.",http://www.hanvomaterial.com/,,New,No immediate action,
NANUK BY PLASTICASE INC.,Canada,D,,À vérifier,To enrich,Qualifier l'activité avant tout pitch ciblé.,To enrich,To enrich,,,New,No immediate action,
NATION SHIELD JOURNAL,Émirats arabes unis,D,,À vérifier,To enrich,Qualifier l'activité avant tout pitch ciblé.,To enrich,To enrich,https://www.nationshield.ae/index.php/module/magazine/en/30,,New,No immediate action,
NATO MISSILE FIRING INSTALLATION,Grèce,A,76.0,Acheteur potentiel,Energy / batteries,Sub-system / payload pour OEM drones tactiques.,UAV programs are scaling — NATO MISSILE FIRING INSTALLATION is buying. Position [your sub-system] as a qualified alternative on their next platform.,"Hi — NATO MISSILE FIRING INSTALLATION ships UAV / drones, Communications networks (+1) to Navy.",http://www.namfi.gr/,,New,Contact sales team and qualify need,
NATRIX UGV,Lettonie,B,62.0,Acheteur potentiel,Engines / propulsion,"Composants, sous-systèmes, software, services pour primes C4ISR.",C4ISR primes integrate hundreds of components — the sourcing surface is huge. Procurement / supply chain is the entry point.,"Hi — I noticed NATRIX UGV builds Vehicles, UAV / drones (+6) for C4ISR.",https://www.natrix.eu/,,New,Review website and validate opportunity,
NAUDI - THE NATIONAL ASSOCIATION OF UKRAINIAN DEFENSE INDUSTRIES,Ukraine,B,70.5,Acheteur potentiel,Engines / propulsion,"Vend des sous-systèmes / composants à un OEM construisant Vehicles, UAV / drones.",NAUDI - THE NATIONAL ASSOCIATION OF UKRAINIAN DEFENSE INDUSTRIES's ISR offer needs sensor primes and data-fusion suppliers. Engineering / programme is the buyer.,"Hi — NAUDI - THE NATIONAL ASSOCIATION OF UKRAINIAN DEFENSE INDUSTRIES ships Vehicles, UAV / drones (+9) to Police / law enforcement.",http://naudi.com.ua/,https://www.linkedin.com/company/naudi/,New,Review website and validate opportunity,
NAVANTIA,Espagne,D,,À vérifier,To enrich,Qualifier l'activité avant tout pitch ciblé.,To enrich,To enrich,https://www.navantia.es/en/,,New,No immediate action,
Navigate,Danemark,D,,À vérifier,To enrich,Qualifier l'activité avant tout pitch ciblé.,To enrich,To enrich,,,New,No immediate action,
Naxcon,Allemagne,A,75.5,Acheteur potentiel,Cloud / data services,"Threat intel, hardware appliances, cloud souverain, audits.","Cyber-defense vendors source threat intel feeds, hardware appliances, cloud and certification services. Procurement / CISO are entry points.","Hi — I noticed Naxcon builds Software / Platforms, Embedded systems (+3) for Cybersecurity.",https://www.naxcon.com/,https://www.linkedin.com/company/naxcon/posts/?feedView=all,New,Contact sales team and qualify need,
NCS SYSTEMS,France,D,,À vérifier,To enrich,Qualifier l'activité avant tout pitch ciblé.,To enrich,To enrich,https://www.ncs-systems.eu/,,New,No immediate action,
NECAS A/S,Danemark,D,,À vérifier,To enrich,Qualifier l'activité avant tout pitch ciblé.,To enrich,To enrich,,,New,No immediate action,
NEDINSCO B.V.,Pays-Bas,B,68.5,Acheteur potentiel,Energy / batteries,"Capteurs, payloads optroniques, communications pour plateformes ISR.","ISR platforms aggregate sensors, comms and AI. Map NEDINSCO B.V.'s integration partners.",Hi — I noticed NEDINSCO B.V.,http://www.nedinsco.com/,https://www.linkedin.com/company/nedinsco-bv,New,Review website and validate opportunity,
NEMS GmbH,Allemagne,D,,À vérifier,To enrich,Qualifier l'activité avant tout pitch ciblé.,To enrich,To enrich,http://www.nems.de/,,New,No immediate action,
NETA COMMUNICATIONS,Turquie,A,80.0,Acheteur potentiel,Energy / batteries,"Composites, capteurs, comms, lancement pour primes spatiaux.","Space primes source composites, sensors, comms and launch services.","Hi — I noticed NETA COMMUNICATIONS builds UAV / drones, Sensors (+8) for Space / satellite.",https://www.netacoms.com/airborneandgrounddatalinkantennasystems,https://www.linkedin.com/company/netacoms/posts/?feedView=all,New,Contact sales team and qualify need,
Netcompany A/S,Danemark,D,,À vérifier,To enrich,Qualifier l'activité avant tout pitch ciblé.,To enrich,To enrich,,,New,No immediate action,
Netherlands Pavilion,Pays-Bas,A,77.5,Acheteur potentiel,RF / microwave components,"Capteurs, payloads optroniques, communications pour plateformes ISR.","ISR platforms aggregate sensors, comms and AI. Map Netherlands Pavilion's integration partners.","Hi — I noticed Netherlands Pavilion builds Communications networks, UAV / drones (+10) for Intelligence / ISR.",http://www.nidv.eu/,,New,Contact sales team and qualify need,
Netline,Israël,D,,À vérifier,To enrich,Qualifier l'activité avant tout pitch ciblé.,To enrich,To enrich,http://www.netlinetech.com/,,New,No immediate action,
NEUMAN ALUMINIUM FLIESSPRESSWERK GMBH,Autriche,A,79.0,Acheteur potentiel,Engines / propulsion,"Front-ends RF, processeurs, mécanique de précision pour fabricants radars.","Radar / sensor lines need specialised electronics, signal processing chips and composite housings. Talk to chief engineer.","Hi — I noticed NEUMAN ALUMINIUM FLIESSPRESSWERK GMBH builds Vehicles, Sensors (+6) for Radar / sensors.",http://www.neuman.at/technology/impact-extrusion,https://www.linkedin.com/company/neuman-aluminium-impact-extrusion/,New,Contact sales team and qualify need,
NEUROCOMS,Espagne,B,64.5,Acheteur potentiel,RF / microwave components,"Vend des sous-systèmes / composants à un OEM construisant Communications networks, UAV / drones.",EW upgrades are a current priority for armed forces — NEUROCOMS buys components and certification. Procurement is the entry point.,"Hi — NEUROCOMS ships Communications networks, UAV / drones (+2) to Critical infrastructure.",http://www.neurocoms.xyz/,,New,Review website and validate opportunity,
New Expo Logística,Brésil,C,48.4,Acheteur potentiel,Mechanical parts,Vend des sous-systèmes / composants à un OEM construisant Logistics equipment.,New Expo Logística performs MRO — they need parts and engineering support. Direct procurement angle.,Hi — New Expo Logística ships Logistics equipment to defense customers.,https://newexpo.com.br/,,New,Keep in watchlist,
NEW LACHAUSSEE SA,Belgique,D,,À vérifier,To enrich,Qualifier l'activité avant tout pitch ciblé.,To enrich,To enrich,https://www.lachaussee.com/,,New,No immediate action,
New Use Energy,États-Unis,A,75.5,Acheteur potentiel,Engines / propulsion,"Vend des sous-systèmes / composants à un OEM construisant Vehicles, UAV / drones.",New Use Energy's ISR offer needs sensor primes and data-fusion suppliers. Engineering / programme is the buyer.,"Hi — New Use Energy ships Vehicles, UAV / drones (+10) to Special forces, Critical infrastructure (+2).",http://www.newuseenergy.com/,,New,Contact sales team and qualify need,
NEXTDYN SYSTEMS,États-Unis,B,64.3,Acheteur potentiel,Mechanical parts,"Usinage de précision, matériaux, optronique, composants munitions ITAR-friendly.","Weapon manufacturers source precision machining, materials, optronics and ammunition components — heavy export control.","Hi — I noticed NEXTDYN SYSTEMS builds Weapons, Ammunition (+1) for Weapons.",https://www.nextdynsystems.com/,,New,Review website and validate opportunity,
NEXUS FRANCE,France,B,71.0,Acheteur potentiel,Engines / propulsion,"Capteurs, payloads optroniques, communications pour plateformes ISR.","ISR platforms aggregate sensors, comms and AI. Map NEXUS FRANCE's integration partners.","Hi — I noticed NEXUS FRANCE builds Vehicles, Optronics / Optics (+5) for Intelligence / ISR.",https://nexus-groupe.com/fr/accueil/,https://www.linkedin.com/company/groupenexus,New,Review website and validate opportunity,
NEXVISION SAS,France,D,,À vérifier,To enrich,Qualifier l'activité avant tout pitch ciblé.,To enrich,To enrich,https://www.nexvision.fr/,https://www.linkedin.com/company/nexvision-sas,New,No immediate action,
NFM GROUP AS,Norvège,D,,À vérifier,To enrich,Qualifier l'activité avant tout pitch ciblé.,To enrich,To enrich,http://www.nfm.no/,,New,No immediate action,
NI (now part of Emerson),France,B,71.5,Acheteur potentiel,Electronic components,"Amplis RF, processeurs signal, embarqué, antennes pour EW.","EW systems source RF amplifiers, signal-processing chips, embedded computing and antennas. Talk to RF system lead.","Hi — I noticed NI (now part of Emerson) builds Sensors, Radars (+13) for Electronic warfare.",http://www.ni.com/,https://www.linkedin.com/company/niglobal,New,Review website and validate opportunity,
NICOMATIC,France,D,,À vérifier,To enrich,Qualifier l'activité avant tout pitch ciblé.,To enrich,To enrich,http://www.nicomatic.com/,,New,No immediate action,
NIDEC ARISA S.L.U.,Espagne,D,17.6,À vérifier,Industrial subcontracting / machining,Qualifier l'activité avant tout pitch ciblé.,"Public sources too thin — discovery call first, focused pitch second.",Hi — I noticed NIDEC ARISA S.L.U.,http://www.arisa.com/,https://es.linkedin.com/company/nidec-arisa,New,No immediate action,
NIGHTVISION LASERS SPAIN NVLS,Espagne,A,77.0,Acheteur potentiel,Electronic components,"Capteurs, payloads optroniques, communications pour plateformes ISR.","ISR platforms aggregate sensors, comms and AI. Map NIGHTVISION LASERS SPAIN NVLS's integration partners.","Hi — I noticed NIGHTVISION LASERS SPAIN NVLS builds Optronics / Optics, Soldier equipment (+2) for Intelligence / ISR.",http://www.nvls.es/,https://www.linkedin.com/company/nightvision-lasers-spain-sl/,New,Contact sales team and qualify need,
NIMROD Industries,France,D,,À vérifier,To enrich,Qualifier l'activité avant tout pitch ciblé.,To enrich,To enrich,https://www.nimrod-group.com/,,New,No immediate action,
NIXUS,Slovaquie,D,,À vérifier,To enrich,Qualifier l'activité avant tout pitch ciblé.,To enrich,To enrich,http://www.nixus2protect.com/,,New,No immediate action,
nLight,États-Unis,B,70.5,Acheteur potentiel,Industrial subcontracting / machining,"Capteurs, payloads optroniques, communications pour plateformes ISR.","ISR platforms aggregate sensors, comms and AI. Map nLight's integration partners.","Hi — I noticed nLight builds Electronic components, Logistics equipment (+7) for Intelligence / ISR.",https://www.nlight.net/,,New,Review website and validate opportunity,
NLR-Royal Netherlands Aerospace Centre,Pays-Bas,D,,À vérifier,To enrich,Qualifier l'activité avant tout pitch ciblé.,To enrich,To enrich,https://www.nlr.nl/,,New,No immediate action,
NOKIA,Finlande,D,17.6,À vérifier,Industrial subcontracting / machining,Qualifier l'activité avant tout pitch ciblé.,"Public sources too thin — discovery call first, focused pitch second.",Hi — I noticed NOKIA at Eurosatory.,http://www.nokia.com/industries/defense/,https://www.linkedin.com/company/nokia/,New,No immediate action,
NOLDEN Cars & Concepts GmbH,Allemagne,B,60.4,Acheteur potentiel,Engines / propulsion,"Verre spécial, détecteurs, mécanique de précision pour optronique.","Optronics suppliers buy specialty glass, detectors and precision mechanics. Talk to procurement and engineering.","Hi — I noticed NOLDEN Cars & Concepts GmbH builds Vehicles, Optronics / Optics for Optics / optronics.",https://www.noldengmbh.de/,https://www.linkedin.com/company/nolden-cars-concepts-gmbh,New,Review website and validate opportunity,
NO-NAIL BOXES,Luxembourg,B,65.0,Acheteur potentiel,Engines / propulsion,"Vend des sous-systèmes / composants à un OEM construisant Vehicles, Software / Platforms.","NO-NAIL BOXES sells to land forces — they need sub-systems, composites and certification.","Hi — NO-NAIL BOXES ships Vehicles, Software / Platforms (+3) to Land forces.",http://www.no-nailboxes.com/,https://www.linkedin.com/company/no-nail-boxes,New,Review website and validate opportunity,
NOPTEL OY,Finlande,B,69.5,Acheteur potentiel,Energy / batteries,"Capteurs, payloads optroniques, communications pour plateformes ISR.","ISR platforms aggregate sensors, comms and AI. Map NOPTEL OY's integration partners.","Hi — I noticed NOPTEL OY builds UAV / drones, Sensors (+6) for Intelligence / ISR.",http://www.noptel.fi/,,New,Review website and validate opportunity,
Nordic Inertial Oy,Finlande,D,37.4,Acheteur potentiel,Electronic components,Activité à qualifier — discovery call avant pitch précis.,Public data is thin — qualify the activity before pitching supply.,Hi — I noticed Nordic Inertial Oy builds Sensors for Other.,http://nordicinertial.com/,https://www.linkedin.com/company/nordicinertial/,New,No immediate action,
Nordic Shelter AS,Norvège,A,75.0,Acheteur potentiel,Mechanical parts,"Fournisseur de batteries, moteurs, optronique, RF, composites pour fabricants UAV.","UAV builds need batteries, motors, optronics, RF links and composites. Map their bill of materials with the supply chain lead.","Hi — I noticed Nordic Shelter AS builds Logistics equipment, Communications networks (+7) for UAV / drones.",http://nordicshelter.com/,https://www.linkedin.com/company/nordic-shelter-as/,New,Contact sales team and qualify need,
Nordic Shield Group AB,Suède,D,,À vérifier,To enrich,Qualifier l'activité avant tout pitch ciblé.,To enrich,To enrich,,,New,No immediate action,
Nord-Lock Group,France,D,,À vérifier,To enrich,Qualifier l'activité avant tout pitch ciblé.,To enrich,To enrich,https://www.nord-lock.com/,https://www.linkedin.com/company/nordlockgroup/mycompany/,New,No immediate action,
NORELEM,France,C,42.3,Acheteur potentiel,"Materials (Li-ion, electrolytes)",Vend des sous-systèmes / composants à un OEM construisant Energy / batteries.,Qualify the activity before pitching.,Hi — NORELEM ships Energy / batteries to defense customers.,http://www.norelem.fr/,https://www.linkedin.com/company/norelem/,New,Keep in watchlist,
NorLense AS,Norvège,B,66.5,Acheteur potentiel,Cloud / data services,"Vend des sous-systèmes / composants à un OEM construisant Software / Platforms, Logistics equipment.",NorLense AS sells CBRN kit — they need certified materials and detection.,"Hi — NorLense AS ships Software / Platforms, Logistics equipment (+1) to defense customers.",http://www.norlense.no/,https://www.linkedin.com/company/11474735/admin/dashboard/,New,Review website and validate opportunity,
NORMA PRECISION,Suède,B,74.5,Acheteur potentiel,Energy / batteries,Vend une brique du chain detection-effector aux primes anti-drone.,Defense end-users buying C-UAS solutions are tightening specs every year. Position our offer as a complement to NORMA PRECISION's sensor fusion / kinetic effector chain.,"Hi — NORMA PRECISION ships UAV / drones, Counter-UAV systems (+5) to Police / law enforcement.",http://www.norma-ammunition.com/en-gb/products/governmental,,New,Review website and validate opportunity,
Nortal,Estonie,A,80.0,Acheteur potentiel,Mechanical parts,"Threat intel, hardware appliances, cloud souverain, audits.","Cyber-defense vendors source threat intel feeds, hardware appliances, cloud and certification services. Procurement / CISO are entry points.","Hi — I noticed Nortal builds Logistics equipment, Software / Platforms (+3) for Cybersecurity.",http://nortal.com/,https://www.linkedin.com/company/nortal/,New,Contact sales team and qualify need,
"NORTH INTERNATIONAL EXHIBITION CO.,LTD",Chine,D,18.6,À vérifier,Industrial subcontracting / machining,Qualifier l'activité avant tout pitch ciblé.,"Public sources too thin — discovery call first, focused pitch second.","Hi — I noticed NORTH INTERNATIONAL EXHIBITION CO.,LTD at Eurosatory.",http://www.northexpo.com.cn/,,New,No immediate action,
NORTHCOM Danmark A/S,Danemark,D,,À vérifier,To enrich,Qualifier l'activité avant tout pitch ciblé.,To enrich,To enrich,,,New,No immediate action,
NORTHROP GRUMMAN CORPORATION,États-Unis,D,,À vérifier,To enrich,Qualifier l'activité avant tout pitch ciblé.,To enrich,To enrich,http://www.northropgrumman.com/,,New,No immediate action,
Novacium,France,D,,À vérifier,To enrich,Qualifier l'activité avant tout pitch ciblé.,To enrich,To enrich,https://www.novacium.com/,,New,No immediate action,
NOVADEM,France,D,,À vérifier,To enrich,Qualifier l'activité avant tout pitch ciblé.,To enrich,To enrich,http://www.novadem.com/,,New,No immediate action,
NOVAE SERVICES,France,D,,À vérifier,To enrich,Qualifier l'activité avant tout pitch ciblé.,To enrich,To enrich,https://www.novae-group.com/fr,,New,No immediate action,
NOVAEXTERNA 3D S.L. (NOVAINDEF),Espagne,B,61.8,Acheteur potentiel,Electronic components,"Front-ends RF, processeurs, mécanique de précision pour fabricants radars.","Radar / sensor lines need specialised electronics, signal processing chips and composite housings. Talk to chief engineer.",Hi — I noticed NOVAEXTERNA 3D S.L.,https://www.novaindef.com/,,New,Review website and validate opportunity,
NOVAIR,France,B,68.5,Acheteur potentiel,Engines / propulsion,"Matériaux énergétiques, mécanique, packaging, certification.","Ammunition makers buy energetic materials, mechanical parts, packaging and certification services.","Hi — I noticed NOVAIR builds Vehicles, Ammunition for Ammunition.",http://www.novairindustries.com/,https://www.linkedin.com/company/groupe-novair/,New,Review website and validate opportunity,
"NovaKamp (KAPI, Novae, Kamp Alliance, eV-Teknology)",France,B,74.5,Acheteur potentiel,Electronic components,"RF, crypto, certification interopérabilité pour radios tactiques.","Tactical comms vendors source RF, encryption modules and certifications. Talk to RF / security architect.","Hi — I noticed NovaKamp (KAPI, Novae, Kamp Alliance, eV-Teknology) builds Tactical radios, Vehicles (+1) for Communications.",http://www.novakamp.fr/,https://fr.linkedin.com/company/novakamp,New,Review website and validate opportunity,
NOVIAN PRO,Lituanie,A,77.8,Sous-traitant,Cloud / data services,"Threat intel, hardware appliances, cloud souverain, audits.","Cyber-defense vendors source threat intel feeds, hardware appliances, cloud and certification services. Procurement / CISO are entry points.","Hi — I noticed NOVIAN PRO builds Software / Platforms, Cybersecurity solutions (+1) for Cybersecurity.",http://invltechnology.lt/,https://www.linkedin.com/company/novian-pro/posts/?feedView=all,New,Contact sales team and qualify need,
NOVINTEC,France,D,,À vérifier,To enrich,Qualifier l'activité avant tout pitch ciblé.,To enrich,To enrich,https://novintec.com/,,New,No immediate action,
NP AEROSPACE,Royaume-Uni,D,,À vérifier,To enrich,Qualifier l'activité avant tout pitch ciblé.,To enrich,To enrich,https://www.np-aerospace.co.uk/,,New,No immediate action,
NSE GROUPE,France,B,67.7,Fournisseur potentiel,Electronic components,"Front-ends RF, processeurs, mécanique de précision pour fabricants radars.","Radar / sensor lines need specialised electronics, signal processing chips and composite housings. Talk to chief engineer.","Hi — I noticed NSE GROUPE builds Optronics / Optics, Logistics equipment (+1) for Radar / sensors.",http://www.nse-groupe.com/,https://www.linkedin.com/company/nse-groupe/,New,Review website and validate opportunity,
NUANCES TECHNOLOGIES,France,B,70.5,Acheteur potentiel,Energy / batteries,"Fournisseur de RF, radars, optronique et embarqués pour stacks anti-drone.","Their counter-UAV stack relies on RF, radar, optronics and embedded systems — exactly what we supply. Talk to procurement / chief engineer.","Hi — I noticed NUANCES TECHNOLOGIES builds UAV / drones, Counter-UAV systems (+3) for Counter-UAV.",http://www.nuances.fr/,,New,Review website and validate opportunity,
NUMALIS,France,B,74.0,Acheteur potentiel,Electronic components,"Front-ends RF, processeurs, mécanique de précision pour fabricants radars.","Radar / sensor lines need specialised electronics, signal processing chips and composite housings. Talk to chief engineer.","Hi — I noticed NUMALIS builds Embedded systems, Logistics equipment (+12) for Radar / sensors.",http://www.numalis.com/,https://www.linkedin.com/company/numalis/,New,Review website and validate opportunity,
NurjanaTech,Italie,D,,À vérifier,To enrich,Qualifier l'activité avant tout pitch ciblé.,To enrich,To enrich,http://www.nurjanatech.com/,,New,No immediate action,
NUTANIX,France,B,73.5,Acheteur potentiel,Mechanical parts,"Threat intel, hardware appliances, cloud souverain, audits.","Cyber-defense vendors source threat intel feeds, hardware appliances, cloud and certification services. Procurement / CISO are entry points.","Hi — I noticed NUTANIX builds Logistics equipment, Engines / propulsion (+2) for Cybersecurity.",http://www.nutanix.com/fr,https://www.linkedin.com/showcase/nutanixfrance/,New,Review website and validate opportunity,
NVECTECH,Pologne,B,67.5,Acheteur potentiel,Electronic components,"Textiles, composites, optronique, énergie pour kits soldat.","Soldier system vendors source textiles, composites, optronics and energy. Lead with NATO / military pedigree.","Hi — I noticed NVECTECH builds Sensors, Optronics / Optics (+4) for Soldier systems.",http://www.nvectech.com/,,New,Review website and validate opportunity,
nVent SCHROFF,États-Unis,D,,À vérifier,To enrich,Qualifier l'activité avant tout pitch ciblé.,To enrich,To enrich,https://schroff.nvent.com/en-us/,,New,No immediate action,
NVLS,Espagne,A,78.0,Acheteur potentiel,Electronic components,"Capteurs, payloads optroniques, communications pour plateformes ISR.","ISR platforms aggregate sensors, comms and AI. Map NVLS's integration partners.","Hi — I noticed NVLS builds Optronics / Optics, Soldier equipment (+2) for Intelligence / ISR.",http://www.nvls.es/,https://www.linkedin.com/company/nightvision-lasers-spain-sl/,New,Contact sales team and qualify need,
NYCO,France,D,,À vérifier,To enrich,Qualifier l'activité avant tout pitch ciblé.,To enrich,To enrich,http://www.nyco-group.com/,,New,No immediate action,
Nyfors Teknologi AB,Suède,D,,À vérifier,To enrich,Qualifier l'activité avant tout pitch ciblé.,To enrich,To enrich,,,New,No immediate action,
OA KASKAD LLC,Ukraine,B,67.0,Acheteur potentiel,Energy / batteries,"Amplis RF, processeurs signal, embarqué, antennes pour EW.","EW systems source RF amplifiers, signal-processing chips, embedded computing and antennas. Talk to RF system lead.","Hi — I noticed OA KASKAD LLC builds UAV / drones, Sensors (+4) for Electronic warfare.",https://cascadesystems.com/,,New,Review website and validate opportunity,
OBJECTIF EMBALLAGES,France,D,,À vérifier,To enrich,Qualifier l'activité avant tout pitch ciblé.,To enrich,To enrich,https://www.objectif-emballages.fr/,,New,No immediate action,
OBSAM,France,B,60.9,Acheteur potentiel,Mechanical parts,"Composites, capteurs, comms, lancement pour primes spatiaux.","Space primes source composites, sensors, comms and launch services.","Hi — I noticed OBSAM builds Logistics equipment, Software / Platforms (+1) for Space / satellite.",http://obsam.com/,https://www.linkedin.com/company/obsam/posts/?feedView=all,New,Review website and validate opportunity,
Observis Oy,Finlande,A,78.0,Acheteur potentiel,Engines / propulsion,"Capteurs, payloads optroniques, communications pour plateformes ISR.","ISR platforms aggregate sensors, comms and AI. Map Observis Oy's integration partners.","Hi — I noticed Observis Oy builds Vehicles, Sensors (+8) for Intelligence / ISR.",http://www.observis.fi/,https://www.linkedin.com/company/observis-oy,New,Contact sales team and qualify need,
Octane Wireless,États-Unis,A,77.0,Acheteur potentiel,Engines / propulsion,Sub-system / payload pour OEM drones tactiques.,UAV programs are scaling — Octane Wireless is buying. Position [your sub-system] as a qualified alternative on their next platform.,"Hi — Octane Wireless ships Vehicles, UAV / drones (+3) to Police / law enforcement, Aerospace primes (+1).",http://www.octanewireless.com/,,New,Contact sales team and qualify need,
OCTAVA DEFENCE,Ukraine,A,76.0,Acheteur potentiel,Energy / batteries,"Capteurs, payloads optroniques, communications pour plateformes ISR.","ISR platforms aggregate sensors, comms and AI. Map OCTAVA DEFENCE's integration partners.","Hi — I noticed OCTAVA DEFENCE builds UAV / drones, Software / Platforms (+6) for Intelligence / ISR.",https://octava.ua/en/,https://www.linkedin.com/company/octava-defence/posts/?feedView=all,New,Contact sales team and qualify need,
Odasiljaci i veze d.o.o.,Croatie,B,72.5,Acheteur potentiel,Mechanical parts,"Composites, capteurs, comms, lancement pour primes spatiaux.","Space primes source composites, sensors, comms and launch services.",Hi — I noticed Odasiljaci i veze d.o.o.,https://www.oiv.hr/,,New,Review website and validate opportunity,
ODJECA D.O.O.,Croatie,D,,À vérifier,To enrich,Qualifier l'activité avant tout pitch ciblé.,To enrich,To enrich,http://www.odjeca.net/,,New,No immediate action,
ODU FRANCE,France,D,20.1,À vérifier,Industrial subcontracting / machining,Qualifier l'activité avant tout pitch ciblé.,"Public sources too thin — discovery call first, focused pitch second.",Hi — I noticed ODU FRANCE at Eurosatory.,http://www.odu-connectors.fr/,https://de.linkedin.com/company/odu-connectors,New,No immediate action,
ODYSSEE SYSTEMES,France,D,,À vérifier,To enrich,Qualifier l'activité avant tout pitch ciblé.,To enrich,To enrich,http://www.odyssee-systemes.fr/,https://www.linkedin.com/company/odyss-e-syst-mes/?viewAsMember=true,New,No immediate action,
OIP LAND SYSTEMS,Belgique,D,,À vérifier,To enrich,Qualifier l'activité avant tout pitch ciblé.,To enrich,To enrich,https://www.sabiex.com/,,New,No immediate action,
OIP SENSOR SYSTEMS,Belgique,D,,À vérifier,To enrich,Qualifier l'activité avant tout pitch ciblé.,To enrich,To enrich,https://www.oip.be/,,New,No immediate action,
Oledcomm,France,D,,À vérifier,To enrich,Qualifier l'activité avant tout pitch ciblé.,To enrich,To enrich,https://www.oledcomm.net/fr/,https://www.linkedin.com/company/oledcomm/mycompany/verification/,New,No immediate action,
OLVID,France,D,,À vérifier,To enrich,Qualifier l'activité avant tout pitch ciblé.,To enrich,To enrich,https://olvid.io/,https://www.linkedin.com/company/olvid/,New,No immediate action,
OMNIPOL Group,République tchèque,B,60.3,Acheteur potentiel,Engines / propulsion,"Moteurs, composites, plaques balistiques, optronique, comms pour OEM blindés.","Armored vehicle OEMs buy engines, composites, ballistic plates, optronics, comms and specialised mechanics in volume.",Hi — I noticed OMNIPOL Group builds Vehicles for Armored vehicles.,http://www.omnipol.cz/,https://www.linkedin.com/company/omnipol-a-s-/,New,Review website and validate opportunity,
OMP ENGINEERING,Italie,C,56.9,Acheteur potentiel,Mechanical parts,Vend des sous-systèmes / composants à un OEM construisant Logistics equipment.,OMP ENGINEERING performs MRO — they need parts and engineering support. Direct procurement angle.,Hi — OMP ENGINEERING ships Logistics equipment to Land forces.,http://www.omp-italia.com/,,New,Keep in watchlist,
Ondas,États-Unis,A,82.0,Acheteur potentiel,Energy / batteries,"Amplis RF, processeurs signal, embarqué, antennes pour EW.","EW systems source RF amplifiers, signal-processing chips, embedded computing and antennas. Talk to RF system lead.","Hi — I noticed Ondas builds UAV / drones, Counter-UAV systems (+11) for Electronic warfare.",https://www.ondas.com/,https://www.linkedin.com/company/ondas-inc/posts/?feedView=all,New,Contact sales team and qualify need,
Onebrief,États-Unis,B,68.4,Acheteur potentiel,Mechanical parts,"Vend des sous-systèmes / composants à un OEM construisant Logistics equipment, Communications networks.","Onebrief pitches end-to-end C4ISR; they need sub-systems, software components and compliance services.","Hi — Onebrief ships Logistics equipment, Communications networks (+1) to Land forces, Air forces (+3).",https://onebrief.com/,https://www.linkedin.com/company/onebrief/,New,Review website and validate opportunity,
ONEGRIP,Espagne,B,63.0,Sous-traitant,Mechanical parts,"Radars, sonars, comms, armement, sustainment pour primes navals.","Naval primes buy radars, sonars, comms, weapons and sustainment in long cycles.","Hi — I noticed ONEGRIP builds Logistics equipment, Communications networks (+1) for Naval defense.",https://cnexaie.com/,https://www.linkedin.com/company/cnex-aie-sl,New,Review website and validate opportunity,
"oneNav, Inc.",États-Unis,B,70.5,Acheteur potentiel,Engines / propulsion,"Composites, capteurs, comms, lancement pour primes spatiaux.","Space primes source composites, sensors, comms and launch services.","Hi — I noticed oneNav, Inc.",https://www.onenav.ai/,https://www.linkedin.com/company/onenav-inc,New,Review website and validate opportunity,
OPEN SEZAM,France,D,,À vérifier,To enrich,Qualifier l'activité avant tout pitch ciblé.,To enrich,To enrich,,,New,No immediate action,
Openworks Engineering Ltd,Royaume-Uni,A,78.5,Acheteur potentiel,Energy / batteries,"Capteurs, payloads optroniques, communications pour plateformes ISR.","ISR platforms aggregate sensors, comms and AI. Map Openworks Engineering Ltd's integration partners.","Hi — I noticed Openworks Engineering Ltd builds UAV / drones, Counter-UAV systems (+8) for Intelligence / ISR.",https://openworksengineering.com/,www.linkedin.com/company/openworks-engineering-ltd/about/,New,Contact sales team and qualify need,
Ophir Optronics Solutions LTD,Roumanie,A,77.0,Acheteur potentiel,Engines / propulsion,"Capteurs, payloads optroniques, communications pour plateformes ISR.","ISR platforms aggregate sensors, comms and AI. Map Ophir Optronics Solutions LTD's integration partners.","Hi — I noticed Ophir Optronics Solutions LTD builds Vehicles, UAV / drones (+8) for Intelligence / ISR.",https://www.ophiropt.com/infrared-optics,https://www.linkedin.com/company/ophiroptics,New,Contact sales team and qualify need,
OPTICAL SOLUTIONS SRL,Italie,C,58.7,Acheteur potentiel,Electronic components,"Vend des sous-systèmes / composants à un OEM construisant Optronics / Optics, Software / Platforms.","OPTICAL SOLUTIONS SRL sells optronics, they need detector and electronics suppliers. Lead with quality data.","Hi — OPTICAL SOLUTIONS SRL ships Optronics / Optics, Software / Platforms to defense customers.",https://www.opticalsolutions.it/,,New,Keep in watchlist,
OPTICOELECTRON GROUP JSCo,Bulgarie,A,81.0,Acheteur potentiel,Engines / propulsion,"Radars, missiles, comms, électroniques pour systèmes anti-aériens.","Air defense systems buy radars, missile components, comms and electronics.","Hi — I noticed OPTICOELECTRON GROUP JSCo builds Vehicles, UAV / drones (+7) for Air defense.",http://www.opticoel.com/,,New,Contact sales team and qualify need,
Optii,Canada,B,66.0,Acheteur potentiel,Engines / propulsion,"Amplis RF, processeurs signal, embarqué, antennes pour EW.","EW systems source RF amplifiers, signal-processing chips, embedded computing and antennas. Talk to RF system lead.","Hi — I noticed Optii builds Vehicles, UAV / drones (+6) for Electronic warfare.",http://www.optii.ca/,https://www.linkedin.com/company/optii-corporation,New,Review website and validate opportunity,
OPTIMA TECHNIC - Mobile Solutions,Turquie,B,64.5,Acheteur potentiel,Engines / propulsion,"Vend des sous-systèmes / composants à un OEM construisant Vehicles, Logistics equipment.","OPTIMA TECHNIC - Mobile Solutions pitches end-to-end C4ISR; they need sub-systems, software components and compliance services.","Hi — OPTIMA TECHNIC - Mobile Solutions ships Vehicles, Logistics equipment (+1) to defense customers.",http://www.optimatechnic.com/,https://www.linkedin.com/company/optimatechnic/,New,Review website and validate opportunity,
OPTIMAL GROUP,Portugal,D,16.6,À vérifier,Industrial subcontracting / machining,Qualifier l'activité avant tout pitch ciblé.,"Public sources too thin — discovery call first, focused pitch second.",Hi — I noticed OPTIMAL GROUP at Eurosatory.,https://optimal.pt/,https://www.linkedin.com/company/optimal-structural-solutions/,New,No immediate action,
Optimized Electrotech Pvt Ltd,Inde,D,,À vérifier,To enrich,Qualifier l'activité avant tout pitch ciblé.,To enrich,To enrich,https://www.optimizedelectrotech.com/,,New,No immediate action,
OPTIMUM VEHICLE LOGISTICS,États-Unis,D,,À vérifier,To enrich,Qualifier l'activité avant tout pitch ciblé.,To enrich,To enrich,http://www.optimumvl.com/,,New,No immediate action,
Optix JSC,Bulgarie,D,,À vérifier,To enrich,Qualifier l'activité avant tout pitch ciblé.,To enrich,To enrich,http://www.optixco.com/,,New,No immediate action,
OPUS AEROSPACE,France,D,,À vérifier,To enrich,Qualifier l'activité avant tout pitch ciblé.,To enrich,To enrich,https://www.opus-aerospace.com/,,New,No immediate action,
ORANGE,France,B,68.0,Acheteur potentiel,Energy / batteries,"Capteurs, payloads optroniques, communications pour plateformes ISR.","ISR platforms aggregate sensors, comms and AI. Map ORANGE's integration partners.","Hi — I noticed ORANGE builds UAV / drones, Software / Platforms (+4) for Intelligence / ISR.",https://www.orange-business.com/fr,https://www.linkedin.com/company/orange/posts/?feedView=all,New,Review website and validate opportunity,
ORANGE SA,France,D,,À vérifier,To enrich,Qualifier l'activité avant tout pitch ciblé.,To enrich,To enrich,https://www.orange-business.com/fr,,New,No immediate action,
Oransi,États-Unis,B,66.5,Acheteur potentiel,Energy / batteries,"Fournisseur de batteries, moteurs, optronique, RF, composites pour fabricants UAV.","UAV builds need batteries, motors, optronics, RF links and composites. Map their bill of materials with the supply chain lead.","Hi — I noticed Oransi builds UAV / drones, Engines / propulsion (+3) for UAV / drones.",https://oransi.tech/,,New,Review website and validate opportunity,
Orbit Communication Systems,Israël,B,68.0,Acheteur potentiel,Engines / propulsion,"Composites, capteurs, comms, lancement pour primes spatiaux.","Space primes source composites, sensors, comms and launch services.","Hi — I noticed Orbit Communication Systems builds Vehicles, UAV / drones (+9) for Space / satellite.",https://www.orbit-cs.com/,,New,Review website and validate opportunity,
ORBITALA Ltd.,Bulgarie,B,70.5,Acheteur potentiel,Engines / propulsion,"Moteurs, composites, plaques balistiques, optronique, comms pour OEM blindés.","Armored vehicle OEMs buy engines, composites, ballistic plates, optronics, comms and specialised mechanics in volume.",Hi — I noticed ORBITALA Ltd.,http://www.orbitala.eu/,,New,Review website and validate opportunity,
ORBITICA,France,B,69.5,Acheteur potentiel,Electronic components,"Amplis RF, processeurs signal, embarqué, antennes pour EW.","EW systems source RF amplifiers, signal-processing chips, embedded computing and antennas. Talk to RF system lead.","Hi — I noticed ORBITICA builds Sensors, Tactical radios (+11) for Electronic warfare.",http://www.orbitica.com/,https://fr.linkedin.com/company/orbitica,New,Review website and validate opportunity,
ORIGIN,Lettonie,A,77.0,Acheteur potentiel,Energy / batteries,"Capteurs, payloads optroniques, communications pour plateformes ISR.","ISR platforms aggregate sensors, comms and AI. Map ORIGIN's integration partners.","Hi — I noticed ORIGIN builds UAV / drones, Radars (+7) for Intelligence / ISR.",https://origin-robotics.com/,https://www.linkedin.com/company/origin-robotics,New,Contact sales team and qualify need,
ORQA d.o.o.,Croatie,D,,À vérifier,To enrich,Qualifier l'activité avant tout pitch ciblé.,To enrich,To enrich,https://www.orqafpv.com/,,New,No immediate action,
ORUS,France,C,44.4,Acheteur potentiel,Mechanical parts,Vend des sous-systèmes / composants à un OEM construisant Logistics equipment.,Qualify the activity before pitching.,Hi — ORUS ships Logistics equipment to Critical infrastructure.,https://www.orus.space/,https://www.linkedin.com/company/orusspace/posts/?feedView=all,New,Keep in watchlist,
OSCA SISTEMAS SLU,Espagne,C,45.6,Acheteur potentiel,Electronic components,Vend des sous-systèmes / composants à un OEM construisant Robotics / UGV.,Qualify the activity before pitching.,Hi — OSCA SISTEMAS SLU ships Robotics / UGV to defense customers.,http://www.oscasistemas.com/,,New,Keep in watchlist,
OSCILLOQUARTZ,États-Unis,D,,À vérifier,To enrich,Qualifier l'activité avant tout pitch ciblé.,To enrich,To enrich,https://www.oscilloquartz.com/en,,New,No immediate action,
"OSG - Oran Palmach Tzuba ACC, Ltd.",Israël,B,73.5,Acheteur potentiel,Mechanical parts,"Verre spécial, détecteurs, mécanique de précision pour optronique.","Optronics suppliers buy specialty glass, detectors and precision mechanics. Talk to procurement and engineering.","Hi — I noticed OSG - Oran Palmach Tzuba ACC, Ltd.",http://osg-group.com/,https://www.linkedin.com/company/504770/admin/dashboard/,New,Review website and validate opportunity,
Oshkosh Defense,États-Unis,D,,À vérifier,To enrich,Qualifier l'activité avant tout pitch ciblé.,To enrich,To enrich,https://www.oshkoshdefense.com/,,New,No immediate action,
OTOKAR,Turquie,D,35.8,Acheteur potentiel,Engines / propulsion,Vend des sous-systèmes / composants à un OEM construisant Vehicles.,Qualify the activity before pitching.,Hi — OTOKAR ships Vehicles to defense customers.,http://www.otokar.com/,,New,No immediate action,
OTTO,États-Unis,B,73.2,Acheteur potentiel,"Raw materials (steel, aluminium)","Pièces de rechange, calibration, certification pour acteurs MRO.","MRO providers source spare parts, calibration tools and certification services. Procurement is the buyer.",Hi — I noticed OTTO builds Mechanical parts for Logistics / MRO.,http://www.ottoexcellence.com/,,New,Review website and validate opportunity,
OUVRY,France,D,,À vérifier,To enrich,Qualifier l'activité avant tout pitch ciblé.,To enrich,To enrich,http://www.ouvry.com/,,New,No immediate action,
Ovzon,Suède,A,79.0,Acheteur potentiel,Electronic components,"RF, crypto, certification interopérabilité pour radios tactiques.","Tactical comms vendors source RF, encryption modules and certifications. Talk to RF / security architect.","Hi — I noticed Ovzon builds Tactical radios, Logistics equipment (+6) for Communications.",https://www.ovzon.com/,,New,Contact sales team and qualify need,
OWLEY,France,B,73.0,Acheteur potentiel,Electronic components,"Amplis RF, processeurs signal, embarqué, antennes pour EW.","EW systems source RF amplifiers, signal-processing chips, embedded computing and antennas. Talk to RF system lead.","Hi — I noticed OWLEY builds Sensors, Energy / batteries (+4) for Electronic warfare.",http://owley.io/,https://www.linkedin.com/company/owleyio/,New,Review website and validate opportunity,
OXLEY DEVELOPMENTS COMPANY LTD,Royaume-Uni,D,,À vérifier,To enrich,Qualifier l'activité avant tout pitch ciblé.,To enrich,To enrich,https://www.oxleygroup.com/,,New,No immediate action,
OXYMAX,France,D,,À vérifier,To enrich,Qualifier l'activité avant tout pitch ciblé.,To enrich,To enrich,https://www.oxymax.fr/,,New,No immediate action,
Pacific Northwest Defense Coalition,États-Unis,D,,À vérifier,To enrich,Qualifier l'activité avant tout pitch ciblé.,To enrich,To enrich,http://www.pndc.us/,,New,No immediate action,
Pagacz Defence Group,Pologne,B,66.9,Acheteur potentiel,Engines / propulsion,"Verre spécial, détecteurs, mécanique de précision pour optronique.","Optronics suppliers buy specialty glass, detectors and precision mechanics. Talk to procurement and engineering.","Hi — I noticed Pagacz Defence Group builds Vehicles, Optronics / Optics for Optics / optronics.",http://www.pagacz.com.pl/,https://www.instagram.com/pagaczdefencegroup/,New,Review website and validate opportunity,
PALFINGER EMEA GmbH,Autriche,D,,À vérifier,To enrich,Qualifier l'activité avant tout pitch ciblé.,To enrich,To enrich,http://www.palfinger.com/,,New,No immediate action,
PALLADIUM GROUP OF COMPANIES,Turquie,D,,À vérifier,To enrich,Qualifier l'activité avant tout pitch ciblé.,To enrich,To enrich,https://www.palladium.gen.tr/,,New,No immediate action,
Panaro,Italie,B,74.3,Acheteur potentiel,Energy / batteries,Sub-system / payload pour OEM drones tactiques.,UAV programs are scaling — Panaro is buying. Position [your sub-system] as a qualified alternative on their next platform.,Hi — Panaro ships UAV / drones to defense customers.,https://www.panarocases.com/,,New,Review website and validate opportunity,
PANASONIC CONNECT TOUGHBOOK,France,D,,À vérifier,To enrich,Qualifier l'activité avant tout pitch ciblé.,To enrich,To enrich,https://eu.connect.panasonic.com/fr/fr/toughbook,,New,No immediate action,
PANGOLIN DEFENSE,France,D,,À vérifier,To enrich,Qualifier l'activité avant tout pitch ciblé.,To enrich,To enrich,https://www.pangolin-defense.com/,,New,No immediate action,
PANOPTES,France,B,66.3,Acheteur potentiel,Electronic components,"Front-ends RF, processeurs, mécanique de précision pour fabricants radars.","Radar / sensor lines need specialised electronics, signal processing chips and composite housings. Talk to chief engineer.","Hi — I noticed PANOPTES builds Sensors, Communications networks (+1) for Radar / sensors.",http://www.panoptes-fr.com/,https://www.linkedin.com/company/panoptesfrance,New,Review website and validate opportunity,
Pantec AG,Liechtenstein,B,60.2,Fournisseur potentiel,Electronic components,"Verre spécial, détecteurs, mécanique de précision pour optronique.","Optronics suppliers buy specialty glass, detectors and precision mechanics. Talk to procurement and engineering.","Hi — I noticed Pantec AG builds Optronics / Optics, Software / Platforms for Optics / optronics.",http://pantec-biosolutions.com/en,https://www.linkedin.com/company/pantec-biosolutions-ag,New,Review website and validate opportunity,
PAPAGEORGIOU WIRELAND GP,Grèce,C,59.4,Acheteur potentiel,Electronic components,"Vend des sous-systèmes / composants à un OEM construisant Robotics / UGV, Logistics equipment.","PAPAGEORGIOU WIRELAND GP sells to land forces — they need sub-systems, composites and certification.","Hi — PAPAGEORGIOU WIRELAND GP ships Robotics / UGV, Logistics equipment to Land forces, Police / law enforcement (+1).",https://www.wireland.gr/,https://www.linkedin.com/company/wireland-greece/,New,Keep in watchlist,
Paramount group Ltd,Émirats arabes unis,A,79.0,Acheteur potentiel,Engines / propulsion,"Capteurs, payloads optroniques, communications pour plateformes ISR.","ISR platforms aggregate sensors, comms and AI. Map Paramount group Ltd's integration partners.","Hi — I noticed Paramount group Ltd builds Vehicles, UAV / drones (+10) for Intelligence / ISR.",https://www.paramountgroup.com/,www.linkedin.com/paramount_2,New,Contact sales team and qualify need,
PARKER HANNIFIN,France,D,,À vérifier,To enrich,Qualifier l'activité avant tout pitch ciblé.,To enrich,To enrich,https://www.parker.com/fr,https://www.linkedin.com/company/parker-hannifin/mycompany/,New,No immediate action,
PARNISARI ARMS,Italie,D,,À vérifier,To enrich,Qualifier l'activité avant tout pitch ciblé.,To enrich,To enrich,https://www.parnisariarms.com/,,New,No immediate action,
Pass-Medientechnik GmbH,Allemagne,C,54.1,Acheteur potentiel,Engines / propulsion,"Vend des sous-systèmes / composants à un OEM construisant Vehicles, Software / Platforms.",Pass-Medientechnik GmbH buys for next-gen platforms — engineering and supply chain are the buyers.,"Hi — Pass-Medientechnik GmbH ships Vehicles, Software / Platforms to defense customers.",http://www.voccom.audio/,https://www.linkedin.com/company/pass-medientechnik-gmbh/,New,Keep in watchlist,
PATRIA OYJ,Finlande,A,78.5,Acheteur potentiel,Engines / propulsion,"Fournisseur de batteries, moteurs, optronique, RF, composites pour fabricants UAV.","UAV builds need batteries, motors, optronics, RF links and composites. Map their bill of materials with the supply chain lead.","Hi — I noticed PATRIA OYJ builds Vehicles, UAV / drones (+6) for UAV / drones.",http://www.patriagroup.com/,https://www.linkedin.com/company/patria,New,Contact sales team and qualify need,
PAUL BOYE TECHNOLOGIES,France,D,,À vérifier,To enrich,Qualifier l'activité avant tout pitch ciblé.,To enrich,To enrich,http://www.paulboye.com/,,New,No immediate action,
PAXIS,Israël,D,,À vérifier,To enrich,Qualifier l'activité avant tout pitch ciblé.,To enrich,To enrich,http://www.paxisceramics.com/,,New,No immediate action,
PCB PIEZOTRONICS,France,B,71.5,Acheteur potentiel,Electronic components,"Composites, capteurs, comms, lancement pour primes spatiaux.","Space primes source composites, sensors, comms and launch services.","Hi — I noticed PCB PIEZOTRONICS builds Sensors, Electronic components (+4) for Space / satellite.",http://pcbpiezotronics.fr/,https://www.linkedin.com/company/pcbpiezotronics-fr/about/?viewAsMember=true,New,Review website and validate opportunity,
PCB Technologies,Israël,B,71.5,Acheteur potentiel,Industrial subcontracting / machining,"Amplis RF, processeurs signal, embarqué, antennes pour EW.","EW systems source RF amplifiers, signal-processing chips, embedded computing and antennas. Talk to RF system lead.","Hi — I noticed PCB Technologies builds Electronic components, Logistics equipment (+15) for Electronic warfare.",http://www.pcb-technologies.com/,https://www.linkedin.com/company/pcb,New,Review website and validate opportunity,
Pearson Engineering,Royaume-Uni,B,66.0,Acheteur potentiel,Engines / propulsion,Sub-system / payload pour OEM drones tactiques.,UAV programs are scaling — Pearson Engineering is buying. Position [your sub-system] as a qualified alternative on their next platform.,"Hi — Pearson Engineering ships Vehicles, UAV / drones (+2) to Land forces, Defense ministries.",http://www.pearson-eng.com/,https://www.linkedin.com/company/pearson-engineering-ltd/,New,Review website and validate opportunity,
PEL,Inde,D,,À vérifier,To enrich,Qualifier l'activité avant tout pitch ciblé.,To enrich,To enrich,https://www.pel-india.in/,,New,No immediate action,
Peli Products,France,D,,À vérifier,To enrich,Qualifier l'activité avant tout pitch ciblé.,To enrich,To enrich,http://www.peli.com/,,New,No immediate action,
PENINSULA ELECTRONICS,Inde,D,,À vérifier,To enrich,Qualifier l'activité avant tout pitch ciblé.,To enrich,To enrich,https://www.peninsulaelectronics.com/,,New,No immediate action,
Performance Interconnect,France,D,,À vérifier,To enrich,Qualifier l'activité avant tout pitch ciblé.,To enrich,To enrich,https://www.pisas.fr/,,New,No immediate action,
"Perkons Energy, SIA",Lettonie,B,72.5,Acheteur potentiel,Energy / batteries,"Vend des sous-systèmes / composants à un OEM construisant UAV / drones, Robotics / UGV.","Perkons Energy, SIA pitches end-to-end C4ISR; they need sub-systems, software components and compliance services.","Hi — Perkons Energy, SIA ships UAV / drones, Robotics / UGV (+6) to Police / law enforcement, Border / customs.",https://www.perkonsenergy.com/,,New,Review website and validate opportunity,
"PERSEUS ELECTRONICS CO., LTD",Chine,D,4.0,À vérifier,To enrich,Qualifier l'activité avant tout pitch ciblé.,"Public sources too thin — discovery call first, focused pitch second.","Hi — I noticed PERSEUS ELECTRONICS CO., LTD at Eurosatory.",https://www.perseusfans.com/,,New,No immediate action,
"PERSISTENT SYSTEMS, LLC",États-Unis,D,,À vérifier,To enrich,Qualifier l'activité avant tout pitch ciblé.,To enrich,To enrich,https://www.persistentsystems.com/,,New,No immediate action,
PEWAG SCHNEEKETTEN GMBH,Autriche,D,,À vérifier,To enrich,Qualifier l'activité avant tout pitch ciblé.,To enrich,To enrich,http://www.pewag.com/,,New,No immediate action,
PEXIP,Norvège,A,76.5,Acheteur potentiel,Mechanical parts,"Threat intel, hardware appliances, cloud souverain, audits.","Cyber-defense vendors source threat intel feeds, hardware appliances, cloud and certification services. Procurement / CISO are entry points.","Hi — I noticed PEXIP builds Logistics equipment, Communications networks (+5) for Cybersecurity.",http://www.pexip.com/,https://www.linkedin.com/company/pexip/,New,Contact sales team and qualify need,
PGM Précision,France,D,,À vérifier,To enrich,Qualifier l'activité avant tout pitch ciblé.,To enrich,To enrich,http://www.pgmprecision.com/,,New,No immediate action,
PHENIX ELECTRONIQUE,France,D,,À vérifier,To enrich,Qualifier l'activité avant tout pitch ciblé.,To enrich,To enrich,https://www.agon-electronics.com/phenix/,,New,No immediate action,
PHOTONFIRST TECHNOLOGIES,Pays-Bas,B,70.0,Acheteur potentiel,Electronic components,"Composites, capteurs, comms, lancement pour primes spatiaux.","Space primes source composites, sensors, comms and launch services.","Hi — I noticed PHOTONFIRST TECHNOLOGIES builds Sensors, Optronics / Optics (+6) for Space / satellite.",https://www.photonfirst.com/,https://www.linkedin.com/company/photonfirst/,New,Review website and validate opportunity,
PHOTONIC OPTISCHE GERÄTE GMBH & CO KG,Autriche,A,80.0,Acheteur potentiel,Engines / propulsion,"Front-ends RF, processeurs, mécanique de précision pour fabricants radars.","Radar / sensor lines need specialised electronics, signal processing chips and composite housings. Talk to chief engineer.","Hi — I noticed PHOTONIC OPTISCHE GERÄTE GMBH & CO KG builds Vehicles, Sensors (+4) for Radar / sensors.",http://www.photonic-defence.at/,https://www.linkedin.com/company/photonic-optical-solutions,New,Contact sales team and qualify need,
PIA - Finnish Defence and Aerospace Industries,Finlande,D,27.6,À vérifier,Industrial subcontracting / machining,Qualifier l'activité avant tout pitch ciblé.,"Public sources too thin — discovery call first, focused pitch second.",Hi — I noticed PIA - Finnish Defence and Aerospace Industries at Eurosatory.,http://www.defenceindustries.fi/,https://www.linkedin.com/company/afda-fi/,New,No immediate action,
PIAKO OY,Finlande,B,66.0,Acheteur potentiel,Engines / propulsion,"Pièces de rechange, calibration, certification pour acteurs MRO.","MRO providers source spare parts, calibration tools and certification services. Procurement is the buyer.","Hi — I noticed PIAKO OY builds Vehicles, Logistics equipment (+1) for Logistics / MRO.",http://piako.fi/en/front-page/,https://www.linkedin.com/search/results/all/?keywords=Piako%20Oy&origin=ENTITY_SEARCH_HOME_HISTORY&heroEntityKey=urn%3Ali%3Aorganization%3A20318348&position=0,New,Review website and validate opportunity,
Picomto,France,D,,À vérifier,To enrich,Qualifier l'activité avant tout pitch ciblé.,To enrich,To enrich,https://www.picomto.com/,,New,No immediate action,
PID TEST & ENGINEERING GMBH,Allemagne,C,40.6,Acheteur potentiel,Mechanical parts,"Vend des sous-systèmes / composants à un OEM construisant Logistics equipment, Software / Platforms.",Qualify the activity before pitching.,"Hi — PID TEST & ENGINEERING GMBH ships Logistics equipment, Software / Platforms (+3) to Defense ministries.",http://www.pid.team/,https://www.linkedin.com/company/pid-test-engineering/,New,Keep in watchlist,
PIEDRAFITA SYSTEMS,Espagne,D,,À vérifier,To enrich,Qualifier l'activité avant tout pitch ciblé.,To enrich,To enrich,https://www.piedrafita.com/,,New,No immediate action,
PIEMONTE - ITALY,Italie,A,75.6,Acheteur potentiel,Engines / propulsion,"Vend des sous-systèmes / composants à un OEM construisant Vehicles, Communications networks.",PIEMONTE - ITALY performs MRO — they need parts and engineering support. Direct procurement angle.,"Hi — PIEMONTE - ITALY ships Vehicles, Communications networks to Aerospace primes.",http://www.centroestero.org/,https://www.linkedin.com/showcase/piemonte-agency/posts/?feedView=all,New,Contact sales team and qualify need,
PIK-AS AUSTRIA GMBH,Autriche,D,,À vérifier,To enrich,Qualifier l'activité avant tout pitch ciblé.,To enrich,To enrich,http://www.pikas.at/,,New,No immediate action,
Pix Coating,Belgique,D,,À vérifier,To enrich,Qualifier l'activité avant tout pitch ciblé.,To enrich,To enrich,https://www.pixcoating.com/en/,,New,No immediate action,
PLANSEE & CERATIZIT,Autriche,A,79.0,Acheteur potentiel,Industrial subcontracting / machining,"Composites, capteurs, comms, lancement pour primes spatiaux.","Space primes source composites, sensors, comms and launch services.","Hi — I noticed PLANSEE & CERATIZIT builds Electronic components, Logistics equipment (+8) for Space / satellite.",http://www.plansee.com/,https://www.linkedin.com/company/plansee/,New,Contact sales team and qualify need,
plasan,Israël,D,,À vérifier,To enrich,Qualifier l'activité avant tout pitch ciblé.,To enrich,To enrich,http://www.plasan.com/,,New,No immediate action,
Plasmateria GmbH,Autriche,D,,À vérifier,To enrich,Qualifier l'activité avant tout pitch ciblé.,To enrich,To enrich,,,New,No immediate action,
platzmann federn gmbh & co. kg,Allemagne,B,69.9,Acheteur potentiel,Electronic components,"Capteurs, payloads optroniques, communications pour plateformes ISR.","ISR platforms aggregate sensors, comms and AI. Map platzmann federn gmbh & co. kg's integration partners.",Hi — I noticed platzmann federn gmbh & co.,https://www.platzmann.de/,,New,Review website and validate opportunity,
"PLESIUM, S.L.",Espagne,B,66.0,Acheteur potentiel,Engines / propulsion,"Moteurs, composites, plaques balistiques, optronique, comms pour OEM blindés.","Armored vehicle OEMs buy engines, composites, ballistic plates, optronics, comms and specialised mechanics in volume.","Hi — I noticed PLESIUM, S.L.",http://gmsplesium.com/,https://www.linkedin.com/company/gms-plesium/,New,Review website and validate opportunity,
PLTECH,France,D,2.0,À vérifier,To enrich,Qualifier l'activité avant tout pitch ciblé.,"Public sources too thin — discovery call first, focused pitch second.",Hi — I noticed PLTECH at Eurosatory.,https://pirateeye.net/,,New,No immediate action,
PMB,France,D,,À vérifier,To enrich,Qualifier l'activité avant tout pitch ciblé.,To enrich,To enrich,https://www.pmb-alcen.com/,,New,No immediate action,
PMW Dynamics,Royaume-Uni,A,82.0,Acheteur potentiel,Engines / propulsion,"Composites, capteurs, comms, lancement pour primes spatiaux.","Space primes source composites, sensors, comms and launch services.","Hi — I noticed PMW Dynamics builds Vehicles, UAV / drones (+8) for Space / satellite.",http://www.pmwdynamics.com/,https://www.linkedin.com/company/pmw-dynamics,New,Contact sales team and qualify need,
Poam Electronics LTD,Royaume-Uni,A,78.0,Acheteur potentiel,Electronic components,"Amplis RF, processeurs signal, embarqué, antennes pour EW.","EW systems source RF amplifiers, signal-processing chips, embedded computing and antennas. Talk to RF system lead.","Hi — I noticed Poam Electronics LTD builds Sensors, Software / Platforms (+10) for Electronic warfare.",http://www.poamelectronics.com/,https://www.linkedin.com/company/5246289/,New,Contact sales team and qualify need,
POBJEDA TECNNOLOGY GORAZDE,Bosnia and Herzegovina,D,,À vérifier,To enrich,Qualifier l'activité avant tout pitch ciblé.,To enrich,To enrich,,,New,No immediate action,
Pointers d.o.o.,Croatie,D,16.6,À vérifier,Industrial subcontracting / machining,Qualifier l'activité avant tout pitch ciblé.,"Public sources too thin — discovery call first, focused pitch second.",Hi — I noticed Pointers d.o.o.,https://www.pointersguardian.com/,,New,No immediate action,
Polartherm,Finlande,A,80.0,Acheteur potentiel,Cloud / data services,"Vend des sous-systèmes / composants à un OEM construisant Software / Platforms, Logistics equipment.",Polartherm buys for next-gen platforms — engineering and supply chain are the buyers.,"Hi — Polartherm ships Software / Platforms, Logistics equipment (+2) to Land forces, Air forces (+1).",https://polartherm.fi/military/frontpage/,www.linkedin.com/company/polartherm-oy,New,Contact sales team and qualify need,
PÔLE DES MICROTECHNIQUES,France,D,,À vérifier,To enrich,Qualifier l'activité avant tout pitch ciblé.,To enrich,To enrich,https://www.pmt-innovation.com/,,New,No immediate action,
POLIMASTER EUROPE,Lituanie,A,76.0,Acheteur potentiel,Cloud / data services,"Front-ends RF, processeurs, mécanique de précision pour fabricants radars.","Radar / sensor lines need specialised electronics, signal processing chips and composite housings. Talk to chief engineer.","Hi — I noticed POLIMASTER EUROPE builds Software / Platforms, Vehicles (+2) for Radar / sensors.",https://polimaster.com/,,New,Contact sales team and qualify need,
POLIS PRÉCIS SAS,France,D,,À vérifier,To enrich,Qualifier l'activité avant tout pitch ciblé.,To enrich,To enrich,http://polisprecis.com/,,New,No immediate action,
POLISH AUTOMOTIVE GROUP (PGM),Pologne,D,39.5,Acheteur potentiel,"Materials (Li-ion, electrolytes)","Vend des sous-systèmes / composants à un OEM construisant Energy / batteries, Engines / propulsion.",Qualify the activity before pitching.,"Hi — POLISH AUTOMOTIVE GROUP (PGM) ships Energy / batteries, Engines / propulsion to Defense ministries.",https://pgm.org.pl/,https://www.linkedin.com/company/29331809/admin/dashboard/,New,No immediate action,
POLISH INVESTMENT AND TRADE AGENCY,Pologne,A,76.0,Acheteur potentiel,RF / microwave components,"Composites, capteurs, comms, lancement pour primes spatiaux.","Space primes source composites, sensors, comms and launch services.","Hi — I noticed POLISH INVESTMENT AND TRADE AGENCY builds Communications networks, Energy / batteries (+5) for Space / satellite.",http://www.paih.gov.pl/en,https://www.linkedin.com/company/polish-investment-and-trade-agency/mycompany/verification/,New,Contact sales team and qualify need,
POL-PLAN,Pologne,D,30.6,À vérifier,Industrial subcontracting / machining,Qualifier l'activité avant tout pitch ciblé.,"Confirm if POL-PLAN does MRO, sustainment or only spares.",Hi — I noticed POL-PLAN at Eurosatory.,https://polplan.pl/,https://www.linkedin.com/company/pol-plan-hale-namiotowe,New,No immediate action,
POLSKA GRUPA ZBROJENIOWA S.A.,Pologne,D,,À vérifier,To enrich,Qualifier l'activité avant tout pitch ciblé.,To enrich,To enrich,https://grupapgz.pl/,,New,No immediate action,
Polyfa Consultants A/S,Danemark,D,,À vérifier,To enrich,Qualifier l'activité avant tout pitch ciblé.,To enrich,To enrich,,,New,No immediate action,
Polytronic International AG,Suisse,B,68.5,Acheteur potentiel,Software,"Radars, sonars, comms, armement, sustainment pour primes navals.","Naval primes buy radars, sonars, comms, weapons and sustainment in long cycles.","Hi — I noticed Polytronic International AG builds Simulators / Training, Naval systems (+6) for Naval defense.",http://www.polytronic.ch/,,New,Review website and validate opportunity,
POONGSAN,Corée du Sud,B,72.0,Acheteur potentiel,Energetic materials,"Radars, missiles, comms, électroniques pour systèmes anti-aériens.","Air defense systems buy radars, missile components, comms and electronics.","Hi — I noticed POONGSAN builds Ammunition, Electronic components (+4) for Air defense.",http://www.poongsan.co.kr/en,,New,Review website and validate opportunity,
POWELL ELECTRONICS EUROPE,Irlande,C,47.6,Acheteur potentiel,Electronic components,Vend des sous-systèmes / composants à un OEM construisant Robotics / UGV.,POWELL ELECTRONICS EUROPE performs MRO — they need parts and engineering support. Direct procurement angle.,Hi — POWELL ELECTRONICS EUROPE ships Robotics / UGV to defense customers.,http://www.powell.com/,,New,Keep in watchlist,
POWER SYSTEM TECHNOLOGY,France,B,69.5,Acheteur potentiel,Cloud / data services,"Radars, sonars, comms, armement, sustainment pour primes navals.","Naval primes buy radars, sonars, comms, weapons and sustainment in long cycles.","Hi — I noticed POWER SYSTEM TECHNOLOGY builds Software / Platforms, Electronic components (+12) for Naval defense.",http://www.powersystemtechnology.com/,https://www.linkedin.com/company/power-system-technology,New,Review website and validate opportunity,
PRECICAST,France,D,,À vérifier,To enrich,Qualifier l'activité avant tout pitch ciblé.,To enrich,To enrich,http://www.precicast.fr/,https://www.linkedin.com/company/9414279/admin/dashboard/,New,No immediate action,
PRECI-DIP,Suisse,D,,À vérifier,To enrich,Qualifier l'activité avant tout pitch ciblé.,To enrich,To enrich,http://www.precidip.com/,,New,No immediate action,
PRECISION TECHNIC DEFENCE A/S,Danemark,A,75.5,Acheteur potentiel,Engines / propulsion,"Composants, sous-systèmes, software, services pour primes C4ISR.",C4ISR primes integrate hundreds of components — the sourcing surface is huge. Procurement / supply chain is the entry point.,"Hi — I noticed PRECISION TECHNIC DEFENCE A/S builds Vehicles, Sensors (+3) for C4ISR.",http://www.ptdefence.com/,https://www.linkedin.com/company/precision-technic-defence-a-s/?viewAsMember=true,New,Contact sales team and qualify need,
Precizika Metrology,Lituanie,D,,À vérifier,To enrich,Qualifier l'activité avant tout pitch ciblé.,To enrich,To enrich,https://www.precizika.com/,,New,No immediate action,
PRESTOLITE ELECTRIC LTD,Royaume-Uni,D,38.0,Acheteur potentiel,Engines / propulsion,"Vend des sous-systèmes / composants à un OEM construisant Vehicles, Engines / propulsion.",Qualify the activity before pitching.,"Hi — PRESTOLITE ELECTRIC LTD ships Vehicles, Engines / propulsion to defense customers.",http://www.prestolite-eu.com/,https://uk.linkedin.com/company/prestolite-electric-europe,New,No immediate action,
Pretis d.d.,Bosnia and Herzegovina,D,,À vérifier,To enrich,Qualifier l'activité avant tout pitch ciblé.,To enrich,To enrich,http://www.pretis.ba/,,New,No immediate action,
Primecom,Lituanie,D,,À vérifier,To enrich,Qualifier l'activité avant tout pitch ciblé.,To enrich,To enrich,,,New,No immediate action,
PRO PATRIA ELECTRONICS KFT.,Hongrie,D,,À vérifier,To enrich,Qualifier l'activité avant tout pitch ciblé.,To enrich,To enrich,https://www.propatria-inc.com/,,New,No immediate action,
PROBATEC AG,Allemagne,D,,À vérifier,To enrich,Qualifier l'activité avant tout pitch ciblé.,To enrich,To enrich,http://www.probatec.de/,,New,No immediate action,
Probotica d.o.o.,Croatie,B,67.0,Acheteur potentiel,Engines / propulsion,"Front-ends RF, processeurs, mécanique de précision pour fabricants radars.","Radar / sensor lines need specialised electronics, signal processing chips and composite housings. Talk to chief engineer.",Hi — I noticed Probotica d.o.o.,https://www.probotica.hr/,,New,Review website and validate opportunity,
PROCALY SAS,France,D,,À vérifier,To enrich,Qualifier l'activité avant tout pitch ciblé.,To enrich,To enrich,http://www.procaly.com/,,New,No immediate action,
PROCOMM-MMC,France,D,,À vérifier,To enrich,Qualifier l'activité avant tout pitch ciblé.,To enrich,To enrich,http://www.procomm-mmc.com/,,New,No immediate action,
PROENGIN,France,D,,À vérifier,To enrich,Qualifier l'activité avant tout pitch ciblé.,To enrich,To enrich,http://www.proengin.com/,,New,No immediate action,
Professional Aircraft Engines GmbH,Autriche,D,,À vérifier,To enrich,Qualifier l'activité avant tout pitch ciblé.,To enrich,To enrich,https://www.pace-engines.at/,,New,No immediate action,
Profile Vehicles Oy,Finlande,D,,À vérifier,To enrich,Qualifier l'activité avant tout pitch ciblé.,To enrich,To enrich,,,New,No immediate action,
Project Q,Allemagne,B,62.9,Acheteur potentiel,Electronic components,"Composants, sous-systèmes, software, services pour primes C4ISR.",C4ISR primes integrate hundreds of components — the sourcing surface is huge. Procurement / supply chain is the entry point.,"Hi — I noticed Project Q builds Sensors, Logistics equipment (+1) for C4ISR.",http://www.project-q.ai/,https://www.linkedin.com/company/project-q-gmbh,New,Review website and validate opportunity,
PROJECT USINAGE ET INTEGRATION,France,D,,À vérifier,To enrich,Qualifier l'activité avant tout pitch ciblé.,To enrich,To enrich,http://www.project-sas.fr/,,New,No immediate action,
PROLANN,France,B,60.3,Acheteur potentiel,Electronic components,"Front-ends RF, processeurs, mécanique de précision pour fabricants radars.","Radar / sensor lines need specialised electronics, signal processing chips and composite housings. Talk to chief engineer.","Hi — I noticed PROLANN builds Sensors, Robotics / UGV (+1) for Radar / sensors.",http://www.prolann-srmp.com/,https://fr.linkedin.com/company/prolann-srmp,New,Review website and validate opportunity,
PROLUTECH,France,D,,À vérifier,To enrich,Qualifier l'activité avant tout pitch ciblé.,To enrich,To enrich,http://www.prolutech.com/,https://fr.linkedin.com/company/prolutech,New,No immediate action,
PROMODELS,France,D,,À vérifier,To enrich,Qualifier l'activité avant tout pitch ciblé.,To enrich,To enrich,http://www.promodels.fr/,https://www.linkedin.com/company/promodels-maquette/?viewAsMember=true,New,No immediate action,
Pronal,France,D,,À vérifier,To enrich,Qualifier l'activité avant tout pitch ciblé.,To enrich,To enrich,https://www.pronal.com/,,New,No immediate action,
PRO-SYSTEMS S.P.A.,Italie,D,,À vérifier,To enrich,Qualifier l'activité avant tout pitch ciblé.,To enrich,To enrich,http://www.pro-systems.it/,,New,No immediate action,
PROTEC GROUPE,France,D,,À vérifier,To enrich,Qualifier l'activité avant tout pitch ciblé.,To enrich,To enrich,http://www.protec-groupe.com/,https://fr.linkedin.com/company/protec-industrie,New,No immediate action,
PROTECH NEW MATERIAL,Chine,D,,À vérifier,To enrich,Qualifier l'activité avant tout pitch ciblé.,To enrich,To enrich,http://www.chn-protech.com/,,New,No immediate action,
PROTECOP,France,D,,À vérifier,To enrich,Qualifier l'activité avant tout pitch ciblé.,To enrich,To enrich,http://www.protecop.com/,https://www.linkedin.com/company/protecop,New,No immediate action,
PROTOTAL Group,Suède,A,76.5,Acheteur potentiel,Energy / batteries,"Fournisseur de batteries, moteurs, optronique, RF, composites pour fabricants UAV.","UAV builds need batteries, motors, optronics, RF links and composites. Map their bill of materials with the supply chain lead.","Hi — I noticed PROTOTAL Group builds UAV / drones, Communications networks (+5) for UAV / drones.",http://prototal.info/,https://www.linkedin.com/company/prototal/,New,Contact sales team and qualify need,
"PROTOTYPA - ZM, S.R.O.",République tchèque,D,38.9,Acheteur potentiel,Cloud / data services,Vend des sous-systèmes / composants à un OEM construisant Software / Platforms.,Qualify the activity before pitching.,"Hi — PROTOTYPA - ZM, S.R.O.",http://www.prototypa.cz/,,New,No immediate action,
PROXFLYER AS,Norvège,D,4.0,À vérifier,To enrich,Qualifier l'activité avant tout pitch ciblé.,"Public sources too thin — discovery call first, focused pitch second.",Hi — I noticed PROXFLYER AS at Eurosatory.,https://proxflyer.com/,,New,No immediate action,
PSD GROUPE CELLUTEC,France,D,,À vérifier,To enrich,Qualifier l'activité avant tout pitch ciblé.,To enrich,To enrich,https://www.groupe-cellutec.fr/,,New,No immediate action,
PSM Projekt System & Management GmbH,Allemagne,C,59.5,Acheteur potentiel,Energetic materials,"Vend des sous-systèmes / composants à un OEM construisant Ammunition, Simulators / Training.","PSM Projekt System & Management GmbH pitches end-to-end C4ISR; they need sub-systems, software components and compliance services.","Hi — PSM Projekt System & Management GmbH ships Ammunition, Simulators / Training (+2) to Aerospace primes.",http://www.psm-spz.de/,,New,Keep in watchlist,
PULLMAN SEAT SYSTEMS,Turquie,B,62.5,Acheteur potentiel,Electronic components,"Vend des sous-systèmes / composants à un OEM construisant Robotics / UGV, Vehicles.",Qualify the activity before pitching.,"Hi — PULLMAN SEAT SYSTEMS ships Robotics / UGV, Vehicles to defense customers.",http://www.pullmanseats.com/,,New,Review website and validate opportunity,
PULSE MC²,France,D,,À vérifier,To enrich,Qualifier l'activité avant tout pitch ciblé.,To enrich,To enrich,http://www.pulsemc2-balistique.fr/,,New,No immediate action,
PYROMERAL SYSTEMS,France,B,62.5,Acheteur potentiel,Energy / batteries,"Fournisseur de batteries, moteurs, optronique, RF, composites pour fabricants UAV.","UAV builds need batteries, motors, optronics, RF links and composites. Map their bill of materials with the supply chain lead.","Hi — I noticed PYROMERAL SYSTEMS builds UAV / drones, Engines / propulsion (+3) for UAV / drones.",http://pyromeral.com/fr/,https://www.linkedin.com/company/pyromeral-systems/posts/?feedView=all,New,Review website and validate opportunity,
PZL Defence,Pologne,B,61.0,Acheteur potentiel,Energy / batteries,"Fournisseur de RF, radars, optronique et embarqués pour stacks anti-drone.","Their counter-UAV stack relies on RF, radar, optronics and embedded systems — exactly what we supply. Talk to procurement / chief engineer.","Hi — I noticed PZL Defence builds UAV / drones, Software / Platforms (+4) for Counter-UAV.",https://pzl-defence.pl/,,New,Review website and validate opportunity,
Qt Group,Finlande,B,73.5,Acheteur potentiel,Engines / propulsion,"Radars, sonars, comms, armement, sustainment pour primes navals.","Naval primes buy radars, sonars, comms, weapons and sustainment in long cycles.","Hi — I noticed Qt Group builds Vehicles, Software / Platforms (+11) for Naval defense.",https://qt.io/,https://www.linkedin.com/company/qtgroup,New,Review website and validate opportunity,
Quadsat ApS,Danemark,A,76.0,Acheteur potentiel,Engines / propulsion,"Capteurs, payloads optroniques, communications pour plateformes ISR.","ISR platforms aggregate sensors, comms and AI. Map Quadsat ApS's integration partners.","Hi — I noticed Quadsat ApS builds Vehicles, UAV / drones (+9) for Intelligence / ISR.",http://quadsat.com/,https://www.linkedin.com/company/quadsat/,New,Contact sales team and qualify need,
Quanhom Technology,Chine,D,,À vérifier,To enrich,Qualifier l'activité avant tout pitch ciblé.,To enrich,To enrich,http://www.quanhom.com/,,New,No immediate action,
QUANTUM-SYSTEMS GMBH,Allemagne,A,75.5,Acheteur potentiel,Energy / batteries,"Capteurs, payloads optroniques, communications pour plateformes ISR.","ISR platforms aggregate sensors, comms and AI. Map QUANTUM-SYSTEMS GMBH's integration partners.","Hi — I noticed QUANTUM-SYSTEMS GMBH builds UAV / drones, Counter-UAV systems (+4) for Intelligence / ISR.",https://quantum-systems.com/,https://www.linkedin.com/company/quantum-systems-gmbh/posts/?feedView=all,New,Contact sales team and qualify need,
"Quickset Defense Technologies, LLC",États-Unis,B,72.5,Acheteur potentiel,Electronic components,"Composites, capteurs, comms, lancement pour primes spatiaux.","Space primes source composites, sensors, comms and launch services.","Hi — I noticed Quickset Defense Technologies, LLC builds Sensors, Radars (+12) for Space / satellite.",https://www.quickset.com/,,New,Review website and validate opportunity,
QUIRI HYDROMECANIQUE,France,D,,À vérifier,To enrich,Qualifier l'activité avant tout pitch ciblé.,To enrich,To enrich,http://www.quiri.com/,https://www.linkedin.com/company/quiri/?viewAsMember=true,New,No immediate action,
QUITTNER & SCHIMEK S.R.O,République tchèque,D,,À vérifier,To enrich,Qualifier l'activité avant tout pitch ciblé.,To enrich,To enrich,https://www.qscomp.cz/,,New,No immediate action,
"R2M Dynamics, SIA",Lettonie,B,70.0,Acheteur potentiel,Energy / batteries,"Fournisseur de batteries, moteurs, optronique, RF, composites pour fabricants UAV.","UAV builds need batteries, motors, optronics, RF links and composites. Map their bill of materials with the supply chain lead.","Hi — I noticed R2M Dynamics, SIA builds UAV / drones, Optronics / Optics (+6) for UAV / drones.",https://www.beyron.eu/,,New,Review website and validate opportunity,
RADIALL,France,D,,À vérifier,To enrich,Qualifier l'activité avant tout pitch ciblé.,To enrich,To enrich,http://www.radiall.com/,,New,No immediate action,
Radionor Communications AS,Norvège,D,17.6,À vérifier,Industrial subcontracting / machining,Qualifier l'activité avant tout pitch ciblé.,"Public sources too thin — discovery call first, focused pitch second.",Hi — I noticed Radionor Communications AS at Eurosatory.,http://www.radionor.no/,https://www.linkedin.com/company/1574045,New,No immediate action,
RAFAEL ADVANCED DEFENSE SYSTEMS LTD,Israël,D,17.6,À vérifier,Industrial subcontracting / machining,Qualifier l'activité avant tout pitch ciblé.,"Public sources too thin — discovery call first, focused pitch second.",Hi — I noticed RAFAEL ADVANCED DEFENSE SYSTEMS LTD at Eurosatory.,http://www.rafael.co.il/,https://www.linkedin.com/company/14803350/admin/,New,No immediate action,
Rafinex,Luxembourg,D,,À vérifier,To enrich,Qualifier l'activité avant tout pitch ciblé.,To enrich,To enrich,https://www.rafinex.com/,,New,No immediate action,
RAIKKA OY,Finlande,B,69.5,Acheteur potentiel,Mechanical parts,"Moteurs, composites, plaques balistiques, optronique, comms pour OEM blindés.","Armored vehicle OEMs buy engines, composites, ballistic plates, optronics, comms and specialised mechanics in volume.","Hi — I noticed RAIKKA OY builds Logistics equipment, Mechanical parts (+4) for Armored vehicles.",http://www.raikka.fi/,,New,Review website and validate opportunity,
Raion Robotics,Corée du Sud,C,51.6,Acheteur potentiel,Electronic components,"Vend des sous-systèmes / composants à un OEM construisant Robotics / UGV, Software / Platforms.",Qualify the activity before pitching.,"Hi — Raion Robotics ships Robotics / UGV, Software / Platforms (+1) to defense customers.",https://raionrobotics.com/,,New,Keep in watchlist,
RAMPINI CARLO SPA,Italie,B,64.0,Acheteur potentiel,"Materials (Li-ion, electrolytes)","Vend des sous-systèmes / composants à un OEM construisant Energy / batteries, Vehicles.",RAMPINI CARLO SPA sells engineering hours — they buy tooling. Limited supplier upside.,"Hi — RAMPINI CARLO SPA ships Energy / batteries, Vehicles (+1) to defense customers.",http://www.rampini.it/,https://www.linkedin.com/company/24722204/admin/dashboard/,New,Review website and validate opportunity,
RAPIC S.A.S,France,D,,À vérifier,To enrich,Qualifier l'activité avant tout pitch ciblé.,To enrich,To enrich,https://www.rapic.com/,,New,No immediate action,
"RAY SERVICE, A.S.",République tchèque,A,82.0,Acheteur potentiel,Engines / propulsion,"Moteurs, composites, plaques balistiques, optronique, comms pour OEM blindés.","Armored vehicle OEMs buy engines, composites, ballistic plates, optronics, comms and specialised mechanics in volume.","Hi — I noticed RAY SERVICE, A.S.",http://www.rayservice.com/,https://www.linkedin.com/in/kate%C5%99ina-r%C5%AF%C5%BEi%C4%8Dkov%C3%A1-93a034117/,New,Contact sales team and qualify need,
RAYTECH VERTRIEBSGMBH,Autriche,D,,À vérifier,To enrich,Qualifier l'activité avant tout pitch ciblé.,To enrich,To enrich,https://www.raytech-group.com/,,New,No immediate action,
RayXagon,France,B,62.5,Acheteur potentiel,Mechanical parts,Sub-system / payload pour OEM drones tactiques.,UAV programs are scaling — RayXagon is buying. Position [your sub-system] as a qualified alternative on their next platform.,"Hi — RayXagon ships Logistics equipment, UAV / drones (+3) to defense customers.",http://www.rayxagon.fr/,https://www.linkedin.com/company/rayxagon/,New,Review website and validate opportunity,
RDO SPRINGS,France,D,,À vérifier,To enrich,Qualifier l'activité avant tout pitch ciblé.,To enrich,To enrich,https://www.rdosprings.com/,,New,No immediate action,
REALISCAPE SA,Grèce,B,69.5,Acheteur potentiel,Mechanical parts,"Vend des sous-systèmes / composants à un OEM construisant Weapons, Simulators / Training.","REALISCAPE SA sells to land forces — they need sub-systems, composites and certification.","Hi — REALISCAPE SA ships Weapons, Simulators / Training (+8) to Police / law enforcement, Civil security / fire (+3).",https://www.realiscape.ch/,,New,Review website and validate opportunity,
Rebound Electronics,Royaume-Uni,C,53.2,Fournisseur potentiel,Industrial subcontracting / machining,"Pièces de rechange, calibration, certification pour acteurs MRO.","MRO providers source spare parts, calibration tools and certification services. Procurement is the buyer.",Hi — I noticed Rebound Electronics builds Electronic components for Logistics / MRO.,http://reboundeu.com/,https://www.linkedin.com/company/rebound-electronics,New,Keep in watchlist,
RECAS,Suède,D,,À vérifier,To enrich,Qualifier l'activité avant tout pitch ciblé.,To enrich,To enrich,,,New,No immediate action,
Redler Technologies,Israël,A,78.0,Acheteur potentiel,Engines / propulsion,"Radars, sonars, comms, armement, sustainment pour primes navals.","Naval primes buy radars, sonars, comms, weapons and sustainment in long cycles.","Hi — I noticed Redler Technologies builds Vehicles, UAV / drones (+12) for Naval defense.",http://www.redlertechnologies.com/,https://www.linkedin.com/company/redler-technologies/,New,Contact sales team and qualify need,
"REDO, S.R.O",République tchèque,D,,À vérifier,To enrich,Qualifier l'activité avant tout pitch ciblé.,To enrich,To enrich,http://www.redo.cz/,,New,No immediate action,
REDWIRE,États-Unis,D,,À vérifier,To enrich,Qualifier l'activité avant tout pitch ciblé.,To enrich,To enrich,https://rdw.com/about/,,New,No immediate action,
Redwire Defense Tech,Lettonie,A,79.0,Acheteur potentiel,Energy / batteries,"Capteurs, payloads optroniques, communications pour plateformes ISR.","ISR platforms aggregate sensors, comms and AI. Map Redwire Defense Tech's integration partners.","Hi — I noticed Redwire Defense Tech builds UAV / drones, Sensors (+11) for Intelligence / ISR.",https://rdw.com/,,New,Contact sales team and qualify need,
REFLEX CES,France,D,,À vérifier,To enrich,Qualifier l'activité avant tout pitch ciblé.,To enrich,To enrich,https://www.reflexces.com/,,New,No immediate action,
REGION CENTRE-VAL DE LOIRE,France,D,,À vérifier,To enrich,Qualifier l'activité avant tout pitch ciblé.,To enrich,To enrich,http://www.devup-centrevaldeloire.fr/,,New,No immediate action,
Région Île-de-France,France,C,46.8,Acheteur potentiel,"Materials (Li-ion, electrolytes)",Activité à qualifier — discovery call avant pitch précis.,Public data is thin — qualify the activity before pitching supply.,Hi — I noticed Région Île-de-France builds Energy / batteries for Other.,http://www.iledefrance.fr/,https://www.linkedin.com/company/region-ile-de-france/posts/?feedView=all,New,Keep in watchlist,
REGION NOUVELLE-AQUITAINE,France,D,,À vérifier,To enrich,Qualifier l'activité avant tout pitch ciblé.,To enrich,To enrich,https://nouvelle-aquitaine.fr/,,New,No immediate action,
REICH GmbH - REICH MIM GmbH,Allemagne,B,67.0,Acheteur potentiel,Engines / propulsion,"Front-ends RF, processeurs, mécanique de précision pour fabricants radars.","Radar / sensor lines need specialised electronics, signal processing chips and composite housings. Talk to chief engineer.","Hi — I noticed REICH GmbH - REICH MIM GmbH builds Vehicles, Radars (+4) for Radar / sensors.",http://www.reich-gmbh.com/en/products/defence,https://www.linkedin.com/company/reich-gmbh-mellrichstadt/?viewAsMember=true,New,Review website and validate opportunity,
REINFORCE Covers,Allemagne,B,60.5,Acheteur potentiel,Electronic components,"Vend des sous-systèmes / composants à un OEM construisant Radars, Logistics equipment.","REINFORCE Covers sells radars; they buy front-ends, processing modules and field testing. Engineering buys.","Hi — REINFORCE Covers ships Radars, Logistics equipment (+3) to defense customers.",https://www.reinforce-covers.com/,,New,Review website and validate opportunity,
"RELLI TECHNOLOGY, INC.",États-Unis,A,79.0,Acheteur potentiel,Engines / propulsion,"Capteurs, payloads optroniques, communications pour plateformes ISR.","ISR platforms aggregate sensors, comms and AI. Map RELLI TECHNOLOGY, INC.'s integration partners.","Hi — I noticed RELLI TECHNOLOGY, INC.",http://www.relli.com/,,New,Contact sales team and qualify need,
RELLUMIX,France,D,,À vérifier,To enrich,Qualifier l'activité avant tout pitch ciblé.,To enrich,To enrich,http://www.rellumix.com/,,New,No immediate action,
REM RESSORTS,France,D,29.1,Sous-traitant,Industrial subcontracting / machining,Activité à qualifier — discovery call avant pitch précis.,Public data is thin — qualify the activity before pitching supply.,Hi — I noticed REM RESSORTS builds — for Other.,https://www.rem-ressorts.com/,https://www.linkedin.com/company/rem-ressorts-angers/?viewAsMember=true,New,No immediate action,
REMBE Safety+Control,Allemagne,A,76.0,Acheteur potentiel,Engines / propulsion,"Composants, sous-systèmes, software, services pour primes C4ISR.",C4ISR primes integrate hundreds of components — the sourcing surface is huge. Procurement / supply chain is the entry point.,"Hi — I noticed REMBE Safety+Control builds Vehicles, Logistics equipment (+8) for C4ISR.",https://www.rembe.de/en,https://www.linkedin.com/company/rembe-gmbh-safety-control,New,Contact sales team and qualify need,
REMORQUES LOUAULT,France,D,34.8,Acheteur potentiel,Engines / propulsion,Vend des sous-systèmes / composants à un OEM construisant Vehicles.,Qualify the activity before pitching.,Hi — REMORQUES LOUAULT ships Vehicles to defense customers.,http://www.remorques-louault.fr/,https://www.linkedin.com/company/remorques-louault/?viewAsMember=true,New,No immediate action,
RENAULT TRUCKS Emergency & Defense,France,D,,À vérifier,To enrich,Qualifier l'activité avant tout pitch ciblé.,To enrich,To enrich,https://www.renault-trucks.com/fr,,New,No immediate action,
Renishaw UK Sales Ltd,Royaume-Uni,D,,À vérifier,To enrich,Qualifier l'activité avant tout pitch ciblé.,To enrich,To enrich,,,New,No immediate action,
RENK Group,Allemagne,B,73.5,Acheteur potentiel,Engines / propulsion,"Radars, sonars, comms, armement, sustainment pour primes navals.","Naval primes buy radars, sonars, comms, weapons and sustainment in long cycles.","Hi — I noticed RENK Group builds Vehicles, Engines / propulsion (+4) for Naval defense.",http://www.renk.com/,https://de.linkedin.com/company/renkgroup,New,Review website and validate opportunity,
REPKONMachine and Tool Industry and Trade Inc.,Turquie,D,,À vérifier,To enrich,Qualifier l'activité avant tout pitch ciblé.,To enrich,To enrich,http://www.repkon.com.tr/,,New,No immediate action,
REPUBLIKORP,Indonésie,B,72.5,Acheteur potentiel,Energy / batteries,"Capteurs, payloads optroniques, communications pour plateformes ISR.","ISR platforms aggregate sensors, comms and AI. Map REPUBLIKORP's integration partners.","Hi — I noticed REPUBLIKORP builds UAV / drones, Sensors (+10) for Intelligence / ISR.",https://www.republikorp.com/,,New,Review website and validate opportunity,
RESA,France,D,,À vérifier,To enrich,Qualifier l'activité avant tout pitch ciblé.,To enrich,To enrich,https://www.resa-electronique.com/,,New,No immediate action,
RESCUE TRAILER s.r.o.,République tchèque,D,,À vérifier,To enrich,Qualifier l'activité avant tout pitch ciblé.,To enrich,To enrich,,,New,No immediate action,
Research Electronics International,États-Unis,D,19.6,À vérifier,Industrial subcontracting / machining,Qualifier l'activité avant tout pitch ciblé.,"Public sources too thin — discovery call first, focused pitch second.",Hi — I noticed Research Electronics International at Eurosatory.,http://www.reiusa.net/,https://www.linkedin.com/company/research-electronics-international,New,No immediate action,
Research Triangle Regional Partnership,États-Unis,D,15.6,À vérifier,Industrial subcontracting / machining,Qualifier l'activité avant tout pitch ciblé.,"Public sources too thin — discovery call first, focused pitch second.",Hi — I noticed Research Triangle Regional Partnership at Eurosatory.,https://www.researchtriangle.org/,,New,No immediate action,
Resource Industries,Émirats arabes unis,D,4.0,À vérifier,To enrich,Qualifier l'activité avant tout pitch ciblé.,"Public sources too thin — discovery call first, focused pitch second.",Hi — I noticed Resource Industries at Eurosatory.,https://www.bing.com/ck/a?!&&p=6f4cf5460f23e9b715761cf5e8fbd33df2470f54ec6f8b04ae97dba5d6032c93JmltdHM9MTc3MzAxNDQwMA&ptn=3&ver=2&hsh=4&fclid=31375213-06bf-683e-320d-469c07ed6952&psq=resource+industries+location&u=a1aHR0cHM6Ly9yZXNvdXJjZS1pbmR1c3RyaWVzLmN,,New,No immediate action,
RESSORTS MASSELIN,France,D,,À vérifier,To enrich,Qualifier l'activité avant tout pitch ciblé.,To enrich,To enrich,http://www.masselin.com/,,New,No immediate action,
RETIA,République tchèque,B,61.0,Acheteur potentiel,Cloud / data services,"Vend des sous-systèmes / composants à un OEM construisant Software / Platforms, UAV / drones.",RETIA's ISR offer needs sensor primes and data-fusion suppliers. Engineering / programme is the buyer.,"Hi — RETIA ships Software / Platforms, UAV / drones (+3) to defense customers.",http://www.retia.cz/,https://www.linkedin.com/company/retia/,New,Review website and validate opportunity,
Reveal Technology,États-Unis,B,72.5,Acheteur potentiel,Energy / batteries,"Composants, sous-systèmes, software, services pour primes C4ISR.",C4ISR primes integrate hundreds of components — the sourcing surface is huge. Procurement / supply chain is the entry point.,"Hi — I noticed Reveal Technology builds UAV / drones, Sensors (+4) for C4ISR.",https://www.revealtech.ai/,,New,Review website and validate opportunity,
REVISION MILITARY LTD,États-Unis,D,19.6,À vérifier,Industrial subcontracting / machining,Qualifier l'activité avant tout pitch ciblé.,"Public sources too thin — discovery call first, focused pitch second.",Hi — I noticed REVISION MILITARY LTD at Eurosatory.,http://revisionmilitary.com/,https://www.revisionmilitary.com,New,No immediate action,
RF COM SISTEMAS,Brésil,D,,À vérifier,To enrich,Qualifier l'activité avant tout pitch ciblé.,To enrich,To enrich,https://www.rf.com.br/,,New,No immediate action,
RFPM,France,D,,À vérifier,To enrich,Qualifier l'activité avant tout pitch ciblé.,To enrich,To enrich,https://www.rfpm.fr/,,New,No immediate action,
RHD The Right Spring,France,D,,À vérifier,To enrich,Qualifier l'activité avant tout pitch ciblé.,To enrich,To enrich,http://www.rhd.fr/,,New,No immediate action,
Rheinmetall AG,Allemagne,A,82.0,Acheteur potentiel,Engines / propulsion,"Amplis RF, processeurs signal, embarqué, antennes pour EW.","EW systems source RF amplifiers, signal-processing chips, embedded computing and antennas. Talk to RF system lead.","Hi — I noticed Rheinmetall AG builds Vehicles, UAV / drones (+9) for Electronic warfare.",http://www.rheinmetall.com/,https://de.linkedin.com/company/rheinmetall,New,Contact sales team and qualify need,
RICHARD PONTVERT SA,France,D,,À vérifier,To enrich,Qualifier l'activité avant tout pitch ciblé.,To enrich,To enrich,http://paraboot-pro.com/,https://linkedin.com/company/paraboot-pro,New,No immediate action,
RIGANTI S.p.A.,Italie,A,75.5,Acheteur potentiel,"Raw materials (steel, aluminium)","Moteurs, composites, plaques balistiques, optronique, comms pour OEM blindés.","Armored vehicle OEMs buy engines, composites, ballistic plates, optronics, comms and specialised mechanics in volume.",Hi — I noticed RIGANTI S.p.A.,http://www.riganti.com/,https://www.linkedin.com/company/riganti-s.p.a./,New,Contact sales team and qualify need,
RINGFEDER,Allemagne,A,78.0,Acheteur potentiel,Engines / propulsion,"Front-ends RF, processeurs, mécanique de précision pour fabricants radars.","Radar / sensor lines need specialised electronics, signal processing chips and composite housings. Talk to chief engineer.","Hi — I noticed RINGFEDER builds Vehicles, Communications networks (+3) for Radar / sensors.",http://www.ringfeder-rf.com/,,New,Contact sales team and qualify need,
Rivolier Sécurité Défense,France,D,,À vérifier,To enrich,Qualifier l'activité avant tout pitch ciblé.,To enrich,To enrich,https://www.rivolier-sd.com/,,New,No immediate action,
RIZ PE d.o.o.,Croatie,C,52.0,Acheteur potentiel,Cloud / data services,"Vend des sous-systèmes / composants à un OEM construisant Software / Platforms, Tactical radios.","RIZ PE d.o.o. pitches end-to-end C4ISR; they need sub-systems, software components and compliance services.","Hi — RIZ PE d.o.o. ships Software / Platforms, Tactical radios (+1) to defense customers.",https://www.riz-pe.hr/,,New,Keep in watchlist,
"RIZHAO FZH INTERNATIONAL TRADE CO., LTD.",Chine,B,69.0,Acheteur potentiel,Mechanical parts,"Front-ends RF, processeurs, mécanique de précision pour fabricants radars.","Radar / sensor lines need specialised electronics, signal processing chips and composite housings. Talk to chief engineer.","Hi — I noticed RIZHAO FZH INTERNATIONAL TRADE CO., LTD.",http://www.lomah-target.com/,,New,Review website and validate opportunity,
RMA SPECIAL VEHICLES,Thaïlande,A,80.0,Acheteur potentiel,Engines / propulsion,"Moteurs, composites, plaques balistiques, optronique, comms pour OEM blindés.","Armored vehicle OEMs buy engines, composites, ballistic plates, optronics, comms and specialised mechanics in volume.","Hi — I noticed RMA SPECIAL VEHICLES builds Vehicles, Software / Platforms (+5) for Armored vehicles.",http://rmaspecialvehicles.com/,https://www.linkedin.com/company/rma-special-vehicles/?viewAsMember=true,New,Contact sales team and qualify need,
R-MECA RECTIFICATION,France,D,,À vérifier,To enrich,Qualifier l'activité avant tout pitch ciblé.,To enrich,To enrich,https://groupe-rmeca.fr/,,New,No immediate action,
RMG INDUSTRIE,France,D,,À vérifier,To enrich,Qualifier l'activité avant tout pitch ciblé.,To enrich,To enrich,http://www.rmg-industrie.com/,,New,No immediate action,
Robin Radar Systems,Pays-Bas,A,80.0,Acheteur potentiel,Energy / batteries,"Radars, sonars, comms, armement, sustainment pour primes navals.","Naval primes buy radars, sonars, comms, weapons and sustainment in long cycles.","Hi — I noticed Robin Radar Systems builds UAV / drones, Counter-UAV systems (+9) for Naval defense.",http://www.robinradar.com/,https://www.linkedin.com/company/robin-radar-systems-b-v-/posts/?feedView=all,New,Contact sales team and qualify need,
Rochling Industrial,France,D,,À vérifier,To enrich,Qualifier l'activité avant tout pitch ciblé.,To enrich,To enrich,https://www.roechling.com/fr/industrial,,New,No immediate action,
Rocket Chat,États-Unis,A,75.5,Acheteur potentiel,Mechanical parts,"Vend des sous-systèmes / composants à un OEM construisant Engines / propulsion, Communications networks.","Rocket Chat pitches end-to-end C4ISR; they need sub-systems, software components and compliance services.","Hi — Rocket Chat ships Engines / propulsion, Communications networks (+3) to Police / law enforcement, Defense ministries (+2).",https://www.rocket.chat/,,New,Contact sales team and qualify need,
RODRIGUEZ GMBH FRANCE,France,D,,À vérifier,To enrich,Qualifier l'activité avant tout pitch ciblé.,To enrich,To enrich,,,New,No immediate action,
ROHDE & SCHWARZ,Allemagne,D,,À vérifier,To enrich,Qualifier l'activité avant tout pitch ciblé.,To enrich,To enrich,http://www.rohde-schwarz.com/,,New,No immediate action,
ROKETSAN,Turquie,D,,À vérifier,To enrich,Qualifier l'activité avant tout pitch ciblé.,To enrich,To enrich,http://www.roketsan.com.tr/,,New,No immediate action,
ROLLON BY TIMKEN,France,B,69.2,Acheteur potentiel,Electronic components,"Pièces de rechange, calibration, certification pour acteurs MRO.","MRO providers source spare parts, calibration tools and certification services. Procurement is the buyer.","Hi — I noticed ROLLON BY TIMKEN builds Robotics / UGV, Mechanical parts for Logistics / MRO.",http://www.rollon.com/fra/fr/,https://www.linkedin.com/company/rollonspa/posts/,New,Review website and validate opportunity,
Rolls-Royce,Allemagne,A,79.0,Acheteur potentiel,Engines / propulsion,"Radars, sonars, comms, armement, sustainment pour primes navals.","Naval primes buy radars, sonars, comms, weapons and sustainment in long cycles.","Hi — I noticed Rolls-Royce builds Vehicles, Energy / batteries (+6) for Naval defense.",http://www.mtu-solutions.com/,https://www.linkedin.com/company/mtusolutions/,New,Contact sales team and qualify need,
Rommel GmbH,Allemagne,B,60.5,Acheteur potentiel,Mechanical parts,"Vend des sous-systèmes / composants à un OEM construisant Logistics equipment, Vehicles.",Rommel GmbH buys raw materials and machining — long lead times. Procurement is the buyer.,"Hi — Rommel GmbH ships Logistics equipment, Vehicles (+2) to defense customers.",http://www.r-bss.de/,,New,Review website and validate opportunity,
Ronika UAB,Lituanie,B,61.0,Acheteur potentiel,Energy / batteries,"Fournisseur de batteries, moteurs, optronique, RF, composites pour fabricants UAV.","UAV builds need batteries, motors, optronics, RF links and composites. Map their bill of materials with the supply chain lead.","Hi — I noticed Ronika UAB builds UAV / drones, Composite materials (+1) for UAV / drones.",http://www.ronika.lt/,,New,Review website and validate opportunity,
ROSHEL DEFENCE SOLUTIONS,Canada,C,59.0,Acheteur potentiel,Engines / propulsion,"Vend des sous-systèmes / composants à un OEM construisant Vehicles, Ballistic protection.",ROSHEL DEFENCE SOLUTIONS buys for next-gen platforms — engineering and supply chain are the buyers.,"Hi — ROSHEL DEFENCE SOLUTIONS ships Vehicles, Ballistic protection (+1) to Police / law enforcement.",http://roshel.ca/,https://ca.linkedin.com/company/roshel,New,Keep in watchlist,
RÖSLER FRANCE,France,A,79.5,Acheteur potentiel,Sensors,"Composites, capteurs, comms, lancement pour primes spatiaux.","Space primes source composites, sensors, comms and launch services.","Hi — I noticed RÖSLER FRANCE builds Naval systems, Communications networks (+9) for Space / satellite.",http://www.rosler.com/,https://www.linkedin.com/company/rosler-france/,New,Contact sales team and qualify need,
"ROTAC CO., LTD.",Corée du Sud,D,,À vérifier,To enrich,Qualifier l'activité avant tout pitch ciblé.,To enrich,To enrich,http://slipring.uk/?redirect=no,,New,No immediate action,
ROTARY CONNECTORS PRIVATE LIMITED,Inde,A,76.0,Acheteur potentiel,Electronic components,"Front-ends RF, processeurs, mécanique de précision pour fabricants radars.","Radar / sensor lines need specialised electronics, signal processing chips and composite housings. Talk to chief engineer.","Hi — I noticed ROTARY CONNECTORS PRIVATE LIMITED builds Optronics / Optics, Electronic components (+3) for Radar / sensors.",http://www.rotaryconnectors.com/,https://www.linkedin.com/company/rotary-connectors-p-ltd/,New,Contact sales team and qualify need,
ROXEL,France,A,77.5,Acheteur potentiel,Engines / propulsion,"Fournisseur de batteries, moteurs, optronique, RF, composites pour fabricants UAV.","UAV builds need batteries, motors, optronics, RF links and composites. Map their bill of materials with the supply chain lead.","Hi — I noticed ROXEL builds Vehicles, UAV / drones (+8) for UAV / drones.",http://www.roxelgroup.com/,https://fr.linkedin.com/company/roxelfrance,New,Contact sales team and qualify need,
Roxtec,France,D,,À vérifier,To enrich,Qualifier l'activité avant tout pitch ciblé.,To enrich,To enrich,https://www.roxtec.com/fr/,https://www.linkedin.com/company/roxtec-france-sas/,New,No immediate action,
RP OPTICAL LAB,Israël,B,70.5,Acheteur potentiel,Electronic components,"Fournisseur de batteries, moteurs, optronique, RF, composites pour fabricants UAV.","UAV builds need batteries, motors, optronics, RF links and composites. Map their bill of materials with the supply chain lead.","Hi — I noticed RP OPTICAL LAB builds Sensors, Optronics / Optics (+5) for UAV / drones.",http://www.rp-optical-lab.com/,https://www.linkedin.com/company/rp-optical-lab,New,Review website and validate opportunity,
RSI Europe,Lituanie,A,76.0,Acheteur potentiel,Energy / batteries,"Capteurs, payloads optroniques, communications pour plateformes ISR.","ISR platforms aggregate sensors, comms and AI. Map RSI Europe's integration partners.","Hi — I noticed RSI Europe builds UAV / drones, Sensors (+12) for Intelligence / ISR.",http://rsieu.com/,,New,Contact sales team and qualify need,
RTsys Monitoring Solutions,France,B,69.5,Acheteur potentiel,Electronic components,"Radars, sonars, comms, armement, sustainment pour primes navals.","Naval primes buy radars, sonars, comms, weapons and sustainment in long cycles.","Hi — I noticed RTsys Monitoring Solutions builds Sensors, UAV / drones (+3) for Naval defense.",http://rtsys.com/ms,https://www.linkedin.com/company/rtsys,New,Review website and validate opportunity,
RTX,États-Unis,A,80.0,Acheteur potentiel,Engines / propulsion,"Capteurs, payloads optroniques, communications pour plateformes ISR.","ISR platforms aggregate sensors, comms and AI. Map RTX's integration partners.","Hi — I noticed RTX builds Vehicles, Engines / propulsion (+16) for Intelligence / ISR.",http://www.rtx.com/,,New,Contact sales team and qualify need,
RUAG AG,Suisse,D,,À vérifier,To enrich,Qualifier l'activité avant tout pitch ciblé.,To enrich,To enrich,https://www.ruag.ch/,,New,No immediate action,
RUBBER PROCESS,France,D,,À vérifier,To enrich,Qualifier l'activité avant tout pitch ciblé.,To enrich,To enrich,https://www.rubberprocess.com/,,New,No immediate action,
RUBENA,République tchèque,D,,À vérifier,To enrich,Qualifier l'activité avant tout pitch ciblé.,To enrich,To enrich,https://www.rubena.eu/,,New,No immediate action,
RUBIS PRECIS,France,D,,À vérifier,To enrich,Qualifier l'activité avant tout pitch ciblé.,To enrich,To enrich,http://www.rubis-precis.com/,https://www.rubis-precis.com,New,No immediate action,
RUBTEC A/S,Danemark,D,,À vérifier,To enrich,Qualifier l'activité avant tout pitch ciblé.,To enrich,To enrich,https://www.rubtec.dk/,,New,No immediate action,
RUD,Allemagne,B,62.5,Acheteur potentiel,Electronic components,"Front-ends RF, processeurs, mécanique de précision pour fabricants radars.","Radar / sensor lines need specialised electronics, signal processing chips and composite housings. Talk to chief engineer.","Hi — I noticed RUD builds Sensors, Vehicles for Radar / sensors.",http://www.rud.com/,,New,Review website and validate opportunity,
RunFlat International,Royaume-Uni,D,,À vérifier,To enrich,Qualifier l'activité avant tout pitch ciblé.,To enrich,To enrich,http://www.runflatinternational.com/,,New,No immediate action,
RVactuators,République tchèque,A,77.0,Acheteur potentiel,Electronic components,"Capteurs, payloads optroniques, communications pour plateformes ISR.","ISR platforms aggregate sensors, comms and AI. Map RVactuators's integration partners.","Hi — I noticed RVactuators builds Sensors, Vehicles (+8) for Intelligence / ISR.",http://www.rvactuators.com/,https://www.linkedin.com/company/rvactuators/,New,Contact sales team and qualify need,
"RVmagnetics, a.s.",Slovaquie,D,,À vérifier,To enrich,Qualifier l'activité avant tout pitch ciblé.,To enrich,To enrich,,,New,No immediate action,
RWS,Allemagne,B,65.9,Acheteur potentiel,Energetic materials,"Vend des sous-systèmes / composants à un OEM construisant Ammunition, Logistics equipment.",RWS buys raw materials and machining — long lead times. Procurement is the buyer.,"Hi — RWS ships Ammunition, Logistics equipment (+1) to Police / law enforcement.",http://rws-ammunition.com/,,New,Review website and validate opportunity,
RXR PROTECT,France,D,,À vérifier,To enrich,Qualifier l'activité avant tout pitch ciblé.,To enrich,To enrich,https://rxrprotect.com/militaire/,https://www.linkedin.com/company/6866966/admin/feed/posts/,New,No immediate action,
"S.M.S., SPOL. S R. O.",Slovaquie,C,41.4,Acheteur potentiel,Mechanical parts,Vend des sous-systèmes / composants à un OEM construisant Logistics equipment.,Qualify the activity before pitching.,"Hi — S.M.S., SPOL. S R.",http://www.smsdefence.sk/,,New,Keep in watchlist,
S.T.I.D,France,D,,À vérifier,To enrich,Qualifier l'activité avant tout pitch ciblé.,To enrich,To enrich,https://stid-security.com/fr,,New,No immediate action,
S2M EQUIPMENT,France,D,,À vérifier,To enrich,Qualifier l'activité avant tout pitch ciblé.,To enrich,To enrich,https://www.s2m-equipment.fr/,,New,No immediate action,
S2P - SMART PLASTIC PRODUCTS,France,D,,À vérifier,To enrich,Qualifier l'activité avant tout pitch ciblé.,To enrich,To enrich,http://www.s-2p.com/,,New,No immediate action,
SAAB,Suède,D,,À vérifier,To enrich,Qualifier l'activité avant tout pitch ciblé.,To enrich,To enrich,https://www.saab.com/,,New,No immediate action,
SAAB BOFORS TEST CENTER AB,Suède,B,66.0,Acheteur potentiel,Energy / batteries,"Radars, missiles, comms, électroniques pour systèmes anti-aériens.","Air defense systems buy radars, missile components, comms and electronics.","Hi — I noticed SAAB BOFORS TEST CENTER AB builds UAV / drones, Weapons (+4) for Air defense.",http://www.testcenter.se/,https://www.linkedin.com/company/boforstestcenter,New,Review website and validate opportunity,
SAATI,Italie,D,,À vérifier,To enrich,Qualifier l'activité avant tout pitch ciblé.,To enrich,To enrich,http://www.saati.com/,,New,No immediate action,
SABENA TECHNICS,France,A,79.0,Acheteur potentiel,Mechanical parts,"Composants, sous-systèmes, software, services pour primes C4ISR.",C4ISR primes integrate hundreds of components — the sourcing surface is huge. Procurement / supply chain is the entry point.,"Hi — I noticed SABENA TECHNICS builds Logistics equipment, Communications networks (+5) for C4ISR.",https://www.sabenatechnics.com/,,New,Contact sales team and qualify need,
SADEV Industries,France,B,69.0,Acheteur potentiel,Software,"Composites, capteurs, comms, lancement pour primes spatiaux.","Space primes source composites, sensors, comms and launch services.","Hi — I noticed SADEV Industries builds Simulators / Training, Mechanical parts (+8) for Space / satellite.",http://www.sadev-industries.com/,https://www.linkedin.com/company/sadev-industries/posts/?feedView=all,New,Review website and validate opportunity,
Safe-Tec A/S,Danemark,D,,À vérifier,To enrich,Qualifier l'activité avant tout pitch ciblé.,To enrich,To enrich,https://safe-tec.dk/,,New,No immediate action,
SAFRAN,France,D,,À vérifier,To enrich,Qualifier l'activité avant tout pitch ciblé.,To enrich,To enrich,https://www.safran-electronics-defense.com/,https://www.linkedin.com/showcase/safran---defense,New,No immediate action,
SAFRAN ELECTRONICS & DEFENSE,France,D,,À vérifier,To enrich,Qualifier l'activité avant tout pitch ciblé.,To enrich,To enrich,https://www.safran-electronics-defense.com/,https://www.linkedin.com/showcase/safran---defense,New,No immediate action,
SAFRAN SA,France,D,,À vérifier,To enrich,Qualifier l'activité avant tout pitch ciblé.,To enrich,To enrich,https://www.safran-group.com/,,New,No immediate action,
SAFT SAS,France,D,,À vérifier,To enrich,Qualifier l'activité avant tout pitch ciblé.,To enrich,To enrich,http://www.saft.com/,https://www.linkedin.com/company/saft/about/,New,No immediate action,
SAG New Technologies GmbH,Autriche,D,,À vérifier,To enrich,Qualifier l'activité avant tout pitch ciblé.,To enrich,To enrich,,,New,No immediate action,
SAGAERT,France,D,,À vérifier,To enrich,Qualifier l'activité avant tout pitch ciblé.,To enrich,To enrich,https://www.sagaertplastique.com/,,New,No immediate action,
SAGLAMTEK AVIATION AND DEFENCE CO,Turquie,B,68.5,Acheteur potentiel,Electronic components,"Fournisseur de batteries, moteurs, optronique, RF, composites pour fabricants UAV.","UAV builds need batteries, motors, optronics, RF links and composites. Map their bill of materials with the supply chain lead.","Hi — I noticed SAGLAMTEK AVIATION AND DEFENCE CO builds Sensors, Software / Platforms (+8) for UAV / drones.",https://www.saglamtek.com/,https://www.linkedin.com/company/77083579,New,Review website and validate opportunity,
SAHAR,France,B,70.6,Acheteur potentiel,Cloud / data services,"Threat intel, hardware appliances, cloud souverain, audits.","Cyber-defense vendors source threat intel feeds, hardware appliances, cloud and certification services. Procurement / CISO are entry points.","Hi — I noticed SAHAR builds Software / Platforms, Communications networks for Cybersecurity.",http://sahar.fr/,https://fr.linkedin.com/company/sahar-data,New,Review website and validate opportunity,
SAIB CONNECTIQUE,France,D,,À vérifier,To enrich,Qualifier l'activité avant tout pitch ciblé.,To enrich,To enrich,http://www.saib.fr/,https://fr.linkedin.com/company/saib-connectique,New,No immediate action,
"SailRay Optical Technology Co., Ltd",Chine,B,67.0,Acheteur potentiel,Engines / propulsion,"Front-ends RF, processeurs, mécanique de précision pour fabricants radars.","Radar / sensor lines need specialised electronics, signal processing chips and composite housings. Talk to chief engineer.","Hi — I noticed SailRay Optical Technology Co., Ltd builds Vehicles, Optronics / Optics (+6) for Radar / sensors.",https://irmonster.com/,,New,Review website and validate opportunity,
SAINT GOBAIN CERAMICS,États-Unis,D,,À vérifier,To enrich,Qualifier l'activité avant tout pitch ciblé.,To enrich,To enrich,https://www.hexoloy.com/,,New,No immediate action,
SAINT-GOBAIN SULLY,France,D,,À vérifier,To enrich,Qualifier l'activité avant tout pitch ciblé.,To enrich,To enrich,http://www.saint-gobain-sully.com/,,New,No immediate action,
SAKO,Finlande,A,77.0,Acheteur potentiel,Electronic components,"Verre spécial, détecteurs, mécanique de précision pour optronique.","Optronics suppliers buy specialty glass, detectors and precision mechanics. Talk to procurement and engineering.","Hi — I noticed SAKO builds Optronics / Optics, Weapons (+5) for Optics / optronics.",http://www.sako.global/defence-and-law-enforcement,,New,Contact sales team and qualify need,
SALTECH AG,Suisse,B,67.9,Acheteur potentiel,Energetic materials,"Vend des sous-systèmes / composants à un OEM construisant Ammunition, Logistics equipment.",SALTECH AG is a regulated buyer — lead with ITAR/AQAP/EN9100 credentials.,"Hi — SALTECH AG ships Ammunition, Logistics equipment (+1) to Police / law enforcement.",http://www.saltech.ch/,,New,Review website and validate opportunity,
Salzgitter AG Defence,Allemagne,D,16.6,À vérifier,Industrial subcontracting / machining,Qualifier l'activité avant tout pitch ciblé.,"Public sources too thin — discovery call first, focused pitch second.",Hi — I noticed Salzgitter AG Defence at Eurosatory.,http://defence.salzgitter-ag.com/de/,,New,No immediate action,
SAMEL- 90,Bulgarie,B,67.5,Acheteur potentiel,Engines / propulsion,"Amplis RF, processeurs signal, embarqué, antennes pour EW.","EW systems source RF amplifiers, signal-processing chips, embedded computing and antennas. Talk to RF system lead.","Hi — I noticed SAMEL- 90 builds Vehicles, UAV / drones (+8) for Electronic warfare.",http://www.samel90.com/,,New,Review website and validate opportunity,
SAMETO,France,D,,À vérifier,To enrich,Qualifier l'activité avant tout pitch ciblé.,To enrich,To enrich,https://www.sameto.com/,,New,No immediate action,
SAMHYUN,Corée du Sud,D,,À vérifier,To enrich,Qualifier l'activité avant tout pitch ciblé.,To enrich,To enrich,,,New,No immediate action,
"Samyang Chemical Co., Ltd.",Corée du Sud,D,16.6,À vérifier,Industrial subcontracting / machining,Qualifier l'activité avant tout pitch ciblé.,"Public sources too thin — discovery call first, focused pitch second.","Hi — I noticed Samyang Chemical Co., Ltd.",http://samyangchem.com/en/,,New,No immediate action,
SANDEEP METALCRAFT PVT. LTD.,Inde,D,,À vérifier,To enrich,Qualifier l'activité avant tout pitch ciblé.,To enrich,To enrich,https://www.sandeepmetalcraft.com/,,New,No immediate action,
SANITEC INDUSTRIE,France,D,35.1,Fournisseur potentiel,Industrial subcontracting / machining,"Outils CAD, simulation, certification pour bureau d'études.","Engineering shops buy CAD licences, simulation tools and certification services.",Hi — I noticed SANITEC INDUSTRIE builds — for Engineering services.,http://www.sanitec.fr/,,New,No immediate action,
"Sanlayan Group (Sanlayan Tech, Versabyte, Dexcel)",Inde,A,76.0,Fournisseur potentiel,Electronic components,"Amplis RF, processeurs signal, embarqué, antennes pour EW.","EW systems source RF amplifiers, signal-processing chips, embedded computing and antennas. Talk to RF system lead.","Hi — I noticed Sanlayan Group (Sanlayan Tech, Versabyte, Dexcel) builds Radars, Software / Platforms (+8) for Electronic warfare.",https://www.sanlayan.com/,https://www.linkedin.com/company/sanlayan/,New,Contact sales team and qualify need,
Sanok Rubber Company S.A.,Pologne,B,66.1,Distributeur potentiel,Mechanical parts,Canal de distribution / représentation pour notre portefeuille.,Space products rarely use distributors — confirm before pitching.,Hi — we're scouting an exclusive distributor for Europe (+2).,https://sanokrubber.com/,,New,Review website and validate opportunity,
SANS Institute,Royaume-Uni,A,80.0,Acheteur potentiel,Cloud / data services,"Threat intel, hardware appliances, cloud souverain, audits.","Cyber-defense vendors source threat intel feeds, hardware appliances, cloud and certification services. Procurement / CISO are entry points.","Hi — I noticed SANS Institute builds Software / Platforms, AI platforms (+4) for Cybersecurity.",http://www.sans.org/,https://www.linkedin.com/company/sans-institute,New,Contact sales team and qualify need,
SAPA,Espagne,D,,À vérifier,To enrich,Qualifier l'activité avant tout pitch ciblé.,To enrich,To enrich,https://www.sapa.es/home,,New,No immediate action,
SAPIEN X,Maroc,B,60.0,Acheteur potentiel,Engines / propulsion,"Fournisseur de batteries, moteurs, optronique, RF, composites pour fabricants UAV.","UAV builds need batteries, motors, optronics, RF links and composites. Map their bill of materials with the supply chain lead.","Hi — I noticed SAPIEN X builds Vehicles, UAV / drones (+4) for UAV / drones.",http://sapienxai.com/,,New,Review website and validate opportunity,
SARCO OY,Finlande,D,,À vérifier,To enrich,Qualifier l'activité avant tout pitch ciblé.,To enrich,To enrich,,,New,No immediate action,
SAS,France,D,,À vérifier,To enrich,Qualifier l'activité avant tout pitch ciblé.,To enrich,To enrich,http://www.abeillon.com/,,New,No immediate action,
SAS AIR MS,France,D,,À vérifier,To enrich,Qualifier l'activité avant tout pitch ciblé.,To enrich,To enrich,,,New,No immediate action,
SAS LT LOGTRANS,France,D,,À vérifier,To enrich,Qualifier l'activité avant tout pitch ciblé.,To enrich,To enrich,,,New,No immediate action,
Saskatchewan Ministry of Trade and Export Development,Canada,D,,À vérifier,To enrich,Qualifier l'activité avant tout pitch ciblé.,To enrich,To enrich,https://investsk.ca/,,New,No immediate action,
SATURNE TECHNOLOGY,Luxembourg,D,,À vérifier,To enrich,Qualifier l'activité avant tout pitch ciblé.,To enrich,To enrich,http://www.saturne-technology.com/,,New,No immediate action,
Satways LTD,Grèce,B,69.5,Acheteur potentiel,Cloud / data services,"Capteurs, payloads optroniques, communications pour plateformes ISR.","ISR platforms aggregate sensors, comms and AI. Map Satways LTD's integration partners.","Hi — I noticed Satways LTD builds Software / Platforms, Communications networks (+10) for Intelligence / ISR.",https://www.satways.net/,,New,Review website and validate opportunity,
Saudi Chemical Company Limited,Arabie saoudite,D,30.6,À vérifier,Industrial subcontracting / machining,Qualifier l'activité avant tout pitch ciblé.,Confirm defense traction vs civil revenue mix.,Hi — I noticed Saudi Chemical Company Limited at Eurosatory.,http://www.saudichemical.com/,,New,No immediate action,
SAVO DEFENCE NETWORK,Finlande,A,75.0,Acheteur potentiel,RF / microwave components,"Fournisseur de batteries, moteurs, optronique, RF, composites pour fabricants UAV.","UAV builds need batteries, motors, optronics, RF links and composites. Map their bill of materials with the supply chain lead.","Hi — I noticed SAVO DEFENCE NETWORK builds Communications networks, NRBC / CBRN (+5) for UAV / drones.",https://www.savodefence.com/,,New,Contact sales team and qualify need,
SAVOX COMMUNICATIONS LTD.,Finlande,D,,À vérifier,To enrich,Qualifier l'activité avant tout pitch ciblé.,To enrich,To enrich,https://savox.com/,,New,No immediate action,
SAVOY TECHNOLOGY,France,D,,À vérifier,To enrich,Qualifier l'activité avant tout pitch ciblé.,To enrich,To enrich,,,New,No immediate action,
SAVRONIK ELEKTRONIK SAN. ve TIC A.S,Turquie,D,16.6,À vérifier,Industrial subcontracting / machining,Qualifier l'activité avant tout pitch ciblé.,"Public sources too thin — discovery call first, focused pitch second.",Hi — I noticed SAVRONIK ELEKTRONIK SAN.,http://www.savronik.com.tr/,,New,No immediate action,
SAVUNMA SANAYİİ BAŞKANLIĞI (SSB),Turquie,B,64.5,Acheteur potentiel,Electronic components,"Vend des sous-systèmes / composants à un OEM construisant Radars, Robotics / UGV.",SAVUNMA SANAYİİ BAŞKANLIĞI (SSB)'s ISR offer needs sensor primes and data-fusion suppliers. Engineering / programme is the buyer.,"Hi — SAVUNMA SANAYİİ BAŞKANLIĞI (SSB) ships Radars, Robotics / UGV (+11) to Defense ministries, Police / law enforcement.",https://ssb.gov.tr/,https://www.linkedin.com/company/savunma-sanayii-baskanligi/posts/?feedView=all,New,Review website and validate opportunity,
SBG SYSTEMS,France,D,,À vérifier,To enrich,Qualifier l'activité avant tout pitch ciblé.,To enrich,To enrich,http://www.sbg-systems.com/,https://www.linkedin.com/company/sbgsystems,New,No immediate action,
Scaleout,Suède,B,62.5,Acheteur potentiel,Engines / propulsion,"Capteurs, payloads optroniques, communications pour plateformes ISR.","ISR platforms aggregate sensors, comms and AI. Map Scaleout's integration partners.","Hi — I noticed Scaleout builds Vehicles, UAV / drones (+10) for Intelligence / ISR.",http://www.scaleoutsystems.com/,https://www.linkedin.com/company/scaleout-systems/https://,New,Review website and validate opportunity,
Scandex AG,Allemagne,D,,À vérifier,To enrich,Qualifier l'activité avant tout pitch ciblé.,To enrich,To enrich,http://www.scandex.de./,,New,No immediate action,
Scania CV AB,Suède,D,,À vérifier,To enrich,Qualifier l'activité avant tout pitch ciblé.,To enrich,To enrich,https://www.scania.com/,,New,No immediate action,
Scania CV AB,Suède,D,,À vérifier,To enrich,Qualifier l'activité avant tout pitch ciblé.,To enrich,To enrich,https://www.scania.com/,,New,No immediate action,
SCANIA FRANCE,France,D,26.1,Sous-traitant,Industrial subcontracting / machining,Activité à qualifier — discovery call avant pitch précis.,Public data is thin — qualify the activity before pitching supply.,Hi — I noticed SCANIA FRANCE builds — for Other.,http://www.scania.fr/,https://www.linkedin.com/company/scania-france,New,No immediate action,
SCD,Israël,A,77.5,Acheteur potentiel,Engines / propulsion,"Capteurs, payloads optroniques, communications pour plateformes ISR.","ISR platforms aggregate sensors, comms and AI. Map SCD's integration partners.","Hi — I noticed SCD builds Vehicles, UAV / drones (+7) for Intelligence / ISR.",http://www.scd-infrared.com/,https://www.linkedin.com/company/scd,New,Contact sales team and qualify need,
Scepter Canada Inc.,Canada,D,,À vérifier,To enrich,Qualifier l'activité avant tout pitch ciblé.,To enrich,To enrich,https://scepter.com/products/military-products/military-ammunition-containers/,,New,No immediate action,
Schaublin SA,Suisse,C,54.6,Sous-traitant,Industrial subcontracting / machining,"Outils CAD, simulation, certification pour bureau d'études.","Engineering shops buy CAD licences, simulation tools and certification services.",Hi — I noticed Schaublin SA builds — for Engineering services.,http://www.schaublin.ch/,https://www.linkedin.com/company/schaublin-sa/,New,Keep in watchlist,
Schenck RoTec GmbH,Allemagne,B,67.2,Acheteur potentiel,Cloud / data services,"Threat intel, hardware appliances, cloud souverain, audits.","Cyber-defense vendors source threat intel feeds, hardware appliances, cloud and certification services. Procurement / CISO are entry points.","Hi — I noticed Schenck RoTec GmbH builds Software / Platforms, Logistics equipment for Cybersecurity.",https://schenck-rotec.de/startseite.html,,New,Review website and validate opportunity,
Schill Reglerteknik AB,Suède,D,,À vérifier,To enrich,Qualifier l'activité avant tout pitch ciblé.,To enrich,To enrich,,,New,No immediate action,
SCHLEIFRING GMBH,Allemagne,A,79.0,Acheteur potentiel,Electronic components,"Radars, sonars, comms, armement, sustainment pour primes navals.","Naval primes buy radars, sonars, comms, weapons and sustainment in long cycles.","Hi — I noticed SCHLEIFRING GMBH builds Radars, Optronics / Optics (+6) for Naval defense.",http://www.schleifring.de/,https://www.linkedin.com/company/schleifring/,New,Contact sales team and qualify need,
SCHLIGLER SAS,France,D,,À vérifier,To enrich,Qualifier l'activité avant tout pitch ciblé.,To enrich,To enrich,https://www.schligler.fr/,,New,No immediate action,
Schloetter Group,Allemagne,A,78.5,Acheteur potentiel,Engines / propulsion,"Composants, sous-systèmes, software, services pour primes C4ISR.",C4ISR primes integrate hundreds of components — the sourcing surface is huge. Procurement / supply chain is the entry point.,"Hi — I noticed Schloetter Group builds Vehicles, Electronic components (+4) for C4ISR.",http://schloetter-group.com/,https://www.linkedin.com/company/schlötter-global/,New,Contact sales team and qualify need,
Schmidt & Bender,Allemagne,C,40.4,Acheteur potentiel,Mechanical parts,Vend des sous-systèmes / composants à un OEM construisant Logistics equipment.,Qualify the activity before pitching.,Hi — Schmidt & Bender ships Logistics equipment to defense customers.,http://www.schmidt-bender.com/,,New,Keep in watchlist,
Schmitz Cargobull,Allemagne,D,,À vérifier,To enrich,Qualifier l'activité avant tout pitch ciblé.,To enrich,To enrich,http://www.cargobull.com/,,New,No immediate action,
SCHOELLER-BLECKMANN PRECISION TECHNOLOGY GMBH,Autriche,C,42.4,Acheteur potentiel,Mechanical parts,Vend des sous-systèmes / composants à un OEM construisant Logistics equipment.,Qualify the activity before pitching.,Hi — SCHOELLER-BLECKMANN PRECISION TECHNOLOGY GMBH ships Logistics equipment to defense customers.,http://sbot.co.at/,https://www.linkedin.com/company/sbo-ag/posts/?feedView=all,New,Keep in watchlist,
SCHRADER S.A.SS,France,D,,À vérifier,To enrich,Qualifier l'activité avant tout pitch ciblé.,To enrich,To enrich,https://www.schrader-pacific.fr/,,New,No immediate action,
SCHROTH SAFETY PRODUCTS.,États-Unis,B,73.0,Acheteur potentiel,Engines / propulsion,"Front-ends RF, processeurs, mécanique de précision pour fabricants radars.","Radar / sensor lines need specialised electronics, signal processing chips and composite housings. Talk to chief engineer.",Hi — I noticed SCHROTH SAFETY PRODUCTS.,http://www.schroth.com/,,New,Review website and validate opportunity,
Schuberth GMBH,Allemagne,D,,À vérifier,To enrich,Qualifier l'activité avant tout pitch ciblé.,To enrich,To enrich,https://www.schuberth.com/,,New,No immediate action,
Schunk Group,Allemagne,A,82.0,Acheteur potentiel,Engines / propulsion,"Textiles, composites, optronique, énergie pour kits soldat.","Soldier system vendors source textiles, composites, optronics and energy. Lead with NATO / military pedigree.","Hi — I noticed Schunk Group builds Vehicles, Sensors (+15) for Soldier systems.",http://www.schunk-group.com/en,https://www.linkedin.com/company/schunk-group,New,Contact sales team and qualify need,
ScioTeq bv,Belgique,D,,À vérifier,To enrich,Qualifier l'activité avant tout pitch ciblé.,To enrich,To enrich,https://www.scioteq.com/,,New,No immediate action,
SCOPEX,France,A,80.0,Acheteur potentiel,Energy / batteries,"Fournisseur de batteries, moteurs, optronique, RF, composites pour fabricants UAV.","UAV builds need batteries, motors, optronics, RF links and composites. Map their bill of materials with the supply chain lead.","Hi — I noticed SCOPEX builds UAV / drones, Soldier equipment (+5) for UAV / drones.",http://www.scopex.fr/,https://fr.linkedin.com/company/scopex-sarl,New,Contact sales team and qualify need,
SCS,France,D,,À vérifier,To enrich,Qualifier l'activité avant tout pitch ciblé.,To enrich,To enrich,https://www.mankiewicz.com/,,New,No immediate action,
Scura,Pays-Bas,C,53.8,Acheteur potentiel,Energy / batteries,Sub-system / payload pour OEM drones tactiques.,UAV programs are scaling — Scura is buying. Position [your sub-system] as a qualified alternative on their next platform.,Hi — Scura ships UAV / drones to defense customers.,https://scura.ai/,,New,Keep in watchlist,
SCYTALYS S.A.,Grèce,A,77.0,Acheteur potentiel,Cloud / data services,"Amplis RF, processeurs signal, embarqué, antennes pour EW.","EW systems source RF amplifiers, signal-processing chips, embedded computing and antennas. Talk to RF system lead.",Hi — I noticed SCYTALYS S.A.,http://www.scytalys.com/,,New,Contact sales team and qualify need,
SealingTech,États-Unis,D,,À vérifier,To enrich,Qualifier l'activité avant tout pitch ciblé.,To enrich,To enrich,https://www.sealingtech.com/,,New,No immediate action,
SEAT TEC FRANCE,France,D,,À vérifier,To enrich,Qualifier l'activité avant tout pitch ciblé.,To enrich,To enrich,http://www.seattec.com/,,New,No immediate action,
"SEC TECHNOLOGIES, S.R.O.",Slovaquie,B,69.5,Acheteur potentiel,Mechanical parts,Sub-system / payload pour OEM drones tactiques.,"UAV programs are scaling — SEC TECHNOLOGIES, S.R.O. is buying. Position [your sub-system] as a qualified alternative on their next platform.","Hi — SEC TECHNOLOGIES, S.R.O.",http://www.sec-technologies.com/,https://www.linkedin.com/company/sec-technologies,New,Review website and validate opportunity,
SECAN,France,D,,À vérifier,To enrich,Qualifier l'activité avant tout pitch ciblé.,To enrich,To enrich,http://www.secan.aero/,https://www.linkedin.com/company/secan-aero/posts/?feedView=all,New,No immediate action,
Sectra Communications,Pays-Bas,A,76.0,Distributeur potentiel,RF / microwave components,Partenariat MDR / cloud souverain / co-bid sur tenders.,Co-developing managed-detection or sovereign-cloud offers with Sectra Communications can unlock new tenders. Talk to BU lead.,Hi — Sectra Communications's Cybersecurity stack and our [your offering] cover complementary parts of the kill / decision chain.,http://communications.sectra.com/,https://www.linkedin.com/company/sectra/posts/?feedView=all,New,Contact sales team and qualify need,
secunet Security Networks AG,Allemagne,B,72.1,Acheteur potentiel,Cloud / data services,"Threat intel, hardware appliances, cloud souverain, audits.","Cyber-defense vendors source threat intel feeds, hardware appliances, cloud and certification services. Procurement / CISO are entry points.","Hi — I noticed secunet Security Networks AG builds Software / Platforms, Communications networks for Cybersecurity.",https://www.secunet.com/,,New,Review website and validate opportunity,
SECURITAS FRANCE,France,D,20.6,À vérifier,Industrial subcontracting / machining,Qualifier l'activité avant tout pitch ciblé.,"Public sources too thin — discovery call first, focused pitch second.",Hi — I noticed SECURITAS FRANCE at Eurosatory.,http://www.securitas.fr/,https://www.linkedin.com/company/securitas-france/,New,No immediate action,
SEERSTEMS ROBÓTICA Y SISTEMAS,Espagne,D,,À vérifier,To enrich,Qualifier l'activité avant tout pitch ciblé.,To enrich,To enrich,https://seerstems.net/,,New,No immediate action,
SEIBERSDORF LABOR GMBH,Autriche,D,,À vérifier,To enrich,Qualifier l'activité avant tout pitch ciblé.,To enrich,To enrich,,,New,No immediate action,
"SEKO Government,Space & Defence",Pays-Bas,D,,À vérifier,To enrich,Qualifier l'activité avant tout pitch ciblé.,To enrich,To enrich,https://www.sekologistics.com/us/freight-forwarding/government-space-and-defense/,,New,No immediate action,
SEKPY,Grèce,A,76.0,Acheteur potentiel,Mechanical parts,"Fournisseur de batteries, moteurs, optronique, RF, composites pour fabricants UAV.","UAV builds need batteries, motors, optronics, RF links and composites. Map their bill of materials with the supply chain lead.","Hi — I noticed SEKPY builds Logistics equipment, Vehicles (+8) for UAV / drones.",https://sekpy.gr/,https://www.linkedin.com/company/sekpy/,New,Contact sales team and qualify need,
SELECTARC,France,A,77.0,Acheteur potentiel,Mechanical parts,"Moteurs, composites, plaques balistiques, optronique, comms pour OEM blindés.","Armored vehicle OEMs buy engines, composites, ballistic plates, optronics, comms and specialised mechanics in volume.","Hi — I noticed SELECTARC builds Logistics equipment, Vehicles (+2) for Armored vehicles.",http://selectarc.com/,https://www.linkedin.com/company/10083342/admin/dashboard/,New,Contact sales team and qualify need,
SELHA GROUP,France,D,,À vérifier,To enrich,Qualifier l'activité avant tout pitch ciblé.,To enrich,To enrich,http://www.selhagroup.com/,,New,No immediate action,
"SELLIER & BELLOT, JSC",République tchèque,D,,À vérifier,To enrich,Qualifier l'activité avant tout pitch ciblé.,To enrich,To enrich,http://www.sellier-bellot.cz/,,New,No immediate action,
Selva Électronique,France,B,61.5,Fournisseur potentiel,Mechanical parts,"Matières premières, outils coupants, services qualité pour sous-traitants.","Sub-contractors buy raw materials, cutting tools and quality services.","Hi — I noticed Selva Électronique builds Logistics equipment, Energy / batteries (+3) for Industrial subcontracting.",https://www.selva.fr/fr/,https://www.linkedin.com/company/selva-electronique/,New,Review website and validate opportunity,
SEMAWORLD,France,B,60.9,Acheteur potentiel,Sensors,Vend des sous-systèmes / composants à un OEM construisant NRBC / CBRN.,SEMAWORLD sells CBRN kit — they need certified materials and detection.,Hi — SEMAWORLD ships NRBC / CBRN to Police / law enforcement.,http://www.semaworld.com/,,New,Review website and validate opportunity,
SEMIP-CODECHAMP,France,D,,À vérifier,To enrich,Qualifier l'activité avant tout pitch ciblé.,To enrich,To enrich,https://www.position-sensor.com/fr,,New,No immediate action,
SEMPER INVICTA,France,D,,À vérifier,To enrich,Qualifier l'activité avant tout pitch ciblé.,To enrich,To enrich,https://www.semper-invicta.fr/,,New,No immediate action,
Senhive BV,Belgique,A,77.5,Acheteur potentiel,Energy / batteries,"Amplis RF, processeurs signal, embarqué, antennes pour EW.","EW systems source RF amplifiers, signal-processing chips, embedded computing and antennas. Talk to RF system lead.","Hi — I noticed Senhive BV builds UAV / drones, Sensors (+8) for Electronic warfare.",https://senhive.com/,,New,Contact sales team and qualify need,
Senop Oy,Finlande,D,19.6,À vérifier,Industrial subcontracting / machining,Qualifier l'activité avant tout pitch ciblé.,"Public sources too thin — discovery call first, focused pitch second.",Hi — I noticed Senop Oy at Eurosatory.,http://senop.fi/,https://fi.linkedin.com/company/senop,New,No immediate action,
SENSOR TECH Inc.,Corée du Sud,B,63.5,Acheteur potentiel,Electronic components,"Amplis RF, processeurs signal, embarqué, antennes pour EW.","EW systems source RF amplifiers, signal-processing chips, embedded computing and antennas. Talk to RF system lead.",Hi — I noticed SENSOR TECH Inc.,http://www.isensor.co.kr/,,New,Review website and validate opportunity,
SENSORMICRO,Chine,A,80.0,Acheteur potentiel,Electronic components,"Textiles, composites, optronique, énergie pour kits soldat.","Soldier system vendors source textiles, composites, optronics and energy. Lead with NATO / military pedigree.","Hi — I noticed SENSORMICRO builds Sensors, Optronics / Optics (+9) for Soldier systems.",http://www.sensormicro.com/,https://www.linkedin.com/company/sensormicro/,New,Contact sales team and qualify need,
Senssight,France,D,,À vérifier,To enrich,Qualifier l'activité avant tout pitch ciblé.,To enrich,To enrich,https://www.senssight.com/,,New,No immediate action,
SENTRY,France,D,,À vérifier,To enrich,Qualifier l'activité avant tout pitch ciblé.,To enrich,To enrich,https://www.sentryvideowalls.com/,,New,No immediate action,
Sentyiv B.V.,Pays-Bas,D,,À vérifier,To enrich,Qualifier l'activité avant tout pitch ciblé.,To enrich,To enrich,https://www.sentyiv.com/,,New,No immediate action,
SEO Group,France,D,,À vérifier,To enrich,Qualifier l'activité avant tout pitch ciblé.,To enrich,To enrich,https://www.seogroup.fr/,,New,No immediate action,
SEPSON,Suède,D,,À vérifier,To enrich,Qualifier l'activité avant tout pitch ciblé.,To enrich,To enrich,http://www.sepson.se/,,New,No immediate action,
Septentrio – part of Hexagon,Belgique,D,37.4,Acheteur potentiel,Electronic components,Activité à qualifier — discovery call avant pitch précis.,Public data is thin — qualify the activity before pitching supply.,Hi — I noticed Septentrio – part of Hexagon builds Sensors for Other.,http://www.septentrio.com/en,https://www.linkedin.com/company/septentrio/,New,No immediate action,
SERB Pharmaceuticals,France,D,15.6,À vérifier,Industrial subcontracting / machining,Qualifier l'activité avant tout pitch ciblé.,"Public sources too thin — discovery call first, focused pitch second.",Hi — I noticed SERB Pharmaceuticals at Eurosatory.,http://serb.com/,https://www.linkedin.com/company/serb-pharmaceuticals/,New,No immediate action,
SEREME,France,B,60.5,Acheteur potentiel,Composite materials,"Composites, capteurs, comms, lancement pour primes spatiaux.","Space primes source composites, sensors, comms and launch services.",Hi — I noticed SEREME builds Satellites / Space for Space / satellite.,http://www.sereme.com/,,New,Review website and validate opportunity,
SERODEM,France,D,,À vérifier,To enrich,Qualifier l'activité avant tout pitch ciblé.,To enrich,To enrich,https://www.serodem.fr/,,New,No immediate action,
SES Space & Defence,Luxembourg,D,,À vérifier,To enrich,Qualifier l'activité avant tout pitch ciblé.,To enrich,To enrich,https://www.ses.com/,,New,No immediate action,
SESTAN BUSCH,Croatie,D,16.6,À vérifier,Industrial subcontracting / machining,Qualifier l'activité avant tout pitch ciblé.,"Public sources too thin — discovery call first, focused pitch second.",Hi — I noticed SESTAN BUSCH at Eurosatory.,http://www.sestan-busch.hr/,,New,No immediate action,
SETOLITE LICHTTECHNIK GMBH,Allemagne,A,76.0,Acheteur potentiel,Engines / propulsion,"Vend des sous-systèmes / composants à un OEM construisant Vehicles, Optronics / Optics.","SETOLITE LICHTTECHNIK GMBH sells optronics, they need detector and electronics suppliers. Lead with quality data.","Hi — SETOLITE LICHTTECHNIK GMBH ships Vehicles, Optronics / Optics (+2) to defense customers.",https://www.setolite.com/,https://www.linkedin.com/company/setolite-lichttechnik-gmbh/mycompany/,New,Contact sales team and qualify need,
SEYNTEX,Belgique,D,,À vérifier,To enrich,Qualifier l'activité avant tout pitch ciblé.,To enrich,To enrich,https://www.seyntex.com/,,New,No immediate action,
SFC Energy AG,Allemagne,D,,À vérifier,To enrich,Qualifier l'activité avant tout pitch ciblé.,To enrich,To enrich,http://www.public-security.com/,,New,No immediate action,
SFTE SPETSTECHNOEXPORT,Ukraine,D,,À vérifier,To enrich,Qualifier l'activité avant tout pitch ciblé.,To enrich,To enrich,,,New,No immediate action,
SHADOW NAUTICS d.o.o.,Croatie,B,72.5,Fournisseur potentiel,Mechanical parts,"Usinage de précision, matériaux, optronique, composants munitions ITAR-friendly.","Weapon manufacturers source precision machining, materials, optronics and ammunition components — heavy export control.",Hi — I noticed SHADOW NAUTICS d.o.o.,https://www.shadow-nautics.eu/,,New,Review website and validate opportunity,
"Shanghai Brilliant Textile Co.,Ltd.",Chine,C,59.8,Distributeur potentiel,RF / microwave components,Canal de distribution / représentation pour notre portefeuille.,Soldier kit distribution into their region is plausible — pitch a representation agreement.,Hi — we're scouting an exclusive distributor for your region.,http://www.brilliant-tex.com/,https://www.linkedin.com/company/brilliant-tex,New,Keep in watchlist,
"SHANGHAI CAREFUL TECHNOLOGY CO.,LTD",Chine,D,,À vérifier,To enrich,Qualifier l'activité avant tout pitch ciblé.,To enrich,To enrich,http://www.shanghaikaifu.com/,,New,No immediate action,
"SHANGHAI H WIN NEW MATERIAL TECHNOLOGY CO., LTD.",Chine,D,,À vérifier,To enrich,Qualifier l'activité avant tout pitch ciblé.,To enrich,To enrich,,,New,No immediate action,
Shark Robotics,France,A,79.0,Acheteur potentiel,Electronic components,"Fournisseur de RF, radars, optronique et embarqués pour stacks anti-drone.","Their counter-UAV stack relies on RF, radar, optronics and embedded systems — exactly what we supply. Talk to procurement / chief engineer.","Hi — I noticed Shark Robotics builds Robotics / UGV, Logistics equipment (+3) for Counter-UAV.",http://www.shark-robotics.com/,https://www.linkedin.com/company/sharkrobotics,New,Contact sales team and qualify need,
SHENZHEN POWER-TIME TECHNOLOGY CO.LTD,Chine,B,73.5,Acheteur potentiel,Engines / propulsion,"Front-ends RF, processeurs, mécanique de précision pour fabricants radars.","Radar / sensor lines need specialised electronics, signal processing chips and composite housings. Talk to chief engineer.","Hi — I noticed SHENZHEN POWER-TIME TECHNOLOGY CO.LTD builds Vehicles, Soldier equipment (+4) for Radar / sensors.",http://www.milpowertime.com/,https://www.linkedin.com/company/milpowertime/,New,Review website and validate opportunity,
"SHENZHEN SKYFEND TECHNOLOGY CO.,LTD.",Chine,B,67.0,Acheteur potentiel,Energy / batteries,"Amplis RF, processeurs signal, embarqué, antennes pour EW.","EW systems source RF amplifiers, signal-processing chips, embedded computing and antennas. Talk to RF system lead.","Hi — I noticed SHENZHEN SKYFEND TECHNOLOGY CO.,LTD.",http://www.skyfend.com/,,New,Review website and validate opportunity,
Shield AI,États-Unis,D,37.4,Acheteur potentiel,Cloud / data services,Vend des sous-systèmes / composants à un OEM construisant Software / Platforms.,Qualify the activity before pitching.,Hi — Shield AI ships Software / Platforms to defense customers.,http://shield.ai/,https://www.youtube.com/@Shield_AI,New,No immediate action,
SHIELD by Alpinter,Belgique,B,71.0,Acheteur potentiel,Cloud / data services,"Pièces de rechange, calibration, certification pour acteurs MRO.","MRO providers source spare parts, calibration tools and certification services. Procurement is the buyer.","Hi — I noticed SHIELD by Alpinter builds Software / Platforms, Logistics equipment (+2) for Logistics / MRO.",http://shieldtents.com/,https://www.linkedin.com/company/shieldbyalpinter,New,Review website and validate opportunity,
SHIFTERS AI INC.,États-Unis,D,20.6,À vérifier,Industrial subcontracting / machining,Qualifier l'activité avant tout pitch ciblé.,"Public sources too thin — discovery call first, focused pitch second.",Hi — I noticed SHIFTERS AI INC.,http://www.shifters-ai.com/,https://www.linkedin.com/company/shifters-ai-robotics,New,No immediate action,
"Shin An Information & Communications Co., Ltd.",Corée du Sud,D,,À vérifier,To enrich,Qualifier l'activité avant tout pitch ciblé.,To enrich,To enrich,,,New,No immediate action,
SHIPYARD OF SPECIAL FACILITIES Ltd,Croatie,C,47.6,Acheteur potentiel,Mechanical parts,"Vend des sous-systèmes / composants à un OEM construisant Logistics equipment, Engines / propulsion.",SHIPYARD OF SPECIAL FACILITIES Ltd sells naval kit — long sales cycle. Programme office is the buyer.,"Hi — SHIPYARD OF SPECIAL FACILITIES Ltd ships Logistics equipment, Engines / propulsion to defense customers.",https://www.brodosplit.hr/,,New,Keep in watchlist,
ShiraTech-Knowtion,Allemagne,B,70.5,Acheteur potentiel,Electronic components,"Front-ends RF, processeurs, mécanique de précision pour fabricants radars.","Radar / sensor lines need specialised electronics, signal processing chips and composite housings. Talk to chief engineer.","Hi — I noticed ShiraTech-Knowtion builds Sensors, Software / Platforms (+5) for Radar / sensors.",https://www.knowtion.de/,,New,Review website and validate opportunity,
ShootDrone,France,C,43.8,Acheteur potentiel,Energy / batteries,Sub-system / payload pour OEM drones tactiques.,UAV programs are scaling — ShootDrone is buying. Position [your sub-system] as a qualified alternative on their next platform.,Hi — ShootDrone ships UAV / drones to defense customers.,http://neant.fr/,,New,Keep in watchlist,
SIA ARITEH,Lettonie,D,,À vérifier,To enrich,Qualifier l'activité avant tout pitch ciblé.,To enrich,To enrich,,,New,No immediate action,
SIA ELECTRIFY,Lettonie,D,,À vérifier,To enrich,Qualifier l'activité avant tout pitch ciblé.,To enrich,To enrich,,,New,No immediate action,
SIAMIDIS SA,Grèce,B,73.4,Acheteur potentiel,Composite materials,"Aramide, céramique, composites, certification balistique.","Ballistic protection vendors buy aramid, ceramic, composites and certification services.","Hi — I noticed SIAMIDIS SA builds Ballistic protection, Logistics equipment (+1) for Ballistic protection.",https://siamidis.eu/,https://www.linkedin.com/company/siamidis-sa,New,Review website and validate opportunity,
SIBAT ISRAEL MOD,Israël,D,,À vérifier,To enrich,Qualifier l'activité avant tout pitch ciblé.,To enrich,To enrich,http://www.sibat.mod.gov.il/,,New,No immediate action,
SIDES,France,D,,À vérifier,To enrich,Qualifier l'activité avant tout pitch ciblé.,To enrich,To enrich,http://www.sides.fr/,,New,No immediate action,
Sieć Badawcza Łukasiewicz – Przemysłowy Instytut Motoryzacji,Pologne,C,58.3,Acheteur potentiel,Mechanical parts,"Vend des sous-systèmes / composants à un OEM construisant Logistics equipment, Communications networks.","Sieć Badawcza Łukasiewicz – Przemysłowy Instytut Motoryzacji pitches end-to-end C4ISR; they need sub-systems, software components and compliance services.","Hi — Sieć Badawcza Łukasiewicz – Przemysłowy Instytut Motoryzacji ships Logistics equipment, Communications networks (+1) to Defense ministries.",https://pimot.lukasiewicz.gov.pl/,,New,Keep in watchlist,
siegmund,Allemagne,B,60.2,Acheteur potentiel,Mechanical parts,"Vend des sous-systèmes / composants à un OEM construisant Logistics equipment, Software / Platforms.",Qualify the activity before pitching.,"Hi — siegmund ships Logistics equipment, Software / Platforms to defense customers.",https://www.siegmund.com/,https://www.linkedin.com/company/berndsiegmundgmbh,New,Review website and validate opportunity,
Siemens Digital Industries Software,France,D,,À vérifier,To enrich,Qualifier l'activité avant tout pitch ciblé.,To enrich,To enrich,https://www.siemens.com/en-us/,,New,No immediate action,
SIEPEL,France,D,,À vérifier,To enrich,Qualifier l'activité avant tout pitch ciblé.,To enrich,To enrich,https://www.siepel.com/,,New,No immediate action,
Sierra Olympia Technologies,États-Unis,A,81.0,Acheteur potentiel,Electronic components,"Fournisseur de batteries, moteurs, optronique, RF, composites pour fabricants UAV.","UAV builds need batteries, motors, optronics, RF links and composites. Map their bill of materials with the supply chain lead.","Hi — I noticed Sierra Olympia Technologies builds Sensors, Optronics / Optics (+4) for UAV / drones.",https://sierraolympia.com/,,New,Contact sales team and qualify need,
SIG SAUER,États-Unis,D,,À vérifier,To enrich,Qualifier l'activité avant tout pitch ciblé.,To enrich,To enrich,http://www.sigsauer.com/,,New,No immediate action,
Sightline Intelligence,États-Unis,B,67.0,Acheteur potentiel,Energy / batteries,"Capteurs, payloads optroniques, communications pour plateformes ISR.","ISR platforms aggregate sensors, comms and AI. Map Sightline Intelligence's integration partners.","Hi — I noticed Sightline Intelligence builds UAV / drones, Counter-UAV systems (+12) for Intelligence / ISR.",http://sightlineintelligence.com/,,New,Review website and validate opportunity,
SIGNALGENERIX LIMITED,Cyprus,D,,À vérifier,To enrich,Qualifier l'activité avant tout pitch ciblé.,To enrich,To enrich,https://www.signalgenerix.com/,,New,No immediate action,
Silicon Sensing Systems,Royaume-Uni,D,15.6,À vérifier,Industrial subcontracting / machining,Qualifier l'activité avant tout pitch ciblé.,"Public sources too thin — discovery call first, focused pitch second.",Hi — I noticed Silicon Sensing Systems at Eurosatory.,https://www.siliconsensing.com/,,New,No immediate action,
SILL OPTICS GMBH,Allemagne,D,,À vérifier,To enrich,Qualifier l'activité avant tout pitch ciblé.,To enrich,To enrich,http://www.silloptics.de/en/,https://www.linkedin.com/company/sill-optics/,New,No immediate action,
SILMOR,Lettonie,D,,À vérifier,To enrich,Qualifier l'activité avant tout pitch ciblé.,To enrich,To enrich,https://silmor.eu/en/,,New,No immediate action,
SILTEC,Pologne,B,60.1,Acheteur potentiel,"Materials (Li-ion, electrolytes)","Pièces de rechange, calibration, certification pour acteurs MRO.","MRO providers source spare parts, calibration tools and certification services. Procurement is the buyer.","Hi — I noticed SILTEC builds Energy / batteries, Mechanical parts (+1) for Logistics / MRO.",http://www.siltec.pl/,https://linkedin.com/company/siltec-sp.-z-o.o._2,New,Review website and validate opportunity,
Silvus Technologies Inc.,États-Unis,A,82.0,Acheteur potentiel,Energy / batteries,"Amplis RF, processeurs signal, embarqué, antennes pour EW.","EW systems source RF amplifiers, signal-processing chips, embedded computing and antennas. Talk to RF system lead.",Hi — I noticed Silvus Technologies Inc.,https://silvustechnologies.com/,https://www.linkedin.com/company/silvus-technologies-inc./posts/?feedView=all,New,Contact sales team and qualify need,
SIMA INNOVATION,Danemark,B,63.9,Acheteur potentiel,Engines / propulsion,"Vend des sous-systèmes / composants à un OEM construisant Vehicles, Logistics equipment.",SIMA INNOVATION performs MRO — they need parts and engineering support. Direct procurement angle.,"Hi — SIMA INNOVATION ships Vehicles, Logistics equipment to Police / law enforcement.",http://www.simainnovation.com/,https://www.linkedin.com/company/sima-innovation/posts/?feedView=all&viewAsMember=true,New,Review website and validate opportunity,
SIMOL,Italie,C,54.4,Acheteur potentiel,Mechanical parts,Vend des sous-systèmes / composants à un OEM construisant Logistics equipment.,SIMOL sells to forces — they need certified materials and ergonomic sub-systems.,Hi — SIMOL ships Logistics equipment to defense customers.,http://www.simol.com/,https://it.linkedin.com/company/simol-spa,New,Keep in watchlist,
SIMTECH,Belgique,D,,À vérifier,To enrich,Qualifier l'activité avant tout pitch ciblé.,To enrich,To enrich,https://www.simtech.be/,,New,No immediate action,
Sine Engineering,Ukraine,A,77.0,Acheteur potentiel,Energy / batteries,Vend une brique du chain detection-effector aux primes anti-drone.,Defense end-users buying C-UAS solutions are tightening specs every year. Position our offer as a complement to Sine Engineering's sensor fusion / kinetic effector chain.,"Hi — Sine Engineering ships UAV / drones, Counter-UAV systems (+4) to defense customers.",http://www.sineeng.com/,https://www.linkedin.com/company/sine-engineering/,New,Contact sales team and qualify need,
SİNERJİ YÜKSEK TEKNOLOJİ A.Ş.,Turquie,C,56.6,Acheteur potentiel,Engines / propulsion,"Vend des sous-systèmes / composants à un OEM construisant Vehicles, Weapons.",SİNERJİ YÜKSEK TEKNOLOJİ A.Ş. buys for next-gen platforms — engineering and supply chain are the buyers.,Hi — SİNERJİ YÜKSEK TEKNOLOJİ A.Ş.,http://www.sinerjitech.com/,https://www.linkedin.com/company/sinerjiyuksekteknoloji/,New,Keep in watchlist,
SINTRONES Technology Corp.,Taïwan,A,76.0,Acheteur potentiel,Engines / propulsion,"Composites, capteurs, comms, lancement pour primes spatiaux.","Space primes source composites, sensors, comms and launch services.",Hi — I noticed SINTRONES Technology Corp.,http://www.sintrones.com/,https://www.linkedin.com/company/sintrones-technology-corp/,New,Contact sales team and qualify need,
SIOEN BALLISTICS,Belgique,D,,À vérifier,To enrich,Qualifier l'activité avant tout pitch ciblé.,To enrich,To enrich,http://www.sioen.be/,,New,No immediate action,
"SISU AXLES, INC.",Finlande,D,,À vérifier,To enrich,Qualifier l'activité avant tout pitch ciblé.,To enrich,To enrich,https://www.sisuaxles.com/,,New,No immediate action,
SKB Cases,États-Unis,A,77.0,Acheteur potentiel,Engines / propulsion,"Radars, sonars, comms, armement, sustainment pour primes navals.","Naval primes buy radars, sonars, comms, weapons and sustainment in long cycles.","Hi — I noticed SKB Cases builds Vehicles, UAV / drones (+7) for Naval defense.",https://www.skbcases.com/,,New,Contact sales team and qualify need,
SKELETON TECHNOLOGIES,Estonie,D,,À vérifier,To enrich,Qualifier l'activité avant tout pitch ciblé.,To enrich,To enrich,http://www.skeletontech.com/,,New,No immediate action,
SKYCOPE C-UAS TECHNOLOGIES INC.,Canada,D,,À vérifier,To enrich,Qualifier l'activité avant tout pitch ciblé.,To enrich,To enrich,,,New,No immediate action,
SKYDIO,États-Unis,D,,À vérifier,To enrich,Qualifier l'activité avant tout pitch ciblé.,To enrich,To enrich,https://www.skydio.com/,,New,No immediate action,
SKYETON,Ukraine,B,68.0,Acheteur potentiel,Energy / batteries,"Capteurs, payloads optroniques, communications pour plateformes ISR.","ISR platforms aggregate sensors, comms and AI. Map SKYETON's integration partners.","Hi — I noticed SKYETON builds UAV / drones, Logistics equipment (+5) for Intelligence / ISR.",https://skyeton.com/,https://www.linkedin.com/company/skyeton/,New,Review website and validate opportunity,
SkyFall,Ukraine,D,4.0,À vérifier,To enrich,Qualifier l'activité avant tout pitch ciblé.,"Public sources too thin — discovery call first, focused pitch second.",Hi — I noticed SkyFall at Eurosatory.,https://www.skyfall.ua/,,New,No immediate action,
Skyld,France,D,,À vérifier,To enrich,Qualifier l'activité avant tout pitch ciblé.,To enrich,To enrich,https://skyld.io/,,New,No immediate action,
SkyRadar,Luxembourg,B,69.0,Acheteur potentiel,Electronic components,"Amplis RF, processeurs signal, embarqué, antennes pour EW.","EW systems source RF amplifiers, signal-processing chips, embedded computing and antennas. Talk to RF system lead.","Hi — I noticed SkyRadar builds Radars, Optronics / Optics (+8) for Electronic warfare.",http://www.skyradar.com/,https://www.linkedin.com/company/skyradar,New,Review website and validate opportunity,
SKY-WATCH,Danemark,A,81.0,Acheteur potentiel,Energy / batteries,"Capteurs, payloads optroniques, communications pour plateformes ISR.","ISR platforms aggregate sensors, comms and AI. Map SKY-WATCH's integration partners.","Hi — I noticed SKY-WATCH builds UAV / drones, Sensors (+4) for Intelligence / ISR.",http://sky-watch.com/,https://www.linkedin.com/company/sky-watch/,New,Contact sales team and qualify need,
Sky-Watch,Danemark,D,,À vérifier,To enrich,Qualifier l'activité avant tout pitch ciblé.,To enrich,To enrich,,,New,No immediate action,
SLM SOLUTIONS (FRANCE),France,D,,À vérifier,To enrich,Qualifier l'activité avant tout pitch ciblé.,To enrich,To enrich,https://www.nikon-slm-solutions.com/,,New,No immediate action,
SMAG Mobile Antenna Masts GmbH,Allemagne,A,81.0,Acheteur potentiel,Engines / propulsion,"Capteurs, payloads optroniques, communications pour plateformes ISR.","ISR platforms aggregate sensors, comms and AI. Map SMAG Mobile Antenna Masts GmbH's integration partners.","Hi — I noticed SMAG Mobile Antenna Masts GmbH builds Vehicles, UAV / drones (+6) for Intelligence / ISR.",http://www.smag.de/,https://linkedin.com/company/smagmasts,New,Contact sales team and qualify need,
SMARTSHOOTER,Israël,A,82.0,Acheteur potentiel,Engines / propulsion,"Capteurs, payloads optroniques, communications pour plateformes ISR.","ISR platforms aggregate sensors, comms and AI. Map SMARTSHOOTER's integration partners.","Hi — I noticed SMARTSHOOTER builds Vehicles, UAV / drones (+11) for Intelligence / ISR.",http://www.smart-shooter.com/,https://www.linkedin.com/company/smart-shooter/?viewAsMember=true,New,Contact sales team and qualify need,
SMPP LIMITED,Inde,B,73.5,Acheteur potentiel,Engines / propulsion,"Sous-systèmes, composites, certification pour primes terrestres.",Land defense primes integrate huge supply chains. Procurement is the buyer.,"Hi — I noticed SMPP LIMITED builds Vehicles, UAV / drones (+4) for Land defense.",http://www.smgroupindia.com/,https://www.linkedin.com/company/smppdefense/,New,Review website and validate opportunity,
SMS group,Allemagne,B,68.6,Fournisseur potentiel,Cloud / data services,"Pièces de rechange, calibration, certification pour acteurs MRO.","MRO providers source spare parts, calibration tools and certification services. Procurement is the buyer.","Hi — I noticed SMS group builds Software / Platforms, Energy / batteries (+3) for Logistics / MRO.",https://www.sms-group.com/,https://www.linkedin.com/company/sms_group/posts/?feedView=all,New,Review website and validate opportunity,
Smytec,Royaume-Uni,B,74.0,Acheteur potentiel,Mechanical parts,"Capteurs, payloads optroniques, communications pour plateformes ISR.","ISR platforms aggregate sensors, comms and AI. Map Smytec's integration partners.","Hi — I noticed Smytec builds Logistics equipment, Software / Platforms (+5) for Intelligence / ISR.",https://www.smytec-ltd.com/,www.linkedin.com/company/smytec-ltd,New,Review website and validate opportunity,
SNDMECA INDUSTRIE,France,D,,À vérifier,To enrich,Qualifier l'activité avant tout pitch ciblé.,To enrich,To enrich,http://sndmeca.fr/,,New,No immediate action,
SNECI,France,D,,À vérifier,To enrich,Qualifier l'activité avant tout pitch ciblé.,To enrich,To enrich,https://www.sneci.com/,,New,No immediate action,
Snigel,Suède,D,,À vérifier,To enrich,Qualifier l'activité avant tout pitch ciblé.,To enrich,To enrich,,,New,No immediate action,
SNOWPACK,France,A,77.5,Fournisseur potentiel,Cloud / data services,"Amplis RF, processeurs signal, embarqué, antennes pour EW.","EW systems source RF amplifiers, signal-processing chips, embedded computing and antennas. Talk to RF system lead.","Hi — I noticed SNOWPACK builds Cybersecurity solutions, Logistics equipment (+8) for Electronic warfare.",https://snowpack.eu/fr/,https://www.linkedin.com/company/snowpack/,New,Contact sales team and qualify need,
SOAIRTECH,France,D,,À vérifier,To enrich,Qualifier l'activité avant tout pitch ciblé.,To enrich,To enrich,https://www.soairtech.fr/,,New,No immediate action,
Sobelcomp,Belgique,D,,À vérifier,To enrich,Qualifier l'activité avant tout pitch ciblé.,To enrich,To enrich,https://www.sobelcomp.be/,,New,No immediate action,
"SOCAH HYDRAULIQUE, EDH, IDSYSTEM, LUCE HYDRO",France,C,49.6,Acheteur potentiel,Industrial subcontracting / machining,"Pièces de rechange, calibration, certification pour acteurs MRO.","MRO providers source spare parts, calibration tools and certification services. Procurement is the buyer.","Hi — I noticed SOCAH HYDRAULIQUE, EDH, IDSYSTEM, LUCE HYDRO builds — for Logistics / MRO.",https://www.socah-hydraulique.fr/,https://www.linkedin.com/company/groupe-socah-hydraulique/,New,Keep in watchlist,
SOC-E,Espagne,B,71.0,Acheteur potentiel,Electronic components,"Threat intel, hardware appliances, cloud souverain, audits.","Cyber-defense vendors source threat intel feeds, hardware appliances, cloud and certification services. Procurement / CISO are entry points.","Hi — I noticed SOC-E builds Sensors, Electronic components (+4) for Cybersecurity.",http://www.soc-e.com/,https://www.linkedin.com/company/soc-e,New,Review website and validate opportunity,
SOCIETA' CONSORTILE A R.L.,Italie,B,74.0,Acheteur potentiel,Engines / propulsion,"Composants, sous-systèmes, software, services pour primes C4ISR.",C4ISR primes integrate hundreds of components — the sourcing surface is huge. Procurement / supply chain is the entry point.,Hi — I noticed SOCIETA' CONSORTILE A R.L.,http://www.iveco-otomelara.com/,,New,Review website and validate opportunity,
SOCIÉTÉ D'ETUDES ET DE RÉALISATIONS THERMIQUES,France,D,,À vérifier,To enrich,Qualifier l'activité avant tout pitch ciblé.,To enrich,To enrich,http://www.sert.fr/,,New,No immediate action,
Société Générale,France,D,,À vérifier,To enrich,Qualifier l'activité avant tout pitch ciblé.,To enrich,To enrich,https://particuliers.sg.fr/,,New,No immediate action,
SOCITEC,France,D,,À vérifier,To enrich,Qualifier l'activité avant tout pitch ciblé.,To enrich,To enrich,https://www.socitec.com/,,New,No immediate action,
SOFEMA,France,B,60.8,Acheteur potentiel,Engines / propulsion,Vend des sous-systèmes / composants à un OEM construisant Vehicles.,SOFEMA performs MRO — they need parts and engineering support. Direct procurement angle.,Hi — SOFEMA ships Vehicles to defense customers.,http://www.sofema-international.com/,,New,Review website and validate opportunity,
SOFF Service AB,Suède,D,,À vérifier,To enrich,Qualifier l'activité avant tout pitch ciblé.,To enrich,To enrich,http://www.soff.se/,,New,No immediate action,
SOFFICO GMBH,Allemagne,B,73.6,Acheteur potentiel,Cloud / data services,"Front-ends RF, processeurs, mécanique de précision pour fabricants radars.","Radar / sensor lines need specialised electronics, signal processing chips and composite housings. Talk to chief engineer.","Hi — I noticed SOFFICO GMBH builds Software / Platforms, Ammunition (+2) for Radar / sensors.",http://www.soffico.de/,,New,Review website and validate opportunity,
SOFRAME,France,D,,À vérifier,To enrich,Qualifier l'activité avant tout pitch ciblé.,To enrich,To enrich,http://www.soframe.com/,,New,No immediate action,
SOFTCRYPTUM,France,B,61.3,Acheteur potentiel,Electronic components,"Amplis RF, processeurs signal, embarqué, antennes pour EW.","EW systems source RF amplifiers, signal-processing chips, embedded computing and antennas. Talk to RF system lead.","Hi — I noticed SOFTCRYPTUM builds Sensors, Software / Platforms (+1) for Electronic warfare.",http://softcryptum.com/,https://www.linkedin.com/company/26792271/,New,Review website and validate opportunity,
SOGECLAIR,France,A,77.5,Acheteur potentiel,Engines / propulsion,"Composites, capteurs, comms, lancement pour primes spatiaux.","Space primes source composites, sensors, comms and launch services.","Hi — I noticed SOGECLAIR builds Vehicles, Software / Platforms (+8) for Space / satellite.",http://sogeclair.com/,https://www.linkedin.com/company/groupesogeclair/?originalSubdomain=fr,New,Contact sales team and qualify need,
SOGITEC,France,D,,À vérifier,To enrich,Qualifier l'activité avant tout pitch ciblé.,To enrich,To enrich,https://www.sogitec.com/,,New,No immediate action,
Solarcore,États-Unis,C,56.8,Acheteur potentiel,Mechanical parts,"Vend des sous-systèmes / composants à un OEM construisant Logistics equipment, Soldier equipment.",Solarcore sells to forces — they need certified materials and ergonomic sub-systems.,"Hi — Solarcore ships Logistics equipment, Soldier equipment to Aerospace primes.",https://solarcore.tech/,,New,Keep in watchlist,
SOLARMTEX,France,D,,À vérifier,To enrich,Qualifier l'activité avant tout pitch ciblé.,To enrich,To enrich,http://www.solarmtex.com/,,New,No immediate action,
SOLCERA,France,B,69.5,Acheteur potentiel,Electronic components,"Front-ends RF, processeurs, mécanique de précision pour fabricants radars.","Radar / sensor lines need specialised electronics, signal processing chips and composite housings. Talk to chief engineer.","Hi — I noticed SOLCERA builds Sensors, Mechanical parts (+3) for Radar / sensors.",http://www.solcera.com/,https://www.linkedin.com/company/solcera/,New,Review website and validate opportunity,
Solstice,États-Unis,D,16.6,À vérifier,Industrial subcontracting / machining,Qualifier l'activité avant tout pitch ciblé.,"Public sources too thin — discovery call first, focused pitch second.",Hi — I noticed Solstice at Eurosatory.,https://www.solstice.com/us/en,https://www.linkedin.com/company/solstice-advanced-materials/posts/?feedView=all,New,No immediate action,
SOLUTECH INDUSTRIES,France,D,,À vérifier,To enrich,Qualifier l'activité avant tout pitch ciblé.,To enrich,To enrich,https://www.solutech-industries.fr/,,New,No immediate action,
SOMEPIC,France,D,,À vérifier,To enrich,Qualifier l'activité avant tout pitch ciblé.,To enrich,To enrich,https://somepic-technologie.com/,,New,No immediate action,
SOPEMEA,France,B,72.5,Acheteur potentiel,RF / microwave components,"Visuel, motion, haptique, IA pour fabricants de simulateurs.",Simulator builders source visual / motion / haptics hardware and AI components. Engineering is the buyer.,"Hi — I noticed SOPEMEA builds Communications networks, Simulators / Training (+2) for Simulation / training.",http://sopemea.apave.com/,https://www.linkedin.com/company/apave/,New,Review website and validate opportunity,
SOPRA STERIA,France,A,75.5,Acheteur potentiel,Cloud / data services,"Amplis RF, processeurs signal, embarqué, antennes pour EW.","EW systems source RF amplifiers, signal-processing chips, embedded computing and antennas. Talk to RF system lead.","Hi — I noticed SOPRA STERIA builds Software / Platforms, Logistics equipment (+7) for Electronic warfare.",http://www.soprasteria.com/,https://www.linkedin.com/company/soprasteria/,New,Contact sales team and qualify need,
SOPRIMA INDUSTRIE,France,C,57.3,Acheteur potentiel,Electronic components,"Front-ends RF, processeurs, mécanique de précision pour fabricants radars.","Radar / sensor lines need specialised electronics, signal processing chips and composite housings. Talk to chief engineer.","Hi — I noticed SOPRIMA INDUSTRIE builds Sensors, Logistics equipment (+1) for Radar / sensors.",http://www.soprima.com/,https://fr.linkedin.com/company/soprima-industrie,New,Keep in watchlist,
Sored S.A.,Suisse,D,,À vérifier,To enrich,Qualifier l'activité avant tout pitch ciblé.,To enrich,To enrich,https://sored-sa.com/,,New,No immediate action,
Sotrad Water,Belgique,D,32.4,Acheteur potentiel,Mechanical parts,Vend des sous-systèmes / composants à un OEM construisant Logistics equipment.,Qualify the activity before pitching.,Hi — Sotrad Water ships Logistics equipment to defense customers.,https://www.sotradwater.be/,,New,No immediate action,
SOUCY INTERNATIONAL INC. - DEFENSE DIVISION,Canada,A,75.0,Acheteur potentiel,Engines / propulsion,"Front-ends RF, processeurs, mécanique de précision pour fabricants radars.","Radar / sensor lines need specialised electronics, signal processing chips and composite housings. Talk to chief engineer.",Hi — I noticed SOUCY INTERNATIONAL INC.,http://www.soucy-defense.com/,https://www.linkedin.com/company/soucy-defense,New,Contact sales team and qualify need,
Source Tactical Gear,Israël,B,69.0,Acheteur potentiel,Composite materials,"Vend des sous-systèmes / composants à un OEM construisant Soldier equipment, Ballistic protection.",Source Tactical Gear sells to forces — they need certified materials and ergonomic sub-systems.,"Hi — Source Tactical Gear ships Soldier equipment, Ballistic protection (+4) to Land forces, Police / law enforcement.",https://www.sourcetacticalgear.net/,,New,Review website and validate opportunity,
SP DEFENSE,France,D,,À vérifier,To enrich,Qualifier l'activité avant tout pitch ciblé.,To enrich,To enrich,https://www.honeywellsafety.com/,,New,No immediate action,
Space Inventor,Danemark,D,,À vérifier,To enrich,Qualifier l'activité avant tout pitch ciblé.,To enrich,To enrich,,,New,No immediate action,
SPACEBEL,Belgique,B,69.0,Acheteur potentiel,Cloud / data services,"Composites, capteurs, comms, lancement pour primes spatiaux.","Space primes source composites, sensors, comms and launch services.","Hi — I noticed SPACEBEL builds Software / Platforms, Satellites / Space (+3) for Space / satellite.",https://www.spacebel.com/,,New,Review website and validate opportunity,
SpaceForest,Pologne,D,,À vérifier,To enrich,Qualifier l'activité avant tout pitch ciblé.,To enrich,To enrich,https://spaceforest.pl/,,New,No immediate action,
SPAFAX,Royaume-Uni,D,,À vérifier,To enrich,Qualifier l'activité avant tout pitch ciblé.,To enrich,To enrich,https://www.www.spafaxmirrors.com/,,New,No immediate action,
"Spanner SK, k.s.",Slovaquie,D,,À vérifier,To enrich,Qualifier l'activité avant tout pitch ciblé.,To enrich,To enrich,,,New,No immediate action,
Spar-Tac d.o.o.,Croatie,B,74.0,Acheteur potentiel,RF / microwave components,"Textiles, composites, optronique, énergie pour kits soldat.","Soldier system vendors source textiles, composites, optronics and energy. Lead with NATO / military pedigree.",Hi — I noticed Spar-Tac d.o.o.,https://www.spar-tac.com/,,New,Review website and validate opportunity,
SPECIALTY TECHNOLOGIES,Allemagne,D,,À vérifier,To enrich,Qualifier l'activité avant tout pitch ciblé.,To enrich,To enrich,http://www.wittenstein-motion-control.de/,,New,No immediate action,
SPEG PRONERGY,France,D,,À vérifier,To enrich,Qualifier l'activité avant tout pitch ciblé.,To enrich,To enrich,https://www.faar-pronergy.com/,,New,No immediate action,
SPETSTECHNOEXPORT,Ukraine,D,18.6,À vérifier,Industrial subcontracting / machining,Qualifier l'activité avant tout pitch ciblé.,"Public sources too thin — discovery call first, focused pitch second.",Hi — I noticed SPETSTECHNOEXPORT at Eurosatory.,http://spetstechnoexport.com/,,New,No immediate action,
Sphere Defense,Belgique,B,67.5,Acheteur potentiel,Energy / batteries,"Radars, missiles, comms, électroniques pour systèmes anti-aériens.","Air defense systems buy radars, missile components, comms and electronics.","Hi — I noticed Sphere Defense builds UAV / drones, Counter-UAV systems (+2) for Air defense.",http://www.sphere-df.com/,,New,Review website and validate opportunity,
SPHEREA TEST ET SERVICES,France,D,,À vérifier,To enrich,Qualifier l'activité avant tout pitch ciblé.,To enrich,To enrich,http://www.spherea.com/,,New,No immediate action,
SPINNER,Allemagne,D,,À vérifier,To enrich,Qualifier l'activité avant tout pitch ciblé.,To enrich,To enrich,https://www.spinner-group.com/,,New,No immediate action,
"SPIRIT SLOVENIA, BUSINESS DEVELOPMENT AGENCY",Slovénie,D,,À vérifier,To enrich,Qualifier l'activité avant tout pitch ciblé.,To enrich,To enrich,http://www.sloveniabusiness.eu/,,New,No immediate action,
SPIROTEC,France,D,15.6,À vérifier,Industrial subcontracting / machining,Qualifier l'activité avant tout pitch ciblé.,"Public sources too thin — discovery call first, focused pitch second.",Hi — I noticed SPIROTEC at Eurosatory.,http://www.spirotec.fr/,https://www.linkedin.com/company/spirotec/?viewAsMember=true,New,No immediate action,
Splast Sp. z.o.o.,Pologne,D,29.6,À vérifier,Industrial subcontracting / machining,Qualifier l'activité avant tout pitch ciblé.,"Confirm if Splast Sp. z.o.o. does MRO, sustainment or only spares.",Hi — I noticed Splast Sp.,https://przetworstwo-tworzyw.splast.com.pl/,,New,No immediate action,
SPLENDOR tekstil d.o.o.,Croatie,C,59.9,Acheteur potentiel,Mechanical parts,Vend des sous-systèmes / composants à un OEM construisant Logistics equipment.,"SPLENDOR tekstil d.o.o. pitches end-to-end C4ISR; they need sub-systems, software components and compliance services.",Hi — SPLENDOR tekstil d.o.o.,https://splendor-tekstil.hr/,,New,Keep in watchlist,
SPRING,France,D,,À vérifier,To enrich,Qualifier l'activité avant tout pitch ciblé.,To enrich,To enrich,https://www.spring-group.fr/,,New,No immediate action,
"SRC, INC",États-Unis,A,75.5,Acheteur potentiel,Engines / propulsion,"Capteurs, payloads optroniques, communications pour plateformes ISR.","ISR platforms aggregate sensors, comms and AI. Map SRC, INC's integration partners.","Hi — I noticed SRC, INC builds Vehicles, UAV / drones (+10) for Intelligence / ISR.",http://www.srcinc.com/,https://www.linkedin.com/company/SRCdefense,New,Contact sales team and qualify need,
SSAB / Armox protection plate,Suède,A,80.0,Acheteur potentiel,Engines / propulsion,"Matériaux énergétiques, mécanique, packaging, certification.","Ammunition makers buy energetic materials, mechanical parts, packaging and certification services.","Hi — I noticed SSAB / Armox protection plate builds Vehicles, Ammunition (+4) for Ammunition.",http://www.ssab.com/en/brands-and-products/armox,https://www.linkedin.com/showcase/76883263/,New,Contact sales team and qualify need,
ST Connect GmbH,Allemagne,D,28.1,À vérifier,Industrial subcontracting / machining,Qualifier l'activité avant tout pitch ciblé.,"Public sources too thin — discovery call first, focused pitch second.",Hi — I noticed ST Connect GmbH at Eurosatory.,http://www.st-connect.de/,https://www.linkedin.com/company/st-connect-gmbh/?viewAsMember=true,New,No immediate action,
ST ENGINEERING,Singapour,A,78.5,Acheteur potentiel,Engines / propulsion,"Composants, sous-systèmes, software, services pour primes C4ISR.",C4ISR primes integrate hundreds of components — the sourcing surface is huge. Procurement / supply chain is the entry point.,"Hi — I noticed ST ENGINEERING builds Vehicles, UAV / drones (+15) for C4ISR.",http://www.stengg.com/,https://www.linkedin.com/company/st-engineering,New,Contact sales team and qualify need,
ST ENGINEERING IDIRECT,Belgique,C,45.0,Acheteur potentiel,Composite materials,Vend des sous-systèmes / composants à un OEM construisant Satellites / Space.,ST ENGINEERING IDIRECT builds space hardware — they need certified components and test services.,Hi — ST ENGINEERING IDIRECT ships Satellites / Space to defense customers.,http://www.idirect.net/,https://www.linkedin.com/company/st-engineering-idirect/,New,Keep in watchlist,
STACEM,France,D,,À vérifier,To enrich,Qualifier l'activité avant tout pitch ciblé.,To enrich,To enrich,http://www.stacem.fr/,,New,No immediate action,
STAINLESS,France,B,69.5,Acheteur potentiel,"Materials (Li-ion, electrolytes)","Capteurs, payloads optroniques, communications pour plateformes ISR.","ISR platforms aggregate sensors, comms and AI. Map STAINLESS's integration partners.","Hi — I noticed STAINLESS builds Energy / batteries, Vehicles (+8) for Intelligence / ISR.",http://www.stainless.eu/,https://fr.linkedin.com/company/stainless,New,Review website and validate opportunity,
Standard solutions group AB,Suède,D,,À vérifier,To enrich,Qualifier l'activité avant tout pitch ciblé.,To enrich,To enrich,,,New,No immediate action,
STAR PACK SA,France,D,,À vérifier,To enrich,Qualifier l'activité avant tout pitch ciblé.,To enrich,To enrich,https://www.star-pack.fr/,,New,No immediate action,
STARBURST SAS,France,D,,À vérifier,To enrich,Qualifier l'activité avant tout pitch ciblé.,To enrich,To enrich,,,New,No immediate action,
STARK,Allemagne,A,79.0,Acheteur potentiel,Energy / batteries,"Capteurs, payloads optroniques, communications pour plateformes ISR.","ISR platforms aggregate sensors, comms and AI. Map STARK's integration partners.","Hi — I noticed STARK builds UAV / drones, Counter-UAV systems (+8) for Intelligence / ISR.",http://stark-defence.com/,https://www.linkedin.com/company/stark-defence/,New,Contact sales team and qualify need,
STARPLAST,France,D,,À vérifier,To enrich,Qualifier l'activité avant tout pitch ciblé.,To enrich,To enrich,https://vitalo.net/,,New,No immediate action,
STARTER,France,D,,À vérifier,To enrich,Qualifier l'activité avant tout pitch ciblé.,To enrich,To enrich,http://www.starterwinches.com/,,New,No immediate action,
Steel Products A/S,Danemark,D,,À vérifier,To enrich,Qualifier l'activité avant tout pitch ciblé.,To enrich,To enrich,,,New,No immediate action,
STEELE CONNECT,France,D,,À vérifier,To enrich,Qualifier l'activité avant tout pitch ciblé.,To enrich,To enrich,https://www.ultratech.fr/,,New,No immediate action,
Steeltec AG - Swiss Steel Group,Suisse,B,68.5,Acheteur potentiel,"Raw materials (steel, aluminium)","Textiles, composites, optronique, énergie pour kits soldat.","Soldier system vendors source textiles, composites, optronics and energy. Lead with NATO / military pedigree.","Hi — I noticed Steeltec AG - Swiss Steel Group builds Mechanical parts, Vehicles (+2) for Soldier systems.",https://swisssteel-group.com/,,New,Review website and validate opportunity,
steep GmbH,Allemagne,A,76.0,Sous-traitant,Electronic components,"Composites, capteurs, comms, lancement pour primes spatiaux.","Space primes source composites, sensors, comms and launch services.","Hi — I noticed steep GmbH builds Radars, Software / Platforms (+5) for Space / satellite.",https://www.steep.de/,https://www.linkedin.com/company/steep-gmbh,New,Contact sales team and qualify need,
Steinbach AG,Allemagne,D,,À vérifier,To enrich,Qualifier l'activité avant tout pitch ciblé.,To enrich,To enrich,http://www.steinbach-ag.de/,,New,No immediate action,
STEINER,Allemagne,B,70.9,Distributeur potentiel,Electronic components,Canal de distribution / représentation pour notre portefeuille.,Optronics export is controlled — confirm regulation posture before pitching.,Hi — we're scouting an exclusive distributor for Germany.,http://www.steiner-defense.com/,,New,Review website and validate opportunity,
Stellar Telecommunications Sarl,Luxembourg,A,76.0,Acheteur potentiel,Cloud / data services,"Radars, sonars, comms, armement, sustainment pour primes navals.","Naval primes buy radars, sonars, comms, weapons and sustainment in long cycles.","Hi — I noticed Stellar Telecommunications Sarl builds Software / Platforms, Communications networks (+6) for Naval defense.",http://www.stellar.tc/,https://www.linkedin.com/company/stellartc,New,Contact sales team and qualify need,
STEM S.R.L.,Italie,A,77.5,Acheteur potentiel,Mechanical parts,"Capteurs, payloads optroniques, communications pour plateformes ISR.","ISR platforms aggregate sensors, comms and AI. Map STEM S.R.L.'s integration partners.",Hi — I noticed STEM S.R.L.,https://www.stem.it/,https://urlsand.esvalabs.com/?u=https%3A%2F%2Fwww.linkedin.com%2Fcompany%2Fstem-ems%2F&e=2f59d014&h=7e9b1c16&f=y&p=y,New,Contact sales team and qualify need,
STEP (Saskatchewan Trade & Export Partnership),Canada,A,79.4,Sous-traitant,Mechanical parts,"Composants, sous-systèmes, software, services pour primes C4ISR.",C4ISR primes integrate hundreds of components — the sourcing surface is huge. Procurement / supply chain is the entry point.,"Hi — I noticed STEP (Saskatchewan Trade & Export Partnership) builds Logistics equipment, Communications networks (+1) for C4ISR.",https://sasktrade.com/,,New,Contact sales team and qualify need,
STERELA,France,D,,À vérifier,To enrich,Qualifier l'activité avant tout pitch ciblé.,To enrich,To enrich,https://www.sterela-defense.fr/,https://www.linkedin.com/company/sterela-defense/,New,No immediate action,
STEVTISS,France,D,,À vérifier,To enrich,Qualifier l'activité avant tout pitch ciblé.,To enrich,To enrich,https://www.stevtiss.fr/,,New,No immediate action,
Steyr Arms GmbH,Autriche,D,,À vérifier,To enrich,Qualifier l'activité avant tout pitch ciblé.,To enrich,To enrich,https://www.steyr-mannlicher.com/,,New,No immediate action,
STI GENLIS,France,C,52.9,Fournisseur potentiel,Mechanical parts,"Outils CAD, simulation, certification pour bureau d'études.","Engineering shops buy CAD licences, simulation tools and certification services.",Hi — I noticed STI GENLIS builds Logistics equipment for Engineering services.,http://www.sti-genlis.com/,https://www.linkedin.com/company/sti-genlis/?viewAsMember=true,New,Keep in watchlist,
STI Steyr,Autriche,D,,À vérifier,To enrich,Qualifier l'activité avant tout pitch ciblé.,To enrich,To enrich,http://sti-steyr.com/,,New,No immediate action,
STIRWELD,France,B,74.0,Acheteur potentiel,Engines / propulsion,"Radars, sonars, comms, armement, sustainment pour primes navals.","Naval primes buy radars, sonars, comms, weapons and sustainment in long cycles.","Hi — I noticed STIRWELD builds Vehicles, Robotics / UGV (+8) for Naval defense.",http://stirweld.com/,https://www.linkedin.com/company/stirweld/,New,Review website and validate opportunity,
STMB ROSSE,France,B,61.9,Fournisseur potentiel,"Raw materials (steel, aluminium)","Composites, capteurs, comms, lancement pour primes spatiaux.","Space primes source composites, sensors, comms and launch services.","Hi — I noticed STMB ROSSE builds Mechanical parts, Sensors (+2) for Space / satellite.",http://www.stmb-rosse.com/,https://www.linkedin.com/company/stmb-rosse/,New,Review website and validate opportunity,
STOEGER,Turquie,B,61.0,Acheteur potentiel,Electronic components,"Vend des sous-systèmes / composants à un OEM construisant Optronics / Optics, Soldier equipment.",STOEGER sells to forces — they need certified materials and ergonomic sub-systems.,"Hi — STOEGER ships Optronics / Optics, Soldier equipment (+2) to Critical infrastructure.",http://www.stoeger.com.tr/,,New,Review website and validate opportunity,
STRATASYS,Allemagne,B,73.5,Acheteur potentiel,Cloud / data services,"Fournisseur de batteries, moteurs, optronique, RF, composites pour fabricants UAV.","UAV builds need batteries, motors, optronics, RF links and composites. Map their bill of materials with the supply chain lead.","Hi — I noticed STRATASYS builds Software / Platforms, Composite materials (+3) for UAV / drones.",https://www.stratasys.com/,https://www.linkedin.com/company/stratasys/posts/,New,Review website and validate opportunity,
STRATIFORME INDUSTRIES,France,D,,À vérifier,To enrich,Qualifier l'activité avant tout pitch ciblé.,To enrich,To enrich,http://www.stratiforme.fr/,,New,No immediate action,
STREAMWIDE,France,D,,À vérifier,To enrich,Qualifier l'activité avant tout pitch ciblé.,To enrich,To enrich,http://www.streamwide.com/,,New,No immediate action,
STREIT GROUPE,France,B,67.5,Acheteur potentiel,Engines / propulsion,"Matières premières, outils coupants, services qualité pour sous-traitants.","Sub-contractors buy raw materials, cutting tools and quality services.","Hi — I noticed STREIT GROUPE builds Vehicles, Mechanical parts (+3) for Industrial subcontracting.",http://www.groupe-streit.com/,https://www.linkedin.com/company/streit-groupe,New,Review website and validate opportunity,
STRYX AI,France,C,55.0,Acheteur potentiel,Energy / batteries,Vend une brique du chain detection-effector aux primes anti-drone.,Defense end-users buying C-UAS solutions are tightening specs every year. Position our offer as a complement to STRYX AI's sensor fusion / kinetic effector chain.,"Hi — STRYX AI ships UAV / drones, Counter-UAV systems (+2) to Critical infrastructure.",http://stryx.ai/,https://www.linkedin.com/company/stryx-ai/,New,Keep in watchlist,
STUDER INNOTEC,Suisse,A,78.5,Acheteur potentiel,Mechanical parts,"Composites, capteurs, comms, lancement pour primes spatiaux.","Space primes source composites, sensors, comms and launch services.","Hi — I noticed STUDER INNOTEC builds Logistics equipment, Energy / batteries (+6) for Space / satellite.",https://www.studer-innotec.com/,,New,Contact sales team and qualify need,
STV GROUP A.S.,République tchèque,C,59.5,Acheteur potentiel,Engines / propulsion,Sub-system / payload pour OEM drones tactiques.,UAV programs are scaling — STV GROUP A.S. is buying. Position [your sub-system] as a qualified alternative on their next platform.,"Hi — STV GROUP A.S. ships Vehicles, UAV / drones (+2) to defense customers.",http://www.stvgroup.cz/,,New,Keep in watchlist,
SUADEO,France,B,70.0,Acheteur potentiel,Mechanical parts,"Threat intel, hardware appliances, cloud souverain, audits.","Cyber-defense vendors source threat intel feeds, hardware appliances, cloud and certification services. Procurement / CISO are entry points.","Hi — I noticed SUADEO builds Logistics equipment, Software / Platforms (+4) for Cybersecurity.",http://suadeo.fr/,https://www.linkedin.com/company/suadeo-sas,New,Review website and validate opportunity,
"SUBMERGE BALTIC, SIA",Lettonie,D,15.6,À vérifier,Industrial subcontracting / machining,Qualifier l'activité avant tout pitch ciblé.,"Public sources too thin — discovery call first, focused pitch second.","Hi — I noticed SUBMERGE BALTIC, SIA at Eurosatory.",https://www.submergebaltic.com/,,New,No immediate action,
SUCHIER SAS,France,D,,À vérifier,To enrich,Qualifier l'activité avant tout pitch ciblé.,To enrich,To enrich,http://www.suchier.com/,,New,No immediate action,
SUMA Aéro-Mécanique,France,D,,À vérifier,To enrich,Qualifier l'activité avant tout pitch ciblé.,To enrich,To enrich,https://suma-aero.com/,,New,No immediate action,
SUMITOMO DRIVE TECHNOLOGIES,France,D,14.6,À vérifier,Industrial subcontracting / machining,Qualifier l'activité avant tout pitch ciblé.,"Public sources too thin — discovery call first, focused pitch second.",Hi — I noticed SUMITOMO DRIVE TECHNOLOGIES at Eurosatory.,https://www.sumitomodrive.com/,www.linkedin.com/sumitomo-drive-technologies-france,New,No immediate action,
Supacat,Royaume-Uni,D,,À vérifier,To enrich,Qualifier l'activité avant tout pitch ciblé.,To enrich,To enrich,https://www.supacat.com/,,New,No immediate action,
Suppliers From Bretagne,France,A,76.0,Acheteur potentiel,Mechanical parts,"Matières premières, outils coupants, services qualité pour sous-traitants.","Sub-contractors buy raw materials, cutting tools and quality services.","Hi — I noticed Suppliers From Bretagne builds Logistics equipment, Vehicles (+7) for Industrial subcontracting.",http://www.suppliers-from-bretagne.com/,https://www.linkedin.com/company/bretagne-commerce-international,New,Contact sales team and qualify need,
SUPRAMECA,France,D,,À vérifier,To enrich,Qualifier l'activité avant tout pitch ciblé.,To enrich,To enrich,,,New,No immediate action,
Svekon,Suède,B,71.0,Acheteur potentiel,Engines / propulsion,"Vend des sous-systèmes / composants à un OEM construisant Vehicles, Software / Platforms.","Svekon pitches end-to-end C4ISR; they need sub-systems, software components and compliance services.","Hi — Svekon ships Vehicles, Software / Platforms (+4) to Land forces, Air forces (+3).",http://svekon.se/,https://www.linkedin.com/company/1827116,New,Review website and validate opportunity,
"SVOS, spol. s r.o.",République tchèque,D,,À vérifier,To enrich,Qualifier l'activité avant tout pitch ciblé.,To enrich,To enrich,http://www.armsvos.cz/,,New,No immediate action,
SWARM Biotactics,Allemagne,B,74.5,Acheteur potentiel,Energy / batteries,"Fournisseur de batteries, moteurs, optronique, RF, composites pour fabricants UAV.","UAV builds need batteries, motors, optronics, RF links and composites. Map their bill of materials with the supply chain lead.","Hi — I noticed SWARM Biotactics builds UAV / drones, Sensors (+2) for UAV / drones.",https://www.swarm-biotactics.com/,https://www.linkedin.com/company/swarm-biotactics/posts/?feedView=all,New,Review website and validate opportunity,
Swarmer,Estonie,B,72.5,Acheteur potentiel,Electronic components,"Capteurs, payloads optroniques, communications pour plateformes ISR.","ISR platforms aggregate sensors, comms and AI. Map Swarmer's integration partners.","Hi — I noticed Swarmer builds Sensors, Software / Platforms (+11) for Intelligence / ISR.",http://www.getswarmer.com/,https://www.linkedin.com/company/getswarmer/posts/?feedView=all,New,Review website and validate opportunity,
SWARMLY LTD,Cyprus,D,,À vérifier,To enrich,Qualifier l'activité avant tout pitch ciblé.,To enrich,To enrich,https://www.swarmly.aero/,,New,No immediate action,
SWAROVSKI OPTIK KG,Autriche,A,75.7,Acheteur potentiel,Electronic components,"Front-ends RF, processeurs, mécanique de précision pour fabricants radars.","Radar / sensor lines need specialised electronics, signal processing chips and composite housings. Talk to chief engineer.","Hi — I noticed SWAROVSKI OPTIK KG builds Optronics / Optics, Sensors (+1) for Radar / sensors.",http://www.swarovskioptik.com/,https://www.linkedin.com/company/swarovski-optik/,New,Contact sales team and qualify need,
Swebor Stål,Suède,D,,À vérifier,To enrich,Qualifier l'activité avant tout pitch ciblé.,To enrich,To enrich,https://www.swebor.se/,,New,No immediate action,
Sweden Ballistics AB,Suède,D,,À vérifier,To enrich,Qualifier l'activité avant tout pitch ciblé.,To enrich,To enrich,,,New,No immediate action,
SWISS CAMOUTECH AG/SSZ Camouflage Technology AG,Suisse,D,,À vérifier,To enrich,Qualifier l'activité avant tout pitch ciblé.,To enrich,To enrich,http://www.swisscamoutech.ch/,,New,No immediate action,
SWISS P DEFENCE,Suisse,A,77.5,Acheteur potentiel,Energetic materials,"Vend des sous-systèmes / composants à un OEM construisant Ammunition, Software / Platforms.","SWISS P DEFENCE sells to land forces — they need sub-systems, composites and certification.","Hi — SWISS P DEFENCE ships Ammunition, Software / Platforms (+5) to Special forces, Police / law enforcement (+2).",http://www.swisspdefence.com/,,New,Contact sales team and qualify need,
SWISSto12,Suisse,B,73.0,Acheteur potentiel,Electronic components,"Vend des sous-systèmes / composants à un OEM construisant Tactical radios, Logistics equipment.",SWISSto12 builds space hardware — they need certified components and test services.,"Hi — SWISSto12 ships Tactical radios, Logistics equipment (+5) to Aerospace primes, Critical infrastructure.",https://www.swissto12.com/,https://www.linkedin.com/company/swissto12-sa,New,Review website and validate opportunity,
Sydor Technologies,États-Unis,B,68.0,Acheteur potentiel,Mechanical parts,"Textiles, composites, optronique, énergie pour kits soldat.","Soldier system vendors source textiles, composites, optronics and energy. Lead with NATO / military pedigree.","Hi — I noticed Sydor Technologies builds Logistics equipment, Software / Platforms (+3) for Soldier systems.",http://sydortechnologies.com/,https://www.linkedin.com/company/sydor-technologies/?viewAsMember=true,New,Review website and validate opportunity,
SYMÉTRIE,France,A,78.0,Acheteur potentiel,Engines / propulsion,"Composites, capteurs, comms, lancement pour primes spatiaux.","Space primes source composites, sensors, comms and launch services.","Hi — I noticed SYMÉTRIE builds Vehicles, Optronics / Optics (+12) for Space / satellite.",http://symetrie.fr/en/,https://www.linkedin.com/company/symetrie,New,Contact sales team and qualify need,
Symlab AG,Suisse,B,70.5,Acheteur potentiel,Cloud / data services,"Fournisseur de batteries, moteurs, optronique, RF, composites pour fabricants UAV.","UAV builds need batteries, motors, optronics, RF links and composites. Map their bill of materials with the supply chain lead.","Hi — I noticed Symlab AG builds Software / Platforms, UAV / drones (+4) for UAV / drones.",http://symlab.ch/,,New,Review website and validate opportunity,
SYSNAV,France,B,64.0,Acheteur potentiel,Engines / propulsion,"Composites, capteurs, comms, lancement pour primes spatiaux.","Space primes source composites, sensors, comms and launch services.","Hi — I noticed SYSNAV builds Vehicles, Sensors (+4) for Space / satellite.",http://www.sysnav.fr/?lang=en,https://www.linkedin.com/company/sysnav/,New,Review website and validate opportunity,
SYSTECON GROUP AB,Suède,A,78.0,Acheteur potentiel,Engines / propulsion,"Radars, sonars, comms, armement, sustainment pour primes navals.","Naval primes buy radars, sonars, comms, weapons and sustainment in long cycles.","Hi — I noticed SYSTECON GROUP AB builds Vehicles, Software / Platforms (+2) for Naval defense.",http://www.systecongroup.com/gl,https://www.linkedin.com/company/systecon-ab,New,Contact sales team and qualify need,
SYSTEL Inc,États-Unis,D,,À vérifier,To enrich,Qualifier l'activité avant tout pitch ciblé.,To enrich,To enrich,http://www.systelusa.com/,,New,No immediate action,
Systematic A/S,Danemark,B,74.0,Acheteur potentiel,Cloud / data services,"Sous-systèmes, composites, certification pour primes terrestres.",Land defense primes integrate huge supply chains. Procurement is the buyer.,"Hi — I noticed Systematic A/S builds Software / Platforms, Soldier equipment (+4) for Land defense.",https://systematic.com/int/,https://www.linkedin.com/showcase/systematic-defence/,New,Review website and validate opportunity,
SZCZĘŚNIAK Pojazdy Specjalne Sp. z o.o.,Pologne,C,57.4,Acheteur potentiel,Engines / propulsion,"Sous-systèmes, composites, certification pour primes terrestres.",Land defense primes integrate huge supply chains. Procurement is the buyer.,Hi — I noticed SZCZĘŚNIAK Pojazdy Specjalne Sp.,http://www.psszczesniak.pl/,https://www.linkedin.com/company/szczesniak-special-vehicles-ltd-,New,Keep in watchlist,
Tacteris,Canada,D,,À vérifier,To enrich,Qualifier l'activité avant tout pitch ciblé.,To enrich,To enrich,https://www.tacteris.com/,,New,No immediate action,
Tactical Avionix SIA,Lettonie,D,,À vérifier,To enrich,Qualifier l'activité avant tout pitch ciblé.,To enrich,To enrich,https://www.tacticalavionix.com/,,New,No immediate action,
Tadaweb,Luxembourg,D,15.6,À vérifier,Industrial subcontracting / machining,Qualifier l'activité avant tout pitch ciblé.,"Public sources too thin — discovery call first, focused pitch second.",Hi — I noticed Tadaweb at Eurosatory.,https://www.tadaweb.com/,,New,No immediate action,
TAF Industries,Ukraine,A,78.0,Acheteur potentiel,Engines / propulsion,"Capteurs, payloads optroniques, communications pour plateformes ISR.","ISR platforms aggregate sensors, comms and AI. Map TAF Industries's integration partners.","Hi — I noticed TAF Industries builds Vehicles, UAV / drones (+5) for Intelligence / ISR.",http://taf-ua.com/en/,https://www.linkedin.com/company/tafindustriesua/,New,Contact sales team and qualify need,
TAIHAN TEXTILE,Corée du Sud,B,67.8,Acheteur potentiel,RF / microwave components,"Vend des sous-systèmes / composants à un OEM construisant Communications networks, Soldier equipment.",TAIHAN TEXTILE sells to forces — they need certified materials and ergonomic sub-systems.,"Hi — TAIHAN TEXTILE ships Communications networks, Soldier equipment to Police / law enforcement.",http://www.thtc.co.kr/,,New,Review website and validate opportunity,
Take Off Diffusion Ltd,Suisse,B,63.1,Fournisseur potentiel,Electronic components,"Front-ends RF, processeurs, mécanique de précision pour fabricants radars.","Radar / sensor lines need specialised electronics, signal processing chips and composite housings. Talk to chief engineer.","Hi — I noticed Take Off Diffusion Ltd builds Sensors, Communications networks for Radar / sensors.",https://northeagles.ch/,,New,Review website and validate opportunity,
TAMILAN,Inde,B,67.5,Acheteur potentiel,Energy / batteries,Sub-system / payload pour OEM drones tactiques.,UAV programs are scaling — TAMILAN is buying. Position [your sub-system] as a qualified alternative on their next platform.,"Hi — TAMILAN ships UAV / drones, Optronics / Optics (+2) to Police / law enforcement, Civil security / fire (+1).",https://www.tamilanthedrone.com/,https://www.linkedin.com/in/krishnamurthy-murthy-49623767?lipi=urn%3Ali%3Apage%3Ad_flagship3_profile_view_base_contact_details%3BZ5tIfhs6Tbex35m6LZZ4iA%3D%3D,New,Review website and validate opportunity,
Tampereen kaupunkiseudun elinkeino- ja kehitysyhtiö Business Tampere Oy,Finlande,D,,À vérifier,To enrich,Qualifier l'activité avant tout pitch ciblé.,To enrich,To enrich,,,New,No immediate action,
TARGI KIELCE SA,Pologne,D,,À vérifier,To enrich,Qualifier l'activité avant tout pitch ciblé.,To enrich,To enrich,http://www.mspo.pl/,,New,No immediate action,
Tastitalia Srl,Italie,B,69.0,Acheteur potentiel,Mechanical parts,"Front-ends RF, processeurs, mécanique de précision pour fabricants radars.","Radar / sensor lines need specialised electronics, signal processing chips and composite housings. Talk to chief engineer.","Hi — I noticed Tastitalia Srl builds Logistics equipment, Software / Platforms (+6) for Radar / sensors.",http://www.tastitalia.com/,https://www.linkedin.com/company/tastitalia,New,Review website and validate opportunity,
TATRA,République tchèque,D,,À vérifier,To enrich,Qualifier l'activité avant tout pitch ciblé.,To enrich,To enrich,https://www.tatratrucks.com/,,New,No immediate action,
TATRA DEFENCE VEHICLE a.s.,République tchèque,A,75.0,Acheteur potentiel,Engines / propulsion,"Composants, sous-systèmes, software, services pour primes C4ISR.",C4ISR primes integrate hundreds of components — the sourcing surface is huge. Procurement / supply chain is the entry point.,Hi — I noticed TATRA DEFENCE VEHICLE a.s.,https://tatradv.cz/,,New,Contact sales team and qualify need,
Tattu,Allemagne,B,72.0,Acheteur potentiel,Engines / propulsion,Sub-system / payload pour OEM drones tactiques.,UAV programs are scaling — Tattu is buying. Position [your sub-system] as a qualified alternative on their next platform.,"Hi — Tattu ships Vehicles, UAV / drones (+5) to defense customers.",https://www.gensace.de/,,New,Review website and validate opportunity,
TAURUS,Brésil,D,,À vérifier,To enrich,Qualifier l'activité avant tout pitch ciblé.,To enrich,To enrich,https://taurusarmas.com.br/,,New,No immediate action,
TAWAZUN COUNCIL,Émirats arabes unis,D,,À vérifier,To enrich,Qualifier l'activité avant tout pitch ciblé.,To enrich,To enrich,https://www.tawazun.gov.ae/en/contact-us/,,New,No immediate action,
TB OUTDOOR,France,B,65.5,Acheteur potentiel,Mechanical parts,"Outils CAD, simulation, certification pour bureau d'études.","Engineering shops buy CAD licences, simulation tools and certification services.","Hi — I noticed TB OUTDOOR builds Logistics equipment, Robotics / UGV (+1) for Engineering services.",http://tb-outdoor.com/,https://fr.linkedin.com/company/tarrerias-bonjean,New,Review website and validate opportunity,
TBO LOGISTICS S.L.,Espagne,D,16.6,À vérifier,Industrial subcontracting / machining,Qualifier l'activité avant tout pitch ciblé.,"Public sources too thin — discovery call first, focused pitch second.",Hi — I noticed TBO LOGISTICS S.L.,https://www.tbologistics.com/,,New,No immediate action,
TBT Tiefbohrtechnik,Allemagne,C,54.5,Acheteur potentiel,Mechanical parts,"Pièces de rechange, calibration, certification pour acteurs MRO.","MRO providers source spare parts, calibration tools and certification services. Procurement is the buyer.","Hi — I noticed TBT Tiefbohrtechnik builds Logistics equipment, Mechanical parts for Logistics / MRO.",http://www.tbt.de/,https://www.linkedin.com/company/tbt-tiefbohrtechnik/posts/?feedView=all,New,Keep in watchlist,
TDM SAS,France,D,,À vérifier,To enrich,Qualifier l'activité avant tout pitch ciblé.,To enrich,To enrich,https://www.tdm-ing.com/,,New,No immediate action,
TDW GmbH,Allemagne,B,65.9,Acheteur potentiel,Energetic materials,"Vend des sous-systèmes / composants à un OEM construisant Ammunition, Logistics equipment.",TDW GmbH buys raw materials and machining — long lead times. Procurement is the buyer.,"Hi — TDW GmbH ships Ammunition, Logistics equipment (+1) to Defense ministries.",http://www.tdw-warhead-systems.com/,https://www.linkedin.com/company/tdw-gmbh/?viewAsMember=true,New,Review website and validate opportunity,
TE Connectivity,France,A,80.0,Acheteur potentiel,Engines / propulsion,"Capteurs, payloads optroniques, communications pour plateformes ISR.","ISR platforms aggregate sensors, comms and AI. Map TE Connectivity's integration partners.","Hi — I noticed TE Connectivity builds Vehicles, UAV / drones (+10) for Intelligence / ISR.",http://www.te.com/defense,https://www.linkedin.com/company/te-connectivity,New,Contact sales team and qualify need,
TEAL DRONES,États-Unis,D,,À vérifier,To enrich,Qualifier l'activité avant tout pitch ciblé.,To enrich,To enrich,,,New,No immediate action,
TEAM 31,France,D,,À vérifier,To enrich,Qualifier l'activité avant tout pitch ciblé.,To enrich,To enrich,https://www.team31-agon.com/,,New,No immediate action,
Team Group Inc.,Taïwan,B,65.0,Acheteur potentiel,Engines / propulsion,"Front-ends RF, processeurs, mécanique de précision pour fabricants radars.","Radar / sensor lines need specialised electronics, signal processing chips and composite housings. Talk to chief engineer.",Hi — I noticed Team Group Inc.,http://industrial.teamgroupinc.com/en/,https://www.linkedin.com/showcase/teamgroup-industrial/,New,Review website and validate opportunity,
TEAM WENDY,États-Unis,D,,À vérifier,To enrich,Qualifier l'activité avant tout pitch ciblé.,To enrich,To enrich,https://www.teamwendy.com/,,New,No immediate action,
TECHCI RHÔNE-ALPES,France,D,,À vérifier,To enrich,Qualifier l'activité avant tout pitch ciblé.,To enrich,To enrich,http://www.techci.fr/,https://www.linkedin.com/company/techci-rh%C3%B4ne-alpes/,New,No immediate action,
TECHMETA WELDING,France,D,,À vérifier,To enrich,Qualifier l'activité avant tout pitch ciblé.,To enrich,To enrich,https://techmeta-engineering.com/,,New,No immediate action,
TECHNAMM,France,B,69.6,Acheteur potentiel,Electronic components,"Capteurs, payloads optroniques, communications pour plateformes ISR.","ISR platforms aggregate sensors, comms and AI. Map TECHNAMM's integration partners.","Hi — I noticed TECHNAMM builds Radars, Logistics equipment (+1) for Intelligence / ISR.",http://www.technamm.fr/,https://www.linkedin.com/company/technamm/?viewAsMember=true,New,Review website and validate opportunity,
TECHNIC EXPORT,France,C,48.6,Sous-traitant,Industrial subcontracting / machining,"Pièces de rechange, calibration, certification pour acteurs MRO.","MRO providers source spare parts, calibration tools and certification services. Procurement is the buyer.",Hi — I noticed TECHNIC EXPORT builds — for Logistics / MRO.,http://www.technicexport.com/,https://www.linkedin.com/company/technic-export75009/posts/?feedView=all&viewAsMember=true,New,Keep in watchlist,
TECHTERA,France,D,,À vérifier,To enrich,Qualifier l'activité avant tout pitch ciblé.,To enrich,To enrich,https://www.techtera.org/,,New,No immediate action,
TECHWAY,France,D,,À vérifier,To enrich,Qualifier l'activité avant tout pitch ciblé.,To enrich,To enrich,https://www.techway.com/,,New,No immediate action,
TECNOBIT - GRUPO OESÍA,Espagne,D,16.6,À vérifier,Industrial subcontracting / machining,Qualifier l'activité avant tout pitch ciblé.,"Public sources too thin — discovery call first, focused pitch second.",Hi — I noticed TECNOBIT - GRUPO OESÍA at Eurosatory.,http://www.tecnobit.es/,,New,No immediate action,
TECSUP,France,C,56.1,Acheteur potentiel,Energy / batteries,"Fournisseur de batteries, moteurs, optronique, RF, composites pour fabricants UAV.","UAV builds need batteries, motors, optronics, RF links and composites. Map their bill of materials with the supply chain lead.","Hi — I noticed TECSUP builds UAV / drones, Sensors (+2) for UAV / drones.",http://www.tecsup.fr/,,New,Keep in watchlist,
Tectonic-3d,Pays-Bas,B,70.5,Acheteur potentiel,Engines / propulsion,"Sous-systèmes, composites, certification pour primes terrestres.",Land defense primes integrate huge supply chains. Procurement is the buyer.,"Hi — I noticed Tectonic-3d builds Vehicles, UAV / drones (+5) for Land defense.",http://www.tectonic-3d.com/,,New,Review website and validate opportunity,
TEDAE,Espagne,B,69.5,Acheteur potentiel,Energy / batteries,"Fournisseur de batteries, moteurs, optronique, RF, composites pour fabricants UAV.","UAV builds need batteries, motors, optronics, RF links and composites. Map their bill of materials with the supply chain lead.","Hi — I noticed TEDAE builds UAV / drones, Logistics equipment (+6) for UAV / drones.",http://www.tedae.org/,https://www.linkedin.com/company/tedae/,New,Review website and validate opportunity,
TEGMA,France,D,,À vérifier,To enrich,Qualifier l'activité avant tout pitch ciblé.,To enrich,To enrich,https://www.tegma.fr/,,New,No immediate action,
TEHNICKI REMONT BRATUNAC,Bosnia and Herzegovina,D,,À vérifier,To enrich,Qualifier l'activité avant tout pitch ciblé.,To enrich,To enrich,https://www.trb.ba/,,New,No immediate action,
Teijin Aramid,Allemagne,D,,À vérifier,To enrich,Qualifier l'activité avant tout pitch ciblé.,To enrich,To enrich,http://www.teijinaramid.com/,,New,No immediate action,
TEK CAN,Turquie,D,,À vérifier,To enrich,Qualifier l'activité avant tout pitch ciblé.,To enrich,To enrich,https://www.aksarunflat.com.tr/,,New,No immediate action,
TEK MILITARY SEATING LTD,Royaume-Uni,D,,À vérifier,To enrich,Qualifier l'activité avant tout pitch ciblé.,To enrich,To enrich,,,New,No immediate action,
TEKEVER,France,D,,À vérifier,To enrich,Qualifier l'activité avant tout pitch ciblé.,To enrich,To enrich,https://www.tekever.com/,,New,No immediate action,
Teknologisk Institut,Danemark,D,,À vérifier,To enrich,Qualifier l'activité avant tout pitch ciblé.,To enrich,To enrich,,,New,No immediate action,
TELEDYNE E2V SEMICONDUCTORS,France,D,,À vérifier,To enrich,Qualifier l'activité avant tout pitch ciblé.,To enrich,To enrich,https://semiconductors.teledyne-e2v.com/,https://www.linkedin.com/company/e2vteledyne,New,No immediate action,
Teledyne FLIR Defense,États-Unis,C,44.4,Acheteur potentiel,Electronic components,"Front-ends RF, processeurs, mécanique de précision pour fabricants radars.","Radar / sensor lines need specialised electronics, signal processing chips and composite housings. Talk to chief engineer.",Hi — I noticed Teledyne FLIR Defense builds Sensors for Radar / sensors.,http://defense.flir.com/,https://www.linkedin.com/company/teledyne-flir,New,Keep in watchlist,
TELEDYNE FLIR OEM,États-Unis,D,21.6,Acheteur potentiel,Industrial subcontracting / machining,Vend des sous-systèmes / composants à un OEM construisant leur build line.,Qualify the activity before pitching.,Hi — TELEDYNE FLIR OEM ships — to defense customers.,http://www.oem.flir.com/,,New,No immediate action,
Teledyne Qioptiq,Royaume-Uni,B,68.0,Acheteur potentiel,Electronic components,"Amplis RF, processeurs signal, embarqué, antennes pour EW.","EW systems source RF amplifiers, signal-processing chips, embedded computing and antennas. Talk to RF system lead.","Hi — I noticed Teledyne Qioptiq builds Optronics / Optics, Software / Platforms (+7) for Electronic warfare.",http://www.teledyne-ade.com/companies/qioptiq,https://www.linkedin.com/company/qioptiq_3/,New,Review website and validate opportunity,
Telegrafia a.s.,Slovaquie,D,,À vérifier,To enrich,Qualifier l'activité avant tout pitch ciblé.,To enrich,To enrich,,,New,No immediate action,
Teleplan Globe,Norvège,D,,À vérifier,To enrich,Qualifier l'activité avant tout pitch ciblé.,To enrich,To enrich,https://www.teleplanglobe.no/,,New,No immediate action,
TELESPAZIO FRANCE,France,D,,À vérifier,To enrich,Qualifier l'activité avant tout pitch ciblé.,To enrich,To enrich,https://www.telespazio.fr/fr/home,,New,No immediate action,
TELTRONIC,Espagne,D,17.6,À vérifier,Industrial subcontracting / machining,Qualifier l'activité avant tout pitch ciblé.,"Public sources too thin — discovery call first, focused pitch second.",Hi — I noticed TELTRONIC at Eurosatory.,http://www.teltronic.es/,https://www.linkedin.com/company/teltronic/?originalSubdomain=es,New,No immediate action,
TEPAS AS,Turquie,D,,À vérifier,To enrich,Qualifier l'activité avant tout pitch ciblé.,To enrich,To enrich,http://www.tepas.com/,,New,No immediate action,
Terra Drone Corporation,Japon,A,78.0,Acheteur potentiel,Energy / batteries,"Fournisseur de batteries, moteurs, optronique, RF, composites pour fabricants UAV.","UAV builds need batteries, motors, optronics, RF links and composites. Map their bill of materials with the supply chain lead.","Hi — I noticed Terra Drone Corporation builds UAV / drones, Logistics equipment (+3) for UAV / drones.",http://terra-drone.net/global/,,New,Contact sales team and qualify need,
TETHYS,France,D,,À vérifier,To enrich,Qualifier l'activité avant tout pitch ciblé.,To enrich,To enrich,http://www.tethys-sas.fr/,https://www.linkedin.com/company/tethys-sas/about/,New,No immediate action,
TETMET,France,D,,À vérifier,To enrich,Qualifier l'activité avant tout pitch ciblé.,To enrich,To enrich,https://www.tetmet.net/,,New,No immediate action,
TEXELIS DEFENSE,France,D,,À vérifier,To enrich,Qualifier l'activité avant tout pitch ciblé.,To enrich,To enrich,http://www.texelis.com/,,New,No immediate action,
TEXINOV,France,D,,À vérifier,To enrich,Qualifier l'activité avant tout pitch ciblé.,To enrich,To enrich,https://www.texinov.com/,,New,No immediate action,
TEXPART TECHNOLOGIES,France,D,39.2,Acheteur potentiel,Electronic components,Activité à qualifier — discovery call avant pitch précis.,Public data is thin — qualify the activity before pitching supply.,"Hi — I noticed TEXPART TECHNOLOGIES builds Robotics / UGV, Mechanical parts for Other.",http://www.texpart-technologies.com/,https://www.linkedin.com/company/texpart-technologies/,New,No immediate action,
TEXTRON SYSTEMS,États-Unis,D,,À vérifier,To enrich,Qualifier l'activité avant tout pitch ciblé.,To enrich,To enrich,https://www.textronsystems.com/,,New,No immediate action,
THALES,France,D,14.6,À vérifier,Industrial subcontracting / machining,Qualifier l'activité avant tout pitch ciblé.,"Public sources too thin — discovery call first, focused pitch second.",Hi — I noticed THALES at Eurosatory.,http://www.thalesgroup.com/,,New,No immediate action,
THALES BELGIUM,Belgique,D,,À vérifier,To enrich,Qualifier l'activité avant tout pitch ciblé.,To enrich,To enrich,http://www.thalesgroup.com/,,New,No immediate action,
THALES NORWAY AS,Norvège,D,,À vérifier,To enrich,Qualifier l'activité avant tout pitch ciblé.,To enrich,To enrich,http://thalesgroup.com/,,New,No immediate action,
Thales SIX GTS France,France,D,,À vérifier,To enrich,Qualifier l'activité avant tout pitch ciblé.,To enrich,To enrich,https://www.thalesgroup.com/,,New,No immediate action,
"The Kinetic Group, Inc.",États-Unis,B,70.9,Acheteur potentiel,Energetic materials,"Vend des sous-systèmes / composants à un OEM construisant Ammunition, Logistics equipment.","The Kinetic Group, Inc. is a regulated buyer — lead with ITAR/AQAP/EN9100 credentials.","Hi — The Kinetic Group, Inc.",http://www.thekineticgroup.com/,,New,Review website and validate opportunity,
THE PLACE BY CCI 18,France,D,,À vérifier,To enrich,Qualifier l'activité avant tout pitch ciblé.,To enrich,To enrich,https://www.linkedin.com/company/the-place-by-cci-18/,,New,No immediate action,
THE ROTATION LINK,France,D,,À vérifier,To enrich,Qualifier l'activité avant tout pitch ciblé.,To enrich,To enrich,https://www.everaxis.com/,,New,No immediate action,
THEON SENSORS S.A.,Grèce,A,80.0,Acheteur potentiel,Engines / propulsion,"Sous-systèmes, composites, certification pour primes terrestres.",Land defense primes integrate huge supply chains. Procurement is the buyer.,Hi — I noticed THEON SENSORS S.A.,http://www.theon.com/,https://gr.linkedin.com/company/theon-international,New,Contact sales team and qualify need,
Thermobile Industries,Pays-Bas,D,,À vérifier,To enrich,Qualifier l'activité avant tout pitch ciblé.,To enrich,To enrich,http://www.thermobile.com/,,New,No immediate action,
THERMOTEKNIX,Royaume-Uni,A,77.0,Acheteur potentiel,Electronic components,"Textiles, composites, optronique, énergie pour kits soldat.","Soldier system vendors source textiles, composites, optronics and energy. Lead with NATO / military pedigree.","Hi — I noticed THERMOTEKNIX builds Optronics / Optics, Soldier equipment (+5) for Soldier systems.",http://www.thermoteknix.com/,https://www.linkedin.com/company/thermoteknix-systems-ltd,New,Contact sales team and qualify need,
THREOD SYSTEMS,Estonie,D,,À vérifier,To enrich,Qualifier l'activité avant tout pitch ciblé.,To enrich,To enrich,http://www.threod.com/,,New,No immediate action,
thyssenkrupp Supply Chain Solutions,France,B,64.1,Acheteur potentiel,Engines / propulsion,"Vend des sous-systèmes / composants à un OEM construisant Vehicles, Communications networks.",thyssenkrupp Supply Chain Solutions performs MRO — they need parts and engineering support. Direct procurement angle.,"Hi — thyssenkrupp Supply Chain Solutions ships Vehicles, Communications networks to Aerospace primes.",http://www.thyssenkrupp-supply-chain-solutions.com/en/home,https://www.linkedin.com/company/thyssenkrupp-aerospace,New,Review website and validate opportunity,
TI.SYSTEMS,Allemagne,D,,À vérifier,To enrich,Qualifier l'activité avant tout pitch ciblé.,To enrich,To enrich,http://www.ti.systems/,,New,No immediate action,
TIAG Industries,France,B,63.0,Acheteur potentiel,Engines / propulsion,"Vend des sous-systèmes / composants à un OEM construisant Vehicles, Weapons.","TIAG Industries sells to land forces — they need sub-systems, composites and certification.","Hi — TIAG Industries ships Vehicles, Weapons (+3) to Land forces.",http://www.tiag-containers.com/,https://www.linkedin.com/company/tiag-industries/,New,Review website and validate opportunity,
Tiami Networks,États-Unis,B,72.5,Acheteur potentiel,Energy / batteries,"Capteurs, payloads optroniques, communications pour plateformes ISR.","ISR platforms aggregate sensors, comms and AI. Map Tiami Networks's integration partners.","Hi — I noticed Tiami Networks builds UAV / drones, Counter-UAV systems (+10) for Intelligence / ISR.",https://www.tiaminetworks.com/,https://www.linkedin.com/company/tiami-networks/,New,Review website and validate opportunity,
Tibidabo Defence & Security,Royaume-Uni,A,78.5,Acheteur potentiel,Mechanical parts,"Capteurs, payloads optroniques, communications pour plateformes ISR.","ISR platforms aggregate sensors, comms and AI. Map Tibidabo Defence & Security's integration partners.","Hi — I noticed Tibidabo Defence & Security builds Logistics equipment, Vehicles (+7) for Intelligence / ISR.",http://www.tibidaboscientific.com/,https://www.linkedin.com/company/tibidabo-scientific-industries/?viewAsMember=true,New,Contact sales team and qualify need,
TICRA FOND,Danemark,D,,À vérifier,To enrich,Qualifier l'activité avant tout pitch ciblé.,To enrich,To enrich,,,New,No immediate action,
TIMONEY,Irlande,B,66.5,Acheteur potentiel,Engines / propulsion,"Vend des sous-systèmes / composants à un OEM construisant Vehicles, Logistics equipment.","TIMONEY builds simulators — they need content, AI and hardware suppliers.","Hi — TIMONEY ships Vehicles, Logistics equipment (+2) to defense customers.",http://www.timoneygroup.com/,,New,Review website and validate opportunity,
TITAN DEFENSE,France,D,,À vérifier,To enrich,Qualifier l'activité avant tout pitch ciblé.,To enrich,To enrich,http://www.titan-defense.com/,,New,No immediate action,
TITAN DEFENSE,France,D,,À vérifier,To enrich,Qualifier l'activité avant tout pitch ciblé.,To enrich,To enrich,,,New,No immediate action,
Titomic,Pays-Bas,D,,À vérifier,To enrich,Qualifier l'activité avant tout pitch ciblé.,To enrich,To enrich,https://www.titomic.com/,,New,No immediate action,
TIVOLY,France,D,,À vérifier,To enrich,Qualifier l'activité avant tout pitch ciblé.,To enrich,To enrich,http://tivoly.com/,https://www.linkedin.com/company/tivolygroup/,New,No immediate action,
TK Engineering Oy,Finlande,B,62.0,Acheteur potentiel,Engines / propulsion,"Threat intel, hardware appliances, cloud souverain, audits.","Cyber-defense vendors source threat intel feeds, hardware appliances, cloud and certification services. Procurement / CISO are entry points.","Hi — I noticed TK Engineering Oy builds Vehicles, Sensors (+6) for Cybersecurity.",https://tke.fi/,,New,Review website and validate opportunity,
"TNO DEFENCE, SAFETY & SECURITY",Pays-Bas,B,69.5,Acheteur potentiel,Engines / propulsion,"Amplis RF, processeurs signal, embarqué, antennes pour EW.","EW systems source RF amplifiers, signal-processing chips, embedded computing and antennas. Talk to RF system lead.","Hi — I noticed TNO DEFENCE, SAFETY & SECURITY builds Vehicles, Sensors (+14) for Electronic warfare.",http://www.tno.nl/en/safe/,,New,Review website and validate opportunity,
TOAD – Innovation Digger,France,D,,À vérifier,To enrich,Qualifier l'activité avant tout pitch ciblé.,To enrich,To enrich,https://www.toad.fr/,https://www.linkedin.com/company/toadinnovationdigger/,New,No immediate action,
TÔLERIE JANNIN-CARNET (TJC),France,D,,À vérifier,To enrich,Qualifier l'activité avant tout pitch ciblé.,To enrich,To enrich,https://www.tjc.fr/,,New,No immediate action,
TOMER,Israël,D,,À vérifier,To enrich,Qualifier l'activité avant tout pitch ciblé.,To enrich,To enrich,https://www.tomer-rs.co.il/,,New,No immediate action,
Tomorrow.io,États-Unis,B,66.0,Acheteur potentiel,Engines / propulsion,"Radars, sonars, comms, armement, sustainment pour primes navals.","Naval primes buy radars, sonars, comms, weapons and sustainment in long cycles.","Hi — I noticed Tomorrow.io builds Vehicles, UAV / drones (+8) for Naval defense.",https://www.tomorrow.io/,https://www.linkedin.com/company/tomorrow-io/posts/?feedView=all,New,Review website and validate opportunity,
TONBO IMAGING INDIA LIMITED,Inde,A,75.0,Acheteur potentiel,Electronic components,"Capteurs, payloads optroniques, communications pour plateformes ISR.","ISR platforms aggregate sensors, comms and AI. Map TONBO IMAGING INDIA LIMITED's integration partners.","Hi — I noticed TONBO IMAGING INDIA LIMITED builds Optronics / Optics, Vehicles (+11) for Intelligence / ISR.",http://www.tonboimaging.com/,https://in.linkedin.com/company/tonbo-imaging,New,Contact sales team and qualify need,
Touchwaves,Pays-Bas,A,81.0,Acheteur potentiel,Electronic components,"Capteurs, payloads optroniques, communications pour plateformes ISR.","ISR platforms aggregate sensors, comms and AI. Map Touchwaves's integration partners.","Hi — I noticed Touchwaves builds Sensors, Software / Platforms (+11) for Intelligence / ISR.",https://www.touchwaves.io/,https://www.linkedin.com/company/touchwaves/,New,Contact sales team and qualify need,
Tour Equipement,France,D,,À vérifier,To enrich,Qualifier l'activité avant tout pitch ciblé.,To enrich,To enrich,https://www.tourequipement.fr/,,New,No immediate action,
TOUTABRI,France,C,46.6,Fournisseur potentiel,Industrial subcontracting / machining,"Textiles, composites, optronique, énergie pour kits soldat.","Soldier system vendors source textiles, composites, optronics and energy. Lead with NATO / military pedigree.",Hi — I noticed TOUTABRI builds — for Soldier systems.,https://richel-group.fr/,https://www.linkedin.com/company/richel-group/,New,Keep in watchlist,
Toutenkamion Group,France,D,,À vérifier,To enrich,Qualifier l'activité avant tout pitch ciblé.,To enrich,To enrich,http://www.toutenkamion-group.com/,,New,No immediate action,
TPL Systèmes,France,D,,À vérifier,To enrich,Qualifier l'activité avant tout pitch ciblé.,To enrich,To enrich,https://www.tplsystemes.com/,https://www.linkedin.com/company/806769/,New,No immediate action,
TPU,Ukraine,D,,À vérifier,To enrich,Qualifier l'activité avant tout pitch ciblé.,To enrich,To enrich,https://www.tpu.ua/,,New,No immediate action,
TR Equipement,France,A,77.5,Sous-traitant,Electronic components,"Verre spécial, détecteurs, mécanique de précision pour optronique.","Optronics suppliers buy specialty glass, detectors and precision mechanics. Talk to procurement and engineering.","Hi — I noticed TR Equipement builds Optronics / Optics, Soldier equipment (+3) for Optics / optronics.",http://www.tr-equipement.com/,https://fr.linkedin.com/company/tr-equipement,New,Contact sales team and qualify need,
TRAAK,France,D,,À vérifier,To enrich,Qualifier l'activité avant tout pitch ciblé.,To enrich,To enrich,https://www.traak.tech/,,New,No immediate action,
TRAAM S.R.O.,République tchèque,C,58.5,Acheteur potentiel,Engines / propulsion,"Vend des sous-systèmes / composants à un OEM construisant Vehicles, Soldier equipment.",TRAAM S.R.O. buys for next-gen platforms — engineering and supply chain are the buyers.,"Hi — TRAAM S.R.O. ships Vehicles, Soldier equipment (+1) to defense customers.",http://www.traam.cz/,,New,Keep in watchlist,
TRA-C industrie,France,B,66.6,Acheteur potentiel,Electronic components,"Matières premières, outils coupants, services qualité pour sous-traitants.","Sub-contractors buy raw materials, cutting tools and quality services.","Hi — I noticed TRA-C industrie builds Robotics / UGV, Mechanical parts (+1) for Industrial subcontracting.",http://www.tra-c.com/,https://www.linkedin.com/company/tra-c-industrie/,New,Review website and validate opportunity,
Trade Estonia/Defence Estonia,Estonie,D,,À vérifier,To enrich,Qualifier l'activité avant tout pitch ciblé.,To enrich,To enrich,https://tradewithestonia.com/,,New,No immediate action,
TRANSATEL,France,D,17.6,À vérifier,Industrial subcontracting / machining,Qualifier l'activité avant tout pitch ciblé.,"Public sources too thin — discovery call first, focused pitch second.",Hi — I noticed TRANSATEL at Eurosatory.,http://www.transatel.com/,https://www.linkedin.com/company/transatel/,New,No immediate action,
TRANSMOBIL,Bulgarie,B,65.5,Acheteur potentiel,Engines / propulsion,"Vend des sous-systèmes / composants à un OEM construisant Vehicles, Weapons.",TRANSMOBIL buys for next-gen platforms — engineering and supply chain are the buyers.,"Hi — TRANSMOBIL ships Vehicles, Weapons (+3) to defense customers.",http://transmobile.eu/,,New,Review website and validate opportunity,
TRAX TRAILERS,Luxembourg,D,,À vérifier,To enrich,Qualifier l'activité avant tout pitch ciblé.,To enrich,To enrich,https://www.trax-trailers.com/,,New,No immediate action,
TRELLEBORG CLERMONT-FERRAND SAS,France,D,,À vérifier,To enrich,Qualifier l'activité avant tout pitch ciblé.,To enrich,To enrich,https://www.trelleborg.com/,,New,No immediate action,
TRELLISWARE TECHNOLOGIES,États-Unis,D,,À vérifier,To enrich,Qualifier l'activité avant tout pitch ciblé.,To enrich,To enrich,,,New,No immediate action,
TRIARII INTERNATIONAL CONSULTING GROUP LLC,États-Unis,A,76.0,Acheteur potentiel,Engines / propulsion,"Capteurs, payloads optroniques, communications pour plateformes ISR.","ISR platforms aggregate sensors, comms and AI. Map TRIARII INTERNATIONAL CONSULTING GROUP LLC's integration partners.","Hi — I noticed TRIARII INTERNATIONAL CONSULTING GROUP LLC builds Vehicles, UAV / drones (+15) for Intelligence / ISR.",http://www.triarii-international.com/,https://www.linkedin.com/company/triarii-international-consulting-group-llc/posts/?feedView=all,New,Contact sales team and qualify need,
"TRIJICON, INC.",États-Unis,D,,À vérifier,To enrich,Qualifier l'activité avant tout pitch ciblé.,To enrich,To enrich,https://www.trijicon.com/,,New,No immediate action,
Tril strong d.o.o.,Croatie,D,21.6,Fournisseur potentiel,Industrial subcontracting / machining,Activité à qualifier — discovery call avant pitch précis.,Public data is thin — qualify the activity before pitching supply.,Hi — I noticed Tril strong d.o.o.,https://tril-strong.hr/,,New,No immediate action,
Trimark Europe Limited,Royaume-Uni,B,61.8,Acheteur potentiel,Engines / propulsion,"Moteurs, composites, plaques balistiques, optronique, comms pour OEM blindés.","Armored vehicle OEMs buy engines, composites, ballistic plates, optronics, comms and specialised mechanics in volume.","Hi — I noticed Trimark Europe Limited builds Vehicles, Naval systems for Armored vehicles.",http://www.trimarkcorp.com/,https://www.linkedin.com/company/2130328/admin/dashboard/,New,Review website and validate opportunity,
Triplecut A/S,Danemark,D,,À vérifier,To enrich,Qualifier l'activité avant tout pitch ciblé.,To enrich,To enrich,,,New,No immediate action,
TRON FUTURE TECH INC,Taïwan,A,79.0,Acheteur potentiel,Energy / batteries,"Amplis RF, processeurs signal, embarqué, antennes pour EW.","EW systems source RF amplifiers, signal-processing chips, embedded computing and antennas. Talk to RF system lead.","Hi — I noticed TRON FUTURE TECH INC builds UAV / drones, Counter-UAV systems (+14) for Electronic warfare.",http://www.tronfuture.com/,https://www.linkedin.com/company/tronfuturetech/,New,Contact sales team and qualify need,
TRONICO,France,D,,À vérifier,To enrich,Qualifier l'activité avant tout pitch ciblé.,To enrich,To enrich,https://www.tronico-alcen.com/,https://www.linkedin.com/company/71464,New,No immediate action,
TRYAME,France,D,,À vérifier,To enrich,Qualifier l'activité avant tout pitch ciblé.,To enrich,To enrich,http://www.tryame.com/,,New,No immediate action,
TSD TECHNOLOGY AND SECURITY DEVELOPMENTS,Espagne,D,,À vérifier,To enrich,Qualifier l'activité avant tout pitch ciblé.,To enrich,To enrich,https://www.tsdinternational.com/,,New,No immediate action,
TSS INTERNATIONAL BV,Pays-Bas,D,,À vérifier,To enrich,Qualifier l'activité avant tout pitch ciblé.,To enrich,To enrich,https://www.tssh.com/,,New,No immediate action,
TUALCOM,Turquie,B,62.2,Acheteur potentiel,Electronic components,"Amplis RF, processeurs signal, embarqué, antennes pour EW.","EW systems source RF amplifiers, signal-processing chips, embedded computing and antennas. Talk to RF system lead.","Hi — I noticed TUALCOM builds Sensors, Radars (+1) for Electronic warfare.",http://www.tualcom.com/,https://www.linkedin.com/company/tualcom/,New,Review website and validate opportunity,
TULEAP,France,D,,À vérifier,To enrich,Qualifier l'activité avant tout pitch ciblé.,To enrich,To enrich,http://www.tuleap.com/,https://www.linkedin.com/company/tuleap/,New,No immediate action,
Tulip Tech,Pays-Bas,A,75.5,Acheteur potentiel,Energy / batteries,Sub-system / payload pour OEM drones tactiques.,UAV programs are scaling — Tulip Tech is buying. Position [your sub-system] as a qualified alternative on their next platform.,"Hi — Tulip Tech ships UAV / drones, Software / Platforms (+2) to Defense ministries, Critical infrastructure (+1).",https://www.tulip.tech/,https://www.linkedin.com/company/tulip-tech,New,Contact sales team and qualify need,
TUPACK EM2,France,D,,À vérifier,To enrich,Qualifier l'activité avant tout pitch ciblé.,To enrich,To enrich,http://www.tkdefense.eu/,,New,No immediate action,
Tutus,Suède,C,51.1,Acheteur potentiel,Cloud / data services,"Outils SOC/SIEM, brique de sécurité défensive pour vendeur cyber.","Tutus sells cyber to defense — they also need NDA-friendly suppliers for components, cloud and audits. Lead with compliance pedigree.","Hi — Tutus ships Software / Platforms, Communications networks to defense customers.",http://tutus.se/,https://linkedin.com/company/tutus-data,New,Keep in watchlist,
TWG,États-Unis,D,,À vérifier,To enrich,Qualifier l'activité avant tout pitch ciblé.,To enrich,To enrich,http://www.team-twg.com/,,New,No immediate action,
TWI GLOBAL,États-Unis,D,,À vérifier,To enrich,Qualifier l'activité avant tout pitch ciblé.,To enrich,To enrich,https://www.twiglobal.com/,,New,No immediate action,
TwinswHeel,France,D,,À vérifier,To enrich,Qualifier l'activité avant tout pitch ciblé.,To enrich,To enrich,https://www.twinswheel.fr/,,New,No immediate action,
TWK,Allemagne,D,35.9,Acheteur potentiel,Mechanical parts,Vend des sous-systèmes / composants à un OEM construisant Logistics equipment.,Qualify the activity before pitching.,Hi — TWK ships Logistics equipment to defense customers.,https://twk.de/,www.linkedin.com/company/twk-elektronik,New,No immediate action,
"TYR TACTICAL, LLC",États-Unis,D,,À vérifier,To enrich,Qualifier l'activité avant tout pitch ciblé.,To enrich,To enrich,http://www.tyrtactical.com/,,New,No immediate action,
Tyron Runflat,Royaume-Uni,D,,À vérifier,To enrich,Qualifier l'activité avant tout pitch ciblé.,To enrich,To enrich,http://www.tyron.com/,,New,No immediate action,
Tyto Robotics,Canada,D,5.0,À vérifier,To enrich,Qualifier l'activité avant tout pitch ciblé.,"Public sources too thin — discovery call first, focused pitch second.",Hi — I noticed Tyto Robotics at Eurosatory.,https://www.tytorobotics.com/,https://www.linkedin.com/company/tytorobotics/,New,No immediate action,
U.S. Ordnance,États-Unis,B,71.6,Acheteur potentiel,Mechanical parts,"Vend des sous-systèmes / composants à un OEM construisant Weapons, Naval systems.","U.S. Ordnance sells to land forces — they need sub-systems, composites and certification.","Hi — U.S. Ordnance ships Weapons, Naval systems (+2) to Defense ministries, Police / law enforcement (+3).",http://www.usord.com/,,New,Review website and validate opportunity,
UAB BROLIS SEMICONDUCTORS,Lituanie,D,,À vérifier,To enrich,Qualifier l'activité avant tout pitch ciblé.,To enrich,To enrich,https://brolis-defence.com/,,New,No immediate action,
UDINFO,Taïwan,C,57.8,Acheteur potentiel,Electronic components,Vend des sous-systèmes / composants à un OEM construisant Embedded systems.,UDINFO sells engineering hours — they buy tooling. Limited supplier upside.,Hi — UDINFO ships Embedded systems to Defense ministries.,http://www.udinfo-tech.com/,https://www.linkedin.com/company/udinfocorp,New,Keep in watchlist,
UKR ARMO TECH,Ukraine,B,70.5,Acheteur potentiel,Mechanical parts,"Vend des sous-systèmes / composants à un OEM construisant Logistics equipment, Vehicles.","UKR ARMO TECH sells to land forces — they need sub-systems, composites and certification.","Hi — UKR ARMO TECH ships Logistics equipment, Vehicles (+8) to Aerospace primes, Special forces (+2).",https://www.ukrarmo.tech/,,New,Review website and validate opportunity,
UKRAINIAN COUNCIL OF DEFENCE INDUSTRY,Ukraine,B,71.0,Acheteur potentiel,Mechanical parts,Sub-system / payload pour OEM drones tactiques.,UAV programs are scaling — UKRAINIAN COUNCIL OF DEFENCE INDUSTRY is buying. Position [your sub-system] as a qualified alternative on their next platform.,"Hi — UKRAINIAN COUNCIL OF DEFENCE INDUSTRY ships Logistics equipment, UAV / drones (+1) to Land forces.",http://ucdi.org.ua/en/,https://www.linkedin.com/company/ukrainian-council-of-defence-industry/,New,Review website and validate opportunity,
ULBRICHTS GMBH,Autriche,B,69.0,Acheteur potentiel,Mechanical parts,"Vend des sous-systèmes / composants à un OEM construisant Logistics equipment, Soldier equipment.",ULBRICHTS GMBH buys raw materials and machining — long lead times. Procurement is the buyer.,"Hi — ULBRICHTS GMBH ships Logistics equipment, Soldier equipment (+1) to Special forces, Police / law enforcement (+1).",http://www.ulbrichts.com/,https://www.linkedin.com/company/ulbrichts/,New,Review website and validate opportunity,
Ultra I&C,Royaume-Uni,A,75.0,Acheteur potentiel,Electronic components,"Capteurs, payloads optroniques, communications pour plateformes ISR.","ISR platforms aggregate sensors, comms and AI. Map Ultra I&C's integration partners.","Hi — I noticed Ultra I&C builds Optronics / Optics, Software / Platforms (+9) for Intelligence / ISR.",https://www.ultra-ic.com/,,New,Contact sales team and qualify need,
UNAC,France,D,14.6,À vérifier,Industrial subcontracting / machining,Qualifier l'activité avant tout pitch ciblé.,"Public sources too thin — discovery call first, focused pitch second.",Hi — I noticed UNAC at Eurosatory.,http://www.unac.fr/,https://www.linkedin.com/company/unac-france/,New,No immediate action,
"Unfazed, SIA",Lettonie,D,,À vérifier,To enrich,Qualifier l'activité avant tout pitch ciblé.,To enrich,To enrich,https://foffindustries.com/,,New,No immediate action,
Unikie Oy,Finlande,B,69.0,Acheteur potentiel,Engines / propulsion,"Amplis RF, processeurs signal, embarqué, antennes pour EW.","EW systems source RF amplifiers, signal-processing chips, embedded computing and antennas. Talk to RF system lead.","Hi — I noticed Unikie Oy builds Vehicles, UAV / drones (+12) for Electronic warfare.",http://unikie.com/,https://www.linkedin.com/company/unikie/,New,Review website and validate opportunity,
Unis Ginex d.d. Gorazde,Bosnia and Herzegovina,D,18.6,À vérifier,Industrial subcontracting / machining,Qualifier l'activité avant tout pitch ciblé.,"Public sources too thin — discovery call first, focused pitch second.",Hi — I noticed Unis Ginex d.d.,http://www.unisginex.com/,,New,No immediate action,
Unistring Tech Solutions,Inde,D,,À vérifier,To enrich,Qualifier l'activité avant tout pitch ciblé.,To enrich,To enrich,https://www.unistring.com/,,New,No immediate action,
United Group for Investment and Trade,Égypte,C,56.1,Distributeur potentiel,Composite materials,Canal de distribution / représentation pour notre portefeuille.,Soldier kit distribution into Africa is plausible — pitch a representation agreement.,Hi — we're scouting an exclusive distributor for Africa.,https://www.united-git.com/,,New,Keep in watchlist,
UNITED MILITARY SERVICES,Danemark,B,65.0,Acheteur potentiel,Engines / propulsion,"Vend des sous-systèmes / composants à un OEM construisant Vehicles, Logistics equipment.",UNITED MILITARY SERVICES buys for next-gen platforms — engineering and supply chain are the buyers.,"Hi — UNITED MILITARY SERVICES ships Vehicles, Logistics equipment (+4) to defense customers.",http://www.ums.as/,https://www.linkedin.com/company/united-military-services-a-s/?viewAsMember=true,New,Review website and validate opportunity,
Université PSL -Pôle PSL Innovation,France,C,47.6,Sous-traitant,Industrial subcontracting / machining,"Capteurs, payloads optroniques, communications pour plateformes ISR.","ISR platforms aggregate sensors, comms and AI. Map Université PSL -Pôle PSL Innovation's integration partners.",Hi — I noticed Université PSL -Pôle PSL Innovation builds — for Intelligence / ISR.,http://psl.eu/innovation/relations-entreprises,https://www.linkedin.com/school/universit%C3%A9-psl/,New,Keep in watchlist,
Unmanned Defense Systems,Lituanie,A,78.5,Acheteur potentiel,Energy / batteries,"Capteurs, payloads optroniques, communications pour plateformes ISR.","ISR platforms aggregate sensors, comms and AI. Map Unmanned Defense Systems's integration partners.","Hi — I noticed Unmanned Defense Systems builds UAV / drones, Sensors (+10) for Intelligence / ISR.",http://www.udefenses.com/,https://www.linkedin.com/company/udefenses/,New,Contact sales team and qualify need,
Unseenlabs,France,B,74.5,Acheteur potentiel,Composite materials,"Capteurs, payloads optroniques, communications pour plateformes ISR.","ISR platforms aggregate sensors, comms and AI. Map Unseenlabs's integration partners.","Hi — I noticed Unseenlabs builds Satellites / Space, Naval systems (+4) for Intelligence / ISR.",http://unseenlabs.com/,https://www.linkedin.com/company/unseenlabs/,New,Review website and validate opportunity,
UP LIFTING,Espagne,B,72.9,Acheteur potentiel,Mechanical parts,"Pièces de rechange, calibration, certification pour acteurs MRO.","MRO providers source spare parts, calibration tools and certification services. Procurement is the buyer.",Hi — I noticed UP LIFTING builds Logistics equipment for Logistics / MRO.,http://www.uplifting.es/,https://www.linkedin.com/company/91593635,New,Review website and validate opportunity,
UPLIFT360 EUROPE S.A.R.L.,Luxembourg,D,,À vérifier,To enrich,Qualifier l'activité avant tout pitch ciblé.,To enrich,To enrich,https://www.uplift360.tech/,,New,No immediate action,
"URC Systems, spol. s r.o.",République tchèque,A,77.0,Acheteur potentiel,Engines / propulsion,"Capteurs, payloads optroniques, communications pour plateformes ISR.","ISR platforms aggregate sensors, comms and AI. Map URC Systems, spol. s r.o.'s integration partners.","Hi — I noticed URC Systems, spol.",https://www.urc-systems.cz/en/,,New,Contact sales team and qualify need,
UROVESA URO VEHICULOS ESPECIALES SA,Espagne,D,,À vérifier,To enrich,Qualifier l'activité avant tout pitch ciblé.,To enrich,To enrich,http://www.urovesa.com/,,New,No immediate action,
UTAC,France,A,78.0,Acheteur potentiel,Engines / propulsion,"Capteurs, payloads optroniques, communications pour plateformes ISR.","ISR platforms aggregate sensors, comms and AI. Map UTAC's integration partners.","Hi — I noticed UTAC builds Vehicles, Communications networks (+5) for Intelligence / ISR.",http://www.utac.com/,https://www.linkedin.com/company/utaccompany/mycompany/,New,Contact sales team and qualify need,
UTILIS SAS,France,D,,À vérifier,To enrich,Qualifier l'activité avant tout pitch ciblé.,To enrich,To enrich,http://www.utilis-international.com/,,New,No immediate action,
UTM LTD,Royaume-Uni,A,81.0,Acheteur potentiel,Composite materials,"Textiles, composites, optronique, énergie pour kits soldat.","Soldier system vendors source textiles, composites, optronics and energy. Lead with NATO / military pedigree.","Hi — I noticed UTM LTD builds Soldier equipment, Weapons (+7) for Soldier systems.",https://www.utmworldwide.com/,,New,Contact sales team and qualify need,
UTS Systems,États-Unis,D,,À vérifier,To enrich,Qualifier l'activité avant tout pitch ciblé.,To enrich,To enrich,https://www.uts-systems.com/,,New,No immediate action,
UXV TECHNOLOGIES APS,Danemark,D,,À vérifier,To enrich,Qualifier l'activité avant tout pitch ciblé.,To enrich,To enrich,https://www.uxvtechnologies.com/,,New,No immediate action,
V.S.E. Vehicle Systems Engineering,Pays-Bas,A,79.0,Acheteur potentiel,Engines / propulsion,"Front-ends RF, processeurs, mécanique de précision pour fabricants radars.","Radar / sensor lines need specialised electronics, signal processing chips and composite housings. Talk to chief engineer.",Hi — I noticed V.S.E.,http://www.v-s-e.com/,https://www.linkedin.com/company/v-s-e-vehicle-systems-engineering-b-v-/,New,Contact sales team and qualify need,
VALLON GMBH,Allemagne,D,,À vérifier,To enrich,Qualifier l'activité avant tout pitch ciblé.,To enrich,To enrich,http://www.vallon.de/,,New,No immediate action,
VAN HALTEREN TECHNOLOGIES,Pays-Bas,B,71.0,Acheteur potentiel,Engines / propulsion,"Moteurs, composites, plaques balistiques, optronique, comms pour OEM blindés.","Armored vehicle OEMs buy engines, composites, ballistic plates, optronics, comms and specialised mechanics in volume.","Hi — I noticed VAN HALTEREN TECHNOLOGIES builds Vehicles, Ammunition (+6) for Armored vehicles.",http://www.vanhalteren.com/,https://www.linkedin.com/company/van-halteren-technologies/,New,Review website and validate opportunity,
VÅPENSMIA,Norvège,D,,À vérifier,To enrich,Qualifier l'activité avant tout pitch ciblé.,To enrich,To enrich,http://vapensmia.no/,,New,No immediate action,
Variene AI,Grèce,B,67.5,Acheteur potentiel,Engines / propulsion,"Capteurs, payloads optroniques, communications pour plateformes ISR.","ISR platforms aggregate sensors, comms and AI. Map Variene AI's integration partners.","Hi — I noticed Variene AI builds Vehicles, UAV / drones (+7) for Intelligence / ISR.",https://variene.ai/,,New,Review website and validate opportunity,
Vatn Systems,États-Unis,B,67.5,Acheteur potentiel,Engines / propulsion,"Capteurs, payloads optroniques, communications pour plateformes ISR.","ISR platforms aggregate sensors, comms and AI. Map Vatn Systems's integration partners.","Hi — I noticed Vatn Systems builds Vehicles, Sensors (+6) for Intelligence / ISR.",http://www.vatnsystems.com/,,New,Review website and validate opportunity,
VBI - INSPIRE PROTECTION,France,D,,À vérifier,To enrich,Qualifier l'activité avant tout pitch ciblé.,To enrich,To enrich,https://www.inspire-protection.fr/,,New,No immediate action,
VectorNav Technologies,États-Unis,B,65.0,Acheteur potentiel,Engines / propulsion,"Composites, capteurs, comms, lancement pour primes spatiaux.","Space primes source composites, sensors, comms and launch services.","Hi — I noticed VectorNav Technologies builds Vehicles, Sensors (+8) for Space / satellite.",https://vectornav.com/,https://www.linkedin.com/company/vectornav-technologies,New,Review website and validate opportunity,
VEER-O-METALS PRIVATE LIMITED,Inde,D,,À vérifier,To enrich,Qualifier l'activité avant tout pitch ciblé.,To enrich,To enrich,https://www.veerometals.com/,,New,No immediate action,
VEGA HOLSTER SRL,Italie,A,80.0,Distributeur potentiel,Electronic components,Canal de distribution / représentation pour notre portefeuille.,Optronics export is controlled — confirm regulation posture before pitching.,Hi — we're scouting an exclusive distributor for NATO (+3).,http://www.vegaholster.com/,,New,Contact sales team and qualify need,
VEGVISIR,Estonie,B,70.5,Acheteur potentiel,Engines / propulsion,"Capteurs, payloads optroniques, communications pour plateformes ISR.","ISR platforms aggregate sensors, comms and AI. Map VEGVISIR's integration partners.","Hi — I noticed VEGVISIR builds Vehicles, UAV / drones (+9) for Intelligence / ISR.",http://www.vegvisir.ee/,https://www.linkedin.com/company/vegvisirar/,New,Review website and validate opportunity,
Vello Elektro,Pays-Bas,C,58.6,Acheteur potentiel,"Materials (Li-ion, electrolytes)","Vend des sous-systèmes / composants à un OEM construisant Energy / batteries, Vehicles.",Vello Elektro resells defense kit — they need new vendors with export-friendly licences.,"Hi — Vello Elektro ships Energy / batteries, Vehicles (+1) to defense customers.",https://www.vello.nl/,https://www.linkedin.com/company/42420996/,New,Keep in watchlist,
VENTURETEC ROTATING SYSTEMS GMBH,Allemagne,A,76.0,Acheteur potentiel,Engines / propulsion,"Capteurs, payloads optroniques, communications pour plateformes ISR.","ISR platforms aggregate sensors, comms and AI. Map VENTURETEC ROTATING SYSTEMS GMBH's integration partners.","Hi — I noticed VENTURETEC ROTATING SYSTEMS GMBH builds Vehicles, UAV / drones (+11) for Intelligence / ISR.",http://venturetec.de/defense,https://de.linkedin.com/company/venturetec-rotating-systems-gmbh,New,Contact sales team and qualify need,
Veptos,États-Unis,B,69.5,Acheteur potentiel,Engines / propulsion,"Fournisseur de batteries, moteurs, optronique, RF, composites pour fabricants UAV.","UAV builds need batteries, motors, optronics, RF links and composites. Map their bill of materials with the supply chain lead.","Hi — I noticed Veptos builds Vehicles, UAV / drones (+2) for UAV / drones.",http://www.veptos.com/,,New,Review website and validate opportunity,
Vericut,France,B,65.0,Acheteur potentiel,Cloud / data services,Activité à qualifier — discovery call avant pitch précis.,Public data is thin — qualify the activity before pitching supply.,"Hi — I noticed Vericut builds Software / Platforms, Robotics / UGV (+1) for Other.",http://vericut.fr/,,New,Review website and validate opportunity,
VEROT,Espagne,D,,À vérifier,To enrich,Qualifier l'activité avant tout pitch ciblé.,To enrich,To enrich,https://www.verot.com/,,New,No immediate action,
VEX Hungarian Defense and Space Export Agency,Hongrie,D,27.1,À vérifier,Industrial subcontracting / machining,Qualifier l'activité avant tout pitch ciblé.,"Public sources too thin — discovery call first, focused pitch second.",Hi — I noticed VEX Hungarian Defense and Space Export Agency at Eurosatory.,http://www.vexhungary.com/,https://www.linkedin.com/company/vex-hungary/,New,No immediate action,
VF VENIERI SPA,Italie,B,71.5,Acheteur potentiel,Mechanical parts,"Radars, sonars, comms, armement, sustainment pour primes navals.","Naval primes buy radars, sonars, comms, weapons and sustainment in long cycles.","Hi — I noticed VF VENIERI SPA builds Logistics equipment, Communications networks (+3) for Naval defense.",http://www.vf-venieri.com/,https://www.linkedin.com/company/vf-venieri-spa,New,Review website and validate opportunity,
V-great International Limited,Chine,D,,À vérifier,To enrich,Qualifier l'activité avant tout pitch ciblé.,To enrich,To enrich,http://www.v-great.com/,,New,No immediate action,
VIC TEC,Lettonie,D,,À vérifier,To enrich,Qualifier l'activité avant tout pitch ciblé.,To enrich,To enrich,,,New,No immediate action,
VICTORINOX,Suisse,A,75.1,Distributeur potentiel,RF / microwave components,Canal de distribution / représentation pour notre portefeuille.,C4ISR resale needs deep technical pre-sales — qualify before pitching.,Hi — we're scouting an exclusive distributor for France (+2).,http://www.victorinox.com/,,New,Contact sales team and qualify need,
Viking Lighting - INGENJÖRSFIRMA TEKNOPROD AKTIEBOLAG,Suède,A,77.5,Acheteur potentiel,Electronic components,"Front-ends RF, processeurs, mécanique de précision pour fabricants radars.","Radar / sensor lines need specialised electronics, signal processing chips and composite housings. Talk to chief engineer.","Hi — I noticed Viking Lighting - INGENJÖRSFIRMA TEKNOPROD AKTIEBOLAG builds Sensors, Logistics equipment (+3) for Radar / sensors.",http://www.vikinglighting.com/,,New,Contact sales team and qualify need,
VINCORION,Allemagne,A,76.0,Acheteur potentiel,Engines / propulsion,"Threat intel, hardware appliances, cloud souverain, audits.","Cyber-defense vendors source threat intel feeds, hardware appliances, cloud and certification services. Procurement / CISO are entry points.","Hi — I noticed VINCORION builds Vehicles, Logistics equipment (+3) for Cybersecurity.",https://www.vincorion.com/,https://www.linkedin.com/company/vincorion/,New,Contact sales team and qualify need,
VIPULSE TEKNOLOJI A.Ş.,Turquie,B,73.0,Acheteur potentiel,Energy / batteries,"Radars, sonars, comms, armement, sustainment pour primes navals.","Naval primes buy radars, sonars, comms, weapons and sustainment in long cycles.",Hi — I noticed VIPULSE TEKNOLOJI A.Ş.,http://www.vipulsetech.com/,https://linkedin.com/company/vipulse-kft,New,Review website and validate opportunity,
VIRGINIA ECONOMIC DEVELOPMENT PARTNERSHIP,États-Unis,D,16.6,À vérifier,Industrial subcontracting / machining,Qualifier l'activité avant tout pitch ciblé.,"Public sources too thin — discovery call first, focused pitch second.",Hi — I noticed VIRGINIA ECONOMIC DEVELOPMENT PARTNERSHIP at Eurosatory.,http://www.vedp.org/industry/aerospace,,New,No immediate action,
VIRTUAL REALITY MEDIA,Slovaquie,A,80.5,Acheteur potentiel,Engines / propulsion,"Capteurs, payloads optroniques, communications pour plateformes ISR.","ISR platforms aggregate sensors, comms and AI. Map VIRTUAL REALITY MEDIA's integration partners.","Hi — I noticed VIRTUAL REALITY MEDIA builds Vehicles, UAV / drones (+8) for Intelligence / ISR.",http://www.vrm.sk/,,New,Contact sales team and qualify need,
VIRTUALWARE,Espagne,A,78.0,Acheteur potentiel,Cloud / data services,"Threat intel, hardware appliances, cloud souverain, audits.","Cyber-defense vendors source threat intel feeds, hardware appliances, cloud and certification services. Procurement / CISO are entry points.","Hi — I noticed VIRTUALWARE builds Software / Platforms, Simulators / Training (+2) for Cybersecurity.",https://www.virtualwareco.com/,,New,Contact sales team and qualify need,
VISION ENGINEERING LTD,France,A,75.0,Acheteur potentiel,Industrial subcontracting / machining,"Visuel, motion, haptique, IA pour fabricants de simulateurs.",Simulator builders source visual / motion / haptics hardware and AI components. Engineering is the buyer.,"Hi — I noticed VISION ENGINEERING LTD builds Electronic components, Simulators / Training (+2) for Simulation / training.",https://visioneng.fr/,https://www.linkedin.com/company/vision-engineering-france/?viewAsMember=true,New,Contact sales team and qualify need,
VITABRI,France,D,,À vérifier,To enrich,Qualifier l'activité avant tout pitch ciblé.,To enrich,To enrich,http://www.vitabri.com/,https://fr.linkedin.com/company/vitabri,New,No immediate action,
VITEC,France,A,80.0,Acheteur potentiel,Cloud / data services,"Vend des sous-systèmes / composants à un OEM construisant Software / Platforms, Logistics equipment.",VITEC's ISR offer needs sensor primes and data-fusion suppliers. Engineering / programme is the buyer.,"Hi — VITEC ships Software / Platforms, Logistics equipment (+6) to Land forces, Air forces (+2).",http://www.vitec.com/,https://www.linkedin.com/company/vitec-multimedia/,New,Contact sales team and qualify need,
VITZROCELL,Corée du Sud,D,,À vérifier,To enrich,Qualifier l'activité avant tout pitch ciblé.,To enrich,To enrich,https://www.vitzrocell.com/,,New,No immediate action,
VIZGARD LTD,Royaume-Uni,D,,À vérifier,To enrich,Qualifier l'activité avant tout pitch ciblé.,To enrich,To enrich,,,New,No immediate action,
VLM Robotics,France,B,67.5,Acheteur potentiel,Mechanical parts,"GPUs, cloud, data annotation, hardening cyber pour plateforme IA.","AI platforms consume GPUs, cloud, data annotation services and cybersecurity hardening. Talk to CTO / head of platform.","Hi — I noticed VLM Robotics builds Logistics equipment, Robotics / UGV (+3) for AI / data.",https://www.vlm-robotics.fr/,,New,Review website and validate opportunity,
"VMV, spol. s r. o.",République tchèque,B,64.0,Acheteur potentiel,Cloud / data services,"Composants, sous-systèmes, software, services pour primes C4ISR.",C4ISR primes integrate hundreds of components — the sourcing surface is huge. Procurement / supply chain is the entry point.,"Hi — I noticed VMV, spol.",http://www.vmv.cz/en/,https://www.linkedin.com/company/vmv-spol.-s-r.-o./,New,Review website and validate opportunity,
VODEA,France,A,76.0,Acheteur potentiel,Energy / batteries,"Capteurs, payloads optroniques, communications pour plateformes ISR.","ISR platforms aggregate sensors, comms and AI. Map VODEA's integration partners.","Hi — I noticed VODEA builds UAV / drones, Sensors (+3) for Intelligence / ISR.",http://www.vodea.com/,https://www.linkedin.com/company/vodea,New,Contact sales team and qualify need,
Volkswagen Commercial Vehicles,France,D,,À vérifier,To enrich,Qualifier l'activité avant tout pitch ciblé.,To enrich,To enrich,http://www.vwvu.fr/,https://www.linkedin.com/company/volkswagen-v%C3%A9hicules-utilitaires/?viewAsMember=true,New,No immediate action,
VOLT TECH,Turquie,D,,À vérifier,To enrich,Qualifier l'activité avant tout pitch ciblé.,To enrich,To enrich,https://voltteknoloji.com.tr/,,New,No immediate action,
VOLUM-E,France,B,66.0,Acheteur potentiel,Mechanical parts,"Composites, capteurs, comms, lancement pour primes spatiaux.","Space primes source composites, sensors, comms and launch services.","Hi — I noticed VOLUM-E builds Logistics equipment, Mechanical parts for Space / satellite.",http://www.volum-e.com/,https://www.linkedin.com/company/mmbvolum-e/,New,Review website and validate opportunity,
VOLVO DEFENSE AB,Suède,D,,À vérifier,To enrich,Qualifier l'activité avant tout pitch ciblé.,To enrich,To enrich,http://www.volvodefense.com/,,New,No immediate action,
VR CARS,Lettonie,D,,À vérifier,To enrich,Qualifier l'activité avant tout pitch ciblé.,To enrich,To enrich,https://www.vrcars.eu/,,New,No immediate action,
VR FLEETCARE,Finlande,B,61.0,Acheteur potentiel,RF / microwave components,"Moteurs, composites, plaques balistiques, optronique, comms pour OEM blindés.","Armored vehicle OEMs buy engines, composites, ballistic plates, optronics, comms and specialised mechanics in volume.","Hi — I noticed VR FLEETCARE builds Communications networks, Vehicles (+2) for Armored vehicles.",https://www.vrfleetcare.com/en/,,New,Review website and validate opportunity,
VTT Technical Research Centre of Finland Ltd,Finlande,B,72.5,Acheteur potentiel,Engines / propulsion,"Capteurs, payloads optroniques, communications pour plateformes ISR.","ISR platforms aggregate sensors, comms and AI. Map VTT Technical Research Centre of Finland Ltd's integration partners.","Hi — I noticed VTT Technical Research Centre of Finland Ltd builds Vehicles, UAV / drones (+10) for Intelligence / ISR.",http://www.vttresearch.com/en,https://fi.linkedin.com/company/vtt,New,Review website and validate opportunity,
VZDUCHOTECHNIK S.R.O.,République tchèque,B,68.0,Acheteur potentiel,Mechanical parts,"Vend des sous-systèmes / composants à un OEM construisant Logistics equipment, Ammunition.",VZDUCHOTECHNIK S.R.O. buys raw materials and machining — long lead times. Procurement is the buyer.,Hi — VZDUCHOTECHNIK S.R.O.,http://www.firbach.com/,,New,Review website and validate opportunity,
W&E PLATT PTY LTD,Australie,D,,À vérifier,To enrich,Qualifier l'activité avant tout pitch ciblé.,To enrich,To enrich,https://www.plattmounts.com/,,New,No immediate action,
W. L. Gore & Associes S.A.R.L.,France,D,,À vérifier,To enrich,Qualifier l'activité avant tout pitch ciblé.,To enrich,To enrich,http://www.gore.com/,https://www.linkedin.com/company/gore-aerospace-defense-products,New,No immediate action,
W5 Solutions,Suède,B,71.0,Acheteur potentiel,Software,"Front-ends RF, processeurs, mécanique de précision pour fabricants radars.","Radar / sensor lines need specialised electronics, signal processing chips and composite housings. Talk to chief engineer.","Hi — I noticed W5 Solutions builds Simulators / Training, Energy / batteries (+3) for Radar / sensors.",http://w5solutions.com/,https://linkedin.com/company/w5-solution-ab/,New,Review website and validate opportunity,
Walaris GmbH,Allemagne,B,68.0,Acheteur potentiel,Energy / batteries,"Fournisseur de RF, radars, optronique et embarqués pour stacks anti-drone.","Their counter-UAV stack relies on RF, radar, optronics and embedded systems — exactly what we supply. Talk to procurement / chief engineer.","Hi — I noticed Walaris GmbH builds UAV / drones, Sensors (+4) for Counter-UAV.",http://www.walaris.com/,,New,Review website and validate opportunity,
WALTER FRANCE,France,D,33.0,Acheteur potentiel,Mechanical parts,Activité à qualifier — discovery call avant pitch précis.,Public data is thin — qualify the activity before pitching supply.,"Hi — I noticed WALTER FRANCE builds Logistics equipment, Mechanical parts for Other.",http://www.walter-tools.com/fr-fr?utm_source=Exhibition&utm_medium=referal&utm_campaign=2026-WFR-walter-eurosatory-website,https://www.linkedin.com/company/waltertools,New,No immediate action,
WarBird Protection Group,États-Unis,B,69.5,Acheteur potentiel,Composite materials,"Vend des sous-systèmes / composants à un OEM construisant Ballistic protection, Logistics equipment.",WarBird Protection Group sells to forces — they need certified materials and ergonomic sub-systems.,"Hi — WarBird Protection Group ships Ballistic protection, Logistics equipment (+4) to Navy, Police / law enforcement.",http://www.warbirdpro.com/,,New,Review website and validate opportunity,
WARIN,Émirats arabes unis,B,68.0,Acheteur potentiel,Energetic materials,"Fournisseur de batteries, moteurs, optronique, RF, composites pour fabricants UAV.","UAV builds need batteries, motors, optronics, RF links and composites. Map their bill of materials with the supply chain lead.","Hi — I noticed WARIN builds Ammunition, Logistics equipment (+2) for UAV / drones.",http://www.warindt.com/,,New,Review website and validate opportunity,
WARYME,France,D,,À vérifier,To enrich,Qualifier l'activité avant tout pitch ciblé.,To enrich,To enrich,http://www.waryme.com/,https://www.linkedin.com/company/waryme,New,No immediate action,
WAVELENGTH OPTO-ELECTRONIC (S) PTE. LTD.,Singapour,A,81.0,Acheteur potentiel,Engines / propulsion,"Fournisseur de batteries, moteurs, optronique, RF, composites pour fabricants UAV.","UAV builds need batteries, motors, optronics, RF links and composites. Map their bill of materials with the supply chain lead.",Hi — I noticed WAVELENGTH OPTO-ELECTRONIC (S) PTE.,http://www.wavelength-oe.com/,https://www.linkedin.com/company/woe-sg/,New,Contact sales team and qualify need,
Wayren,Estonie,B,67.5,Acheteur potentiel,Cloud / data services,"Vend des sous-systèmes / composants à un OEM construisant Software / Platforms, Communications networks.","Wayren pitches end-to-end C4ISR; they need sub-systems, software components and compliance services.","Hi — Wayren ships Software / Platforms, Communications networks (+2) to Critical infrastructure.",https://wayren.ee/,,New,Review website and validate opportunity,
WB GROUP,Pologne,D,,À vérifier,To enrich,Qualifier l'activité avant tout pitch ciblé.,To enrich,To enrich,http://www.wbgroup.pl/,,New,No immediate action,
WEARIN',Suisse,A,76.5,Acheteur potentiel,Electronic components,"Threat intel, hardware appliances, cloud souverain, audits.","Cyber-defense vendors source threat intel feeds, hardware appliances, cloud and certification services. Procurement / CISO are entry points.","Hi — I noticed WEARIN' builds Sensors, Vehicles (+2) for Cybersecurity.",http://wearin.tech/,https://ch.linkedin.com/company/wearin,New,Contact sales team and qualify need,
WEARTRONIC by Nicomatic,France,D,,À vérifier,To enrich,Qualifier l'activité avant tout pitch ciblé.,To enrich,To enrich,https://www.weartronic.com/,,New,No immediate action,
Webasto,Allemagne,A,76.0,Acheteur potentiel,Engines / propulsion,"Vend des sous-systèmes / composants à un OEM construisant Vehicles, Energy / batteries.",Webasto resells defense kit — they need new vendors with export-friendly licences.,"Hi — Webasto ships Vehicles, Energy / batteries (+2) to defense customers.",http://www.webasto.com/,https://www.linkedin.com/company/webasto,New,Contact sales team and qualify need,
WEBER RESCUE SYSTEMS,Allemagne,D,19.6,À vérifier,Industrial subcontracting / machining,Qualifier l'activité avant tout pitch ciblé.,"Public sources too thin — discovery call first, focused pitch second.",Hi — I noticed WEBER RESCUE SYSTEMS at Eurosatory.,http://www.weber-rescue.com/,https://www.linkedin.com/showcase/weberrescue/,New,No immediate action,
WEGSol ApS,Danemark,D,,À vérifier,To enrich,Qualifier l'activité avant tout pitch ciblé.,To enrich,To enrich,,,New,No immediate action,
WEIBEL SCIENTIFIC A/S,Danemark,B,65.5,Acheteur potentiel,Energy / batteries,"Radars, missiles, comms, électroniques pour systèmes anti-aériens.","Air defense systems buy radars, missile components, comms and electronics.","Hi — I noticed WEIBEL SCIENTIFIC A/S builds UAV / drones, Counter-UAV systems (+6) for Air defense.",http://www.weibel.dk/,,New,Review website and validate opportunity,
WEICON,Allemagne,C,43.4,Acheteur potentiel,Mechanical parts,Vend des sous-systèmes / composants à un OEM construisant Logistics equipment.,WEICON sells naval kit — long sales cycle. Programme office is the buyer.,Hi — WEICON ships Logistics equipment to defense customers.,https://www.weicon.de/,,New,Keep in watchlist,
WEILBURGER Coatings GmbH,Allemagne,C,44.4,Acheteur potentiel,Cloud / data services,Vend des sous-systèmes / composants à un OEM construisant Software / Platforms.,Qualify the activity before pitching.,Hi — WEILBURGER Coatings GmbH ships Software / Platforms to defense customers.,https://www.weilburger.com/,www.linkedin.com/company/weilburger,New,Keep in watchlist,
Weiss Technik GmbH,Allemagne,C,57.9,Acheteur potentiel,Mechanical parts,Vend des sous-systèmes / composants à un OEM construisant Logistics equipment.,"Weiss Technik GmbH builds simulators — they need content, AI and hardware suppliers.",Hi — Weiss Technik GmbH ships Logistics equipment to defense customers.,http://www.weissdefence.com/en,https://de.linkedin.com/company/weisstechnik-international,New,Keep in watchlist,
WELDALOY PRODUCTS CO.,États-Unis,D,,À vérifier,To enrich,Qualifier l'activité avant tout pitch ciblé.,To enrich,To enrich,http://www.weldaloy.com/,,New,No immediate action,
WELKIT,France,D,,À vérifier,To enrich,Qualifier l'activité avant tout pitch ciblé.,To enrich,To enrich,http://welkit.com/,https://www.linkedin.com/company/welkit/,New,No immediate action,
WELP HOLDING GMBH,Allemagne,B,70.5,Acheteur potentiel,Engines / propulsion,"Fournisseur de RF, radars, optronique et embarqués pour stacks anti-drone.","Their counter-UAV stack relies on RF, radar, optronics and embedded systems — exactly what we supply. Talk to procurement / chief engineer.","Hi — I noticed WELP HOLDING GMBH builds Vehicles, UAV / drones (+2) for Counter-UAV.",http://www.welp-group.com/,https://www.linkedin.com/company/80490648/a,New,Review website and validate opportunity,
WEO Corporation Pte Ltd,Singapour,D,,À vérifier,To enrich,Qualifier l'activité avant tout pitch ciblé.,To enrich,To enrich,https://www.weocorp.com/,,New,No immediate action,
WESCOM DEFENCE,Royaume-Uni,A,76.5,Acheteur potentiel,Engines / propulsion,"Capteurs, payloads optroniques, communications pour plateformes ISR.","ISR platforms aggregate sensors, comms and AI. Map WESCOM DEFENCE's integration partners.","Hi — I noticed WESCOM DEFENCE builds Vehicles, UAV / drones (+7) for Intelligence / ISR.",http://www.wescomdefence.com/,https://www.linkedin.com/company/wescomgroup,New,Contact sales team and qualify need,
WEST ELETTRIC SRL,Italie,D,24.1,À vérifier,Industrial subcontracting / machining,Qualifier l'activité avant tout pitch ciblé.,"Public sources too thin — discovery call first, focused pitch second.",Hi — I noticed WEST ELETTRIC SRL at Eurosatory.,https://www.westelettric.com/,https://www.linkedin.com/company/24641741,New,No immediate action,
WF Maschinenbau,Allemagne,C,40.9,Acheteur potentiel,Mechanical parts,"Vend des sous-systèmes / composants à un OEM construisant Logistics equipment, Engines / propulsion.",Qualify the activity before pitching.,"Hi — WF Maschinenbau ships Logistics equipment, Engines / propulsion (+1) to defense customers.",https://www.wf-maschinenbau.com/,,New,Keep in watchlist,
WFL MILLTURN TECHNOLOGIES GMBH & CO. KG,Autriche,C,56.9,Acheteur potentiel,Cloud / data services,"Vend des sous-systèmes / composants à un OEM construisant Software / Platforms, Robotics / UGV.","WFL MILLTURN TECHNOLOGIES GMBH & CO. KG builds simulators — they need content, AI and hardware suppliers.",Hi — WFL MILLTURN TECHNOLOGIES GMBH & CO.,http://www.wfl.at/,,New,Keep in watchlist,
"WidePlus International Co,. Ltd.",Taïwan,C,45.4,Acheteur potentiel,Mechanical parts,Vend des sous-systèmes / composants à un OEM construisant Logistics equipment.,"WidePlus International Co,. Ltd. sells to police / border — they need fast-deployable kits and certified comms.","Hi — WidePlus International Co,.",http://wideplustex.com/,https://www.linkedin.com/company/103684014/admin/page-posts/published/,New,Keep in watchlist,
Wieland Austria,Autriche,A,80.0,Acheteur potentiel,Cloud / data services,"Front-ends RF, processeurs, mécanique de précision pour fabricants radars.","Radar / sensor lines need specialised electronics, signal processing chips and composite housings. Talk to chief engineer.","Hi — I noticed Wieland Austria builds Software / Platforms, Engines / propulsion (+7) for Radar / sensors.",http://www.wieland.com/de/wieland-austria,https://www.linkedin.com/company/wielandgroup/?originalSubdomain=de,New,Contact sales team and qualify need,
Wihuri Aviation AB,Suède,D,,À vérifier,To enrich,Qualifier l'activité avant tout pitch ciblé.,To enrich,To enrich,,,New,No immediate action,
WILD GMBH,Autriche,C,59.8,Acheteur potentiel,Industrial subcontracting / machining,"Pièces de rechange, calibration, certification pour acteurs MRO.","MRO providers source spare parts, calibration tools and certification services. Procurement is the buyer.","Hi — I noticed WILD GMBH builds Electronic components, Software / Platforms (+2) for Logistics / MRO.",http://www.wild.at/,https://www.linkedin.com/company/wild-gruppe,New,Keep in watchlist,
WILDSTEER,France,D,,À vérifier,To enrich,Qualifier l'activité avant tout pitch ciblé.,To enrich,To enrich,http://www.wildsteer.com/,,New,No immediate action,
Wiley X,Danemark,B,72.9,Distributeur potentiel,Electronic components,Canal de distribution / représentation pour notre portefeuille.,Optronics export is controlled — confirm regulation posture before pitching.,Hi — we're scouting an exclusive distributor for France (+4).,https://www.wileyx.eu/,https://www.linkedin.com/company/wiley-x-emea-llc/mycompany/verification/,New,Review website and validate opportunity,
WILL-BURT,États-Unis,D,,À vérifier,To enrich,Qualifier l'activité avant tout pitch ciblé.,To enrich,To enrich,http://www.willburt.com/,,New,No immediate action,
WILLIAMSON ELECTRONIQUE,France,D,,À vérifier,To enrich,Qualifier l'activité avant tout pitch ciblé.,To enrich,To enrich,,,New,No immediate action,
"WINCHES, CAPSTANS AND WINCH SYSTEMS",Allemagne,B,69.1,Acheteur potentiel,Engines / propulsion,"Vend des sous-systèmes / composants à un OEM construisant Vehicles, Logistics equipment.","WINCHES, CAPSTANS AND WINCH SYSTEMS sells naval kit — long sales cycle. Programme office is the buyer.","Hi — WINCHES, CAPSTANS AND WINCH SYSTEMS ships Vehicles, Logistics equipment (+2) to defense customers.",http://www.rotzler.com/,https://www.linkedin.com/company/rotzler-group,New,Review website and validate opportunity,
Winchester Ammunition,États-Unis,B,74.0,Distributeur potentiel,Energetic materials,Canal de distribution / représentation pour notre portefeuille.,Weapons distribution is heavily licensed — confirm legal posture before pitching.,Hi — we're scouting an exclusive distributor for NATO (+1).,http://winchestermilitary.com/,,New,Review website and validate opportunity,
Windracers,Royaume-Uni,B,68.0,Acheteur potentiel,Energy / batteries,"Capteurs, payloads optroniques, communications pour plateformes ISR.","ISR platforms aggregate sensors, comms and AI. Map Windracers's integration partners.","Hi — I noticed Windracers builds UAV / drones, Software / Platforms (+6) for Intelligence / ISR.",http://www.windracers.com/,https://www.linkedin.com/company/windracers,New,Review website and validate opportunity,
Winkelmann MSR Technology,Allemagne,D,,À vérifier,To enrich,Qualifier l'activité avant tout pitch ciblé.,To enrich,To enrich,https://www.winkelmann-flowforming.com/,,New,No immediate action,
Winse Power,Finlande,C,51.6,Acheteur potentiel,Electronic components,"Verre spécial, détecteurs, mécanique de précision pour optronique.","Optronics suppliers buy specialty glass, detectors and precision mechanics. Talk to procurement and engineering.","Hi — I noticed Winse Power builds Optronics / Optics, Electronic components (+1) for Optics / optronics.",https://winsepower.com/,,New,Keep in watchlist,
WireTech,Kazakhstan,D,35.8,Acheteur potentiel,Engines / propulsion,Vend des sous-systèmes / composants à un OEM construisant Vehicles.,Qualify the activity before pitching.,Hi — WireTech ships Vehicles to defense customers.,http://www.wiretech.kz/,,New,No immediate action,
WIRETRONIC AB,Suède,D,,À vérifier,To enrich,Qualifier l'activité avant tout pitch ciblé.,To enrich,To enrich,,,New,No immediate action,
WISELED APS,Danemark,D,,À vérifier,To enrich,Qualifier l'activité avant tout pitch ciblé.,To enrich,To enrich,http://www.wiseled.com/,,New,No immediate action,
Witzig & Frank / Pfiffner,Allemagne,D,35.9,Acheteur potentiel,Cloud / data services,Vend des sous-systèmes / composants à un OEM construisant Software / Platforms.,Qualify the activity before pitching.,Hi — Witzig & Frank / Pfiffner ships Software / Platforms to defense customers.,https://www.ffg-ea.com/,,New,No immediate action,
Wolf Advanced Technology,Canada,B,65.1,Acheteur potentiel,Electronic components,"Matières premières, outils coupants, services qualité pour sous-traitants.","Sub-contractors buy raw materials, cutting tools and quality services.","Hi — I noticed Wolf Advanced Technology builds Embedded systems, Electronic components (+1) for Industrial subcontracting.",http://wolf.ca/,https://www.linkedin.com/company/wolf-at/,New,Review website and validate opportunity,
Work-Out,Belgique,B,71.0,Acheteur potentiel,Mechanical parts,"Textiles, composites, optronique, énergie pour kits soldat.","Soldier system vendors source textiles, composites, optronics and energy. Lead with NATO / military pedigree.","Hi — I noticed Work-Out builds Logistics equipment, Energy / batteries (+2) for Soldier systems.",https://www.workout.sport/,https://www.linkedin.com/company/workoutsport/,New,Review website and validate opportunity,
Workswell s.r.o.,République tchèque,A,75.0,Acheteur potentiel,Engines / propulsion,"Fournisseur de batteries, moteurs, optronique, RF, composites pour fabricants UAV.","UAV builds need batteries, motors, optronics, RF links and composites. Map their bill of materials with the supply chain lead.",Hi — I noticed Workswell s.r.o.,https://www.workswell.eu/,,New,Contact sales team and qualify need,
World Defense Show,Arabie saoudite,D,5.0,À vérifier,To enrich,Qualifier l'activité avant tout pitch ciblé.,"Public sources too thin — discovery call first, focused pitch second.",Hi — I noticed World Defense Show at Eurosatory.,https://www.worlddefnseshow.com/,https://www.linkedin.com/company/worlddefenseshow,New,No immediate action,
World Fuel,États-Unis,B,68.0,Acheteur potentiel,Engines / propulsion,"Moteurs, composites, plaques balistiques, optronique, comms pour OEM blindés.","Armored vehicle OEMs buy engines, composites, ballistic plates, optronics, comms and specialised mechanics in volume.","Hi — I noticed World Fuel builds Vehicles, Engines / propulsion (+2) for Armored vehicles.",http://world-fuel.com/government,,New,Review website and validate opportunity,
WWW.KRYPTUS.COM.BR,Brésil,D,,À vérifier,To enrich,Qualifier l'activité avant tout pitch ciblé.,To enrich,To enrich,https://kryptus.com/,,New,No immediate action,
"X-BEAM TECH CO.,LTD",Corée du Sud,B,66.0,Acheteur potentiel,Electronic components,"Radars, sonars, comms, armement, sustainment pour primes navals.","Naval primes buy radars, sonars, comms, weapons and sustainment in long cycles.","Hi — I noticed X-BEAM TECH CO.,LTD builds Optronics / Optics, Logistics equipment (+8) for Naval defense.",http://www.xbeamtech.co.kr/,https://www.linkedin.com/company/xbeamtech/posts/?feedView=all,New,Review website and validate opportunity,
XMOBOTS AEROESPACIAL E DEFESA,Brésil,D,,À vérifier,To enrich,Qualifier l'activité avant tout pitch ciblé.,To enrich,To enrich,http://www.xmobots.com/,,New,No immediate action,
XR COMMAND,Autriche,D,27.6,À vérifier,Industrial subcontracting / machining,Qualifier l'activité avant tout pitch ciblé.,"Public sources too thin — discovery call first, focused pitch second.",Hi — I noticed XR COMMAND at Eurosatory.,http://xr-command.at/,https://www.linkedin.com/showcase/xr-command/,New,No immediate action,
XR Training (XRT),États-Unis,B,71.0,Acheteur potentiel,Engines / propulsion,"Radars, sonars, comms, armement, sustainment pour primes navals.","Naval primes buy radars, sonars, comms, weapons and sustainment in long cycles.","Hi — I noticed XR Training (XRT) builds Vehicles, Software / Platforms (+5) for Naval defense.",http://www.xrt.io/,https://www.linkedin.com/company/xr-training-us/,New,Review website and validate opportunity,
XUBI GROUP,Espagne,D,,À vérifier,To enrich,Qualifier l'activité avant tout pitch ciblé.,To enrich,To enrich,http://www.xubi.com/,,New,No immediate action,
YAKUPOGLU TEKSTIL VE DERI SANAYI TICARET A.S.,Turquie,B,64.4,Acheteur potentiel,Electronic components,Vend des sous-systèmes / composants à un OEM construisant Optronics / Optics.,"YAKUPOGLU TEKSTIL VE DERI SANAYI TICARET A.S. sells optronics, they need detector and electronics suppliers. Lead with quality data.",Hi — YAKUPOGLU TEKSTIL VE DERI SANAYI TICARET A.S.,https://www.ydsgroup.com.tr/,www.linkedin.com/company/yakupo-lu-deri-sanayi,New,Review website and validate opportunity,
YEONHAB PRECISION CO LTD,Corée du Sud,D,,À vérifier,To enrich,Qualifier l'activité avant tout pitch ciblé.,To enrich,To enrich,https://www.yeonhab.co.kr/,,New,No immediate action,
"YF PROTECTOR CO.,LTD",Chine,D,16.6,À vérifier,Industrial subcontracting / machining,Qualifier l'activité avant tout pitch ciblé.,"Public sources too thin — discovery call first, focused pitch second.","Hi — I noticed YF PROTECTOR CO.,LTD at Eurosatory.",http://www.yfarmor.com/,,New,No immediate action,
"YOUNG POONG ELECTRONICS CO., LTD",Corée du Sud,D,26.6,À vérifier,Industrial subcontracting / machining,Qualifier l'activité avant tout pitch ciblé.,"Confirm naval scope: shipbuilder, sub-system or services.","Hi — I noticed YOUNG POONG ELECTRONICS CO., LTD at Eurosatory.",http://ypelec.co.kr/index_en.php,,New,No immediate action,
YSS - Yilmaz Makina,Turquie,C,58.2,Acheteur potentiel,Energetic materials,"Matériaux énergétiques, mécanique, packaging, certification.","Ammunition makers buy energetic materials, mechanical parts, packaging and certification services.","Hi — I noticed YSS - Yilmaz Makina builds Ammunition, Logistics equipment (+1) for Ammunition.",http://yilmazdefense.com/,,New,Keep in watchlist,
"YUAN High-Tech Development Co., Ltd.",Taïwan,D,22.6,À vérifier,Industrial subcontracting / machining,Qualifier l'activité avant tout pitch ciblé.,"Public sources too thin — discovery call first, focused pitch second.","Hi — I noticed YUAN High-Tech Development Co., Ltd.",http://www.yuan.com.tw/,https://www.linkedin.com/company/yuan-high-tech/posts/,New,No immediate action,
YUGOIMPORT-SDPR,Serbie,D,,À vérifier,To enrich,Qualifier l'activité avant tout pitch ciblé.,To enrich,To enrich,http://www.yugoimport.com/,,New,No immediate action,
ZARGES,France,B,74.0,Acheteur potentiel,"Materials (Li-ion, electrolytes)","Fournisseur de batteries, moteurs, optronique, RF, composites pour fabricants UAV.","UAV builds need batteries, motors, optronics, RF links and composites. Map their bill of materials with the supply chain lead.","Hi — I noticed ZARGES builds Energy / batteries, Vehicles (+3) for UAV / drones.",https://www.zarges.com/fr/,https://www.linkedin.com/company/zarges-logistic-france/?viewAsMember=true,New,Review website and validate opportunity,
"ZDAS, A.S.",République tchèque,D,,À vérifier,To enrich,Qualifier l'activité avant tout pitch ciblé.,To enrich,To enrich,http://www.zdas.cz/,,New,No immediate action,
ZEBRA PROTECTION,Afrique du Sud,D,,À vérifier,To enrich,Qualifier l'activité avant tout pitch ciblé.,To enrich,To enrich,http://www.zebraprotection.com/,,New,No immediate action,
ZEKATRONIC,France,D,,À vérifier,To enrich,Qualifier l'activité avant tout pitch ciblé.,To enrich,To enrich,,,New,No immediate action,
ZENITH AEROTECHNICS,France,D,,À vérifier,To enrich,Qualifier l'activité avant tout pitch ciblé.,To enrich,To enrich,https://zenith-aerotechnics.com/,,New,No immediate action,
ZERO COMPROMISE OPTIC GMBH,Autriche,D,,À vérifier,To enrich,Qualifier l'activité avant tout pitch ciblé.,To enrich,To enrich,https://www.zcompoptic.com/,,New,No immediate action,
ZEVETA AMMUNITION A.S.,République tchèque,D,,À vérifier,To enrich,Qualifier l'activité avant tout pitch ciblé.,To enrich,To enrich,,,New,No immediate action,
ZF Friedrichshafen AG,Allemagne,D,,À vérifier,To enrich,Qualifier l'activité avant tout pitch ciblé.,To enrich,To enrich,https://www.zf.com/,,New,No immediate action,
ZFOAM,Espagne,B,64.5,Acheteur potentiel,Mechanical parts,"Vend des sous-systèmes / composants à un OEM construisant Logistics equipment, Communications networks.",ZFOAM performs MRO — they need parts and engineering support. Direct procurement angle.,"Hi — ZFOAM ships Logistics equipment, Communications networks (+2) to defense customers.",http://www.zfoam.com/,https://linkedin.com/company/zfoam/,New,Review website and validate opportunity,
"ZHEJIANG JICHENG ADVANCED CERAMICS CO.,LTD",Chine,C,43.4,Acheteur potentiel,Composite materials,Vend des sous-systèmes / composants à un OEM construisant Ballistic protection.,"ZHEJIANG JICHENG ADVANCED CERAMICS CO.,LTD sells armour — they need composites and certified test-houses. Procurement is the buyer.","Hi — ZHEJIANG JICHENG ADVANCED CERAMICS CO.,LTD ships Ballistic protection to defense customers.",http://www.jcccn.cn/,,New,Keep in watchlist,
"ZHEJIANG LIGHT-TOUGH COMPOSITE MATERIALS CO.,LTD.",Chine,D,,À vérifier,To enrich,Qualifier l'activité avant tout pitch ciblé.,To enrich,To enrich,http://www.lctm.com.cn/,,New,No immediate action,
ZHENDRE,France,D,,À vérifier,To enrich,Qualifier l'activité avant tout pitch ciblé.,To enrich,To enrich,http://www.zhendre.com/,,New,No immediate action,
ZSE TECHNOLOGY NV,Belgique,D,,À vérifier,To enrich,Qualifier l'activité avant tout pitch ciblé.,To enrich,To enrich,https://zse.be/,,New,No immediate action,
ZSR,Turquie,B,69.0,Acheteur potentiel,Mechanical parts,"Vend des sous-systèmes / composants à un OEM construisant Logistics equipment, Software / Platforms.","ZSR pitches end-to-end C4ISR; they need sub-systems, software components and compliance services.","Hi — ZSR ships Logistics equipment, Software / Platforms (+2) to defense customers.",http://www.zsr.com.tr/,https://www.linkedin.com/company/zsrmuhimmat,New,Review website and validate opportunity,
"ZTS - SPECIAL, a.s.",Slovaquie,D,35.8,Acheteur potentiel,Engines / propulsion,Vend des sous-systèmes / composants à un OEM construisant Vehicles.,Qualify the activity before pitching.,"Hi — ZTS - SPECIAL, a.s.",http://www.ztsspecial.sk/,,New,No immediate action,
ZYRONE DYNAMICS,Turquie,B,70.5,Acheteur potentiel,Engines / propulsion,"Fournisseur de batteries, moteurs, optronique, RF, composites pour fabricants UAV.","UAV builds need batteries, motors, optronics, RF links and composites. Map their bill of materials with the supply chain lead.","Hi — I noticed ZYRONE DYNAMICS builds Vehicles, UAV / drones (+6) for UAV / drones.",https://www.zyrone.com/,https://www.linkedin.com/company/zyronedynamics/,New,Review website and validate opportunity,
ООО “Electronic autonomous solutions”,Uzbekistan,A,80.0,Acheteur potentiel,Engines / propulsion,"Amplis RF, processeurs signal, embarqué, antennes pour EW.","EW systems source RF amplifiers, signal-processing chips, embedded computing and antennas. Talk to RF system lead.","Hi — I noticed ООО “Electronic autonomous solutions” builds Vehicles, UAV / drones (+8) for Electronic warfare.",https://eascompany.uz/en/,https://www.linkedin.com/posts/azizbek-ubaydullaev-4a3467389_eas-dronedetection-security-activity-7385974691049603072-LW-L/?utm_source=social_share_send&utm_medium=member_desktop_web&rcm=ACoAAF-kV_sBkN5Kgc4zhMJZGEqd2rouTQ3aI5E,New,Contact sales team and qualify need,
