Account Name,Website,Country/Region,City,LinkedIn URL,Lead Source,Lead Rating,Status,Topic,Description,Industry,Segment,Owner,Next Step,Notes
"NT SERVICE"" UAB",http://ntservice.eu/,Lituanie,Kaunas,https://www.linkedin.com/company/nt-service-uab,Eurosatory 2026 Catalog,A,New,"Fournisseur de RF, radars, optronique et embarqués pour stacks anti-drone.","“NT Service” UAB produces and delivers RF disruption systems that immediately disrupt hostile UAV/UAS control, navigation, and video links. Our solutions pro...",Counter-UAV,Homeland security; UAV / drones,,Contact sales team and qualify need,
2H ENERGY,http://www.2henergy.fr/,France,FECAMP,https://www.linkedin.com/company/8532886,Eurosatory 2026 Catalog,B,New,"Front-ends RF, processeurs, mécanique de précision pour fabricants radars.","2H Energy provides armed forces with reliable, modular energy solutions for all environments. Portable, containerized, or onboard generators, electrotechnica...",Radar / sensors,Land defense; Naval defense,,Review website and validate opportunity,
2oneLab,http://www.2onelab.com/,Allemagne,DARMSTADT,https://www.linkedin.com/company/2onelab-gmbh/,Eurosatory 2026 Catalog,B,New,"Vend des sous-systèmes / composants à un OEM construisant Software / Platforms, Logistics equipment.",2onelab offers innovative metal 3D printing solutions that can be deployed directly on-site. Our technology enables digital files to be quickly and precisely...,Soldier systems,Logistics / MRO,,Review website and validate opportunity,
3M Svenska AB,http://www.3m.com/,Suède,VARNAMO,,Eurosatory 2026 Catalog,D,New,Qualifier l'activité avant tout pitch ciblé.,To enrich,Other,,,No immediate action,
4 Flutes Machining,https://www.4flutesmachining.com/,États-Unis,Vicksburg,,Eurosatory 2026 Catalog,D,New,Qualifier l'activité avant tout pitch ciblé.,To enrich,Other,,,No immediate action,
4C Strategies,http://www.4cstrategies.com/,Royaume-Uni,LONDON,https://www.linkedin.com/company/4c-strategies,Eurosatory 2026 Catalog,D,New,Qualifier l'activité avant tout pitch ciblé.,To enrich,Other,,,No immediate action,
4D CONCEPT,http://www.4dconcept.fr/,France,MONTIGNY LE BRETONNEUX,https://www.linkedin.com/company/4dconcept/,Eurosatory 2026 Catalog,A,New,"Front-ends RF, processeurs, mécanique de précision pour fabricants radars.",4D CONCEPT is a French software company specialising in engineering document management solutions. We offer a range of innovative products: ADAM Suite for co...,Radar / sensors,Logistics / MRO; Engineering services,,Contact sales team and qualify need,
4iG Space and Defence Technologies Plc.,https://4igsdt.hu/,Hongrie,BUDAPEST,,Eurosatory 2026 Catalog,C,New,Sub-system / payload pour OEM drones tactiques.,"4iG Space and Defence Technologies is Hungary’s first privately-owned large enterprise delivering cutting-edge solutions in space and defence technologies. With the expertise of the 4iG Group and our portfolio companies, we are committed to…",UAV / drones,Space / satellite,,Keep in watchlist,
4M Tactical,https://4msystems.cz/,République tchèque,Praha - Břevnov,,Eurosatory 2026 Catalog,C,New,"Vend des sous-systèmes / composants à un OEM construisant Optronics / Optics, Soldier equipment.",4M Tactical,Soldier systems,Homeland security; Intelligence / ISR,,Keep in watchlist,
4Security Tecnologia da Informação,https://www.4secglobal.com/,Brésil,PINHAIS - PR,https://www.linkedin.com/company/4SecGlobal,Eurosatory 2026 Catalog,C,New,"Vend des sous-systèmes / composants à un OEM construisant Communications networks, Software / Platforms.","Construímos soluções especializadas, intuitivas e amigáveis. Desenvolvemos pesquisa no que há de mais inovador para o mercado de inteligência e defesa, combate à corrupção, fraude e crimes financeiros.",Other,,,Keep in watchlist,
5.0 ROBOTICS,http://www.50robotics.com/,Estonie,TALLINN,https://linkedin.com/company/50robotics,Eurosatory 2026 Catalog,A,New,"Fournisseur de batteries, moteurs, optronique, RF, composites pour fabricants UAV.","At 5.0 ROBOTICS develops compact robotic manufacturing systems integrating precision CNC, industrial robotics, and automated digital workflows. The platform ...",UAV / drones,Electronic warfare; Logistics / MRO,,Contact sales team and qualify need,
"7STARLACK CO., LTD.",http://7starlake.com/,Taïwan,NEW TAIPEI CITY,https://www.linkedin.com/company/7starlake/,Eurosatory 2026 Catalog,D,New,Qualifier l'activité avant tout pitch ciblé.,"7STARLAKE is a leading provider of rugged computing solutions for mission-critical applications. With extensive experience in high-performance computing, we ...",Other,,,No immediate action,
8Devices,http://8devices.com/,Lituanie,Vilnius,https://lt.linkedin.com/company/8devices,Eurosatory 2026 Catalog,A,New,"Fournisseur de batteries, moteurs, optronique, RF, composites pour fabricants UAV.","8devices is a European developer and manufacturer of high-performance connectivity and edge processing solutions for UAVs, robotics, and autonomous systems. ...",UAV / drones,Cybersecurity; Electronic warfare,,Contact sales team and qualify need,
A.C.S.A. STEEL FORGINGS,http://acsa.it/en/,Italie,OGGIONA CON SANTO STEFANO,https://www.linkedin.com/company/a-c-s-a-steel-forgings-s-p-a/mycompany/?viewAsMember=true,Eurosatory 2026 Catalog,C,New,Activité à qualifier — discovery call avant pitch précis.,A.C.S.A. Steel Forgings is an Italian excellence specialized in the production of closed-die hot steel forgings end extruded parts since 1935. We do serve a ...,Other,,,Keep in watchlist,
A2V SAS,https://a2v.fr/,France,VENDOME,https://www.linkedin.com/company/a2v/,Eurosatory 2026 Catalog,A,New,"Capteurs, payloads optroniques, communications pour plateformes ISR.",Société d'ingénierie et d'étude mécatronique capable de développement et de réalisations électroniques et mécaniques autour des produits qu'elle distribue.,Intelligence / ISR,UAV / drones; Radar / sensors,,Contact sales team and qualify need,
AADS,http://www.aads-gib.com/,Gibraltar,GIBRALTAR,https://www.linkedin.com/company/africaautomotivedistributionservices,Eurosatory 2026 Catalog,D,New,Canal de distribution / représentation pour notre portefeuille.,AADS is part of an International Automotive Group of companies with 95 years of experience in the automotive industry. AADS is a special distributor for Ste...,Export / distribution,,,No immediate action,
AAE - Advanced Armour Engineering,http://www.armoureng.com/,Émirats arabes unis,SHARJAH,https://www.linkedin.com/company/advanced-armour-engineering/,Eurosatory 2026 Catalog,B,New,"Sous-systèmes, composites, certification pour primes terrestres.","At AAE, we specialise in delivering cutting-edge engineering and contract manufacturing solutions for the defence and security sectors. Our commitment to ""Ma...",Land defense,Naval defense; Homeland security,,Review website and validate opportunity,
Aage Christensen Defence,,Danemark,København C,,Eurosatory 2026 Catalog,D,New,Qualifier l'activité avant tout pitch ciblé.,To enrich,Other,,,No immediate action,
Aalberts Surface Technologies,https://www.aalberts-st.com/,France,VILLERS-COTTERÊTS,https://www.linkedin.com/company/aalberts-surface-treatment-gmbh/?lipi=urn%3Ali%3Apage%3Ad_flagship3_search_srp_all%3BZyHZAJL6R%2Be0Vv03w7BGTg%3D%3D,Eurosatory 2026 Catalog,A,New,"Amplis RF, processeurs signal, embarqué, antennes pour EW.",Aalberts ST ✓ Leading global service provider for improving material characteristics ✓ Regional & global customers ▶ Learn more.,Electronic warfare,Armored vehicles; Soldier systems,,Contact sales team and qualify need,
Aalborg University,,Danemark,Aalborg East,,Eurosatory 2026 Catalog,D,New,Qualifier l'activité avant tout pitch ciblé.,To enrich,Other,,,No immediate action,
Aaronia AG,http://www.aaronia.de/,Allemagne,STRICKSCHEID,,Eurosatory 2026 Catalog,D,New,Qualifier l'activité avant tout pitch ciblé.,"Aaronia AG is an internationally-renowned measuring, tracking and monitoring technology company. The company offers a wide range of products and services, in...",Other,,,No immediate action,
AART ELECTRONICS,https://www.aart-electronics.com/,France,CROISSY-SUR-SEINE,,Eurosatory 2026 Catalog,B,New,"Moteurs, composites, plaques balistiques, optronique, comms pour OEM blindés.","Page d'accueil Fondée en 2004, la société AART ELECTRONICS est spécialisée dans la centralisation et l’externalisation des achats du Ministère de la Défense",Armored vehicles,Land defense; Homeland security,,Review website and validate opportunity,
AB Giraites Ginkluotes Gamykla (GGG),http://www.ggg-ammo.lt/,Lituanie,Giraitė,https://www.linkedin.com/company/ab-giraites-ginkluotes-gamykla/,Eurosatory 2026 Catalog,B,New,"Matériaux énergétiques, mécanique, packaging, certification.","GGG operates the longest indoor shooting range in Europe, extending up to 580 metres. The facility is designed to test ballistic ammunition to ensure the hig...",Ammunition,,,Review website and validate opportunity,
ABIMDE,https://abimde.org.br/pt-br/,Brésil,SAO PAULO,https://www.linkedin.com/company/abimde/?originalSubdomain=br,Eurosatory 2026 Catalog,D,New,Qualifier l'activité avant tout pitch ciblé.,Login Fale Conosco Feiras & Eventos Notícias Institucional Abimde Conecta Busque na Abimde,Other,,,No immediate action,
ABMI,http://abmi-groupe.com/,France,NANTERRE,https://www.linkedin.com/company/abmi-engineering/,Eurosatory 2026 Catalog,B,New,"Outils CAD, simulation, certification pour bureau d'études.","For over 40 years, ABMI has been providing its specialist engineering expertise to major industrial sectors. We support our clients in bringing their techni...",Engineering services,,,Review website and validate opportunity,
ABRIS Design Group,https://abris-dg.com/,Pologne,WARSZAWA,https://www.linkedin.com/company/abrisdesigngroup/posts/?feedView=all,Eurosatory 2026 Catalog,A,New,"Capteurs, payloads optroniques, communications pour plateformes ISR.","ABRIS DG manufactures military-grade unmanned systems for tactical operations. We supply battle-proven ISR UAVs, loitering munitions, and heavy-lift UGVs for precision strike and logistics.",Intelligence / ISR,Land defense; Air defense,,Contact sales team and qualify need,
Accurate Nordic,http://www.accuratenordic.com/,Suède,Kista,,Eurosatory 2026 Catalog,D,New,Qualifier l'activité avant tout pitch ciblé.,"Accurate Nordic’s mission has always been to deliver the optimal solution for every customer. We are a manufacturer of connectors and cable assemblies, which...",Other,,,No immediate action,
ACCURISION GMBH,,Autriche,LUSTENAU,,Eurosatory 2026 Catalog,D,New,Qualifier l'activité avant tout pitch ciblé.,To enrich,Other,,,No immediate action,
ACCUWATT TECHNOLOGIES,https://www.accuwatt-technologies.com/,France,AITON,https://www.linkedin.com/company/accuwatt-technologies-france,Eurosatory 2026 Catalog,B,New,"Fournisseur de batteries, moteurs, optronique, RF, composites pour fabricants UAV.","With 15 years of experience in energy storage in harsh environments, ACCUWATT Technologies is positioned in the high-end technical Lithium battery.",UAV / drones,Communications; Radar / sensors,,Review website and validate opportunity,
ACGB – OTS,https://www.acgb.com/,France,BAVENT,https://www.linkedin.com/company/635770/,Eurosatory 2026 Catalog,B,New,"Front-ends RF, processeurs, mécanique de précision pour fabricants radars.","Manufacturer of tailor-made, innovative & intelligent alumnium tanks. At the service of your projects: Design, Engineering & Production Made In France",Radar / sensors,Naval defense; Armored vehicles,,Review website and validate opportunity,
ACOME GROUP,http://www.acome.com/fr,France,LANNION,https://www.linkedin.com/company/acome/,Eurosatory 2026 Catalog,A,New,"Capteurs, payloads optroniques, communications pour plateformes ISR.","ACOME is an international industrial group, innovative and recognized in high-tech cabling systems, tubes and accessories for telecommunications, automotive,...",Intelligence / ISR,Radar / sensors; Logistics / MRO,,Contact sales team and qualify need,
ACS Armoured Car Systems,http://www.acs-armoured-cars.com/,Allemagne,FRIEDBERG / DERCHING,https://www.linkedin.com/company/acs-armoured-car-systems-gmbh,Eurosatory 2026 Catalog,C,New,"Vend des sous-systèmes / composants à un OEM construisant Vehicles, Ballistic protection.","ACS Armoured Car Systems GmbH is a medium-sized German company. We are a full-service partner specialising in ballistic protection, vehicles, and system inte...",Ballistic protection,,,Keep in watchlist,
Actemium Bonnétage Automation (AC Automation),http://acautomation.fr/,France,LE RUSSEY,,Eurosatory 2026 Catalog,D,New,Qualifier l'activité avant tout pitch ciblé.,To enrich,Other,,,No immediate action,
Actemium Maintenance Auxerre,https://www.actemium.fr/implantations/actemium-maintenance-auxerre,France,SAINT Bris Le Vineux,https://www.linkedin.com/company/actemium-france,Eurosatory 2026 Catalog,A,New,"Capteurs, payloads optroniques, communications pour plateformes ISR.","Actemium Maintenance Auxerre | 215 followers on LinkedIn. Depuis plus de 10 ans, Actemium Maintenance Auxerre accompagne les industriels dans la fiabilité, la performance et la pérennité de leurs équipements de production. Implantée en Bour…",Intelligence / ISR,Air defense; UAV / drones,,Contact sales team and qualify need,
ACTIA AEROSPACE,https://aerospace.actia.com/,France,TOULOUSE CEDEX 4,,Eurosatory 2026 Catalog,D,New,Qualifier l'activité avant tout pitch ciblé.,To enrich,Other,,,No immediate action,
ACTinBlack Europe SARL,http://www.actinblack.com/,Luxembourg,FOETZ,,Eurosatory 2026 Catalog,B,New,"Textiles, composites, optronique, énergie pour kits soldat.","Explore here the night vision systems of ActinBlack. We are driven to develop better, lighter and more user focused night vision systems.",Soldier systems,Land defense; Optics / optronics,,Review website and validate opportunity,
ADDEV Materials,http://addevmaterials.com/,France,PORTET-SUR-GARONNE,https://www.linkedin.com/company/addevmaterials-aerospace/,Eurosatory 2026 Catalog,A,New,"Composites, capteurs, comms, lancement pour primes spatiaux.","ADDEV Materials specializes in the manufacturing, custom packaging and distribution of high-performance materials for the Defense industry. We support land, ...",Space / satellite,Land defense; Logistics / MRO,,Contact sales team and qualify need,
ADDITESS,https://additess.com/,Cyprus,NICOSIA,https://www.linkedin.com/company/4872752/admin/feed/posts/,Eurosatory 2026 Catalog,A,New,"Capteurs, payloads optroniques, communications pour plateformes ISR.","ADDITESS - Advanced Integrated Technology Solutions &amp; Services Ltd | 874 followers on LinkedIn. https://aditess.com/main/about-us/ | ADDITESS is a Cyprus-based Small Medium Enterprise (SME) established in 2011. ADDITESS is a scientific,…",Intelligence / ISR,Homeland security; Cybersecurity,,Contact sales team and qualify need,
ADDUP,https://addupsolutions.com/fr/,France,CEBAZAT,https://www.linkedin.com/company/addup/,Eurosatory 2026 Catalog,D,New,Qualifier l'activité avant tout pitch ciblé.,To enrich,Other,,,No immediate action,
ADNEC - UAE National Pavilion,http://www.adnecgroup.ae/,Émirats arabes unis,ABU DHABI,https://www.linkedin.com/company/adnecgroup/,Eurosatory 2026 Catalog,A,New,"Vend des sous-systèmes / composants à un OEM construisant Vehicles, Communications networks.",ADNEC Group (Abu Dhabi National Exhibitions Company) is a leading international venue development and business management organization headquartered in Abu D...,Intelligence / ISR,Land defense; Air defense,,Contact sales team and qualify need,
ADR,http://adr-alcen.com/,France,THOMERY,https://fr.linkedin.com/company/adr-alcen,Eurosatory 2026 Catalog,A,New,"Textiles, composites, optronique, énergie pour kits soldat.","ADR is a leading company in high-precision ball bearings, located near Fontainebleau. With over 100 years of experience and innovation, as well as recognized...",Soldier systems,Ammunition; Optics / optronics,,Contact sales team and qualify need,
ADS Group Limited,http://www.adsgroup.org.uk/,Royaume-Uni,HAMPSHIRE,https://www.linkedin.com/company/ads-group-ltd/,Eurosatory 2026 Catalog,A,New,"Threat intel, hardware appliances, cloud souverain, audits.","Industry Facts &amp; Figures 2025 The UK’s aerospace, defence, security and space industries are at the heart of the UK economy, building [&hellip;]",Cybersecurity,Homeland security; Logistics / MRO,,Contact sales team and qualify need,
ADV Defense,http://www.advdefense.lt/,Lituanie,Vilnius,,Eurosatory 2026 Catalog,B,New,"Fournisseur de batteries, moteurs, optronique, RF, composites pour fabricants UAV.",To enrich,UAV / drones,Electronic warfare; Radar / sensors,,Review website and validate opportunity,
ADVANCED DESIGN SOLUTION S.R.O.,http://www.ads-cz.com/,République tchèque,KOPRIVNICE,,Eurosatory 2026 Catalog,B,New,"Moteurs, composites, plaques balistiques, optronique, comms pour OEM blindés.",Advanced Design Solution s.r.o. is an engeneering company that provides complete solutions for driveline systems based on independent suspension axles.,Armored vehicles,,,Review website and validate opportunity,
ADVANTAGE AUSTRIA,http://www.advantageaustria.org/,Autriche,VIENNA,https://at.linkedin.com/company/advantageaustria,Eurosatory 2026 Catalog,A,New,"Radars, sonars, comms, armement, sustainment pour primes navals.",ADVANTAGE AUSTRIA is the trade promotion organisation of the Austrian Federal Economic Chamber.,Naval defense,Radar / sensors; Logistics / MRO,,Contact sales team and qualify need,
ADVANTECH,http://www.advantech.com/en-eu,France,RUEIL MALMAISON,https://www.linkedin.com/company/advantech-europe/,Eurosatory 2026 Catalog,A,New,"Threat intel, hardware appliances, cloud souverain, audits.","With more than 8600 employees worldwide and a 40 year track record the company is a global leader in innovative products, systems, services and solutions for...",Cybersecurity,Intelligence / ISR; C4ISR,,Contact sales team and qualify need,
Advent Atum Pty Ltd,http://adventatum.com/,Australie,SYDNEY,https://au.linkedin.com/company/adventatum,Eurosatory 2026 Catalog,A,New,"Capteurs, payloads optroniques, communications pour plateformes ISR.","Advent Atum is an Australian-Ukrainian company delivers a combat-proven CsUAS ecosystem across the full kill chain: detect, command, engage, protect. Powered...",Intelligence / ISR,Air defense; UAV / drones,,Contact sales team and qualify need,
adwäisEO,https://adwaiseo.eu/en/,Luxembourg,BETZDORF,,Eurosatory 2026 Catalog,D,New,Qualifier l'activité avant tout pitch ciblé.,To enrich,Other,,,No immediate action,
AEC Skyline,http://www.aec-skyline.com/,Pays-Bas,Bosschenhoofd,https://www.linkedin.com/company/aec-skyline/,Eurosatory 2026 Catalog,A,New,"Capteurs, payloads optroniques, communications pour plateformes ISR.",AEC SKYLINE is serving various armed forces and public security organisations by delivering specialised contract air support while at the same time providing...,Intelligence / ISR,Air defense; Naval defense,,Contact sales team and qualify need,
Aedus Space Ltd.,https://aedusspace.com/aedusspace.html,Hongrie,Budapest,,Eurosatory 2026 Catalog,D,New,Qualifier l'activité avant tout pitch ciblé.,"Az eszköz a 8000 Székesfehérvár Repkény u. 7/A Hrsz: 8134/150 telephelyen került üzembehelyezésre. A fejlesztés hatására a lézervágott termékek minősége javul, a méretbeli választékunkat tudjuk bővíteni, az új gép lehetővé teszi a léze A pr…",Other,,,No immediate action,
Aeffe srl Keelcrab,https://www.keelcrab.com/,Italie,BULGAROGRASSO,https://www.linkedin.com/company/15155176/admin/dashboard/,Eurosatory 2026 Catalog,A,New,"Fournisseur de batteries, moteurs, optronique, RF, composites pour fabricants UAV.","Droni e robot subacquei di nuova generazione per la manutenzione di scafi di yacht, piscine, vasche industriali, acquari, ambienti sommersi in genere.",UAV / drones,Naval defense; Cybersecurity,,Contact sales team and qualify need,
AERIADES,http://aeriades.fr/,France,LUNÉVILLE,,Eurosatory 2026 Catalog,B,New,"Pièces de rechange, calibration, certification pour acteurs MRO.","Aerospace, space and defense cluster in the Grand Est region, bringing together nearly 100 members: industries, industrial services, innovation partners and ...",Logistics / MRO,Engineering services,,Review website and validate opportunity,
AERIX SYSTEMS,https://www.aerix-systems.com/,France,MÉRIGNAC,https://fr.linkedin.com/company/aerix-systems,Eurosatory 2026 Catalog,C,New,"Front-ends RF, processeurs, mécanique de précision pour fabricants radars.",Aerix Systems développe un nouveau type de propulsion omnidirectionnelle permettant la création de drones.,Radar / sensors,UAV / drones; Engineering services,,Keep in watchlist,
AERO CONCEPT ENGINEERING,https://www.aero-ce.com/,France,MAGNY COURS,https://www.linkedin.com/company/aero-concept-engineering/,Eurosatory 2026 Catalog,B,New,"Fournisseur de batteries, moteurs, optronique, RF, composites pour fabricants UAV.",Découvrez nos moyens techniques et humains au service de vos essais en soufflerie et de vos études aérodynamiques numériques,UAV / drones,Radar / sensors,,Review website and validate opportunity,
AEROCENTRE,https://aero-centre.fr/,France,DEOLS,https://www.linkedin.com/company/aerocentre/,Eurosatory 2026 Catalog,B,New,"Fournisseur de batteries, moteurs, optronique, RF, composites pour fabricants UAV.",Email Protection You are unable to access this email address aero-centre.fr The website from which you got to this page is protected by Cloudflare. Cloudflare Ray ID: 9f3451ddd8312a11 • Your IP: Click to reveal 213.41.12.82 • Performance & …,UAV / drones,Logistics / MRO; Industrial subcontracting,,Review website and validate opportunity,
AEROGLOW INTERNATIONAL,https://www.aeroglowinternational.com/,Royaume-Uni,SALISBURY,,Eurosatory 2026 Catalog,D,New,Qualifier l'activité avant tout pitch ciblé.,To enrich,Other,,,No immediate action,
Aeron Systems Pvt Ltd,https://aeronsystems.com/,Inde,PUNE,https://www.linkedin.com/company/aeron-systems-pvt.-ltd./about/,Eurosatory 2026 Catalog,B,New,"Sous-systèmes, composites, certification pour primes terrestres.",Aeron Systems - a leading provider of navigation systems and IoT devices to a global clientele.,Land defense,UAV / drones; Armored vehicles,,Review website and validate opportunity,
AERONAUTICS GROUP,http://www.aeronautics-sys.com/,Israël,YAVNE,https://www.linkedin.com/company/aeronautics/,Eurosatory 2026 Catalog,C,New,Sub-system / payload pour OEM drones tactiques.,"Established in 1997, Aeronautics is a world leader in designing, developing and manufacturing Unmanned Aerial Systems (UAS) for the global defense & HLS mark...",UAV / drones,,,Keep in watchlist,
AEROSPACE & DEFENCE,https://www.acmh.fr/,France,HONFLEUR,,Eurosatory 2026 Catalog,B,New,"Composites, capteurs, comms, lancement pour primes spatiaux.","ACMH - Ateliers de Construction Mécanique de Honfleur conçoit et fabrique des conteneurs pour l'armée, l'industrie, le spatial et l'humanitaire.",Space / satellite,Naval defense; Intelligence / ISR,,Review website and validate opportunity,
AEROVIRONMENT (AV),http://www.avinc.com/,États-Unis,SIMI VALLEY,https://www.linkedin.com/company/aerovironment/,Eurosatory 2026 Catalog,B,New,"Capteurs, payloads optroniques, communications pour plateformes ISR.","AV is a defense technology leader delivering integrated capabilities across air, land, sea, space, and cyber. The Company develops autonomous systems, loiter...",Intelligence / ISR,Land defense; Air defense,,Review website and validate opportunity,
AERTEC,https://www.aertecsolutions.com/,Espagne,MALAGA,https://es.linkedin.com/company/aertec,Eurosatory 2026 Catalog,B,New,"Fournisseur de batteries, moteurs, optronique, RF, composites pour fabricants UAV.","AERTEC ofrece ingeniería aeronáutica internacional, consultoría aeroespacial y soluciones para aeropuertos, industria y defensa.",UAV / drones,,,Review website and validate opportunity,
Africa Global Logistics,https://www.aglgroup.com/,France,PUTEAUX,https://www.linkedin.com/company/africagloballogistics/,Eurosatory 2026 Catalog,B,New,"Moteurs, composites, plaques balistiques, optronique, comms pour OEM blindés.","AGL est le partenaire logistique multimodal de référence en Afrique. Présent dans 50 pays dont 47 sur le continent africain, AGL propose des solutions globales en logistique, transport maritime et portuaire, ainsi qu’en logistique ferroviai…",Armored vehicles,Naval defense; Logistics / MRO,,Review website and validate opportunity,
AFRY,,Suède,SOLNA,,Eurosatory 2026 Catalog,D,New,Qualifier l'activité avant tout pitch ciblé.,To enrich,Other,,,No immediate action,
AG Optics,https://www.agoptics.co.kr/en,Corée du Sud,CHEONAN,,Eurosatory 2026 Catalog,B,New,"Front-ends RF, processeurs, mécanique de précision pour fabricants radars.",Product Component Camera Lens HUD Head Lamp Logo Lamp Defense Product Camera Module (Vutronix) Technology Technology Intellectual Property Rights About US,Radar / sensors,Homeland security; Optics / optronics,,Review website and validate opportunity,
AGC Plasma Technology Solutions,http://www.agc-plasma.com/,Belgique,GOSSELIES,https://www.linkedin.com/showcase/agc-plasma-technology-solutions/?viewAsMember=true,Eurosatory 2026 Catalog,B,New,"Textiles, composites, optronique, énergie pour kits soldat.","Partner with AGC for advanced vacuum coating. Benefit from our thin film expertise, demo labs, and turn-key solutions globally.",Soldier systems,Optics / optronics; Radar / sensors,,Review website and validate opportunity,
Agence Wallonne à l'Exportation et aux I.E.,https://www.awex.be/,Belgique,BRUXELLES,https://www.linkedin.com/company/wallonia-export-investment-agency/,Eurosatory 2026 Catalog,D,New,Qualifier l'activité avant tout pitch ciblé.,To enrich,Other,,,No immediate action,
AGENCIJA ALAN,https://www.aalan.hr/,Croatie,ZAGREB,https://hr.linkedin.com/company/agencija-alan-d.o.o.,Eurosatory 2026 Catalog,A,New,"Sous-systèmes, composites, certification pour primes terrestres.",Agency Alan Ltd. is a state owned company focused on the import and export of weapons and special military equipment,Land defense,Naval defense; Homeland security,,Contact sales team and qualify need,
AGM GLOBAL VISION,http://www.agmglobalvision.eu/,Bulgarie,SOFIA,,Eurosatory 2026 Catalog,A,New,"Textiles, composites, optronique, énergie pour kits soldat.","AGM Global Vision is a leading provider of night vision and thermal imaging solutions, backed by 65+ years of combined industry experience. The company offer...",Soldier systems,Homeland security; Optics / optronics,,Contact sales team and qualify need,
AGM ORTHOPAEDICS LLC,http://www.trust-tq.com/,Lettonie,RIGA,https://www.linkedin.com/company/agm-orthopaedics-trust-tq/,Eurosatory 2026 Catalog,B,New,"Vend des sous-systèmes / composants à un OEM construisant Software / Platforms, Soldier equipment.",Meet TRUST® Tactical Tourniquet — a next-generation hemorrhage control system engineered in Latvia for real-world tactical use. Patented ratchet tightening d...,Electronic warfare,Naval defense; Soldier systems,,Review website and validate opportunity,
AGON ELECTRONICS,http://www.agon-electronics.com/,France,LABEGE,https://www.linkedin.com/company/ag%C3%B4n-electronics/,Eurosatory 2026 Catalog,B,New,"Matières premières, outils coupants, services qualité pour sous-traitants.","AGÔN Electronics is a leading industrial group and a premier EMS & ODM partner for the Defense, Aerospace, and Security sectors. We provide end-to-end expert...",Industrial subcontracting,Logistics / MRO; Engineering services,,Review website and validate opportunity,
AGORAMECA,https://www.agorameca.com/,France,VINEUIL,,Eurosatory 2026 Catalog,B,New,"Matières premières, outils coupants, services qualité pour sous-traitants.","Forte d'une équipe de 26 spécialistes passionnés, dynamiques et réactifs, Agorameca dispose d'un atelier spacieux de plus de 1 800 m², opérationnel 24h/24 pour répondre aux demandes urgentes de sa clientèle diversifiée. L'équipe d'Agorameca…",Industrial subcontracting,Cybersecurity; Logistics / MRO,,Review website and validate opportunity,
AGORIA VZW/ASBL,https://www.agoria.be/en/themes/businessgroups/safety-security-defence/belgian-security-defence-industry-defence-technologies-bsdidt/belgian-security-defence-industry-bsdi,Belgique,BRUXELLES,https://www.linkedin.com/company/agoria,Eurosatory 2026 Catalog,D,New,Qualifier l'activité avant tout pitch ciblé.,Defence within Agoria: Stronger together in military technologyYour technology can contribute to tomorrow’s security.,Other,,,No immediate action,
AGP S GLASS EUROPE GMBH,http://www.agpglass.com/,Allemagne,DÜSSELDORF,,Eurosatory 2026 Catalog,B,New,"Vend des sous-systèmes / composants à un OEM construisant Vehicles, Engines / propulsion.","Veja Mais AGP sGlass Veículos de polícia e Motim - SHIELDS Veja Mais AGP sGlass Veículos militares Veja Mais AGP sGlass Navios de guerra e patrulhas marítimas com blindagem EMI Veja Mais AGP sGlass Veículos civis, OEM e Retrofit Veja Mais A…",Armored vehicles,Naval defense; Homeland security,,Review website and validate opportunity,
AI Verse,http://www.ai-verse.com/,France,BIOT,https://www.linkedin.com/company/ai-verse/,Eurosatory 2026 Catalog,A,New,"Capteurs, payloads optroniques, communications pour plateformes ISR.","AI Verse generates synthetic training images for computer vision models used in defense, drones, CUAS and autonomous platforms. We built a procedural engine ...",Intelligence / ISR,UAV / drones; Counter-UAV,,Contact sales team and qualify need,
AIAD & M.O.D ITALIAN INDUSTRIES,http://www.aiad.it/,Italie,ROME,https://www.linkedin.com/company/aiad-federazione-aziende-italiane-aerospazio-difesa-sicurezza/about/,Eurosatory 2026 Catalog,C,New,"Vend des sous-systèmes / composants à un OEM construisant Communications networks, Software / Platforms.","AIAD è la Federazione, membro di Confindustria, in rappresentanza delle Aziende Italiane per l’Aerospazio, la Difesa e la Sicurezza.Accoglie nel proprio ambito la quasi totalità delle imprese nazionali, ad alta tecnologia, che esercitano at…",Dual-use technology,,,Keep in watchlist,
AICOX SOLUCIONES,https://www.aicox.com/,Espagne,Madrid,,Eurosatory 2026 Catalog,D,New,Qualifier l'activité avant tout pitch ciblé.,To enrich,Other,,,No immediate action,
AIM Infrarot-Module,https://www.aim-ir.com/,Allemagne,HEILBRONN,,Eurosatory 2026 Catalog,B,New,Vend des sous-systèmes / composants à un OEM construisant Satellites / Space.,"MEHR Weitere News © Sentinel-3, Image: ESA/ATG medialab Industrie Weltraum Sicherheit Das Unternehmen Die AIM Infrarot-Module GmbH entwickelt, fertigt und vertreibt hochwertige Infrarotdetektoren und Wärmebildgeräte sowie Stirling-Kühlmasch…",Space / satellite,Dual-use technology,,Review website and validate opportunity,
Aimpoint AB,http://www.aimpoint.com/,Suède,MALMÖ,,Eurosatory 2026 Catalog,D,New,Qualifier l'activité avant tout pitch ciblé.,To enrich,Other,,,No immediate action,
Air Target,http://www.airtarget.com/,Suède,Kista,https://www.linkedin.com/company/air-target-sweden/?viewAsMember=true,Eurosatory 2026 Catalog,B,New,"Front-ends RF, processeurs, mécanique de précision pour fabricants radars.",Air Target is one of the world’s leading manufacturers of Miss Distance Indicators and Scoring Systems for live fire training supplying partners and end user...,Radar / sensors,Cybersecurity; UAV / drones,,Review website and validate opportunity,
AIRBORNE SYSTEMS FRANCE,https://airborne-sys.com/,France,CUGNAUX,,Eurosatory 2026 Catalog,B,New,"Sous-systèmes, composites, certification pour primes terrestres.","Military parachutes, ejection seat parachutes, and related aerial delivery equipment. Airborne Systems is the world's most trusted parachute design and manufacturer.",Land defense,Naval defense; Homeland security,,Review website and validate opportunity,
AIRBORNE TECHNOLOGIES GMBH,https://www.airbornetechnologies.at/,Autriche,WIENER NEUSTADT,https://www.linkedin.com/company/airborne-technologies-gmbh-austria/,Eurosatory 2026 Catalog,A,New,"Amplis RF, processeurs signal, embarqué, antennes pour EW.","ISR aircraft solution, System Integration, Surveillance Aircraft, Special Mission Aircraft, Multi Mission Aircraft, Surveillance Platform, ISR Platform, SCAR-Pod, Airborne LINX, Mission Management System, Mission Management Unit, Carbon Fib…",Electronic warfare,Naval defense; Homeland security,,Contact sales team and qualify need,
AIRBUS,https://www.airbus.com/,France,BLAGNAC,https://www.linkedin.com/company/airbusgroup,Eurosatory 2026 Catalog,A,New,"Capteurs, payloads optroniques, communications pour plateformes ISR.","Airbus designs, manufactures and delivers industry-leading commercial aircraft, helicopters, military transports, satellites, launchers and more.",Intelligence / ISR,Land defense; Air defense,,Contact sales team and qualify need,
Airolit AB,,Suède,Mölndal,,Eurosatory 2026 Catalog,D,New,Qualifier l'activité avant tout pitch ciblé.,To enrich,Other,,,No immediate action,
AIRSENSE Analytics,https://www.airsense.com/,Allemagne,SCHWERIN,https://www.linkedin.com/company/airsense-analytics-gmbh/,Eurosatory 2026 Catalog,A,New,"Capteurs, payloads optroniques, communications pour plateformes ISR.",To enrich,Intelligence / ISR,Naval defense; UAV / drones,,Contact sales team and qualify need,
AIRTECH EUROPE Sarl,http://airtech.lu/,Luxembourg,Differdange,https://www.linkedin.com/company/airtech-advanced-materials-group/,Eurosatory 2026 Catalog,C,New,Activité à qualifier — discovery call avant pitch précis.,"Airtech Advanced Materials Group is a manufacturer and one stop shop supplier of advanced materials like films, fabrics, tapes, sealants, prepregs, rubbers a...",Other,,,Keep in watchlist,
Airvolute,https://www.airvolute.com/,Slovaquie,Trnava,,Eurosatory 2026 Catalog,B,New,"Capteurs, payloads optroniques, communications pour plateformes ISR.",To enrich,Intelligence / ISR,Homeland security; UAV / drones,,Review website and validate opportunity,
Airwayz,https://www.airwayz.co/,Israël,TEL AVIV,https://www.linkedin.com/company/airwayz,Eurosatory 2026 Catalog,B,New,"Fournisseur de batteries, moteurs, optronique, RF, composites pour fabricants UAV.","Airwayz | 4,966 followers on LinkedIn. Control your Airspace ➖ Secure your Assets ➖ Defend your Skies. | Airwayz is a defense-grade airspace technology company building the operational infrastructure for the low-altitude airspace era. Found…",UAV / drones,Naval defense; Homeland security,,Review website and validate opportunity,
AKAER,https://www.akaer.com.br/,Brésil,SAO JOSE DOS CAMPOS,https://www.linkedin.com/company/akaer-engenharia-ltda/,Eurosatory 2026 Catalog,B,New,"Amplis RF, processeurs signal, embarqué, antennes pour EW.","A Akaer é líder em soluções aeroespaciais inovadoras desde 1992, com atuação global.",Electronic warfare,Logistics / MRO; Industrial subcontracting,,Review website and validate opportunity,
AKG Group,http://www.akg-group.com/,France,SARREGUEMINES,https://www.linkedin.com/company/akg-thermotechnik-international-gmbh,Eurosatory 2026 Catalog,A,New,"Front-ends RF, processeurs, mécanique de précision pour fabricants radars.",Manufacturer of coolers and heat exchangers worldwide. Development and production of high-performance heat exchangers and complete cooling modules for applic...,Radar / sensors,Armored vehicles; Ammunition,,Contact sales team and qualify need,
AKIRA TECHNOLOGIES,https://www.akira.pro/,France,BAYONNE,https://fr.linkedin.com/company/akira-tech,Eurosatory 2026 Catalog,B,New,"Front-ends RF, processeurs, mécanique de précision pour fabricants radars.","Akira Technologies | 3,742 followers on LinkedIn. Energy conversion systems / Special test benches | AKIRA est une société d&#39;ingénierie mécanique spécialisée dans le développement et la réalisation de systèmes de conversion d&#39;énergi…",Radar / sensors,Logistics / MRO; Engineering services,,Review website and validate opportunity,
AKMON S.A.,https://www.akmonsa.gr/,Grèce,Ano Liosia - Industrial Park Athens,https://www.linkedin.com/company/akmon-s-a/,Eurosatory 2026 Catalog,A,New,"Pièces de rechange, calibration, certification pour acteurs MRO.",To enrich,Logistics / MRO,Engineering services; Export / distribution,,Contact sales team and qualify need,
Aksum Armored,http://www.aksumarmored.com/,Émirats arabes unis,DUBAI,https://www.linkedin.com/company/aksumarmoredvehicles/,Eurosatory 2026 Catalog,B,New,"Vend des sous-systèmes / composants à un OEM construisant Vehicles, Software / Platforms.","Aksum Armored is the armored vehicles division of Aksum Group in UAE, specializing in the provision of tactical, commercial and special purpose vehicles. Ren...",C4ISR,Armored vehicles; Logistics / MRO,,Review website and validate opportunity,
AKTYVUS PHOTONICS,https://www.aktyvusphotonics.com/,Lituanie,VILNIUS,https://www.linkedin.com/company/86300195,Eurosatory 2026 Catalog,A,New,"Capteurs, payloads optroniques, communications pour plateformes ISR.","Reliable, compact, high-power DPSS lasers for harsh environments.",Intelligence / ISR,UAV / drones; Ammunition,,Contact sales team and qualify need,
AL JUNDI JOURNAL - UAE MINISTRY OF DEFENCE,http://www.aljundi.ae/en/,Émirats arabes unis,ABU DHABI,,Eurosatory 2026 Catalog,D,New,Qualifier l'activité avant tout pitch ciblé.,"Al Jundi Journal was launched in October 1973, with the aim of covering news and activities of the Ministry of Defence and Armed Forces of the United Arab Em...",Other,,,No immediate action,
ALA,http://www.alacorporation.com/,France,Toulouse,https://www.linkedin.com/company/a-l-a--spa/,Eurosatory 2026 Catalog,A,New,"Composites, capteurs, comms, lancement pour primes spatiaux.","ALA is a global diversified supply chain integrator to the Aerospace, Defense, Rail and High-Tech Industries. With Headquarters in Naples, Italy, ALA has ove...",Space / satellite,Homeland security; Soldier systems,,Contact sales team and qualify need,
ALCEN,http://alcen.com/,France,PARIS,https://www.linkedin.com/company/alcen,Eurosatory 2026 Catalog,A,New,"Capteurs, payloads optroniques, communications pour plateformes ISR.","Advanced technology serving innovation: ALCEN has been a key supplier in French strategic defense for over twenty years. At Eurosatory 2026, alongside its su...",Intelligence / ISR,Naval defense; Homeland security,,Contact sales team and qualify need,
ALFAPROJ s.r.o.,http://www.alfaproj.cz/,République tchèque,Brno,,Eurosatory 2026 Catalog,D,New,Qualifier l'activité avant tout pitch ciblé.,"ALFAPROJ s.r.o. (Ltd.) was established in 1993 as a Czech limited company in Brno, the town with worldwide known tradition in arms production. Company produc...",Other,,,No immediate action,
"Aliter Technologies, a.s.",http://www.aliter.com/,Slovaquie,BRATISLAVA,https://www.linkedin.com/company/268928/,Eurosatory 2026 Catalog,A,New,"Capteurs, payloads optroniques, communications pour plateformes ISR.","We are a Slovak-Canadian company dedicated to information and communication technologies. We help organisations and governments around the world communicate,...",Intelligence / ISR,Land defense; Naval defense,,Contact sales team and qualify need,
Allen-Vanguard,http://allenvanguard.com/,Canada,OTTAWA,https://www.linkedin.com/company/allen-vanguard/,Eurosatory 2026 Catalog,D,New,Qualifier l'activité avant tout pitch ciblé.,"Leader in customized, innovative RF capability solutions, with a history in ECM solutions delivering agile & highly programmable force protection (SHIELD) ag...",Other,,,No immediate action,
ALLEVIO GROUPE,https://www.allevio-groupe.com/,France,OYONNAX,https://www.linkedin.com/company/aeroplast-group/,Eurosatory 2026 Catalog,C,New,"Matières premières, outils coupants, services qualité pour sous-traitants.",To enrich,Industrial subcontracting,Homeland security; Logistics / MRO,,Keep in watchlist,
ALLIANCE DEFENSE & SECURITY,http://www.alliance-groupe.com/,France,TOUOUGES,,Eurosatory 2026 Catalog,B,New,"Usinage de précision, matériaux, optronique, composants munitions ITAR-friendly.","Depuis plus de 25 ans, Alliance, entreprise française dirigée par Nicolas Delaporte, innove dans les domaines de la défense, de la sécurité et de la protecti...",Weapons,Homeland security; Ammunition,,Review website and validate opportunity,
Allianz Vie,http://www.allianz.fr/,France,PARIS LA DÉFENSE CEDEX,,Eurosatory 2026 Catalog,D,New,Qualifier l'activité avant tout pitch ciblé.,To enrich,Other,,,No immediate action,
"ALLISON TRANSMISSION, INC.",http://www.allisontransmission.com/,États-Unis,INDIANAPOLIS,https://www.linkedin.com/company/allison-transmission,Eurosatory 2026 Catalog,A,New,"Sous-systèmes, composites, certification pour primes terrestres.","ALLISON TRANSMISSION, INC. provides reliable and durable propulsion solutions for military and commercial applications. Our innovative transmissions are trus...",Land defense,Armored vehicles; Weapons,,Contact sales team and qualify need,
ALLWAN SECURITY,https://www.allwan.eu/,France,BEAUCOUZE,,Eurosatory 2026 Catalog,A,New,"Amplis RF, processeurs signal, embarqué, antennes pour EW.","ALLWAN SECURITY Caméras et solutions vidéo industrielles, caméras ATEX, système de vidéo surveillance mobiles durcies, tactiques, militaires NDAA Compliant",Electronic warfare,Naval defense; Homeland security,,Contact sales team and qualify need,
AlmaDK,http://www.almadk.kz/,Kazakhstan,ALMATY,,Eurosatory 2026 Catalog,D,New,Qualifier l'activité avant tout pitch ciblé.,"Закрыть Меню Главная Каталог О компании Галерея Контакты Республика Казахстан г. Алматы, ул. Туркебаева 199 + 7 (727) 392 95 55 info@almadk.kz Республика Казахстан г. Алматы, ул. Туркебаева 199 + 7 (727) 392 95 55 info@almadk.kz",Homeland security,,,No immediate action,
ALPES USINAGE - SAS DECOPREM,,France,MARNAZ,,Eurosatory 2026 Catalog,D,New,Qualifier l'activité avant tout pitch ciblé.,To enrich,Other,,,No immediate action,
ALPHA AFFINITY GMBH,http://www.alpha-affinity.com/,Allemagne,MÜNCHEN,https://www.linkedin.com/company/alpha-affinity/,Eurosatory 2026 Catalog,A,New,"Capteurs, payloads optroniques, communications pour plateformes ISR.","We provide a Decision Intelligence Platform for Sales, Capture, and Business Development teams in defense and dual-use industries. At its core is our proprie...",Intelligence / ISR,Air defense; Naval defense,,Contact sales team and qualify need,
ALPHA INNOVATIONS·RIPENERGY,http://www.alphainnovations.eu/,Belgique,LOUVAIN LA NEUVE,https://www.linkedin.com/company/alpha-innovations-sa,Eurosatory 2026 Catalog,A,New,"Pièces de rechange, calibration, certification pour acteurs MRO.","Alpha Innovations, member of the CE+T Group, provides robust power supply solutions, particularly for critical applications in the defense sector, including ...",Logistics / MRO,Engineering services; Dual-use technology,,Contact sales team and qualify need,
ALPHA NUM,https://www.alpha-num.fr/,France,Lizy sur Ourcq,,Eurosatory 2026 Catalog,A,New,"Textiles, composites, optronique, énergie pour kits soldat.",﻿ Our References Our Distributors Customer space Contact us +33(0)1 60 01 25 45 Broche à billes - Quick Release Pin English French Home Company ARV Our products The strength of ARV: The shortest lead times ! A wide range of standard pins Al…,Soldier systems,Naval defense; Weapons,,Contact sales team and qualify need,
Alpine Eagle,http://www.alpineeagle.com/,Allemagne,MUNICH,https://www.linkedin.com/company/alpineeagle,Eurosatory 2026 Catalog,A,New,"Capteurs, payloads optroniques, communications pour plateformes ISR.","Alpine Eagle is a defence tech company building the next generation of c-UxS architecture, developing airborne sensor networks and software-defined systems t...",Intelligence / ISR,Air defense; Homeland security,,Contact sales team and qualify need,
ALSETEX,https://www.alsetex.fr/,France,PRECIGNE,https://fr.linkedin.com/company/sae-alsetex,Eurosatory 2026 Catalog,B,New,"Front-ends RF, processeurs, mécanique de précision pour fabricants radars.",Contactez-nous Nos solutions Déclenchement d'avalanches Sécurité des biens et des personnes Modifications météo Signalisation ferroviaire Notre société Formations P2 Offres d'emploi Contactez-nous Suivez-nous English Contact us Usine Malpai…,Radar / sensors,Ammunition; Logistics / MRO,,Review website and validate opportunity,
ALSONS GROUP,http://www.alsonsgroup.com./,Pakistan,KARACHI,https://www.linkedin.com/company/alsonsgroup/mycompany/,Eurosatory 2026 Catalog,D,New,Qualifier l'activité avant tout pitch ciblé.,To enrich,Other,,,No immediate action,
ALSYMEX,https://alsymex-alcen.com/,France,Merignac,https://www.linkedin.com/company/alsymex-alcen/,Eurosatory 2026 Catalog,B,New,"Composites, capteurs, comms, lancement pour primes spatiaux.",To enrich,Space / satellite,Armored vehicles; Soldier systems,,Review website and validate opportunity,
Alta Ares,https://altaares.com/,France,PARIS,https://www.linkedin.com/company/alta-ares/,Eurosatory 2026 Catalog,A,New,"Capteurs, payloads optroniques, communications pour plateformes ISR.","Alta Ares develops advanced AI technologies for defense, enabling real-time detection, tracking and interception of airborne threats. Discover our autonomous solutions for a safer future.",Intelligence / ISR,Land defense; Air defense,,Contact sales team and qualify need,
ALTER TECHNOLOGY FRANCE,http://www.altertechnology.fr/,France,RAMONVILLE ST AGNE,https://www.linkedin.com/company/alter-technology-france/posts/?feedView=all,Eurosatory 2026 Catalog,B,New,"Pièces de rechange, calibration, certification pour acteurs MRO.","Alter Technology France provides an integrated offering covering the evaluation, characterization, qualification, and reliability testing of electronic compo...",Logistics / MRO,,,Review website and validate opportunity,
ALTINAY DEFENSE TECHNOLOGIES,http://www.altinaysavunma.com/,Turquie,ISTANBUL,https://www.linkedin.com/company/altinaysavunma/,Eurosatory 2026 Catalog,B,New,"Composites, capteurs, comms, lancement pour primes spatiaux.","Altınay Defense Technologies, founded in 2014 as part of the Altınay Technology Group, has been providing products and solutions in the fields of Motion Cont...",Space / satellite,Land defense; Naval defense,,Review website and validate opportunity,
ALTRONICS,https://altronics.fr/,France,TASSIN,https://www.linkedin.com/company/altronicsfr/,Eurosatory 2026 Catalog,B,New,"Front-ends RF, processeurs, mécanique de précision pour fabricants radars.","Altronics, votre partenaire et spécialiste en électronique industrielle.",Radar / sensors,Naval defense; Logistics / MRO,,Review website and validate opportunity,
ALTUS LSA S.A.,https://new.altus-lsa.gr/,Grèce,"CHANIA, CRETE",https://www.linkedin.com/company/altus-lsa,Eurosatory 2026 Catalog,A,New,"Capteurs, payloads optroniques, communications pour plateformes ISR.","ALTUS LSA leads in drone technology, unmanned systems, and VTOL drones for ISR, border surveillance, and mapping solutions.",Intelligence / ISR,Naval defense; Homeland security,,Contact sales team and qualify need,
Alurib Oy,https://savodefence.com/network/alurib-oy/,Finlande,Pieksämäki,,Eurosatory 2026 Catalog,A,New,"Fournisseur de batteries, moteurs, optronique, RF, composites pour fabricants UAV.",Get in touch with our network through the contact information provided.,UAV / drones,Armored vehicles; Logistics / MRO,,Contact sales team and qualify need,
Alu-Stock,https://www.alu-stock.es/fr/,Espagne,VITORIA-GASTEIZ,,Eurosatory 2026 Catalog,D,New,Qualifier l'activité avant tout pitch ciblé.,To enrich,Other,,,No immediate action,
Alva Industries,http://www.alvaindustries.com/,Norvège,TRONDHEIM,https://www.linkedin.com/company/alva-industries/?originalSubdomain=no,Eurosatory 2026 Catalog,A,New,"Composites, capteurs, comms, lancement pour primes spatiaux.",We produce high-end electric motors for all kinds of applications. Our electric motors are designed and manufactured in Norway according to tightly controll...,Space / satellite,Naval defense; UAV / drones,,Contact sales team and qualify need,
ALX SYSTEMS,https://www.alxsys.com/,Belgique,OUPEYE,,Eurosatory 2026 Catalog,D,New,Qualifier l'activité avant tout pitch ciblé.,To enrich,Other,,,No immediate action,
ALYSOPHIL,,France,ILLKIRCH GRAFFENSTADEN,,Eurosatory 2026 Catalog,D,New,Qualifier l'activité avant tout pitch ciblé.,To enrich,Other,,,No immediate action,
AM 4 M,http://www.am-4-am.com/,Luxembourg,FOETZ,https://www.linkedin.com/company/am-4-am/,Eurosatory 2026 Catalog,B,New,"Amplis RF, processeurs signal, embarqué, antennes pour EW.",AM 4 AM is a Luxembourg-based deep-tech company specialized in the development of advanced materials for additive manufacturing (3D printing). The company co...,Electronic warfare,Logistics / MRO; Export / distribution,,Review website and validate opportunity,
AM GENERAL LLC,http://www.amgeneral.com/,États-Unis,SOUTH BEND,https://www.linkedin.com/company/am-general,Eurosatory 2026 Catalog,B,New,"Amplis RF, processeurs signal, embarqué, antennes pour EW.","AM General is an automotive manufacturer that builds military & commercial vehicles including the Humvee, tactical vehicles, enhanced tactical kits, and more.",Electronic warfare,Land defense; Naval defense,,Review website and validate opportunity,
AMA Spa,https://www.ama.it/,Italie,SAN MARTINO IN RIO (RE),https://www.linkedin.com/company/2393585/admin/dashboard/,Eurosatory 2026 Catalog,A,New,"Outils SOC/SIEM, brique de sécurité défensive pour vendeur cyber.","AMA Spa | 11,082 followers on LinkedIn. The power of a group manufacturing solutions. | AMA S.p.A. specializes in the supply of components and equipment for the outfitting and maintenance of Off Highway Vehicle (OHV), agricultural and lands…",Cybersecurity,AI / data; Logistics / MRO,,Contact sales team and qualify need,
AmaDema - Advanced Materials Design & Manufacturing Ltd,https://www.amdmcomposites.com/,Cyprus,NICOSIA,https://www.linkedin.com/company/amdm---advanced-materials-design-,Eurosatory 2026 Catalog,C,New,"Pièces de rechange, calibration, certification pour acteurs MRO.","AmaDema deals with the design and manufacturing of advanced composite materials, by identifying the problems and needs of customers.",Logistics / MRO,Engineering services,,Keep in watchlist,
AMAZON LEO,https://www.amazon.com/,États-Unis,ARLINGTON,https://www.linkedin.com/company/amazon/,Eurosatory 2026 Catalog,B,New,"Composites, capteurs, comms, lancement pour primes spatiaux.","Free shipping on millions of items. Get the best of Shopping and Entertainment with Prime. Enjoy low prices and great deals on the largest selection of everyday essentials and other products, including fashion, home, beauty, electronics, Al…",Space / satellite,Naval defense; Homeland security,,Review website and validate opportunity,
AMD DECOLLETAGE,http://www.amd-decolletage.com/,France,MARNAZ,https://www.linkedin.com/company/amd-decolletage-savoy-international/,Eurosatory 2026 Catalog,B,New,"Fournisseur de batteries, moteurs, optronique, RF, composites pour fabricants UAV.","Founded in 19178, AMD Decolletage manufacture customed mechanical components to serve leading global OEMs in connectors, e‑mobility, automotive, aerospace, a...",UAV / drones,Radar / sensors; Logistics / MRO,,Review website and validate opportunity,
AMEFO,https://amefo.fr/,France,CHAMBILLY,https://www.linkedin.com/in/amefo,Eurosatory 2026 Catalog,A,New,"Front-ends RF, processeurs, mécanique de précision pour fabricants radars.","Armor solutions manufacturer for the Defense and the Security markets. Industrial metal work solutions provider: Study, machining, tooling…",Radar / sensors,Naval defense; Homeland security,,Contact sales team and qualify need,
AMETEK,https://www.ametek-airtechnology.com/,Royaume-Uni,SUNBURY ON THAMES,,Eurosatory 2026 Catalog,D,New,Qualifier l'activité avant tout pitch ciblé.,To enrich,Other,,,No immediate action,
AMETRA INTEGRATION,,France,PARIS,,Eurosatory 2026 Catalog,D,New,Qualifier l'activité avant tout pitch ciblé.,To enrich,Other,,,No immediate action,
AMEXCI,,Suède,Örebro,,Eurosatory 2026 Catalog,D,New,Qualifier l'activité avant tout pitch ciblé.,To enrich,Other,,,No immediate action,
AMGPRO,https://www.amgpro.fr/,France,OSNY,,Eurosatory 2026 Catalog,D,New,Qualifier l'activité avant tout pitch ciblé.,To enrich,Other,,,No immediate action,
Amicell - Amit Industries Ltd,http://www.amicell.co.il/,Israël,ASHDOD,https://www.linkedin.com/company/amit-industries/,Eurosatory 2026 Catalog,A,New,"Fournisseur de batteries, moteurs, optronique, RF, composites pour fabricants UAV.","Searching for Home? AMICELL is the right place! Standard and custom-made battery packs, chargers, led lights and more! Enter our site now!",UAV / drones,Naval defense; Dual-use technology,,Contact sales team and qualify need,
AMMUNITY SIA,http://ammunity.com/,Lettonie,Mārupes novads,https://www.linkedin.com/company/ammunityeu/,Eurosatory 2026 Catalog,B,New,"Matériaux énergétiques, mécanique, packaging, certification.","AMMUNITY is a part of Scandinavian Astor Group AB (shares listed on regulated market). Founded in 2014, it is a company of national security significance to ...",Ammunition,Homeland security,,Review website and validate opportunity,
AMPHENOL,http://amphenol.com/products/,France,THYEZ,https://www.linkedin.com/company/amphenol,Eurosatory 2026 Catalog,D,New,Qualifier l'activité avant tout pitch ciblé.,To enrich,Other,,,No immediate action,
AMPHINICY TECHNOLOGIES,https://amphinicy.com/,Luxembourg,Contern,,Eurosatory 2026 Catalog,B,New,"RF, crypto, certification interopérabilité pour radios tactiques.",Software Solutions and Products for the Satellite Industry,Communications,Naval defense; Cybersecurity,,Review website and validate opportunity,
Amprius Technologies,https://amprius.com/,États-Unis,Fremond,,Eurosatory 2026 Catalog,D,New,Qualifier l'activité avant tout pitch ciblé.,To enrich,Other,,,No immediate action,
AMZ-KUTNO S.A.,https://www.amz.pl/,Pologne,KUTNO,,Eurosatory 2026 Catalog,D,New,Qualifier l'activité avant tout pitch ciblé.,"Korzystając z niej wyrażasz zgodę na wykorzystywanie cookies, zgodnie z ustawieniami Twojej przeglądarki.",Other,,,No immediate action,
ANDAR ELECTROMECHANICAL SYSTEMS,https://www.andar.com.tr/,Turquie,ANKARA,https://www.linkedin.com/company/15195916,Eurosatory 2026 Catalog,A,New,"Front-ends RF, processeurs, mécanique de précision pour fabricants radars.",This is the homepage of the website,Radar / sensors,Logistics / MRO,,Contact sales team and qualify need,
ANDRITZ Schuler Pressen GmbH,http://www.schulergroup.com/,Allemagne,GÖPPINGEN,https://www.linkedin.com/company/andritz-schuler,Eurosatory 2026 Catalog,B,New,"Outils SOC/SIEM, brique de sécurité défensive pour vendeur cyber.","Funded in 1839, ANDRITZ Schuler is market leader for press technologies. As part of ANDRITZ we offer global expertise: Ammunition:90–155mm shell body turnkey...",Cybersecurity,Armored vehicles; Ammunition,,Review website and validate opportunity,
ANELLO Photonics,https://anellophotonics.com/,États-Unis,SANTA CLARA,https://www.linkedin.com/company/anellophotonics,Eurosatory 2026 Catalog,B,New,"Capteurs, payloads optroniques, communications pour plateformes ISR.",Introducing SIPHOG™ - World’s first integrated silicon photonic optical gyroscope that's redefining navigation across industries.,Intelligence / ISR,Land defense; Naval defense,,Review website and validate opportunity,
ANG SARL,http://www.ang.lu/,Luxembourg,Ellange-Gare,https://www.linkedin.com/company/108560243,Eurosatory 2026 Catalog,B,New,"Amplis RF, processeurs signal, embarqué, antennes pour EW.","ANG is a high-precision manufacturing partner for defence and aerospace, combining CNC machining, advanced surface treatments, and full process integration. ...",Electronic warfare,Logistics / MRO,,Review website and validate opportunity,
"ANHUI YAOFENG RADAR TECHNOLOGY CO., LTD",http://www.yaofengradar.com/,Chine,HEFEI,,Eurosatory 2026 Catalog,B,New,Vend une brique du chain detection-effector aux primes anti-drone.,"Yaofeng Radar has been deeply engaged in surveillance radars and integrated defense systems, continuously expanding its market presence. Its shipment volume ...",Counter-UAV,Naval defense; Homeland security,,Review website and validate opportunity,
ANMOPYC,http://www.anmopyc.es/,Espagne,ZARAGOZA,https://www.linkedin.com/company/anmopyces/posts/?feedView=all,Eurosatory 2026 Catalog,B,New,"Composants, sous-systèmes, software, services pour primes C4ISR.","Spanish manufacturers Association for construction, public works and mining equipment. More than 150 manufacturing companies for the following sectors: Earth...",C4ISR,Export / distribution,,Review website and validate opportunity,
ANOVA R&D TECHNOLOGIES,http://www.anova.com.tr/,Turquie,ANKARA,https://www.linkedin.com/company/anova-arge,Eurosatory 2026 Catalog,C,New,"Vend des sous-systèmes / composants à un OEM construisant Radars, Logistics equipment.","Anova R&D is a leading company in defense and aviation, delivering Environmental Control Systems (ECS), Fuel Systems, and Power Electronics Systems. By devel...",Radar / sensors,,,Keep in watchlist,
A-NSE,https://www.a-nse.com/,France,POURRIÈRES,http://fr.linkedin.com/company/a-nse,Eurosatory 2026 Catalog,A,New,"Capteurs, payloads optroniques, communications pour plateformes ISR.","Airborne & Stratospheric Systems & Services For Your Missions : Tethered balloons, E-VTOL / Airships, Stratospheric balloons. Designs, manufactures, integrateand operates Aerostats",Intelligence / ISR,Naval defense; Homeland security,,Contact sales team and qualify need,
Ansys,https://www.ansys.com/,France,MONTIGNY LE BRETONNEUX,https://www.linkedin.com/company/ansys-inc,Eurosatory 2026 Catalog,B,New,"Radars, sonars, comms, armement, sustainment pour primes navals.",Ansys engineering simulation and 3D design software delivers product modeling solutions with unmatched scalability and a comprehensive multiphysics foundation.,Naval defense,Cybersecurity; UAV / drones,,Review website and validate opportunity,
ANTARES FRANCE,http://www.antares-france.com/,France,MER,,Eurosatory 2026 Catalog,C,New,"Matières premières, outils coupants, services qualité pour sous-traitants.","Antares France - Société spécialisée dans la mécanique de précision : Qualité, Aéronautique, Défense, Marine, Nucléaire, Médecine",Industrial subcontracting,,,Keep in watchlist,
ANY-SHAPE,https://www.any-shape.com/,Belgique,VILLERS LE BOUILLET,https://www.linkedin.com/company/any-shape/,Eurosatory 2026 Catalog,A,New,"Textiles, composites, optronique, énergie pour kits soldat.","AnyShape provide 3D Additive Manufacturing Services for industrial applications in metal & plastics. Offices in Belgium, France & Germany.",Soldier systems,Logistics / MRO; Engineering services,,Contact sales team and qualify need,
AP LUX,http://www.ap-lux.com/,Luxembourg,Luxembourg,,Eurosatory 2026 Catalog,A,New,"Fournisseur de batteries, moteurs, optronique, RF, composites pour fabricants UAV.",AP LUX technologies is an engineering-driven industrial company focused on the development and industrialisation of advanced electromechanical and propulsion...,UAV / drones,Logistics / MRO; Dual-use technology,,Contact sales team and qualify need,
APAVE,,France,COURBEVOIE,,Eurosatory 2026 Catalog,D,New,Qualifier l'activité avant tout pitch ciblé.,To enrich,Other,,,No immediate action,
APEM,https://www.apem.com/,France,BOULOGNE-BILLANCOURT,https://www.linkedin.com/company/apem-group,Eurosatory 2026 Catalog,A,New,"Composants, sous-systèmes, software, services pour primes C4ISR.","Vous rêvez d’une IHM entièrement personnalisée ? APEM conçoit et fabrique des produits IHM, notamment des boutons poussoirs, des interrupteurs à levier, des voyants LED, des panneaux de commande et des joysticks...",C4ISR,UAV / drones; Armored vehicles,,Contact sales team and qualify need,
AP-FLYER MADDOS,http://www.maddos.com/,Pologne,WARSAW,https://www.linkedin.com/company/ap-flyer/,Eurosatory 2026 Catalog,A,New,"Amplis RF, processeurs signal, embarqué, antennes pour EW.","We deliver advanced IT, telecom, and security solutions designed for defense, government and critical infrastructure operators. MADDOS C‑UAS: A multi‑sensor...",Electronic warfare,Naval defense; Homeland security,,Contact sales team and qualify need,
APPI -TECHNOLOGY SAS,https://www.appi-technology.com/,France,NÎMES,https://www.linkedin.com/company/appi-technology/,Eurosatory 2026 Catalog,A,New,"RF, crypto, certification interopérabilité pour radios tactiques.",Hands-free communication solutions for professionals in high risk and high-noise environments. Work safer with our Full-Duplex radio systems.,Communications,Homeland security; Armored vehicles,,Contact sales team and qualify need,
Appian,http://appian.com/,France,BOULOGNE-BILLANCOURT,https://www.linkedin.com/company/appian/,Eurosatory 2026 Catalog,A,New,"Threat intel, hardware appliances, cloud souverain, audits.",Appian provides process automation technology. We automate complex processes in large enterprises and governments. Our platform is known for its unique relia...,Cybersecurity,Homeland security; AI / data,,Contact sales team and qualify need,
APPLICATIONS COMPOSITES,https://www.applicationscomposites.fr/,France,AUBIGNY,,Eurosatory 2026 Catalog,C,New,"Matières premières, outils coupants, services qualité pour sous-traitants.",To enrich,Industrial subcontracting,Logistics / MRO; Engineering services,,Keep in watchlist,
"APPLIED RESEARCH ASSOCIATES, INC.",http://ara.com/,États-Unis,"ALBUQUERQUE, NM",https://www.linkedin.com/company/ara,Eurosatory 2026 Catalog,B,New,"Composites, capteurs, comms, lancement pour primes spatiaux.","Applied Research Associates, Inc. is a 100% employee-owned technology solutions company that provides innovative products and services across defense, energy...",Space / satellite,Land defense; Naval defense,,Review website and validate opportunity,
AQ TECH,https://www.aq-tech.fr/fr/contact/,France,Sillingy,https://www.linkedin.com/company/aq-tech/,Eurosatory 2026 Catalog,B,New,"Front-ends RF, processeurs, mécanique de précision pour fabricants radars.","Get in touch with AQ-Tech — a multidisciplinary engineering firm in France specializing in product design, prototyping, and industrialization. Let's bring your ideas to life!",Radar / sensors,Logistics / MRO; Engineering services,,Review website and validate opportunity,
AQLE,https://www.aqle.fr/,France,SAINT-JUST-EN-CHAUSSÉE,https://www.linkedin.com/company/aqle,Eurosatory 2026 Catalog,B,New,Canal de distribution / représentation pour notre portefeuille.,AQLElectronique - Subcontracting Electronic Assemblies,Logistics / MRO,Export / distribution,,Review website and validate opportunity,
AQUA MANIA,https://www.top-star.fr/,France,MARCHEPRIME,,Eurosatory 2026 Catalog,C,New,"Textiles, composites, optronique, énergie pour kits soldat.","Bienvenue sur TopStar, votre marque de référence pour les combinaisons et accessoires de plongée haut de gamme depuis plus de 50 ans.",Soldier systems,Engineering services,,Keep in watchlist,
AQUITAINE ELECTRONIQUE (AECEGROUP),https://www.aece-group.com/,France,Serres-Castet,http://www.linkedin.com/company/aquitaineelectronique,Eurosatory 2026 Catalog,B,New,"Radars, sonars, comms, armement, sustainment pour primes navals.","AECE Group des solutions personnalisées, grâce à une équipe d’ingénieurs et de techniciens compétents et motivés au service d'industriels exigeants",Naval defense,Intelligence / ISR; Radar / sensors,,Review website and validate opportunity,
ARAGON HUB DEFENSE,http://www.aragonexterior.es/,Espagne,ZARAGOZA,https://www.linkedin.com/company/aragon-exterior/posts/?feedView=all,Eurosatory 2026 Catalog,C,New,"Vend des sous-systèmes / composants à un OEM construisant Logistics equipment, Software / Platforms.",Agency of the Government of Aragon for the promotion of Aragonese companies abroad,Other,,,Keep in watchlist,
ARAGON PHOTONICS LABS,https://www.aragonphotonics.com/,Espagne,Zaragoza,https://www.linkedin.com/company/aragon-photonics/,Eurosatory 2026 Catalog,B,New,"Textiles, composites, optronique, énergie pour kits soldat.",Discover Aragon Photonics: leading provider of DAS interrogators using Chirped-pulse phase-OTDR tech for high-quality data capture.,Soldier systems,Naval defense; Optics / optronics,,Review website and validate opportunity,
Arbit Cyber Defence Systems,http://arbitcds.com/,Danemark,Hvidovre,https://www.linkedin.com/company/3032697,Eurosatory 2026 Catalog,A,New,"Composants, sous-systèmes, software, services pour primes C4ISR.","Arbit Cyber Defence Systems, based in Copenhagen, Denmark, was founded in 2006 and is a 100% Danish owned company with development and production in Denmark....",C4ISR,Cybersecurity; Optics / optronics,,Contact sales team and qualify need,
ArcelorMittal Commercial Sections S.A.,https://www.arcelormittal.com/,Luxembourg,Esch-sur-Alzette,,Eurosatory 2026 Catalog,D,New,Qualifier l'activité avant tout pitch ciblé.,To enrich,Other,,,No immediate action,
Arctus Technologies,https://www.arctus.ai/,Pays-Bas,SON EN BREUGEL,https://www.linkedin.com/company/arctus-technologies/posts,Eurosatory 2026 Catalog,B,New,"Fournisseur de batteries, moteurs, optronique, RF, composites pour fabricants UAV.","Important: You will not be able to style for example ""All Links"" in Designer with this CSS applied.",UAV / drones,Radar / sensors; Logistics / MRO,,Review website and validate opportunity,
Ares Shield AI,https://aresshield.ai/about-us/,Pologne,WROCLAW,,Eurosatory 2026 Catalog,A,New,"Capteurs, payloads optroniques, communications pour plateformes ISR.","ARES represents the first European project focused on active orbital defense and multi-domain HPM protection.This home-grown innovation addresses a strategic gap – previously, Allies relied on either kinetic missile defenses or non-European…",Intelligence / ISR,Naval defense; C4ISR,,Contact sales team and qualify need,
ARESIA,http://www.aresia.com/,France,VILLENEUVE LA GARENNE,https://www.linkedin.com/company/aresia/,Eurosatory 2026 Catalog,B,New,"Fournisseur de batteries, moteurs, optronique, RF, composites pour fabricants UAV.",ARESIA est un partenaire majeur des grandes entreprises et des organismes étatiques de l’aéronautique civile et de défense.,UAV / drones,Land defense; Naval defense,,Review website and validate opportunity,
Arge Robotik,http://www.argerobotik.com/,Turquie,ÇEKMEKÖY,https://www.linkedin.com/company/arge-robotik,Eurosatory 2026 Catalog,B,New,"Vend des sous-systèmes / composants à un OEM construisant Robotics / UGV, Software / Platforms.","Arge Robotik is a leading supplier of machinery for small-caliber ammunition manufacturing, offering customized robotic and automation solutions tailored to ...",Ammunition,,,Review website and validate opportunity,
Argus Interception,https://www.argus-interception.com/,Allemagne,ROTENBURG/WÜMME,https://www.linkedin.com/company/argus-interception/,Eurosatory 2026 Catalog,B,New,"Capteurs, payloads optroniques, communications pour plateformes ISR.","Entdecken Sie die A1-FALKE Netzabfangdrohne von Argus Interception. Die Lösung für den Schutz von Flughäfen, Industrie und Behörden. Made in Germany.",Intelligence / ISR,Homeland security; UAV / drones,,Review website and validate opportunity,
ARIA SEPROLEC GROUP,http://www.aria-seprolec.fr/,France,VIRE,https://www.linkedin.com/company/aria-seprolec/,Eurosatory 2026 Catalog,B,New,"Pièces de rechange, calibration, certification pour acteurs MRO.","Seprolec has been supporting high-reliability electronics players for over 50 years, from co-engineering and industrialization (DFx) through assembly, testin...",Logistics / MRO,Engineering services,,Review website and validate opportunity,
ArianeGroup,https://www.ariane.group/,France,LES MUREAUX,https://www.linkedin.com/company/arianegroup/,Eurosatory 2026 Catalog,A,New,"Composites, capteurs, comms, lancement pour primes spatiaux.","Pioneering the European way to space, for people’s well-being and security.",Space / satellite,Naval defense; C4ISR,,Contact sales team and qualify need,
Ark Robotics,http://ark-robotics.com/,Estonie,TALLINN,https://www.linkedin.com/company/arkrobotics,Eurosatory 2026 Catalog,A,New,"Amplis RF, processeurs signal, embarqué, antennes pour EW.","Founded in 2024, Ark Robotics is a technology company building core infrastructure for mass autonomous robotics and collaborative autonomy. Its flagship prod...",Electronic warfare,Cybersecurity; Intelligence / ISR,,Contact sales team and qualify need,
ARMATAN,http://armatan.com/,France,Sainte-Hélène-du-Lac,https://www.linkedin.com/company/armatan-sas,Eurosatory 2026 Catalog,A,New,"Front-ends RF, processeurs, mécanique de précision pour fabricants radars.","ARMATAN (35 ans d’expertise, 1000+ projets) présente SEAMEN, solution de pointe pour tester les centrales de navigation. Alliant analyse et simulation de pr...",Radar / sensors,Logistics / MRO,,Contact sales team and qualify need,
ARMMO,https://www.armmo.es/,Espagne,MADRID,,Eurosatory 2026 Catalog,B,New,"Capteurs, payloads optroniques, communications pour plateformes ISR.","ARMMO Defense Technologies designs and manufactures advanced autonomous systems, pioneering the future of unmanned vehicle technology with precision, reliability, and next-generation defense solutions.",Intelligence / ISR,Naval defense; UAV / drones,,Review website and validate opportunity,
ARMOUR PLATE PROCESSING,http://www.mtladv.com/,Royaume-Uni,ROTHERHAM,,Eurosatory 2026 Catalog,C,New,Vend des sous-systèmes / composants à un OEM construisant Vehicles.,"MTL Advanced is a leading contract manufacturer specialising in armour components for civilian and military vehicles, as well as infrastructure protection. ...",Dual-use technology,,,Keep in watchlist,
ARMOURED VEHICLES NIGAM LIMITED,https://avnl.co.in/,Inde,Chennai,https://www.linkedin.com/in/armoured-vehicles-nigam-limited-careers-page-88744337b/,Eurosatory 2026 Catalog,B,New,"Vend des sous-systèmes / composants à un OEM construisant Vehicles, Engines / propulsion.",Skip to main content Armoured Vehicles Nigam Limited A Government of India Enterprise CIN :U35990TN2021GOI145504,Land defense,Air defense; Armored vehicles,,Review website and validate opportunity,
Armsto,http://www.armsto.com.tr/,Turquie,ANKARA,https://tr.linkedin.com/company/armsto,Eurosatory 2026 Catalog,D,New,Canal de distribution / représentation pour notre portefeuille.,Armsto is a manufacturer specializing in high-performance connectors and cable harness solutions for defense and aerospace applications. With strong engineer...,Export / distribution,,,No immediate action,
ARMTEK,https://armtek.fr/,France,STRASBOURG,https://www.linkedin.com/company/38084632/admin/feed/posts/,Eurosatory 2026 Catalog,B,New,"Threat intel, hardware appliances, cloud souverain, audits.","Simplifiez vos systèmes complexes, accélérez vos opérations, gagnez en efficience et capitalisez sur vos données : automatisez les processus complexes pour gagner du temps et éliminer les coûts indirects; fluidifiez la collaboration entre l…",Cybersecurity,Radar / sensors; Logistics / MRO,,Review website and validate opportunity,
ARMY RECOGNITION GROUP,http://www.armyrecognition.com/,Belgique,ANDENNE,,Eurosatory 2026 Catalog,A,New,"Amplis RF, processeurs signal, embarqué, antennes pour EW.",To enrich,Electronic warfare,Land defense; Air defense,,Contact sales team and qualify need,
ARNOLD MAGNETIC TECHNOLOGIES,https://www.arnoldmagnetics.com/,États-Unis,ROCHESTER,https://www.linkedin.com/company/87842,Eurosatory 2026 Catalog,A,New,"Composites, capteurs, comms, lancement pour primes spatiaux.","We are a leading magnet manufacturer of high-quality permanent magnets, magnetic assemblies, precision thin metals, flexible composites, and electromagnets.",Space / satellite,Naval defense; UAV / drones,,Contact sales team and qualify need,
ARQUIMEA,https://www.arquimea.com/,Espagne,Torrejón de Ardoz,https://www.linkedin.com/company/arquimea-group/,Eurosatory 2026 Catalog,A,New,"Composites, capteurs, comms, lancement pour primes spatiaux.","We solve society's problems through science and technology, developing products and solutions for our customers. Find out more!",Space / satellite,C4ISR; UAV / drones,,Contact sales team and qualify need,
ARQUUS,http://www.arquus-defense.com/,France,78000,https://www.linkedin.com/company/arquus-defense,Eurosatory 2026 Catalog,A,New,"Amplis RF, processeurs signal, embarqué, antennes pour EW.","Military vehicles & Armory Personnal Carrier | ARQUUS : Combination of Renault Trucks Defense, Acmat & Panhard |",Electronic warfare,Land defense; Homeland security,,Contact sales team and qualify need,
Arrow Electronics,https://arrow.com/,France,CLAMART,,Eurosatory 2026 Catalog,D,New,Qualifier l'activité avant tout pitch ciblé.,To enrich,Other,,,No immediate action,
Arrow Switzerland S.à.r.l.,http://www.kevlar.com/,Suisse,MEYRIN,,Eurosatory 2026 Catalog,D,New,Qualifier l'activité avant tout pitch ciblé.,To enrich,Other,,,No immediate action,
Arsenal 2000 JSCo,https://www.arsenal-bg.com/,Bulgarie,KAZANLAK,,Eurosatory 2026 Catalog,D,New,Qualifier l'activité avant tout pitch ciblé.,To enrich,Other,,,No immediate action,
ART CONCEPT COMPOSITES,http://www.art-concept.fr/,France,LAVAL CEDEX 9,https://fr.linkedin.com/company/artconceptcomposites,Eurosatory 2026 Catalog,D,New,Qualifier l'activité avant tout pitch ciblé.,To enrich,Other,,,No immediate action,
ART TECH,http://www.art-tech-france.fr/,France,VINEUIL,,Eurosatory 2026 Catalog,B,New,Activité à qualifier — discovery call avant pitch précis.,"Installée à Vineuil, à proximité de Blois (41) en Centre-Val de Loire, l’entreprise ART-TECH est certifiée ISO 9001 / EN 9100. Un atelier de 2250m2 entièrem...",Other,,,Review website and validate opportunity,
Artillerie Inrichtingen Armaments,https://ai-armaments.com/,Pays-Bas,TILBURG,https://www.linkedin.com/in/gerardzondervan/,Eurosatory 2026 Catalog,A,New,"Fournisseur de RF, radars, optronique et embarqués pour stacks anti-drone.",To enrich,Counter-UAV,Homeland security; UAV / drones,,Contact sales team and qualify need,
ARTLIGHT,https://www.powerondrone.com/index.php?route=product/category&path=17_59,Pologne,WARSAW,,Eurosatory 2026 Catalog,C,New,Sub-system / payload pour OEM drones tactiques.,Drony przemysłowe,UAV / drones,,,Keep in watchlist,
ARX Robotics GmbH,https://www.arx-robotics.com/,Allemagne,Oberding,https://www.linkedin.com/company/arx-robotics/,Eurosatory 2026 Catalog,A,New,"Capteurs, payloads optroniques, communications pour plateformes ISR.","ARX Robotics develops next-generation autonomous systems made in Europe — delivering scalable, mission-ready solutions that enhance defense, logistics, and operational resilience.",Intelligence / ISR,Land defense; UAV / drones,,Contact sales team and qualify need,
ARX Robotics GmbH,http://www.arx-robotics.com/,Allemagne,Oberding,https://www.linkedin.com/company/arx-robotics/,Eurosatory 2026 Catalog,A,New,"Capteurs, payloads optroniques, communications pour plateformes ISR.",ARX Robotics develops software-centric systems for networked and autonomous unmanned vehicles. Its proprietary ARX Mithra OS turns new and legacy platforms i...,Intelligence / ISR,Land defense; UAV / drones,,Contact sales team and qualify need,
ASB AEROSPATIALE BATTERIES,http://www.asb-group.com/,France,BOURGES CEDEX,,Eurosatory 2026 Catalog,D,New,Qualifier l'activité avant tout pitch ciblé.,To enrich,Other,,,No immediate action,
ASCENDANCE FLIGHT TECHNOLOGIES,https://www.ascendance-ft.com/,France,TOULOUSE,https://www.linkedin.com/company/ascendance-ft/,Eurosatory 2026 Catalog,A,New,Sub-system / payload pour OEM drones tactiques.,Decarbonizing air transport with hybrid electric propulsion technology and sustainable aircraft.,UAV / drones,Simulation / training; Logistics / MRO,,Contact sales team and qualify need,
Ascent Lumina SIA,https://www.ascentlumina.com/,Lettonie,Riga,,Eurosatory 2026 Catalog,D,New,Qualifier l'activité avant tout pitch ciblé.,To enrich,Other,,,No immediate action,
Aselsan,http://www.aselsan.com/,Turquie,ANKARA,,Eurosatory 2026 Catalog,D,New,Qualifier l'activité avant tout pitch ciblé.,"{""props"":{""pageProps"":{""locale"":""tr""},""__N_SSG"":true},""page"":""/[locale]"",""query"":{""locale"":""tr""},""buildId"":""IlAEIUKwvxkfOEY6PA8pp"",""isFallback"":false,""gsp"":true,""scriptLoader"":[]}",Other,,,No immediate action,
ASGARD MOTORS,https://www.asgard-motors.fr/,France,SAINT JEAN LE BLANC,https://www.linkedin.com/company/asgard-motors/,Eurosatory 2026 Catalog,B,New,"Vend des sous-systèmes / composants à un OEM construisant Logistics equipment, Engines / propulsion.","Asgard la marque de quads 100% électrique, puissant, silencieux et tout-terrain",Logistics / MRO,Homeland security,,Review website and validate opportunity,
ASHOKA MANUFACTURING PVT LTD,https://www.notavailable.net/,Inde,KOLKATA,,Eurosatory 2026 Catalog,D,New,Qualifier l'activité avant tout pitch ciblé.,To enrich,Other,,,No immediate action,
ASMAN TECHNOLOGY,,France,CLICHY,,Eurosatory 2026 Catalog,D,New,Qualifier l'activité avant tout pitch ciblé.,To enrich,Other,,,No immediate action,
"ASPEN WATER, INC.",https://www.aspenwater.com/,États-Unis,RICHARDSON,,Eurosatory 2026 Catalog,B,New,"Front-ends RF, processeurs, mécanique de précision pour fabricants radars.","Aspen Water, Inc. is an industry-leading technological innovator in the design, manufacture and distribution of the world’s most compact and effective portable water treatment systems.",Radar / sensors,Land defense; Naval defense,,Review website and validate opportunity,
ASSEMBLICS,https://www.assemblics.com/,Belgique,HARELBEKE,https://www.linkedin.com/company/assemblics/,Eurosatory 2026 Catalog,B,New,"Front-ends RF, processeurs, mécanique de précision pour fabricants radars.",Assemblics is an EMS specialized in testing and assembling complex printed circuit boards and finished products.,Radar / sensors,Logistics / MRO,,Review website and validate opportunity,
ASTECH PARIS REGION,http://www.pole-astech.org/,France,LE BOURGET,https://www.linkedin.com/company/18361791,Eurosatory 2026 Catalog,D,New,Qualifier l'activité avant tout pitch ciblé.,To enrich,Other,,,No immediate action,
ASTERODYN,http://www.asterodyn.com/,France,HAUTEVILLE,https://www.linkedin.com/company/asterodyn/,Eurosatory 2026 Catalog,B,New,"Amplis RF, processeurs signal, embarqué, antennes pour EW.","ASTERODYN stands out for its ability to design ultra-fast, highly agile drones tailored for demanding operational environments. The company combines innovati...",Electronic warfare,Intelligence / ISR; C4ISR,,Review website and validate opportunity,
Astrolight,https://astrolightspace.com/,Lituanie,VILNIUS,https://lt.linkedin.com/in/laurynas-maciulis,Eurosatory 2026 Catalog,A,New,"Amplis RF, processeurs signal, embarqué, antennes pour EW.",Replacing conventional radio 2024-09 Astrolight Selected Among Top 10 Defence Innovators to Join Phase II of NATO DIANA Astrolight moves forward in NATO’s DIANA by pioneering laser communication for terrestrial and space-borne defence. This…,Electronic warfare,Naval defense; Counter-UAV,,Contact sales team and qualify need,
Astronics,https://www.astronics.com/,États-Unis,East Aurora,https://www.linkedin.com/company/astronics,Eurosatory 2026 Catalog,B,New,"Capteurs, payloads optroniques, communications pour plateformes ISR.","Global provider of power, connectivity, lighting, interiors, structures, and test solutions for aerospace, defense, semiconductor, and other mission-critical industries.",Intelligence / ISR,C4ISR; Ammunition,,Review website and validate opportunity,
ASTURIAS HUB DEFENSA,https://www.asturiashubdefensa.com/,Espagne,"Gijón, Asturias",https://www.linkedin.com/company/asturiashubdefensa/,Eurosatory 2026 Catalog,B,New,Sub-system / payload pour OEM drones tactiques.,Asociación empresarial de tecnología de Asturias para el desarrollo de la industria de defensa. Asturias Hub Defensa.,UAV / drones,Ammunition,,Review website and validate opportunity,
ATDI,https://www.atdi.com/,Royaume-Uni,LONDON,https://www.linkedin.com/company/14433686,Eurosatory 2026 Catalog,A,New,"Capteurs, payloads optroniques, communications pour plateformes ISR.",A global leader in the development & implementation of spectrum engineering & automated spectrum management solutions for civil and defence markets.,Intelligence / ISR,Naval defense; Cybersecurity,,Contact sales team and qualify need,
Atech - Embraer Group,http://www.atech.com.br/,Brésil,SAO PAULO SP,,Eurosatory 2026 Catalog,A,New,"Capteurs, payloads optroniques, communications pour plateformes ISR.","ATECH, a company belonging to the Embraer Group, certified as an EED (Strategic Defense Enterprise), develops high-tech solutions for defense and public safe...",Intelligence / ISR,Air defense; Naval defense,,Contact sales team and qualify need,
ATELIER BELGIUM COATINGS,https://www.belgium-coatings.be/,Belgique,GRACE-HOLLOGNE,https://www.linkedin.com/company/belgium-coatings-sa/,Eurosatory 2026 Catalog,C,New,"Outils CAD, simulation, certification pour bureau d'études.",To enrich,Engineering services,,,Keep in watchlist,
ATERMES SAS,https://www.atermes.fr/fr/,France,MONTIGNY LE BRETONNEUX,https://fr.linkedin.com/company/atermes,Eurosatory 2026 Catalog,B,New,"Capteurs, payloads optroniques, communications pour plateformes ISR.",To enrich,Intelligence / ISR,UAV / drones; Optics / optronics,,Review website and validate opportunity,
ATEŞÇİ ENGINEERING,https://www.atesci.com/,Turquie,ANKARA,https://tr.linkedin.com/company/atesci,Eurosatory 2026 Catalog,C,New,"Pièces de rechange, calibration, certification pour acteurs MRO.",MACHINERY | AMMO LINE | TOOLING,Logistics / MRO,,,Keep in watchlist,
ATI DEFENSE,http://www.atimaterials.com/,États-Unis,ARLINGTON,https://www.linkedin.com/company/atimaterials,Eurosatory 2026 Catalog,A,New,"Threat intel, hardware appliances, cloud souverain, audits.","ATI is a global producer of high-performance materials for aerospace, defense, and specialty energy markets. ATI manufactures titanium, nickel alloys, specia...",Cybersecurity,Land defense; Naval defense,,Contact sales team and qualify need,
ATL EUROPA,https://www.atleuropa.es/,Espagne,MADRID,https://www.linkedin.com/company/atleuropa/,Eurosatory 2026 Catalog,C,New,"Fournisseur de batteries, moteurs, optronique, RF, composites pour fabricants UAV.","En ATL Europa somos especialistas en telecomunicaciones, con soluciones profesionales en bandas HF, VHF, UHF, SHF, EHF, para los sectores industrial, militar, naval y aeroespacial.",UAV / drones,,,Keep in watchlist,
Atlantic Data Center,https://atlanticdc.es/,Espagne,LAS PALMAS DE GRAN CANARIA,,Eurosatory 2026 Catalog,A,New,"Moteurs, composites, plaques balistiques, optronique, comms pour OEM blindés.","High-performance military wheels engineered for combat vehicles, armored units, and tactical trucks. Battlefield-tested durability and precision.",Armored vehicles,Naval defense; Weapons,,Contact sales team and qualify need,
Atlas Aerospace Ltd.,https://www.atlasuas.com/,Lettonie,RIGA,https://www.linkedin.com/company/atlasuas,Eurosatory 2026 Catalog,A,New,"Amplis RF, processeurs signal, embarqué, antennes pour EW.","Atlas redefines drone operations with its smart and cost-effective “teammates”; fleets of robust UAS that fly automatically collaboratively, and provide decision-making support solution for security and first respond professional, enabling …",Electronic warfare,Cybersecurity; C4ISR,,Contact sales team and qualify need,
ATOS,http://atos.net/fr/,France,Bezons,https://www.linkedin.com/company/atos,Eurosatory 2026 Catalog,B,New,"Front-ends RF, processeurs, mécanique de précision pour fabricants radars.",We support the armed forces and defense actors in their digital transformation with secure solutions tailored to sovereign environments. From design to ope...,Radar / sensors,Logistics / MRO; Engineering services,,Review website and validate opportunity,
ATREYD,https://www.atreyd.com/,France,BORMES-LES-MIMOSAS,https://www.linkedin.com/company/atreyd/,Eurosatory 2026 Catalog,B,New,"Capteurs, payloads optroniques, communications pour plateformes ISR.","Many talk about them as a future concept, something that… ATREYD Non classé 27 Sep 2025 Why Europe Needs ATREYD Drone Wall Technology Amid Increasing Russian Incursions Europe faces a rapidly evolving security environment. ATREYD Analysis 2…",Intelligence / ISR,Land defense; Homeland security,,Review website and validate opportunity,
ATS - GROUPE AGS,https://www.groupe-ags.com/,France,SEZANNE,,Eurosatory 2026 Catalog,D,New,Qualifier l'activité avant tout pitch ciblé.,To enrich,Other,,,No immediate action,
ATS GROUP,http://www.ats.com.mk/,Macedonia,SKOPJE,https://www.linkedin.com/company/atsgroup-mk/,Eurosatory 2026 Catalog,A,New,"Textiles, composites, optronique, énergie pour kits soldat.","ATS Group is a defense manufacturing company based in North Macedonia, operating four specialized production facilities focused on advanced solutions for the...",Soldier systems,Land defense; Homeland security,,Contact sales team and qualify need,
ATTAX,http://www.attax.com/,France,SAINT AOUSTRILLE,,Eurosatory 2026 Catalog,D,New,Qualifier l'activité avant tout pitch ciblé.,To enrich,Other,,,No immediate action,
AUBE ELECTRONIQUE,,France,ST THIBAULT,,Eurosatory 2026 Catalog,D,New,Qualifier l'activité avant tout pitch ciblé.,To enrich,Other,,,No immediate action,
AUBERT & DUVAL,http://www.aubertduval.com/,France,PARIS,https://www.linkedin.com/company/aubert-&-duval,Eurosatory 2026 Catalog,D,New,Qualifier l'activité avant tout pitch ciblé.,To enrich,Other,,,No immediate action,
AUMOVIO France S.A.S,http://engineering-solutions.aumovio.com/,France,Toulouse,https://linkedin.com/company/aumovio-engineering-solutions,Eurosatory 2026 Catalog,B,New,"Front-ends RF, processeurs, mécanique de précision pour fabricants radars.","With over two decades of automotive engineering excellence, AUMOVIO Engineering Solutions delivers mission-ready solutions for defense and security. Its 1,60...",Radar / sensors,Naval defense; Cybersecurity,,Review website and validate opportunity,
AUNAV,https://www.aunav.com/,Espagne,Binefar,,Eurosatory 2026 Catalog,D,New,Qualifier l'activité avant tout pitch ciblé.,To enrich,Other,,,No immediate action,
AURA AERO,http://www.aura-aero.com/,France,CUGNAUX,https://www.linkedin.com/company/aura-aero,Eurosatory 2026 Catalog,B,New,"Composants, sous-systèmes, software, services pour primes C4ISR.","AURA AERO designs and manufactures a new generation of sovereign aircraft in France, driven by innovation, industrial excellence and a strong commitment to d...",C4ISR,Intelligence / ISR; UAV / drones,,Review website and validate opportunity,
AUSA (Association of the US Army),http://www.ausa.org/,États-Unis,ARLINGTON,,Eurosatory 2026 Catalog,D,New,Qualifier l'activité avant tout pitch ciblé.,To enrich,Other,,,No immediate action,
Australian Pavilion,https://www1.defence.gov.au/,Australie,ACT,,Eurosatory 2026 Catalog,D,New,Qualifier l'activité avant tout pitch ciblé.,To enrich,Other,,,No immediate action,
AUSTRIAN DEFENCE & SECURITY INDUSTRY GROUP,https://www.wko.at/asw,Autriche,VIENNE,,Eurosatory 2026 Catalog,D,New,Qualifier l'activité avant tout pitch ciblé.,To enrich,Other,,,No immediate action,
"AUTEL ROBOTICS CO., LTD.",https://www.autelrobotics.com/,Chine,SHENZHEN,,Eurosatory 2026 Catalog,D,New,Qualifier l'activité avant tout pitch ciblé.,"We can't connect to the server for this app or website at this time. If you provide content to customers through CloudFront, you can find steps to troubleshoot and help prevent this error by reviewing the CloudFront documentation. Generated…",Other,,,No immediate action,
AUTOFLUG,http://www.autoflug.de/,Allemagne,RELLINGEN,https://www.linkedin.com/company/autoflug-gmbh/,Eurosatory 2026 Catalog,A,New,"Front-ends RF, processeurs, mécanique de précision pour fabricants radars.","for more than 100 years, the name AUTOFLUG has been inseparably linked to land, water and air rescue and safety of people. We feel obliged to continue the se...",Radar / sensors,Land defense; Armored vehicles,,Contact sales team and qualify need,
AUTOLIFT,https://www.autolift.info/,Autriche,ELIXHAUSEN,,Eurosatory 2026 Catalog,B,New,"Vend des sous-systèmes / composants à un OEM construisant Logistics equipment, Vehicles.","Alle Beiträge Unternehmen Die eigentümergeführte Firma Autolift GmbH – kurz Autolift – entwickelt, produziert, vertreibt und serviciert Hebeanlagen für den Automotive Bereich den Schienenfahrzeugsektor sowie für industrielle Anwendungen sei…",Logistics / MRO,,,Review website and validate opportunity,
AUTONOMOUS GUARD,http://www.aguard-sys.com/,Israël,KFAR SABA,https://www.linkedin.com/company/109766290/admin/dashboard/,Eurosatory 2026 Catalog,A,New,"Amplis RF, processeurs signal, embarqué, antennes pour EW.","Autonomous Guard (A-Guard) a publicly listed defense group listed on the Tel Aviv Stock Exchange (TASE) focuses on border, critical-infrastructure protection...",Electronic warfare,Air defense; Naval defense,,Contact sales team and qualify need,
Auxsys GmbH,https://auxsys.com/,Allemagne,AACHEN,,Eurosatory 2026 Catalog,B,New,Module IA / fusion de données pour intégration dans la stack du client.,Supported by and working with AUXSYS GmbH Jülicher Str. 209s 52070 Aachen +49 (0) 176 24980202 info@auxsys.com Wir stellen ein! JOBS Supported by and working with AUXSYS GmbH Jülicher Str. 209s 52070 Aachen +49 (0) 176 24980202 info@auxsys.…,AI / data,Electronic warfare; Simulation / training,,Review website and validate opportunity,
AVANTIS,http://avantis-group.com/,France,GRASSE,https://www.linkedin.com/company/groupeavantis,Eurosatory 2026 Catalog,B,New,"Front-ends RF, processeurs, mécanique de précision pour fabricants radars.","Established in 2002, AVANTIS is a mechanical engineering group specializing in the aerospace, space, defense, naval, automotive, energy, railway, wood, and f...",Radar / sensors,Logistics / MRO; Engineering services,,Review website and validate opportunity,
AVANTIX,http://avantix.net/,France,AIX EN PROVENCE,,Eurosatory 2026 Catalog,D,New,Qualifier l'activité avant tout pitch ciblé.,To enrich,Other,,,No immediate action,
AVEC CHEM S.R.O.,http://www.avec.cz/,République tchèque,PRELOUC,,Eurosatory 2026 Catalog,D,New,Qualifier l'activité avant tout pitch ciblé.,"AVEC CHEM designs, develops and manufactures personal and collective protective equipment against chemical, biological and radioactive substances. AVECH CH...",Other,,,No immediate action,
"Aveo Engineering Group, s.r.o.",https://aveoengineering.com/,République tchèque,DRÁSOV,,Eurosatory 2026 Catalog,D,New,Qualifier l'activité avant tout pitch ciblé.,To enrich,Other,,,No immediate action,
"AviaNera Technologies, a.s.",http://avianeratech.com/,République tchèque,Praha 8,https://linkedin.com/company/avianera-technologies/,Eurosatory 2026 Catalog,B,New,Vend une brique du chain detection-effector aux primes anti-drone.,AviaNera Technologies a.s. is a dynamically growing company specializing in the development and production of technologies for unmanned aerial systems (UAS)....,Counter-UAV,Naval defense; UAV / drones,,Review website and validate opportunity,
AVL LIST GMBH,http://www.avl.com/,Autriche,GRAZ,,Eurosatory 2026 Catalog,D,New,Qualifier l'activité avant tout pitch ciblé.,To enrich,Other,,,No immediate action,
Avnon Enterprise Ltd,https://www.avnongroup.com/,Israël,KFAR SABA,,Eurosatory 2026 Catalog,A,New,"Capteurs, payloads optroniques, communications pour plateformes ISR.","Avnon Group is a global provider of integrated defence and homeland security solutions, supporting governments, ministries of defence, homeland security agencies, law enforcement, and system integrators in securing borders, critical infrast…",Intelligence / ISR,Land defense; Naval defense,,Contact sales team and qualify need,
Avon Protection,https://www.avon-protection.com/,Royaume-Uni,WILTSHIRE,,Eurosatory 2026 Catalog,D,New,Qualifier l'activité avant tout pitch ciblé.,To enrich,Other,,,No immediate action,
AVT EUROPE (NV),https://www.actemium.be/fr/segments-marche/solutions-de-manutention/solutions/,Belgique,ESSEN,,Eurosatory 2026 Catalog,D,New,Qualifier l'activité avant tout pitch ciblé.,To enrich,Other,,,No immediate action,
AWG TECH,http://awgtech.fr/,France,Trappes,https://www.linkedin.com/in/frédéric-geoffroy-0888bb146,Eurosatory 2026 Catalog,C,New,"Outils CAD, simulation, certification pour bureau d'études.",AWG TECH specializes in the design and manufacture of military electrical harnesses to meet the needs of defense professionals. With a strong emphasis on spe...,Engineering services,Air defense,,Keep in watchlist,
AX Group,https://www.ax-group.com/fr/,France,Bailleul,,Eurosatory 2026 Catalog,D,New,Qualifier l'activité avant tout pitch ciblé.,To enrich,Other,,,No immediate action,
AXNES AS,http://www.axnes.com/,Norvège,GRIMSTAD,https://www.linkedin.com/company/axnes/,Eurosatory 2026 Catalog,D,New,Qualifier l'activité avant tout pitch ciblé.,Axnes specializes in supplying advanced and highly durable Wireless Intercommunication Systems to be used under harsh operating conditions on various platfor...,Other,,,No immediate action,
AXON,http://www.axon.com/fr,France,PARIS,https://fr.linkedin.com/showcase/axon-france/,Eurosatory 2026 Catalog,B,New,"Fournisseur de batteries, moteurs, optronique, RF, composites pour fabricants UAV.","Axon is a global public safety technology leader on a mission to Protect Life. We connect people, data and devices to help agencies operate safely and effect...",UAV / drones,Homeland security; Cybersecurity,,Review website and validate opportunity,
Axon' Cable,http://www.axon-cable.com/,France,MONTMIRAIL,,Eurosatory 2026 Catalog,D,New,Qualifier l'activité avant tout pitch ciblé.,To enrich,Other,,,No immediate action,
AZUR DRONES,https://www.azurdrones.com/,France,Mérigna,,Eurosatory 2026 Catalog,A,New,"Fournisseur de batteries, moteurs, optronique, RF, composites pour fabricants UAV.","Azur Drones has become a trusted drone-in-a-box solution leader for surveillance, inspection, and aerial measurements. They trust Azur Drones Interested by our skeyetech E2 solution? contact our team Made in France Designed and manufactured…",UAV / drones,Ammunition; Optics / optronics,,Contact sales team and qualify need,
B Medical Systems,http://www.bmedicalsystems.com/,Luxembourg,Hosingen,https://www.linkedin.com/company/b-medical-systems/,Eurosatory 2026 Catalog,A,New,"Front-ends RF, processeurs, mécanique de précision pour fabricants radars.","B Medical Systems, based in Luxembourg, is a global leader in medical refrigeration solutions. For more than 40 years, we have delivered reliable, high‑perfo...",Radar / sensors,Armored vehicles; Logistics / MRO,,Contact sales team and qualify need,
B&T Composites,https://www.btcomposites.gr/,Grèce,FLORINA,https://www.linkedin.com/company/101398294,Eurosatory 2026 Catalog,B,New,"Fournisseur de batteries, moteurs, optronique, RF, composites pour fabricants UAV.","Thermoplastic Composites with AFp Using Automated Fiber Placement (AFP) technology, B&T Composites manufactures thermoplastic composite parts designed for aerospace structures with fast production cycles and weldability. With a focus on dur…",UAV / drones,Naval defense; Armored vehicles,,Review website and validate opportunity,
B&TAG,https://www.bt-ag.ch/,Suisse,Thun,,Eurosatory 2026 Catalog,D,New,Qualifier l'activité avant tout pitch ciblé.,To enrich,Other,,,No immediate action,
B.E. Meyers & Co. Inc,http://www.bemeyers.com/,États-Unis,Redmond,https://www.linkedin.com/company/be-meyers/,Eurosatory 2026 Catalog,B,New,"Textiles, composites, optronique, énergie pour kits soldat.",B.E. Meyers & Co. is an ISO 9001:2014-certified manufacturer of advanced photonic systems and warfighter solutions. Specializing in infrared and visible lase...,Soldier systems,Land defense; Homeland security,,Review website and validate opportunity,
B.R. PRECISION (nom commercial),https://www.brprecision.fr/,France,VILLERS COTTERETS,https://www.linkedin.com/company/bernard-ressorts02600/,Eurosatory 2026 Catalog,B,New,"Matières premières, outils coupants, services qualité pour sous-traitants.",Notre PME développe avec le temps son expertise dans la tôlerie fine et extra-fine . Notre évolution continue avec le développement de nos capacités dimensionnelles sur certains types de produits. Allant toujours plus loin dans notre envie …,Industrial subcontracting,Air defense; Ballistic protection,,Review website and validate opportunity,
B.R.C,https://brc.bzh/,France,Le Pertre,,Eurosatory 2026 Catalog,D,New,Qualifier l'activité avant tout pitch ciblé.,To enrich,Other,,,No immediate action,
B.S.N. BALLABIO SRL,https://www.bsn.it/,Italie,CELLATICA,,Eurosatory 2026 Catalog,D,New,Qualifier l'activité avant tout pitch ciblé.,To enrich,Other,,,No immediate action,
BABCOCK INTERNATIONAL,https://www.babcockinternational.com/,Royaume-Uni,WEST MIDLANDS,,Eurosatory 2026 Catalog,D,New,Qualifier l'activité avant tout pitch ciblé.,To enrich,Other,,,No immediate action,
BACHMANN RDS,http://bachmannrds.com/,France,MORNAC,https://www.linkedin.com/company/bachmannrds,Eurosatory 2026 Catalog,D,New,Qualifier l'activité avant tout pitch ciblé.,To enrich,Other,,,No immediate action,
Backer HTF-Heating Technologies France,https://backerhtf.fr/,France,BRON,https://www.linkedin.com/company/backer-htf-heating-technologies-france/?viewAsMember=true,Eurosatory 2026 Catalog,B,New,"Capteurs, payloads optroniques, communications pour plateformes ISR.",BACKER HTF est le bureau commercial Français du Groupe BACKER (NIBE Element) . 1er fabricant mondial des résistances électriques chauffantes. Certifications internationales : Conformité avec les normes ISO 9001 (qualité) et ISO 14001 (envir…,Intelligence / ISR,Ammunition; Soldier systems,,Review website and validate opportunity,
BAE SYSTEMS,http://www.baesystems.com/,Royaume-Uni,CAMBERLEY,https://www.linkedin.com/company/bae-systems,Eurosatory 2026 Catalog,D,New,Qualifier l'activité avant tout pitch ciblé.,"At BAE Systems, we provide some of the world’s most advanced, technology-led defence, aerospace and security solutions. We employ a skilled workforce of arou...",Other,,,No immediate action,
BAGALU,https://www.bagalu.fr/,France,PRIVAS,,Eurosatory 2026 Catalog,D,New,Qualifier l'activité avant tout pitch ciblé.,To enrich,Other,,,No immediate action,
BALTIC INSTITUTE OF ADVANCED TECHNOLOGY (BPTI),https://www.bpti.lt/,Lituanie,VILNIUS,,Eurosatory 2026 Catalog,D,New,Qualifier l'activité avant tout pitch ciblé.,To enrich,Other,,,No immediate action,
BALTIC VIPER,https://balticviper.com/,Lituanie,KAUNAS,,Eurosatory 2026 Catalog,D,New,Qualifier l'activité avant tout pitch ciblé.,To enrich,Other,,,No immediate action,
Banque Européenne d'Investissement,https://www.eib.org/fr/index.htm,Luxembourg,Luxembourg,,Eurosatory 2026 Catalog,D,New,Qualifier l'activité avant tout pitch ciblé.,To enrich,Other,,,No immediate action,
BARBAS ET PLAILLY,http://www.fonderie-barbas.com/,France,MONTOIRE SUR LE LOIR,,Eurosatory 2026 Catalog,D,New,Qualifier l'activité avant tout pitch ciblé.,To enrich,Other,,,No immediate action,
"BARRETT FIREARMS MANUFACTURING, INC.",http://www.barrett.net/,États-Unis,MURFREESBORO,,Eurosatory 2026 Catalog,D,New,Qualifier l'activité avant tout pitch ciblé.,To enrich,Other,,,No immediate action,
BARRON INDUSTRIES,https://www.barron-industries.com/,États-Unis,OXFORD,,Eurosatory 2026 Catalog,D,New,Qualifier l'activité avant tout pitch ciblé.,To enrich,Other,,,No immediate action,
BARTEZ GLASS,https://www.bartez.com.tr/,Turquie,BURSA,,Eurosatory 2026 Catalog,B,New,"Vend des sous-systèmes / composants à un OEM construisant Vehicles, Ballistic protection.","It's time to take a step towards the security of the future. window.dataLayer = window.dataLayer || []; function gtag(){dataLayer.push(arguments);} gtag('js', new Date()); gtag('config', 'G-8KZ61M6QVM'); .sosyal:hover{ background:#019EC9; b…",Armored vehicles,Homeland security; Ballistic protection,,Review website and validate opportunity,
BASE A.Ş.,http://www.basestudio.com.tr/,Turquie,KOCAELI,https://www.linkedin.com/company/base-studio,Eurosatory 2026 Catalog,A,New,"Vend des sous-systèmes / composants à un OEM construisant Vehicles, Logistics equipment.","Founded by the shareholders of BRIST Axle, a leading Italian axle and gearbox manufacturer, BASE Studio Arge Teknoloji ve Sanayi A.Ş. was established in 2016...",Weapons,Ammunition; Ballistic protection,,Contact sales team and qualify need,
Basemark,http://www.basemark.com/,Finlande,Helsinki,https://www.linkedin.com/company/basemarkltd/,Eurosatory 2026 Catalog,A,New,"Textiles, composites, optronique, énergie pour kits soldat.","Basemark is a leading provider of software and tooling solutions for professional AR and HMI development in complex, real‑time defense environments. Our Rock...",Soldier systems,Land defense; Cybersecurity,,Contact sales team and qualify need,
BATTOCCHIO,https://www.battocchio.com/,Italie,CASTELFRANCO VENETO,,Eurosatory 2026 Catalog,D,New,Qualifier l'activité avant tout pitch ciblé.,To enrich,Other,,,No immediate action,
BAUMERT,http://www.baumert.fr/,France,SCHAEFFERSHEIM,https://www.linkedin.com/company/baumert/,Eurosatory 2026 Catalog,B,New,"Amplis RF, processeurs signal, embarqué, antennes pour EW.","With 90 years of industrial heritage, Baumert Defence & Security engineers and manufactures mission-critical access protection solutions for the world's most...",Electronic warfare,Ammunition; Radar / sensors,,Review website and validate opportunity,
Bavarian Pavilion,http://www.bayern-international.de/,Allemagne,OHLSTADT,https://www.instagram.com/bayerninternational,Eurosatory 2026 Catalog,D,New,Qualifier l'activité avant tout pitch ciblé.,"Welcome to BAVARIA At our joint company stand, you can meet Bavarian companies and discover more about the latest developments, technologies and services. W...",Other,,,No immediate action,
Bayraktar Grubu,http://www.bayraktar.com/,Turquie,ISTANBUL,https://www.linkedin.com/company/bayraktar-holding/posts/?feedView=all,Eurosatory 2026 Catalog,D,New,Qualifier l'activité avant tout pitch ciblé.,"Through its subsidiaries Ege Endüstri, Ege Fren, and EAT Ege Araç Teknolojileri A.Ş., the company designs, manufactures, and sells components and systems for...",Other,,,No immediate action,
b-b systemtechnik GmbH,http://www.bbsystemtechnik.de/,Allemagne,DUISBURG,,Eurosatory 2026 Catalog,D,New,Qualifier l'activité avant tout pitch ciblé.,To enrich,Other,,,No immediate action,
BBS Automation GmbH,http://www.bbsautomation.com/,Allemagne,Freiberg am Neckar,,Eurosatory 2026 Catalog,D,New,Qualifier l'activité avant tout pitch ciblé.,To enrich,Other,,,No immediate action,
BCA BALLISTIC PROTECTION - BCA TÊXTIL LTDA,http://www.bcaballisticprotection.com.br/,Brésil,SÃO JOSÉ DOS CAMPOS - SP,,Eurosatory 2026 Catalog,C,New,"Vend des sous-systèmes / composants à un OEM construisant Soldier equipment, Ballistic protection.",Comercial Servi�o de Atendimento ao Cliente Imprensa Marketing Mensagem: Trabalhe Conosco. Tel.: +55-12 3903-9933 Fax.: +55-12 3966-6365 E-Mail: Telefone: Empresa: Assunto: Área : Selecione... Antes mesmo de tornar-se um dos l�deres na fabr…,Soldier systems,Ballistic protection,,Keep in watchlist,
BEAMSHOT/QUARTON USA,https://www.beamshot.com/,États-Unis,ROWLAND HEIGHTS,,Eurosatory 2026 Catalog,D,New,Qualifier l'activité avant tout pitch ciblé.,To enrich,Other,,,No immediate action,
bebob defense - a division of bebob factory GmbH,http://www.bebob-defense.de/,Allemagne,München,https://www.linkedin.com/company/bebob-factory/,Eurosatory 2026 Catalog,B,New,"Vend des sous-systèmes / composants à un OEM construisant Software / Platforms, Robotics / UGV.","Batteries made in Germany Since 1995, our Munich-based battery manufactory has built a reputation as a premium provider of high-performance energy solutions...",Other,,,Review website and validate opportunity,
BEFPI,https://www.befpi.com/,France,SOMMECAISE,,Eurosatory 2026 Catalog,D,New,Qualifier l'activité avant tout pitch ciblé.,To enrich,Other,,,No immediate action,
Be-Ge Seating A/S,https://seating.be-ge.com/,Danemark,FRØSTRUP,https://www.linkedin.com/company/33514035/,Eurosatory 2026 Catalog,D,New,Qualifier l'activité avant tout pitch ciblé.,"This website is using a security service to protect itself from online attacks. The action you just performed triggered the security solution. Sorry, you have been blocked You are unable to access be-ge.com Why have I been blocked?",Other,,,No immediate action,
BEIJING LIZHENG TECHNOLOGY INC.,http://en.lizhengtech.com/,Chine,BEIJING,,Eurosatory 2026 Catalog,D,New,Qualifier l'activité avant tout pitch ciblé.,To enrich,Other,,,No immediate action,
"BEIJING MKST TECHNOLOGY CO.,LTD",http://www.mkst.cn/,Chine,BEIJING,,Eurosatory 2026 Catalog,C,New,"Vend des sous-systèmes / composants à un OEM construisant Soldier equipment, Ballistic protection.","Overview Established 10+ years, specializing in bulletproof helmets, body armor & inserts. Operates two plants over 12,000 m². Capacity Advanced machinery: a...",Soldier systems,Ballistic protection,,Keep in watchlist,
"Beijing Ribri Technology Co.,Ltd.",https://www.ribri.com/,Chine,BEIJING,,Eurosatory 2026 Catalog,D,New,Qualifier l'activité avant tout pitch ciblé.,To enrich,Other,,,No immediate action,
BEIJING TONGYIZHONG NEW MATERIAL TECHNOLOGY CORPORATION,http://www.bjtyz.com/,Chine,BEIJING,,Eurosatory 2026 Catalog,D,New,Vend des sous-systèmes / composants à un OEM construisant Logistics equipment.,"TYZ is established in 1999 with a registeredcapital of CNY 224.67 million. TYZ specializes in R&D, manufacturing and selling of UHMWPE fiber and its composit...",Other,,,No immediate action,
Bel (Cinch Connectivity Solutions),http://www.cinch.com/,Royaume-Uni,CHELMSFORD,https://www.linkedin.com/showcase/cinch-connectivity-solutions/,Eurosatory 2026 Catalog,D,New,Qualifier l'activité avant tout pitch ciblé.,"Bel, including its Cinch Connectivity Solutions brand, designs, manufactures, and markets critical electronic components, systems, and solutions for aerospac...",Other,,,No immediate action,
Belina d.o.o.,http://www.belina.com/,Croatie,Krapinske Toplice,https://hr.linkedin.com/company/belina,Eurosatory 2026 Catalog,B,New,"Composites, capteurs, comms, lancement pour primes spatiaux.","Belina d.o.o. develops advanced technical textile solutions for the defense and security sector, with a focus on reliability in the most demanding conditions...",Space / satellite,Air defense; Logistics / MRO,,Review website and validate opportunity,
BELL,https://www.bellflight.com/,États-Unis,FORT WORTH,,Eurosatory 2026 Catalog,D,New,Qualifier l'activité avant tout pitch ciblé.,To enrich,Other,,,No immediate action,
Belleville Boot Company,http://www.bellevilleboot.com/,États-Unis,BELLEVILLE,,Eurosatory 2026 Catalog,C,New,Vend des sous-systèmes / composants à un OEM construisant Naval systems.,"Founded in 1904, Belleville Boot Company is the oldest and largest U.S. military boot manufacturer. We specialize in producing high-performance, durable foo...",Naval defense,Homeland security,,Keep in watchlist,
BELSS,http://www.belss.lv/,Lettonie,LATVIA,https://www.linkedin.com/company/belss,Eurosatory 2026 Catalog,B,New,"RF, crypto, certification interopérabilité pour radios tactiques.","As a premier systems integrator for over three decades, BELSS delivers customized military solutions that span from camp infrastructure and vehicle equipment...",Communications,Land defense; UAV / drones,,Review website and validate opportunity,
BENELLI ARMI,http://www.benellidefense.com/,Italie,URBINO (PESARO),,Eurosatory 2026 Catalog,B,New,"Vend des sous-systèmes / composants à un OEM construisant Ammunition, UAV / drones.","The worldwide reference in tactical shotguns, whether pump - action or semi - auto. Benelli has been selected by the most elite units around the world with t...",Land defense,Homeland security; UAV / drones,,Review website and validate opportunity,
BERETTA (FABBRICA D’ARMI PIETRO BERETTA),http://www.berettadefense.com/,Italie,GARDONE VALTROMPIA,,Eurosatory 2026 Catalog,B,New,"Verre spécial, détecteurs, mécanique de précision pour optronique.","Beretta, the world’s oldest (officially documented since 1526) and largest manufacturer of small arms, is a long-term partner of many international defense a...",Optics / optronics,Homeland security; Weapons,,Review website and validate opportunity,
Beretta Defense Technologies (BDT),http://berettadefensetechnologies.com/,Italie,GARDONE VAL TROMPIA  - BRESCIA,,Eurosatory 2026 Catalog,A,New,"Fournisseur de RF, radars, optronique et embarqués pour stacks anti-drone.",Beretta Defense Technologies (BDT) is the strategic alliance of Beretta Holding companies engaged in supporting the Defense and Law Enforcement community thr...,Counter-UAV,Land defense; Homeland security,,Contact sales team and qualify need,
BERNIER,https://www.bernier.tm.fr/,France,SAINT-MICHEL-SUR-ORGE.,,Eurosatory 2026 Catalog,D,New,Qualifier l'activité avant tout pitch ciblé.,To enrich,Other,,,No immediate action,
Bertel O. Steen Defence & Security AB,http://www.bosdefence.se/,Suède,Stockholm,,Eurosatory 2026 Catalog,D,New,Qualifier l'activité avant tout pitch ciblé.,Bertel O. Steen Defence & Security (BOSDS) is an established actor in the defence and security sector in the Nordic region. The company represents internatio...,Other,,,No immediate action,
Bertin Environics,http://www.environics.fi/,Finlande,Mikkeli,https://www.linkedin.com/company/bertin-environics/,Eurosatory 2026 Catalog,A,New,"Capteurs, payloads optroniques, communications pour plateformes ISR.","Bertin Environics, part of Bertin Technologies Group, is a Finnish company with nearly 40 years of experience from improving CBRN safety around the world wit...",Intelligence / ISR,Land defense; Naval defense,,Contact sales team and qualify need,
Bertin Exensor,https://www.exensor.com/,Suède,Lund,,Eurosatory 2026 Catalog,D,New,Qualifier l'activité avant tout pitch ciblé.,To enrich,Other,,,No immediate action,
Bertin Technologies,http://www.bertin-technologies.com/,France,MONTIGNY LE BRETONNEUX,https://www.linkedin.com/company/bertin-technologies,Eurosatory 2026 Catalog,D,New,Qualifier l'activité avant tout pitch ciblé.,To enrich,Other,,,No immediate action,
BERTRANDT,https://www.bertrandt.com/en/,France,VÉLIZY-VILLACOUBLAY,,Eurosatory 2026 Catalog,D,New,Qualifier l'activité avant tout pitch ciblé.,To enrich,Other,,,No immediate action,
BESSIN RECTIFICATION,,France,SAINT-MARTIN-DES-ENTREES,,Eurosatory 2026 Catalog,D,New,Qualifier l'activité avant tout pitch ciblé.,To enrich,Other,,,No immediate action,
Beth-El Industries,http://beth-el.eu/,Allemagne,MUNICH,,Eurosatory 2026 Catalog,B,New,"Vend des sous-systèmes / composants à un OEM construisant Vehicles, Simulators / Training.","Founded in 1974, Beth-El Industries is a leading designer and manufacturer of CBRN air filtration and air treatment products, trusted worldwide for expertise...",Armored vehicles,Land defense; Simulation / training,,Review website and validate opportunity,
Beyond Electric d.o.o.,https://www.beyondmotors.io/,Slovénie,NOTRANJE GORICE,https://www.linkedin.com/in/domen-kocevar-beyond-motors/,Eurosatory 2026 Catalog,B,New,"Vend des sous-systèmes / composants à un OEM construisant Engines / propulsion, Vehicles.",POWERED BY CERTIFICATE About E-motors Gallery Contact Power Calc. Configure Motor beyond’s axial flux product line - the axm series POWERED BY CERTIFICATE Careers E-motors Gallery Contact Power Calc.,Logistics / MRO,Export / distribution,,Review website and validate opportunity,
Beyond Vision,https://beyond-vision.com/,Portugal,LISBON,,Eurosatory 2026 Catalog,D,New,Qualifier l'activité avant tout pitch ciblé.,To enrich,Other,,,No immediate action,
BeyondComposite,http://www.beyondcomposite.com/,Portugal,VILA NOVA DE GAIA,https://www.linkedin.com/company/beyondcompositee,Eurosatory 2026 Catalog,B,New,"Textiles, composites, optronique, énergie pour kits soldat.","BeyondComposite develops and manufactures advanced composite materials for high-demand applications, focusing on the design of protection solutions for syste...",Soldier systems,Homeland security; Optics / optronics,,Review website and validate opportunity,
BEYRIA,http://www.beyria-emballages.com/,France,YGOS-SAINT-SATURNIN,https://www.linkedin.com/company/100594994/,Eurosatory 2026 Catalog,D,New,Qualifier l'activité avant tout pitch ciblé.,To enrich,Other,,,No immediate action,
BHARAT ELECTRONICS LTD,https://www.bel-india.in/,Inde,NEW DELHI,,Eurosatory 2026 Catalog,B,New,"Capteurs, payloads optroniques, communications pour plateformes ISR.","Vigilance Complaints Vigilance Complaint Status BEL Superannuation Pension Scheme Public Grievances How do I Find? Add tabindex=""0"" to <div class=""elementor-tab-title""> $('.elementor-tab-title').attr('tabindex', '0'); // 3. Target the Eleme…",Intelligence / ISR,Air defense; Naval defense,,Review website and validate opportunity,
BHC Gummi-Metall GmbH - Part of RUPF Industries,http://www.rupf-industries.com/,Allemagne,MECKENHEIM,https://www.linkedin.com/company/rupf-industries-gruppe/,Eurosatory 2026 Catalog,D,New,Qualifier l'activité avant tout pitch ciblé.,"BHC Gummi-Metall GmbH, based in Meckenheim near Bonn, is part of the RUPF Industries Group and specializes in technically advanced rubber-metal connections a...",Other,,,No immediate action,
BHE Ltd.,http://bhe-corp.com/,Hongrie,BUDAPEST,https://www.linkedin.com/company/bhebonn,Eurosatory 2026 Catalog,B,New,"Amplis RF, processeurs signal, embarqué, antennes pour EW.","BHE Ltd. develops high-performance RF and microwave solutions for space, defence and critical communication systems. Since 1991, we have delivered more than ...",Electronic warfare,UAV / drones; Communications,,Review website and validate opportunity,
Biemmedue spa,http://www.biemmedue.com/,Italie,CHERASCO,,Eurosatory 2026 Catalog,D,New,Qualifier l'activité avant tout pitch ciblé.,To enrich,Other,,,No immediate action,
Biesterfeld SE,https://www.biesterfeld.com/,Allemagne,HAMBURG,,Eurosatory 2026 Catalog,D,New,Qualifier l'activité avant tout pitch ciblé.,To enrich,Other,,,No immediate action,
BILLARD ENGRENAGES,https://billard-engrenages.fr/,France,PONT-SALOMON,,Eurosatory 2026 Catalog,D,New,Qualifier l'activité avant tout pitch ciblé.,To enrich,Other,,,No immediate action,
BINAS DD BUGOJNO,https://www.binas.com.ba/,Bosnia and Herzegovina,BUGOJNO,,Eurosatory 2026 Catalog,D,New,Qualifier l'activité avant tout pitch ciblé.,To enrich,Other,,,No immediate action,
BINDER,https://www.binder-world.com/,Allemagne,TUTTLINGEN,https://www.linkedin.com/company/binder-gmbh/,Eurosatory 2026 Catalog,A,New,"Capteurs, payloads optroniques, communications pour plateformes ISR.","Continuer la lecture Voir tous les actualités Plus qu'un produit : Votre solution complète de BINDER Avec BINDER, vous obtenez plus que des chambres de simulation de haute qualité : vous obtenez une solution complète et bien intégrée qui re…",Intelligence / ISR,Homeland security; Simulation / training,,Contact sales team and qualify need,
BINZ Automotive,https://www.binz-automotive.com/,Allemagne,ILMENAU,,Eurosatory 2026 Catalog,D,New,Qualifier l'activité avant tout pitch ciblé.,To enrich,Other,,,No immediate action,
BIOEX,https://www.bio-ex.com/fr/,France,Sainte-Consorce,,Eurosatory 2026 Catalog,D,New,Qualifier l'activité avant tout pitch ciblé.,To enrich,Other,,,No immediate action,
BITTIUM,http://www.bittium.com/,Finlande,OULU,,Eurosatory 2026 Catalog,D,New,Qualifier l'activité avant tout pitch ciblé.,To enrich,Other,,,No immediate action,
Black Bruin Oy,,Finlande,Jyväskylä,,Eurosatory 2026 Catalog,D,New,Qualifier l'activité avant tout pitch ciblé.,To enrich,Other,,,No immediate action,
Black Hawk Defence Ltd,http://www.blackhawkdefence.co.uk/,Royaume-Uni,GLOUCESTER,,Eurosatory 2026 Catalog,A,New,"Vend des sous-systèmes / composants à un OEM construisant Vehicles, UAV / drones.","Black Hawk Defence Ltd is a leading provider of military and security drone solutions, specialising in advanced technologies such as fibre optic anti jamming...",Air defense,UAV / drones; Armored vehicles,,Contact sales team and qualify need,
Blaschke J.,http://www.blaschke.com/,Autriche,VIENNA,https://www.linkedin.com/company/blaschke-wehrtechnik,Eurosatory 2026 Catalog,C,New,Vend des sous-systèmes / composants à un OEM construisant NRBC / CBRN.,"J. Blaschke Wehrtechnik GmbH is a Vienna-based family business specialising in CBRN protective equipment, technical textiles, and customised transport soluti...",NRBC / CBRN,,,Keep in watchlist,
Bliss Munitions Europe,http://www.blissmunitions-eu.com/,États-Unis,KENTWOOD,https://www.linkedin.com/company/bliss-munitions-europe/,Eurosatory 2026 Catalog,B,New,Canal de distribution / représentation pour notre portefeuille.,Bliss Munitions Equipment (BME) and Bliss Munitions Europe (BMEU) deliver turnkey ammunition manufacturing systems supporting MIL-SPEC defense programs acros...,Ammunition,Logistics / MRO; Export / distribution,,Review website and validate opportunity,
Block'Axess,https://www.blockaxess.com/,France,SAINT-ÉTIENNE,,Eurosatory 2026 Catalog,D,New,Qualifier l'activité avant tout pitch ciblé.,To enrich,Other,,,No immediate action,
Blücher GmbH,http://www.bluecher.com/,Allemagne,ERKRATH,https://www.linkedin.com/company/bl-cher-gmbh/,Eurosatory 2026 Catalog,B,New,"Vend des sous-systèmes / composants à un OEM construisant Soldier equipment, Logistics equipment.",BLÜCHER is the leading company in the development and production of adsorptive compound materials for protecting against chemical and biological warfare agen...,Soldier systems,Logistics / MRO; NRBC / CBRN,,Review website and validate opportunity,
Bluewater Sweden AB,http://bluewatergroup.com/,Suède,STOCKHOLM,,Eurosatory 2026 Catalog,D,New,Qualifier l'activité avant tout pitch ciblé.,To enrich,Other,,,No immediate action,
BMC OTOMOTIV SANAYI VE TICARET A.S.,https://bmc.com.tr/,Turquie,IZMIR,,Eurosatory 2026 Catalog,C,New,"Vend des sous-systèmes / composants à un OEM construisant Vehicles, Engines / propulsion.","MODELLER NEOPORT PROCITY NEOCITY KAMYON BMC TUĞRA, yüksek performanslı ve ekonomik; çekici, yol ve inşaat serileriyle her yükün altından başarıyla kalkıyor. MODELLER ÇEKİCİ SERİSİ YOL SERİSİ İNŞAAT SERİSİ BMC POWER BMC POWER, ülkemizin ihti…",Armored vehicles,,,Keep in watchlist,
BNP Paribas,https://mabanque.bnpparibas/,France,Paris,,Eurosatory 2026 Catalog,D,New,Qualifier l'activité avant tout pitch ciblé.,To enrich,Other,,,No immediate action,
BNT Tvornica masina i hidraulike d.d.,https://www.bnt-tmh.ba/,Bosnia and Herzegovina,NOVI TRAVNIK,,Eurosatory 2026 Catalog,D,New,Qualifier l'activité avant tout pitch ciblé.,To enrich,Other,,,No immediate action,
BODY ARMOR RECYCLER,http://www.body-armor-recycler.com/,France,FRESSE SUR MOSELLE,,Eurosatory 2026 Catalog,C,New,"Aramide, céramique, composites, certification balistique.","BODY ARMOR RECYCLER provides complete, safe and eco-friendly demilitarization solutions for your: -Outdated body armors -Personal Protective Equipments (law ...",Ballistic protection,Homeland security,,Keep in watchlist,
Boehringer / VDF Boehringer,https://www.ffg-ea.com/,Allemagne,Eislingen,,Eurosatory 2026 Catalog,D,New,Qualifier l'activité avant tout pitch ciblé.,To enrich,Other,,,No immediate action,
BOLD,http://boldtechnology.com/,Espagne,MONTMELO,https://www.linkedin.com/company/bold-valuable-technology-limited/,Eurosatory 2026 Catalog,D,New,Qualifier l'activité avant tout pitch ciblé.,"Born from Formula 1, BOLD is building the power operating system for the next generation of defence. Today, our technology is used from motorsport to milita...",Other,,,No immediate action,
BOOXit,https://www.booxit.at/,Autriche,FISCHLHAM,https://www.linkedin.com/in/peter-entenfellner-16a35a8a/,Eurosatory 2026 Catalog,C,New,"Vend des sous-systèmes / composants à un OEM construisant Software / Platforms, Logistics equipment.",To enrich,Logistics / MRO,,,Keep in watchlist,
Borovo d.d.,https://www.borovo.hr/,Croatie,Vukovar,,Eurosatory 2026 Catalog,D,New,Qualifier l'activité avant tout pitch ciblé.,To enrich,Other,,,No immediate action,
BörüCASE,https://www.borucase.com/,Turquie,SİVAS,,Eurosatory 2026 Catalog,D,New,Qualifier l'activité avant tout pitch ciblé.,To enrich,Other,,,No immediate action,
Bosch Engineering GmbH,http://www.bosch-engineering.com/,Allemagne,Abstatt,,Eurosatory 2026 Catalog,D,New,Qualifier l'activité avant tout pitch ciblé.,To enrich,Other,,,No immediate action,
Bosch Rexroth,http://www.boschrexroth.com/,Allemagne,LOHR AM MAIN,https://www.linkedin.com/company/bosch-rexroth/,Eurosatory 2026 Catalog,A,New,"GPUs, cloud, data annotation, hardening cyber pour plateforme IA.","Bosch Rexroth - Drive. Control. Protect. We are your strong partner for drive and control technology in the defense industry. For more than 40 years, we’ve b...",AI / data,Ammunition; Radar / sensors,,Contact sales team and qualify need,
Boston Dynamics,https://www.bostondynamics.com/,États-Unis,WALTHAM,,Eurosatory 2026 Catalog,D,New,Qualifier l'activité avant tout pitch ciblé.,To enrich,Other,,,No immediate action,
BOWAS-INDUPLAN CHEMIE GesmbH,,Autriche,Salzburg,,Eurosatory 2026 Catalog,D,New,Qualifier l'activité avant tout pitch ciblé.,To enrich,Other,,,No immediate action,
BPCE,https://www.groupebpce.com/,France,Paris,,Eurosatory 2026 Catalog,D,New,Qualifier l'activité avant tout pitch ciblé.,To enrich,Other,,,No immediate action,
Bpifrance,https://www.bpifrance.fr/,France,MAISONS-ALFORT,,Eurosatory 2026 Catalog,D,New,Qualifier l'activité avant tout pitch ciblé.,To enrich,Other,,,No immediate action,
"BR Industrial Textile, a.s.",,République tchèque,Ostrava,,Eurosatory 2026 Catalog,D,New,Qualifier l'activité avant tout pitch ciblé.,To enrich,Other,,,No immediate action,
Brasa Defence Systems,https://www.brasa.lv/,Lettonie,MARUPE,,Eurosatory 2026 Catalog,D,New,Qualifier l'activité avant tout pitch ciblé.,To enrich,Other,,,No immediate action,
BREN-TRONICS,http://www.bren-tronics.com/,France,PARIS,,Eurosatory 2026 Catalog,D,New,Qualifier l'activité avant tout pitch ciblé.,To enrich,Other,,,No immediate action,
BRIE CHAMPAGNE INDUSTRIE,http://www.bc-indus.fr/,France,BELLOT,,Eurosatory 2026 Catalog,D,New,Qualifier l'activité avant tout pitch ciblé.,To enrich,Other,,,No immediate action,
Brigade de sapeurs-pompiers de Paris,https://www.pompiersparis.fr/,France,PARIS,,Eurosatory 2026 Catalog,D,New,Qualifier l'activité avant tout pitch ciblé.,To enrich,Other,,,No immediate action,
Bron Technologies,,Pologne,Warsawa,,Eurosatory 2026 Catalog,D,New,Qualifier l'activité avant tout pitch ciblé.,To enrich,Other,,,No immediate action,
Broshuis B.V.,https://www.broshuis.com/,Pays-Bas,,,Eurosatory 2026 Catalog,B,New,"Moteurs, composites, plaques balistiques, optronique, comms pour OEM blindés.","News, blogs & Events Show more 24 November 2023, 10:00 New order for 557 low loaders for US Army This week, Broshuis B.V. received an order for 557 Medium Equipment Trailers (METs) for the US Department of Defence with a total value of $ 34…",Armored vehicles,Land defense; Naval defense,,Review website and validate opportunity,
BROSWARM,,Lituanie,Vilnius,,Eurosatory 2026 Catalog,D,New,Qualifier l'activité avant tout pitch ciblé.,To enrich,Other,,,No immediate action,
BROWNELL DIATERO,http://brownell.fr/,France,Neuilly-sur-Seine,,Eurosatory 2026 Catalog,D,New,Qualifier l'activité avant tout pitch ciblé.,To enrich,Other,,,No immediate action,
"BRP, INC.",http://www.brp.com/en/,Canada,PLANO,https://linkedin.com/company/brp,Eurosatory 2026 Catalog,B,New,"Vend des sous-systèmes / composants à un OEM construisant Engines / propulsion, Vehicles.","Building on BRP’s legacy as a global powersports leader, we design and manufacture both standard and purpose-built products for mission-critical operations. ...",Naval defense,Export / distribution,,Review website and validate opportunity,
Bruhn Newtech A/S,https://bruhn-newtech.com/,Danemark,KØBENHAVN,,Eurosatory 2026 Catalog,D,New,Qualifier l'activité avant tout pitch ciblé.,To enrich,Other,,,No immediate action,
BRUKER,http://www.bruker.com/detection,Allemagne,"ETTLINGEN, BADEN-WUERTTEMBERG",https://www.linkedin.com/company/bruker-optics/posts/?feedView=all,Eurosatory 2026 Catalog,B,New,"Pièces de rechange, calibration, certification pour acteurs MRO.",Bruker is recognised as the leading authority on detection and identification technologies that mitigate the threat from toxic agents and harmful materials.,Logistics / MRO,Homeland security; Export / distribution,,Review website and validate opportunity,
BRUNELLO,http://www.brunellospa.com/,Italie,BRUNELLO,,Eurosatory 2026 Catalog,D,New,Qualifier l'activité avant tout pitch ciblé.,To enrich,Other,,,No immediate action,
Bruns Exhibitions,https://www.bruns-messebau.de/,Allemagne,MUNICH,,Eurosatory 2026 Catalog,D,New,Qualifier l'activité avant tout pitch ciblé.,To enrich,Other,,,No immediate action,
BSE,https://www.bse-ambulances.com./,France,HENDAYE,,Eurosatory 2026 Catalog,D,New,Qualifier l'activité avant tout pitch ciblé.,To enrich,Other,,,No immediate action,
BT2i,https://www.bt2igroup.com/,France,MERIGNAC,,Eurosatory 2026 Catalog,D,New,Qualifier l'activité avant tout pitch ciblé.,To enrich,Other,,,No immediate action,
BTG Suisse AG,https://www.btg-suisse.ch/,Suisse,PRATTELN,,Eurosatory 2026 Catalog,B,New,"Radars, sonars, comms, armement, sustainment pour primes navals.",To enrich,Naval defense,Logistics / MRO; Export / distribution,,Review website and validate opportunity,
"BTRY.ENERGY"" LLC",https://btry.energy/en,Ukraine,KIEV,https://www.linkedin.com/company/btry-energy/,Eurosatory 2026 Catalog,A,New,"Vend des sous-systèmes / composants à un OEM construisant UAV / drones, Optronics / Optics.","Russia demonstrates the helplessness of air defense, Ukraine wants to produce 50,000 ground robots by 2026 BTRY.ENERGY offers news and articles in Ukrainian with a focus on preserving Ukrainian identity, citizens' rights, and t... 27.04.202…",Intelligence / ISR,Land defense; Air defense,,Contact sales team and qualify need,
Bulletliner France,https://www.bulletliner.fr/,France,CHASSIEU,https://www.linkedin.com/company/bullet-liner-france/,Eurosatory 2026 Catalog,D,New,Qualifier l'activité avant tout pitch ciblé.,To enrich,Other,,,No immediate action,
Business France,https://www.businessfrance.fr/,France,PARIS,,Eurosatory 2026 Catalog,D,New,Qualifier l'activité avant tout pitch ciblé.,To enrich,Other,,,No immediate action,
BUSINESS OULU / DEFTECH NORTH CLUSTER,https://www.businessoulu.com/tietoa-meista/ohjelmat-ja-hankkeet/deftech-cluster-north/,Finlande,OULU,,Eurosatory 2026 Catalog,D,New,Qualifier l'activité avant tout pitch ciblé.,To enrich,Other,,,No immediate action,
Büttner és Társai Szerszámelemgyártó és Kereskedelmi Ltd.,https://www.buttner.hu/hu,Hongrie,Nagyatád,,Eurosatory 2026 Catalog,D,New,Qualifier l'activité avant tout pitch ciblé.,To enrich,Other,,,No immediate action,
C.E. NIEHOFF & CO,http://www.ceniehoff.com/,États-Unis,EVANSTON ILLINOIS,,Eurosatory 2026 Catalog,D,New,Qualifier l'activité avant tout pitch ciblé.,To enrich,Other,,,No immediate action,
C.S.A. Construction Structures Aéronautiques,https://csa-creuzet.com/,France,MARMANDE,,Eurosatory 2026 Catalog,D,New,Qualifier l'activité avant tout pitch ciblé.,To enrich,Other,,,No immediate action,
CALCUB,https://www.calcub.com/,France,BERGERAC,,Eurosatory 2026 Catalog,D,New,Qualifier l'activité avant tout pitch ciblé.,To enrich,Other,,,No immediate action,
Calian,https://www.calian.com/,Canada,OTTAWA,https://www.linkedin.com/company/calian,Eurosatory 2026 Catalog,A,New,"Capteurs, payloads optroniques, communications pour plateformes ISR.","Introducing Calian VENTURES: Canada’s Defence Innovation Orchestrator. Headquartered in Ottawa, Canada, with over 6,000 people around the world, Calian’s solutions protect lives, strengthen security, foster global connectivity and drive eco…",Intelligence / ISR,Land defense; Naval defense,,Contact sales team and qualify need,
Calidus,,Émirats arabes unis,Abu Dhabi,,Eurosatory 2026 Catalog,D,New,Qualifier l'activité avant tout pitch ciblé.,To enrich,Other,,,No immediate action,
CALIP GROUP,http://www.calip-group.fr/,France,MOULT,https://www.linkedin.com/company/calip-group/,Eurosatory 2026 Catalog,B,New,"Composites, capteurs, comms, lancement pour primes spatiaux.","Calip Group is a multi-site mechanical equipment manufacturer specialized in precision machining of complex parts, component assembly, and tooling design and...",Space / satellite,Naval defense; Intelligence / ISR,,Review website and validate opportunity,
CALIPSO,https://seaeurope.eu/,Belgique,BRUXELLES,,Eurosatory 2026 Catalog,D,New,Qualifier l'activité avant tout pitch ciblé.,To enrich,Other,,,No immediate action,
Cambridge Aerospace,https://www.cambridgeaerospace.com/,Royaume-Uni,"LONDON,",,Eurosatory 2026 Catalog,D,New,Qualifier l'activité avant tout pitch ciblé.,To enrich,Other,,,No immediate action,
CAMBRIDGE PIXEL,http://cambridgepixel.com/,Royaume-Uni,HERTS,https://www.linkedin.com/company/cambridge-pixel,Eurosatory 2026 Catalog,A,New,"Amplis RF, processeurs signal, embarqué, antennes pour EW.","Cambridge Pixel radar, camera and sensor processing technology is used around the world by the defence, security and maritime sectors. We provide a wide rang...",Electronic warfare,Land defense; Air defense,,Contact sales team and qualify need,
CANADIAN ASSOCIATION OF DEFENCE AND SECURITY INDUS,http://www.defenceandsecurity.ca/,Canada,OTTAWA,,Eurosatory 2026 Catalog,A,New,"Sous-systèmes, composites, certification pour primes terrestres.","CADSI is the national association representing Canada’s defence, security, and emerging technology industries. We advocate for a strong defence industrial ba...",Land defense,Naval defense; Cybersecurity,,Contact sales team and qualify need,
Canca Savunma,http://cancasavunma.com/En/Default.aspx,Turquie,ISTANBUL,,Eurosatory 2026 Catalog,C,New,"Matériaux énergétiques, mécanique, packaging, certification.","Our company, which has the Facility Security and Production Permit Certificate, has become the subcontractor of the Mechanical and Chemical Industries Corpor...",Ammunition,,,Keep in watchlist,
CANDYVOICE,,France,STRASBOURG,,Eurosatory 2026 Catalog,D,New,Qualifier l'activité avant tout pitch ciblé.,To enrich,Other,,,No immediate action,
CANiK,https://www.canikarms.com/en,Turquie,SAMSUN,,Eurosatory 2026 Catalog,D,New,Qualifier l'activité avant tout pitch ciblé.,To enrich,Other,,,No immediate action,
CAP2I,https://cap2i.eu/fr/index.php,France,SARTROUVILLE,,Eurosatory 2026 Catalog,D,New,Qualifier l'activité avant tout pitch ciblé.,To enrich,Other,,,No immediate action,
CAPAUL,,Belgique,EUPEN,,Eurosatory 2026 Catalog,D,New,Qualifier l'activité avant tout pitch ciblé.,To enrich,Other,,,No immediate action,
CAPGEMINI TECHNOLOGY SERVICES,http://www.capgemini.com/fr-fr/,France,LYON CEDEX 07,,Eurosatory 2026 Catalog,D,New,Qualifier l'activité avant tout pitch ciblé.,To enrich,Other,,,No immediate action,
Captec Group,http://www.captec-group.com/,Royaume-Uni,Fareham,https://www.linkedin.com/company/captec/,Eurosatory 2026 Catalog,D,New,Qualifier l'activité avant tout pitch ciblé.,"Captec Group, established in 1985, designs and engineers specialised computers and integrated systems for critical, certified and challenging applications. W...",Other,,,No immediate action,
CARBON 01,http://carbon01.com/,France,BOURGES,https://www.linkedin.com/company/19122698/admin/dashboard/,Eurosatory 2026 Catalog,D,New,Activité à qualifier — discovery call avant pitch précis.,CARBON 01 specializes in the field of air surface integration or IAS. There are 3 divisions within the company: - consulting - training - operations & integr...,Other,,,No immediate action,
CARBON LIGHT PVT. LTD,https://www.carbonlight.com/,Inde,Ghaziabad,,Eurosatory 2026 Catalog,D,New,Qualifier l'activité avant tout pitch ciblé.,To enrich,Other,,,No immediate action,
CARCANO SPA,https://www.carcano.it/,Italie,ALBESE CON CASSANO,https://www.linkedin.com/company/stamperia-carcano-giuseppe-s-p-a,Eurosatory 2026 Catalog,B,New,"Composants, sous-systèmes, software, services pour primes C4ISR.","Check out our quality Abo ut us A history scribed in metal For over half a century the history of CARCANO has been intertwined with that of metal forging: a family tradition which is still, even today, our company’s business card throughout…",C4ISR,Homeland security; Soldier systems,,Review website and validate opportunity,
Carinthia - Goldeck Textil,http://www.carinthia.eu/,Autriche,SEEBODEN,,Eurosatory 2026 Catalog,C,New,"Vend des sous-systèmes / composants à un OEM construisant Energy / batteries, Ammunition.","At Carinthia, we have been pursuing a common goal every day for decades: the permanent, innovative and performance-oriented further development of insulated ...",Ammunition,Export / distribution,,Keep in watchlist,
Carl Aug. Picard GmbH,http://www.capicard.de/,Allemagne,REMSCHEID,https://www.linkedin.com/company/carl-aug.-picard-gmbh-&-co.-kg,Eurosatory 2026 Catalog,A,New,"Front-ends RF, processeurs, mécanique de précision pour fabricants radars.",Carl Aug. Picard is a worldwide acting producer of metal sheets and parts. Our HC Protect is a new generation protection steel for compound armouring against...,Radar / sensors,Logistics / MRO; Export / distribution,,Contact sales team and qualify need,
Carmenta Geospatial Technologies,http://www.carmenta.com/,Suède,GOTHENBURG,https://www.linkedin.com/company/carmenta-ab,Eurosatory 2026 Catalog,B,New,"Capteurs, payloads optroniques, communications pour plateformes ISR.","Carmenta is a trusted partner to customers such as Thales, Airbus, Saab, and BAE Systems, as well as the Swedish Armed Forces and other defense industry part...",Intelligence / ISR,Air defense; Naval defense,,Review website and validate opportunity,
CARTONI SpA,http://www.cartoni.com/,Italie,ROME,https://www.linkedin.com/company/10207092/admin/dashboard/,Eurosatory 2026 Catalog,A,New,"Radars, missiles, comms, électroniques pour systèmes anti-aériens.",Based in Rome CARTONI SpA designs and manufactures high-end professional camera support systems for the motion picture and television industries. Cartoni ...,Air defense,Cybersecurity; Radar / sensors,,Contact sales team and qualify need,
CASE CONSTRUCTION EQUIPMENT,https://www.casece.com/fr-fr/europe,France,ETAMPES,,Eurosatory 2026 Catalog,D,New,Qualifier l'activité avant tout pitch ciblé.,To enrich,Other,,,No immediate action,
CAT Defense,https://cat.com/defense,États-Unis,TEXAS,,Eurosatory 2026 Catalog,D,New,Qualifier l'activité avant tout pitch ciblé.,To enrich,Other,,,No immediate action,
ČATEKS,https://cateks.hr/,Croatie,ČAKOVEC,,Eurosatory 2026 Catalog,D,New,Qualifier l'activité avant tout pitch ciblé.,To enrich,Other,,,No immediate action,
CAVEL,https://www.cavel.it/EN,Italie,GROPELLO CAIROLI,https://www.linkedin.com/search/results/all/?fetchDeterministicClustersOnly=true&heroEntityKey=urn%3Ali%3Aorganization%3A74693622&keywords=cavel%20italiana%20conduttori&origin=RICH_QUERY_TYPEAHEAD_HISTORY&position=0&searchId=27d06b74-18ce-4ade-926c-f11084,Eurosatory 2026 Catalog,B,New,"Vend des sous-systèmes / composants à un OEM construisant Logistics equipment, Communications networks.","Scopri di più Dichiarazioni In questa sezione troverai le dichiarazioni e la Garanzia Cavel con i vari certificati, regolamenti, Iso e conformità alle norme Scopri di più Ultime News Seguici sui social Linkedin YouTube Facebook Trova il riv…",Optics / optronics,Soldier systems; Export / distribution,,Review website and validate opportunity,
CBC,https://www.cbc.com.br/,Brésil,São Paulo,,Eurosatory 2026 Catalog,D,New,Qualifier l'activité avant tout pitch ciblé.,To enrich,Other,,,No immediate action,
CCI BOURGOGNE FRANCHE COMTE,http://www.bourgognefranchecomte.cci.fr/,France,DIJON CEDEX,,Eurosatory 2026 Catalog,D,New,Qualifier l'activité avant tout pitch ciblé.,To enrich,Other,,,No immediate action,
CCI GRAND EST,http://www.industrie.cci.alsace/,France,STRASBOURG CEDEX,https://www.linkedin.com/search/results/all/?keywords=jacques%20meyer&origin=GLOBAL_SEARCH_HEADER&sid=fCD,Eurosatory 2026 Catalog,D,New,Qualifier l'activité avant tout pitch ciblé.,To enrich,Other,,,No immediate action,
CCI PARIS ILE-DE-FRANCE,http://www.cci-paris-idf.fr/,France,PARIS,,Eurosatory 2026 Catalog,D,New,Qualifier l'activité avant tout pitch ciblé.,To enrich,Other,,,No immediate action,
CCI Seine-et-Marne,,France,Marne-la-Vallée Cedex 4,,Eurosatory 2026 Catalog,D,New,Qualifier l'activité avant tout pitch ciblé.,To enrich,Other,,,No immediate action,
CCO CREATIVE CONSULTING,http://www.cco-germany.eu/,Allemagne,FELDKIRCHEN,,Eurosatory 2026 Catalog,B,New,"Radars, sonars, comms, armement, sustainment pour primes navals.","Since 1988, CCO has been successfully marketing the most important international security and defense exhibitions. As the official representative of the exh...",Naval defense,Homeland security; Export / distribution,,Review website and validate opportunity,
CDDS,https://www.cdds.ai/,Suisse,SCHLIEREN,https://www.linkedin.com/company/cdds,Eurosatory 2026 Catalog,B,New,"Front-ends RF, processeurs, mécanique de précision pour fabricants radars.","Book a demo Book a demo [ DESIGNED TO WIN ] Securing Skies, Saving Lives Contact us The Solution The CDDS interceptor is an autonomous, kinetic counter drone designed to neutralize Group 1 and Group 2 Unmanned Aerial System (UAS) threats wi…",Radar / sensors,Air defense; C4ISR,,Review website and validate opportunity,
CEA,https://www.cea.fr/,France,GIF SUR YVETTE CEDEX,https://www.linkedin.com/company/cea/,Eurosatory 2026 Catalog,D,New,Qualifier l'activité avant tout pitch ciblé.,To enrich,Other,,,No immediate action,
CEFA,http://www.cefa.fr/fr/,France,SOULTZ-SOUS-FORÊTS,https://fr.linkedin.com/company/cefasas,Eurosatory 2026 Catalog,D,New,Qualifier l'activité avant tout pitch ciblé.,To enrich,Other,,,No immediate action,
CEGELEC Défense,http://www.defense.cegelec.com/,France,TOULOUSE CEDEX 1,https://www.linkedin.com/company/cegelec-d-fense/,Eurosatory 2026 Catalog,C,New,"Capteurs détection, filtration, EPI certifié.","As a VINCI Energies subsidiary, Cegelec Défense designs and integrates solutions and systems to protect defense installations and critical infrastructures, e...",NRBC / CBRN,Logistics / MRO,,Keep in watchlist,
CEIA SPA,http://www.ceia.net/,Italie,52041 VICIOMAGGIO - AREZZO,,Eurosatory 2026 Catalog,D,New,Qualifier l'activité avant tout pitch ciblé.,To enrich,Other,,,No immediate action,
CELLOCK,https://www.cellock.com/,Cyprus,NICOSIA,https://www.linkedin.com/company/cellock/,Eurosatory 2026 Catalog,B,New,"Capteurs, payloads optroniques, communications pour plateformes ISR.","More info Our Service Verticals Power of Innovation and Technology At CELLOCK, we harness the power of innovation across Financial Technologies, Maritime, Security & Space, and Energy sectors to revolutionize industries and foster global su…",Intelligence / ISR,Naval defense; Cybersecurity,,Review website and validate opportunity,
CELLULAR EXPERT,https://www.cellular-expert.com/,Lituanie,VILNIUS,,Eurosatory 2026 Catalog,D,New,Qualifier l'activité avant tout pitch ciblé.,To enrich,Other,,,No immediate action,
Cemar International Industrial,https://www.cemar-international.com/,Émirats arabes unis,DUBAI,,Eurosatory 2026 Catalog,D,New,Qualifier l'activité avant tout pitch ciblé.,To enrich,Other,,,No immediate action,
CENATS,http://www.cenats.com/,France,SERRE-LES-SAPINS,,Eurosatory 2026 Catalog,D,New,Qualifier l'activité avant tout pitch ciblé.,To enrich,Other,,,No immediate action,
Censec,,Danemark,Karup J,,Eurosatory 2026 Catalog,D,New,Qualifier l'activité avant tout pitch ciblé.,To enrich,Other,,,No immediate action,
CENSUS,https://census-labs.com/,Grèce,ATHÈNES,https://www.linkedin.com/company/census/,Eurosatory 2026 Catalog,B,New,"Threat intel, hardware appliances, cloud souverain, audits.","Vulnerability Details CENSUS identified two Reflected XSS (Cross-site scripting) vulnerabilities affecting the Squidex ""headless"" CMS framework, during an application security assessment of a web application based on Squidex. End-to-End Sec…",Cybersecurity,Naval defense; AI / data,,Review website and validate opportunity,
CENTER OF INNOVATIVE TECHNOLOGIES LLC,https://itm-llc.uz/,Uzbekistan,TASHKENT,,Eurosatory 2026 Catalog,D,New,Qualifier l'activité avant tout pitch ciblé.,To enrich,Other,,,No immediate action,
Centigon France,http://www.centigon.fr/,France,LAMBALLE-ARMOR,https://fr.linkedin.com/company/centigon-france-sas,Eurosatory 2026 Catalog,B,New,"Capteurs, payloads optroniques, communications pour plateformes ISR.","Created in 1948, Centigon France is an industrial SME specialized in armoring vehicles for troop transportation, authorities, and medical missions. The manuf...",Intelligence / ISR,Homeland security; UAV / drones,,Review website and validate opportunity,
CENTUM,http://centum.com/en/,Espagne,VIGO,https://www.linkedin.com/company/wearecentum/,Eurosatory 2026 Catalog,B,New,"Amplis RF, processeurs signal, embarqué, antennes pour EW.","CENTUM is a product-driven company that specialises in airborne technology based on mobile phone systems, making both as individuals and our society safer. ...",Electronic warfare,Naval defense; Homeland security,,Review website and validate opportunity,
"CENTURY ARMS, INC.",https://www.centuryarms.com/,États-Unis,West Palm Beach,,Eurosatory 2026 Catalog,D,New,Qualifier l'activité avant tout pitch ciblé.,To enrich,Other,,,No immediate action,
CEOTRONICS AG,https://www.ceotronics.com/,Allemagne,RÖDERMARK,,Eurosatory 2026 Catalog,D,New,Qualifier l'activité avant tout pitch ciblé.,To enrich,Other,,,No immediate action,
CERANEXT LTD,https://ceranext.com/,Cyprus,NICOSIA,,Eurosatory 2026 Catalog,D,New,Qualifier l'activité avant tout pitch ciblé.,To enrich,Other,,,No immediate action,
CERBAIR,https://www.cerbair.com/fr/,France,MONTROUGE,,Eurosatory 2026 Catalog,D,New,Qualifier l'activité avant tout pitch ciblé.,To enrich,Other,,,No immediate action,
CERIMATEC,https://www.cerimatec.fr/,France,VAL DE REUIL,,Eurosatory 2026 Catalog,D,New,Qualifier l'activité avant tout pitch ciblé.,To enrich,Other,,,No immediate action,
CERTIX GROUP,https://www.certix-group.com/,France,Beaucouze,,Eurosatory 2026 Catalog,D,New,Qualifier l'activité avant tout pitch ciblé.,To enrich,Other,,,No immediate action,
CES Advanced Armour,http://www.cesarmour.co.uk/,Turquie,ANKARA,https://tr.linkedin.com/company/cesarmour,Eurosatory 2026 Catalog,A,New,"Textiles, composites, optronique, énergie pour kits soldat.","CES is a global leader in the design, development and manufacturing of advanced composite parts and assemblies for the defence, aerospace, transport and ener...",Soldier systems,Land defense; Homeland security,,Contact sales team and qualify need,
Česká agentura na podporu obchodu / CzechTrade,https://www.czechtrade.eu/,République tchèque,PRAHA 2,,Eurosatory 2026 Catalog,D,New,Qualifier l'activité avant tout pitch ciblé.,To enrich,Other,,,No immediate action,
Ceska zbrojovka a.s.,http://www.czub.cz/,République tchèque,UHERSKY BROD,,Eurosatory 2026 Catalog,C,New,"Vend des sous-systèmes / composants à un OEM construisant Weapons, Robotics / UGV.","CZ – Highly advanced firearms embodying 90 years of innovation. CZ is a leading European manufacturer of firearms for military, law enforcement, and commerci...",Weapons,Homeland security; Export / distribution,,Keep in watchlist,
CET Fire Pumps,https://www.fire-pump.com/,Canada,PIERREVILLE QC,,Eurosatory 2026 Catalog,D,New,Qualifier l'activité avant tout pitch ciblé.,To enrich,Other,,,No immediate action,
CETIC,https://www.cetic.fr/,France,GAZERAN,https://www.linkedin.com/company/cetic-sas/posts/?feedView=all,Eurosatory 2026 Catalog,C,New,"Composites, capteurs, comms, lancement pour primes spatiaux.","Industrie Levage, rotation, transfert et protection de vos mouvements automatisés, CETIC vous accompagne dès la conception de vos projets. Énergie Des vérins électriques dans les nouvelles générations de centrales nucléaires, des couronnes …",Space / satellite,Intelligence / ISR; Ammunition,,Keep in watchlist,
CetraC Technologies,https://www.cetrac.io/,France,PARIS,,Eurosatory 2026 Catalog,D,New,Qualifier l'activité avant tout pitch ciblé.,To enrich,Other,,,No immediate action,
CGR INTERNATIONAL,http://www.cgr-international.com/,France,SEVRAN,https://www.linkedin.com/company/cgrinternational-/posts/?feedView=all,Eurosatory 2026 Catalog,A,New,"Composites, capteurs, comms, lancement pour primes spatiaux.","Since 1963, we have continually expanded our expertise, from the manufacture of springs to the production of mechanical and mechatronic components. Cold form...",Space / satellite,Simulation / training; Logistics / MRO,,Contact sales team and qualify need,
"Chaiseri Metal & Rubber Co.,Ltd.",https://www.chaiseri-defense.com/,Thaïlande,PATHUMTHANI,,Eurosatory 2026 Catalog,D,New,Qualifier l'activité avant tout pitch ciblé.,To enrich,Other,,,No immediate action,
CHELTON,https://www.chelton.com/,Royaume-Uni,MARLOW,https://www.linkedin.com/company/chelton,Eurosatory 2026 Catalog,A,New,"Amplis RF, processeurs signal, embarqué, antennes pour EW.","Global Footprint Chelton works with militaries and agencies across the world in aerospace, aviation and defence. Global Footprint Chelton works with militaries and agencies accross the world in aerospace, aviation DRIVEN BY INNOVATION, GROU…",Electronic warfare,Land defense; UAV / drones,,Contact sales team and qualify need,
Chemring Group,http://www.chemring.co.uk/,Royaume-Uni,HAMPSHIRE,,Eurosatory 2026 Catalog,D,New,Qualifier l'activité avant tout pitch ciblé.,To enrich,Other,,,No immediate action,
Chesneau Serret,https://www.chesneau-serret.com/,France,Sarrey,,Eurosatory 2026 Catalog,D,New,Qualifier l'activité avant tout pitch ciblé.,To enrich,Other,,,No immediate action,
CHESS DYNAMICS LTD,http://www.chess-dynamics.com/,Royaume-Uni,HORSHAM,,Eurosatory 2026 Catalog,D,New,Qualifier l'activité avant tout pitch ciblé.,To enrich,Other,,,No immediate action,
CHIMNEY TRAIL HEALTH,http://www.chimneytrailhealth.com/,États-Unis,WINDSOR,https://www.linkedin.com/in/matt-brown-preventive-cbt/,Eurosatory 2026 Catalog,A,New,"Amplis RF, processeurs signal, embarqué, antennes pour EW.","We apply proven cognitive behavioral theory through self-led, self-paced physical training kits built around high-quality tools and clear, practical guidance...",Electronic warfare,Weapons; Soldier systems,,Contact sales team and qualify need,
CHINA GREAT WALL INTERNATIONAL EXHIBITION CO LTD,http://www.chgie.com/,Chine,BEIJING,,Eurosatory 2026 Catalog,D,New,Vend des sous-systèmes / composants à un OEM construisant Energy / batteries.,"China Great Wall International Exhibition Co., Ltd. (GIE) is an international exhibition company ratified by the Ministry of Commerce of the P. R. China, est...",Other,,,No immediate action,
CHINA NORTH INDUSTRIES CORP,http://www.norinco.com.cn/,Chine,BEIJING,,Eurosatory 2026 Catalog,D,New,Qualifier l'activité avant tout pitch ciblé.,To enrich,Air defense,,,No immediate action,
Chrosziel GmbH,http://www.chrosziel.com/,Allemagne,Hohenbrunn,,Eurosatory 2026 Catalog,D,New,Qualifier l'activité avant tout pitch ciblé.,To enrich,Other,,,No immediate action,
CHS Spezialcontainer-Shelter and Engineering,http://www.chs-containergroup.com/,Allemagne,BREMEN,,Eurosatory 2026 Catalog,D,New,Qualifier l'activité avant tout pitch ciblé.,To enrich,Other,,,No immediate action,
CHSNOR AS,http://www.chsnor.no/,Norvège,MOELV,,Eurosatory 2026 Catalog,D,New,Qualifier l'activité avant tout pitch ciblé.,To enrich,Other,,,No immediate action,
Cicor Group,http://www.cicor.com/,France,BRONSCHHOFEN,https://www.linkedin.com/company/cicorgroup/posts/?feedView=all,Eurosatory 2026 Catalog,B,New,"Threat intel, hardware appliances, cloud souverain, audits.",Cicor is the trusted design and manufacturing partner for advanced electronics in aerospace and defence. With over 30 years of domain expertise and a strong ...,Cybersecurity,Naval defense; Optics / optronics,,Review website and validate opportunity,
CIDER ENGINEERING,http://www.ciderengineering.com/,France,ROANNE,,Eurosatory 2026 Catalog,D,New,Qualifier l'activité avant tout pitch ciblé.,To enrich,Other,,,No immediate action,
CILAS,http://www.cilas.com/,France,ORLEANS,,Eurosatory 2026 Catalog,D,New,Qualifier l'activité avant tout pitch ciblé.,To enrich,Other,,,No immediate action,
CIMES,https://www.cimesfrance.com/,France,FAMARS,,Eurosatory 2026 Catalog,D,New,Qualifier l'activité avant tout pitch ciblé.,To enrich,Other,,,No immediate action,
CINADRA,https://cinadra.com.br/,Brésil,RIO DE JANEIRO,,Eurosatory 2026 Catalog,D,New,Qualifier l'activité avant tout pitch ciblé.,To enrich,Other,,,No immediate action,
CIRRA PACKAGING,https://www.cirrapackaging.com/,France,BUC CEDEX,,Eurosatory 2026 Catalog,D,New,Qualifier l'activité avant tout pitch ciblé.,To enrich,Other,,,No immediate action,
Cisco Systems France Sarl - Attn. Accounts Payable,https://cisco.fr/,France,PARIS,,Eurosatory 2026 Catalog,D,New,Qualifier l'activité avant tout pitch ciblé.,To enrich,Other,,,No immediate action,
CISTELAIER S.P.A.,https://www.cistelaier.com/,Italie,MODENA,,Eurosatory 2026 Catalog,D,New,Qualifier l'activité avant tout pitch ciblé.,To enrich,Other,,,No immediate action,
CISTEME,https://cisteme.net/,France,Limoges,,Eurosatory 2026 Catalog,D,New,Qualifier l'activité avant tout pitch ciblé.,To enrich,Other,,,No immediate action,
Clarion Defence & Security,,Royaume-Uni,London,,Eurosatory 2026 Catalog,D,New,Qualifier l'activité avant tout pitch ciblé.,To enrich,Other,,,No immediate action,
Clavister,http://www.clavister.com/,Suède,Örnsköldsvik,https://www.linkedin.com/company/clavister/,Eurosatory 2026 Catalog,B,New,"Outils SOC/SIEM, brique de sécurité défensive pour vendeur cyber.","Clavister is a Swedish cybersecurity company that has protected mission-critical customers for over two decades. Headquartered in Örnsköldsvik, Sweden, Clavi...",Cybersecurity,Land defense; C4ISR,,Review website and validate opportunity,
CLECIM SAS,http://www.clecim.com/,France,SAVIGNEUX,https://www.linkedin.com/company/clecim/?viewAsMember=true,Eurosatory 2026 Catalog,B,New,"Pièces de rechange, calibration, certification pour acteurs MRO.","We operate in industrial environments with high demands: quality, traceability, security, and confidentiality Our mission: to design and produce custom solut...",Logistics / MRO,,,Review website and validate opportunity,
"Click Bond, Inc.",https://www.clickbond.com/,États-Unis,Carson City,,Eurosatory 2026 Catalog,D,New,Qualifier l'activité avant tout pitch ciblé.,To enrich,Other,,,No immediate action,
CLUSTER ASD ALTYTUD,https://www.altytud.fr/,France,MÉAULTE,,Eurosatory 2026 Catalog,D,New,Qualifier l'activité avant tout pitch ciblé.,To enrich,Other,,,No immediate action,
Cluster PRIMUS Défense & Sécurité,http://clusterprimus.fr/,France,TOULOUSE,https://www.linkedin.com/company/primus-cluster/,Eurosatory 2026 Catalog,B,New,"Capteurs, payloads optroniques, communications pour plateformes ISR.","The PRIMUS Defense & Security Cluster brings together French actors from the Defense, Security, and Safety sectors. Supported by the Ministry of Defense and ...",Intelligence / ISR,Air defense; Cybersecurity,,Review website and validate opportunity,
CMA CGM,http://www.cmacgm-group.com/en,France,MARSEILLE,https://www.linkedin.com/company/cma-cgm/,Eurosatory 2026 Catalog,B,New,"Vend des sous-systèmes / composants à un OEM construisant Logistics equipment, Engines / propulsion.","The CMA CGM Group is a global player in sea, land, air and logistics solutions. Present in 177 countries, it employs 160,000 people, including nearly 6,000 i...",Naval defense,Logistics / MRO,,Review website and validate opportunity,
CMMI - CYPRUS MARINE AND MARITIME INSTITUTE,https://www.cmmi.blue/,Cyprus,LARNACA,,Eurosatory 2026 Catalog,D,New,Qualifier l'activité avant tout pitch ciblé.,To enrich,Other,,,No immediate action,
CMO OBERNAI,,France,OBERNAI,,Eurosatory 2026 Catalog,D,New,Qualifier l'activité avant tout pitch ciblé.,To enrich,Other,,,No immediate action,
CMP COMPOSITES,https://cmpcomposites.fr/,France,EYSINES,,Eurosatory 2026 Catalog,D,New,Qualifier l'activité avant tout pitch ciblé.,To enrich,Other,,,No immediate action,
CNC LEBRUN,https://www.cnclebrun.com/,France,HONFLEUR,,Eurosatory 2026 Catalog,D,New,Qualifier l'activité avant tout pitch ciblé.,To enrich,Other,,,No immediate action,
CNIM SYSTÈMES INDUSTRIELS,http://www.cnim-systemes-industriels.com/,France,LA SEYNE SUR MER,https://fr.linkedin.com/company/cnim-syst%C3%A8mes-industriels,Eurosatory 2026 Catalog,B,New,"Moteurs, composites, plaques balistiques, optronique, comms pour OEM blindés.","CSI has been developing systems for the projection of land forces since 1979. Proven in operational conditions, they increase the tactical resources availabl...",Armored vehicles,Land defense; Naval defense,,Review website and validate opportunity,
CODICA CABLES TRANSMISSIONS,,France,BARR,,Eurosatory 2026 Catalog,D,New,Qualifier l'activité avant tout pitch ciblé.,To enrich,Other,,,No immediate action,
COFIDUR EMS,http://www.cofidur-ems.com/,France,Boulazac - Isle Manoire,,Eurosatory 2026 Catalog,D,New,Qualifier l'activité avant tout pitch ciblé.,To enrich,Other,,,No immediate action,
CoFil - Colombo Filippetti SpA,http://www.cofil.it/,Italie,CASIRATE D'ADDA,https://www.linkedin.com/company/11043718,Eurosatory 2026 Catalog,B,New,"Threat intel, hardware appliances, cloud souverain, audits.","Cofil: Precision in Motion With decades of expertise in high-precision mechanical components, Cofil delivers excellence in cam-based mechanisms and custom au...",Cybersecurity,,,Review website and validate opportunity,
COGIT COMPOSITES,http://cogit-composites.com/,France,SAINT GERMAIN DU PUY,https://www.linkedin.com/company/19126628,Eurosatory 2026 Catalog,C,New,"Visuel, motion, haptique, IA pour fabricants de simulateurs.","Manufacturing of composite parts by stamping and overmolding (PEEK, PEKK, PEI, PPS) 3D printing of technical polymers EN9100 certified + CIR approval A com...",Simulation / training,Engineering services,,Keep in watchlist,
COGNE ACCIAI SPECIALI,https://www.cogne.com/,Italie,AOSTA,https://www.linkedin.com/company/cogne-acciai-speciali-spa/mycompany/verification/?viewAsMember=true,Eurosatory 2026 Catalog,B,New,"Vend des sous-systèmes / composants à un OEM construisant Optronics / Optics, Software / Platforms.","Scopri di più NEWS Nuovo Modello di pianificazione multiplant del gruppo Cogne – COGNE-PLG Cogne Acciai Speciali S.p.A. partecipa a un progetto finanziato nell’ambito del Piano Nazionale di Ripresa e Resilienza (PNRR), Missione 4 (Istruzion…",Electronic warfare,Optics / optronics,,Review website and validate opportunity,
COLT CANADA,https://www.coltcanada.com/,Canada,"KITCHENER , ONTARIO",,Eurosatory 2026 Catalog,D,New,Qualifier l'activité avant tout pitch ciblé.,To enrich,Other,,,No immediate action,
COLT CZ GROUP SE,http://www.coltczgroup.com/,République tchèque,Praha 1,,Eurosatory 2026 Catalog,B,New,"Vend des sous-systèmes / composants à un OEM construisant Optronics / Optics, Weapons.","document.documentElement.className = document.documentElement.className.replace('no-js', 'js'); (function(a){if(a.$)return;var b=[];a.$=function(c){b.push(c)};a.async$=function(){while(f=b.shift())$(f)}})(window);",Optics / optronics,Homeland security; Weapons,,Review website and validate opportunity,
"Colt Electro Optics, LLC",http://coltoptics.com/,États-Unis,"Brighton, Michigan",,Eurosatory 2026 Catalog,D,New,Qualifier l'activité avant tout pitch ciblé.,To enrich,Other,,,No immediate action,
COLT’S MANUFACTURING COMPANY,https://www.colt.com/,États-Unis,USA,,Eurosatory 2026 Catalog,D,New,Qualifier l'activité avant tout pitch ciblé.,To enrich,Other,,,No immediate action,
COMAND AI,https://www.comand.ai/fr,France,PARIS,https://www.linkedin.com/company/comand-ai/,Eurosatory 2026 Catalog,D,New,Qualifier l'activité avant tout pitch ciblé.,To enrich,Other,,,No immediate action,
COMBITECH,http://www.combitech.se/,Suède,Lund,,Eurosatory 2026 Catalog,D,New,Qualifier l'activité avant tout pitch ciblé.,To enrich,Other,,,No immediate action,
COMERCIAL TORRENTS,http://www.comercialtorrents.com/en/,Espagne,VELEZ RUBIO,https://www.linkedin.com/company/comercial-torrents/,Eurosatory 2026 Catalog,B,New,"Vend des sous-systèmes / composants à un OEM construisant Weapons, Ammunition.","Torrents Defense Support specializes in the manufacturing of textile propellant bags for artillery systems. With more than 40 years of experience, we ensure ...",Weapons,Ammunition; Soldier systems,,Review website and validate opportunity,
COMEXPOSIUM SECURITY,http://www.milipol.com/,France,COURBEVOIE,,Eurosatory 2026 Catalog,D,New,Qualifier l'activité avant tout pitch ciblé.,To enrich,Other,,,No immediate action,
COMMUNAUTE D'AGGLOMERATION BOURGES PLUS,http://www.cid.bourgesplus.fr/,France,BOURGES CEDEX,https://www.linkedin.com/company/cidbourges/,Eurosatory 2026 Catalog,B,New,"Capteurs, payloads optroniques, communications pour plateformes ISR.","The CID – Defence Industry Resource Centre, led by Bourges Plus conurbation authority, supports and connects defence stakeholders in the Centre-Val de Loire ...",Intelligence / ISR,Land defense; Naval defense,,Review website and validate opportunity,
Companhia Nitro Química Brasileira,https://nitro.com.br/,Brésil,SÃO PAULO,https://www.linkedin.com/company/htpp-nitroquimica-com-br/?viewAsMember=true,Eurosatory 2026 Catalog,D,New,Qualifier l'activité avant tout pitch ciblé.,"Nossa energia faz a gente prosperar A Nitro é uma multinacional Brasileira de 90 anos Somos uma multinacional brasileira que completou 90 anos em 2025. Desde a nossa fundação em 1935, representamos um marco na industrialização nacional, tor…",Soldier systems,,,No immediate action,
"COMPASS ARMOR MANUFACTURING (BEIJING) CO., LTD",http://www.compassint.cn/,Chine,BEIJING,https://www.linkedin.com/company/compassarmor,Eurosatory 2026 Catalog,B,New,"Textiles, composites, optronique, énergie pour kits soldat.",COMPASS ARMOR® has over 20 years of experience in specialist armor products and manufacturing. COMPASS ARMOR® is a trademark of COMPASS INTL CORP. We have ...,Soldier systems,Land defense; Homeland security,,Review website and validate opportunity,
COMPOSHIELD,https://www.composhield.com/,Danemark,HADSTEN,https://www.linkedin.com/company/113641/feed/posts/,Eurosatory 2026 Catalog,D,New,Qualifier l'activité avant tout pitch ciblé.,To enrich,Other,,,No immediate action,
Composite Builders,https://www.compositebuilders.com/,États-Unis,Holland,,Eurosatory 2026 Catalog,D,New,Qualifier l'activité avant tout pitch ciblé.,To enrich,Other,,,No immediate action,
CompoTech PLUS,https://www.compotech.com/,République tchèque,SUSICE,,Eurosatory 2026 Catalog,D,New,Qualifier l'activité avant tout pitch ciblé.,To enrich,Other,,,No immediate action,
Computacenter,https://www.computacenter.com/,France,ROISSY EN FRANCE,https://www.linkedin.com/company/computacenter/about/,Eurosatory 2026 Catalog,A,New,"Threat intel, hardware appliances, cloud souverain, audits.","Who we are Centred around our customers Computacenter is a leading independent technology and services provider, trusted by large corporate and public sector organisations. Computacenter plc is a public company quoted on the London FTSE 250…",Cybersecurity,Air defense; AI / data,,Contact sales team and qualify need,
Comrod Communication AS,http://www.comrod.com/,Norvège,TAU,https://www.linkedin.com/company/comrod-communication-asa,Eurosatory 2026 Catalog,A,New,"RF, crypto, certification interopérabilité pour radios tactiques.","The Comrod group of companies design and manufacture antennas, antenna systems, RF amplifiers, telescopic masts, sectional masts, power supplies, and mission...",Communications,Land defense; Naval defense,,Contact sales team and qualify need,
CONCURRENT TECHNOLOGIES,https://www.concurrent.tech/,Royaume-Uni,Colchester,,Eurosatory 2026 Catalog,D,New,Qualifier l'activité avant tout pitch ciblé.,To enrich,Other,,,No immediate action,
CONDOR S/A INDUSTRIA QUIMICA,http://www.condornaoletal.com.br/,Brésil,RIO DE JANEIRO,,Eurosatory 2026 Catalog,D,New,Qualifier l'activité avant tout pitch ciblé.,To enrich,Other,,,No immediate action,
Connektica,http://connektica.com/,France,Toulouse,,Eurosatory 2026 Catalog,B,New,"Fournisseur de batteries, moteurs, optronique, RF, composites pour fabricants UAV.","Connektica is a MES built for defense manufacturers in small and medium series production: drones, missiles, embedded systems, onboard electronics. It digita...",UAV / drones,Radar / sensors; Logistics / MRO,,Review website and validate opportunity,
CONOTECH B.V.,http://conotech-security.com/,Pays-Bas,HAGUE,,Eurosatory 2026 Catalog,D,New,Qualifier l'activité avant tout pitch ciblé.,To enrich,Other,,,No immediate action,
Continental,https://www.continental-reifen.de/,Allemagne,HANNOVER,,Eurosatory 2026 Catalog,D,New,Qualifier l'activité avant tout pitch ciblé.,To enrich,Other,,,No immediate action,
CONTOUR ADVANCED SYSTEMS,http://www.contouradvancedsystems.com/,Pays-Bas,VARSSEVELD,https://www.linkedin.com/company/contour-advanced-systems-bv/?originalSubdomain=nl,Eurosatory 2026 Catalog,B,New,Sub-system / payload pour OEM drones tactiques.,"Join our team? Want to work on innovative projects? We are looking for smart, hands-on people with energy and bold ideas. We will challenge you, value your input and give you the space to grow—alongside colleagues who think along and do.",UAV / drones,C4ISR; Ammunition,,Review website and validate opportunity,
CONTROL SOLUTIONS LLC,http://www.controls.com/,États-Unis,AURORA,,Eurosatory 2026 Catalog,D,New,Qualifier l'activité avant tout pitch ciblé.,To enrich,Other,,,No immediate action,
Contromax,http://www.contromax.com/,Corée du Sud,DAEJEON,,Eurosatory 2026 Catalog,D,New,Vend des sous-systèmes / composants à un OEM construisant UAV / drones.,"Founded in 2014, Contromax Co., Ltd. specializes in aviation-grade smart electromechanical actuators for UAVs, eVTOLs, and defense aerospace systems. The com...",Other,,,No immediate action,
CONTROP PRECISION TECHNOLOGIES LTD,http://www.controp.com/,Israël,HOD HASHARON,,Eurosatory 2026 Catalog,D,New,Qualifier l'activité avant tout pitch ciblé.,To enrich,Other,,,No immediate action,
COOK DEFENCE SYSTEMS LTD,https://www.william-cook.co.uk/,Royaume-Uni,Yorkshire,,Eurosatory 2026 Catalog,D,New,Qualifier l'activité avant tout pitch ciblé.,To enrich,Other,,,No immediate action,
Copenhagen Sensor Technology,http://www.copst.com/,Danemark,HERLEV,https://dk.linkedin.com/company/cst---copenhagen-sensor-technology,Eurosatory 2026 Catalog,B,New,"Radars, sonars, comms, armement, sustainment pour primes navals.","Copenhagen Sensor Technology is a Danish company with 25 years of experience developing customized, ruggedized, battle-proven camera and imaging systems for ...",Naval defense,Land defense; Air defense,,Review website and validate opportunity,
CORDM ENGRENAGES,http://www.cordm.com/,France,VERDUN,https://www.linkedin.com/cordm,Eurosatory 2026 Catalog,B,New,"Pièces de rechange, calibration, certification pour acteurs MRO.","As a specialist in high-precision mechanical transmissions, we support your most demanding projects, from calculation to complete manufacturing, including ge...",Logistics / MRO,Naval defense,,Review website and validate opportunity,
COREEL TECHNOLOGIES (INDIA) PRIVATE LIMITED,https://coreel.com/,Inde,Bengaluru,,Eurosatory 2026 Catalog,D,New,Qualifier l'activité avant tout pitch ciblé.,To enrich,Other,,,No immediate action,
CORMACH S.R.L.,http://www.cormach.it/,Italie,MONTICHIARI  (BS),,Eurosatory 2026 Catalog,D,New,Qualifier l'activité avant tout pitch ciblé.,To enrich,Other,,,No immediate action,
Coros Space,,France,SAINT-THIBAULT-DES-VIGNES,,Eurosatory 2026 Catalog,D,New,Qualifier l'activité avant tout pitch ciblé.,To enrich,Other,,,No immediate action,
CoSENSE AR,,France,Saint-Maur-des-Fossés,,Eurosatory 2026 Catalog,D,New,Qualifier l'activité avant tout pitch ciblé.,To enrich,Other,,,No immediate action,
COSMYX,http://www.cosmyx3d.com/,France,EPINAY-SOUS-SENART,https://www.linkedin.com/company/cosmyx3d/,Eurosatory 2026 Catalog,D,New,Qualifier l'activité avant tout pitch ciblé.,To enrich,Other,,,No immediate action,
Coupery et Masson,http://www.engrenages-coupery.com/,France,Saint Thibault des Vignes,https://www.linkedin.com/company/coupery-et-masson/,Eurosatory 2026 Catalog,C,New,Activité à qualifier — discovery call avant pitch précis.,"Coupery and Masson specializes in the manufacturing of transmission parts, offering turning, milling, gear cutting, grinding, broaching, , and wire EDM servi...",Other,,,Keep in watchlist,
COUSIN TRESEC SAS,http://www.cousin-group.com/fr/,France,Lille,,Eurosatory 2026 Catalog,B,New,"Pièces de rechange, calibration, certification pour acteurs MRO.","Cousin Trestec is a French manufacturer of ropes, textile cables for winches, and slings for towing or lifting. We manufacture many products for the militar...",Logistics / MRO,Engineering services,,Review website and validate opportunity,
CP CASES LTD,http://www.cpcases.com/,Royaume-Uni,MIDDLESEX,,Eurosatory 2026 Catalog,D,New,Qualifier l'activité avant tout pitch ciblé.,To enrich,Other,,,No immediate action,
CP FRANCE,http://www.cpfrance.com/,France,ST HILAIRE DE BRETHMAS,,Eurosatory 2026 Catalog,D,New,Qualifier l'activité avant tout pitch ciblé.,To enrich,Other,,,No immediate action,
CPM ELETTRONICA SRL,http://www.cpmelettronica.com/,Italie,ROME,https://www.linkedin.com/company/cpm-elettronica-s.r.l./?viewAsMember=true,Eurosatory 2026 Catalog,A,New,"Amplis RF, processeurs signal, embarqué, antennes pour EW.","CPM Elettronica is a leading provider of high-quality equipment for security and radio frequency applications, with a strong focus on RF jamming systems. Wit...",Electronic warfare,Land defense; Homeland security,,Contact sales team and qualify need,
Crédit Agricole S.A.,https://www.credit-agricole.fr/,France,Montrouge,,Eurosatory 2026 Catalog,D,New,Qualifier l'activité avant tout pitch ciblé.,To enrich,Other,,,No immediate action,
Crédit Mutuel,https://www.creditmutuel.fr/fr/particuliers.html,France,Strasbourg,,Eurosatory 2026 Catalog,D,New,Qualifier l'activité avant tout pitch ciblé.,To enrich,Other,,,No immediate action,
C-RICH CO LTD,http://www.okcrich.com/,Corée du Sud,SEONGNAM-SI,,Eurosatory 2026 Catalog,D,New,Qualifier l'activité avant tout pitch ciblé.,To enrich,Other,,,No immediate action,
CRISTAL INNOV,https://www.cristal-innov.com/fr,France,Sainte-Hélène-du-Lac,,Eurosatory 2026 Catalog,D,New,Qualifier l'activité avant tout pitch ciblé.,To enrich,Other,,,No immediate action,
CRISTANINI,http://www.cristanini.com/,Italie,RIVOLI VERONESE (VERONA),,Eurosatory 2026 Catalog,D,New,Qualifier l'activité avant tout pitch ciblé.,"Since 1972, Cristanini has been manufacturing innovative top-quality solutions that, today, enjoy a worldwide recognition and appreciation. Cristanini extens...",Other,,,No immediate action,
Croatian Chamber of Economy,http://www.hgk.hr/,Croatie,ZAGREB,,Eurosatory 2026 Catalog,D,New,Qualifier l'activité avant tout pitch ciblé.,"The Croatian Chamber of Economy (CCE) is Croatia’s main professional and business organisation, representing and supporting all legal entities engaged in bus...",Other,,,No immediate action,
CROSHIELD D.O.O.,https://www.croshield.hr/,Croatie,ZAGREB,,Eurosatory 2026 Catalog,D,New,Qualifier l'activité avant tout pitch ciblé.,To enrich,Other,,,No immediate action,
CRYLA GROUP,http://www.cryla-group.com/,France,BESANCON,https://www.linkedin.com/company/crylagroup/,Eurosatory 2026 Catalog,C,New,"Composites, capteurs, comms, lancement pour primes spatiaux.","CRYLA GROUP is a French industrial group of 130 employees, specialising in the manufacture of high-precision components and technical sub-assemblies. Our DN...",Space / satellite,,,Keep in watchlist,
CRYSTAL COMPANY,http://www.crystalcompany.nl/,Pays-Bas,HEINENOORD,,Eurosatory 2026 Catalog,D,New,Qualifier l'activité avant tout pitch ciblé.,To enrich,Other,,,No immediate action,
CS GROUP FRANCE,http://www.csgroup.eu/,France,LE PLESSIS ROBINSON,,Eurosatory 2026 Catalog,D,New,Qualifier l'activité avant tout pitch ciblé.,To enrich,Other,,,No immediate action,
CSD - COMPONENTES E SISTEMAS DE DEFESA S.A.,http://csd.ind.br/,Brésil,Paraná,https://www.linkedin.com/company/componentes-sistemas-de-defesa,Eurosatory 2026 Catalog,B,New,Sub-system / payload pour OEM drones tactiques.,"CSD – Components and Defense Systems is a Brazilian company with expertise in the manufacturing of aerial bombs, rockets, fuzes, ammunition, and other compon...",UAV / drones,Weapons; Ammunition,,Review website and validate opportunity,
CSG,https://www.czechoslovakgroup.cz/,République tchèque,PRAHA 8,,Eurosatory 2026 Catalog,D,New,Qualifier l'activité avant tout pitch ciblé.,To enrich,Other,,,No immediate action,
CSG Defence,http://www.czechoslovakgroup.com/,République tchèque,PRAHA 8,,Eurosatory 2026 Catalog,D,New,Qualifier l'activité avant tout pitch ciblé.,To enrich,Other,,,No immediate action,
csi entwicklungstechnik GmbH,http://www.csi-online.de/,Allemagne,Gaimersheim,https://www.linkedin.com/company/csi-entwicklungstechnik/,Eurosatory 2026 Catalog,D,New,Qualifier l'activité avant tout pitch ciblé.,"As a trusted engineering partner, csi entwicklungstechnik delivers innovative, cross-industry and multidisciplinary solutions. The company provides comprehen...",Other,,,No immediate action,
"CSM Industry, s.r.o.",http://csm.sk/,Slovaquie,Tisovec,,Eurosatory 2026 Catalog,C,New,"Matières premières, outils coupants, services qualité pour sous-traitants.","CSM Industry was founded in 1967. Since its establishment, the company has specialized in the development and production of unique UDS excavators mounted on ...",Industrial subcontracting,,,Keep in watchlist,
CTA INTERNATIONAL,https://www.cta-international.com/,France,BOURGES CEDEX,,Eurosatory 2026 Catalog,D,New,Qualifier l'activité avant tout pitch ciblé.,To enrich,Other,,,No immediate action,
CTECH BILISIM TEKNOLOJILERI SAN. VE TIC. A.S.,https://www.ctech.com.tr/,Turquie,ISTANBUL,www.linkedin.com/company/ctechbilisim,Eurosatory 2026 Catalog,B,New,"Capteurs, payloads optroniques, communications pour plateformes ISR.",HABER DETAY 27 Nisan 2026 DSA 2026 fuarını başarıyla tamamladık! HABER DETAY 21 Nisan 2026 CTech’ten Malezya’da Stratejik İş Birliği HABER DETAY 6 Nisan 2026 DSA 2026’dayız! HABER DETAY 6 Nisan 2026 “Ufkun Liderleri Yaz Dönemi Staj Programı…,Intelligence / ISR,Naval defense; Homeland security,,Review website and validate opportunity,
CTI Systems,http://www.ctisystems.com/,Luxembourg,Lentzweiler,https://www.linkedin.com/company/cti-systems,Eurosatory 2026 Catalog,A,New,"Threat intel, hardware appliances, cloud souverain, audits.","With over six decades of expertise, CTI Systems is recognised for designing and building tailored, high‑quality handling and storage solutions for heavy mate...",Cybersecurity,Radar / sensors; Logistics / MRO,,Contact sales team and qualify need,
ÇUKUROVA MAKINA IMALAT VE TICARET A.S,http://www.cumitas.com/,Turquie,MERSIN,,Eurosatory 2026 Catalog,D,New,Qualifier l'activité avant tout pitch ciblé.,To enrich,Other,,,No immediate action,
Cummins,http://www.cummins.com/,États-Unis,COLUMBUS,https://www.linkedin.com/company/cummins-inc,Eurosatory 2026 Catalog,D,New,"Vend des sous-systèmes / composants à un OEM construisant Vehicles, Engines / propulsion.","Cummins showcased its advanced defense power solutions at Eurosatory 2026, highlighting engines for heavy-duty military vehicles",Other,,,No immediate action,
"CUMMINS LTD (DAR), C/O CUMMINS BUSINESS SERVICES UK",,Royaume-Uni,BLYTH,,Eurosatory 2026 Catalog,D,New,Qualifier l'activité avant tout pitch ciblé.,To enrich,Other,,,No immediate action,
Curtiss Wright Defense Solutions,,Royaume-Uni,Gwent,,Eurosatory 2026 Catalog,D,New,Qualifier l'activité avant tout pitch ciblé.,To enrich,Other,,,No immediate action,
CVN Medical,https://www.cvn.fi/,Finlande,SEINÄJOKI,https://www.linkedin.com/in/cvn-medical-7636841ba?utm_source=share&utm_campaign=share_via&utm_content=profile&utm_medium=android_app,Eurosatory 2026 Catalog,C,New,Vend des sous-systèmes / composants à un OEM construisant Optronics / Optics.,"CVN Medical Solutions is a company engaged in developing, manufacturing and importing high-quality first-aid products. In English Suomeksi CVN Defence Solutions…",Optics / optronics,Homeland security,,Keep in watchlist,
Cyalume Technologies,http://www.cyalume.eu/,France,AIX EN PROVENCE CEDEX 3,,Eurosatory 2026 Catalog,D,New,Qualifier l'activité avant tout pitch ciblé.,To enrich,Other,,,No immediate action,
Cybernetica,http://cyber.ee/,Estonie,Tallinn,https://www.linkedin.com/company/cybernetica/,Eurosatory 2026 Catalog,A,New,"Radars, sonars, comms, armement, sustainment pour primes navals.","Cybernetica is an R&D extensive, mission-critical system development company with over 25 years of expertise. Our technologies are deployed in more than 40 c...",Naval defense,Homeland security; Cybersecurity,,Contact sales team and qualify need,
CybExer Technologies,,Estonie,Tallinn,,Eurosatory 2026 Catalog,D,New,Qualifier l'activité avant tout pitch ciblé.,To enrich,Other,,,No immediate action,
CYPRUS CHAMBER OF COMMERCE AND INDUSTRY,https://www.ccci.org.cy/,Cyprus,NICOSIA,,Eurosatory 2026 Catalog,D,New,Qualifier l'activité avant tout pitch ciblé.,To enrich,Other,,,No immediate action,
CYRIC AGS LTD,https://ww.cyricags.com/,Cyprus,NICOSIA,,Eurosatory 2026 Catalog,D,New,Qualifier l'activité avant tout pitch ciblé.,To enrich,Other,,,No immediate action,
"D&M Holding Company, Inc.",http://dmholding.com/,États-Unis,TAMPA,https://www.linkedin.com/company/d-m-holding-company,Eurosatory 2026 Catalog,B,New,"Vend des sous-systèmes / composants à un OEM construisant Ammunition, Vehicles.","D&M Holding Company, Inc. is a specialized design, engineering, and manufacturing partner serving the defense and commercial industries with turnkey solution...",Armored vehicles,Weapons; Ammunition,,Review website and validate opportunity,
D.I.OPTICAL,http://www.donginoptical.com/ko/home/,Corée du Sud,"Bucheon-si, Gyeonggi-do",,Eurosatory 2026 Catalog,B,New,"Front-ends RF, processeurs, mécanique de précision pour fabricants radars.","D.I. Optical Co., Ltd., founded in 1995, has grown into a global leader in the field of optical sighting systems through continuous technological innovation ...",Radar / sensors,Armored vehicles; Weapons,,Review website and validate opportunity,
D7G Nigeria Ltd,https://www.d7g.ng/,Nigeria,ABUJA,,Eurosatory 2026 Catalog,D,New,Qualifier l'activité avant tout pitch ciblé.,To enrich,Other,,,No immediate action,
Daff,http://www.daff.cl/,Chili,SANTIAGO,https://www.linkedin.com/company/daff-desarrollos-alimenticios/,Eurosatory 2026 Catalog,D,New,Qualifier l'activité avant tout pitch ciblé.,"Daff is a Chilean food manufacturer specialized in high-performance MREs (Meals Ready-to-Eat), Food Kits and Combat & Emergency Rations for Armed Forces, Hom...",Other,,,No immediate action,
DA-GROUP,http://www.da-group.com/,Finlande,FORSSA,https://www.linkedin.com/company/da-group-fi/?viewAsMember=true,Eurosatory 2026 Catalog,B,New,"Amplis RF, processeurs signal, embarqué, antennes pour EW.","DA-Group is a strategic partner to defence, security, and space industries. We turn challenging technical problems into functional, high-quality solutions fr...",Electronic warfare,Naval defense; Armored vehicles,,Review website and validate opportunity,
Daher,http://www.daher.com/,France,ORLY,https://www.linkedin.com/company/daher,Eurosatory 2026 Catalog,D,New,Qualifier l'activité avant tout pitch ciblé.,To enrich,Other,,,No immediate action,
Daimler Truck AG,http://defence.mercedes-benz-trucks.com/,Allemagne,WOERTH AM RHEIN,https://de.linkedin.com/company/daimlertruckag,Eurosatory 2026 Catalog,B,New,"Aramide, céramique, composites, certification balistique.","As one of the world's leading commercial vehicle manufacturers, Daimler Truck is committed to supporting the mobility, protection and operational readiness o...",Ballistic protection,Land defense; Logistics / MRO,,Review website and validate opportunity,
Danfoss,http://www.danfoss.com/,Danemark,Nordborg,https://www.linkedin.com/company/danfoss,Eurosatory 2026 Catalog,A,New,"Pièces de rechange, calibration, certification pour acteurs MRO.","Danfoss is a trusted European technology partner that enables reliable, compliant, and long‑lifecycle defense systems, applying our trusted and proven soluti...",Logistics / MRO,Naval defense,,Contact sales team and qualify need,
DANIELSON ENGINEERING,https://www.danielson-groupe.fr/,France,MAGNY-COURS,,Eurosatory 2026 Catalog,D,New,Qualifier l'activité avant tout pitch ciblé.,To enrich,Other,,,No immediate action,
Danish Industry,http://www.di-fos.dk/,Danemark,COPENHAGEN V,,Eurosatory 2026 Catalog,D,New,Qualifier l'activité avant tout pitch ciblé.,To enrich,Other,,,No immediate action,
DANTHERM GROUP,http://www.danthermgroup.com/,Danemark,SKIVE,,Eurosatory 2026 Catalog,A,New,"Vend des sous-systèmes / composants à un OEM construisant Logistics equipment, Communications networks.","We believe in climate control built to your specifications Why people talk to Dantherm Group first Solutions Academy Tools and apps Downloads Spares Servicing About Explore the history, values and people behind Europe’s trusted partner for …",Naval defense,Logistics / MRO; Export / distribution,,Contact sales team and qualify need,
Dark Shadows Technologies SRL,https://www.darkshadowstechnologies.com/,Roumanie,TIMISOARA,,Eurosatory 2026 Catalog,B,New,"Fournisseur de batteries, moteurs, optronique, RF, composites pour fabricants UAV.",Dark Shadows is committed to advancing cutting-edge technologies that offer valuable insights to governments and aid in the creation of a more secure future.,UAV / drones,Logistics / MRO,,Review website and validate opportunity,
DART AEROSPACE,http://dartaero.com/,Canada,HAWESBURRY,,Eurosatory 2026 Catalog,D,New,Qualifier l'activité avant tout pitch ciblé.,To enrich,Other,,,No immediate action,
DASSAULT SYSTEMES SE,http://www.3ds.com/,France,VELIZY-VILLACOUBLAY CEDEX,https://fr.linkedin.com/company/dassaultsystemes,Eurosatory 2026 Catalog,D,New,Qualifier l'activité avant tout pitch ciblé.,To enrich,Other,,,No immediate action,
Data Design Engineering S.à r.l.,http://datadesign.engineering/latest_news,Luxembourg,ESCH-BELVAL ESCH-SUR-ALZETTE,https://www.linkedin.com/company/datadesign-engineering/posts/?feedView=all&viewAsMember=true,Eurosatory 2026 Catalog,B,New,"Composites, capteurs, comms, lancement pour primes spatiaux.","Embedding customized AI models within robots and unmanned systems to enable fully autonomous operations, even offline and in GPS/GNSS-denied environments. L...",Space / satellite,Naval defense; Radar / sensors,,Review website and validate opportunity,
DataScouting,http://datascouting.com/,Grèce,THESSALONIKI,https://www.linkedin.com/company/datascouting/,Eurosatory 2026 Catalog,B,New,"Composites, capteurs, comms, lancement pour primes spatiaux.","DataScouting is a TÜV Austria ISO 9001:2015 certified company ( quality policies ) and a member of three distinguished associations: FIBEP (World’s Media Intelligence Association), AMEC (International Association for the Measurement and Eva…",Space / satellite,AI / data; Logistics / MRO,,Review website and validate opportunity,
"Dataspeed, Inc.",https://www.dataspeedinc.com/,États-Unis,Rochester Hills,,Eurosatory 2026 Catalog,D,New,Qualifier l'activité avant tout pitch ciblé.,To enrich,Other,,,No immediate action,
DBC,https://www.dbc.fr/,France,SCIONZIER,https://www.linkedin.com/company/dbc---d%C3%A9colletage-bar-cutting/,Eurosatory 2026 Catalog,B,New,"Capteurs, payloads optroniques, communications pour plateformes ISR.","In accordance with the French data protection act of 6 January 1978 amended in 2004, individuals have the right to access and amend any information concerning them, which they can exercise by contacting the DBC SAS support service, contact@…",Intelligence / ISR,Armored vehicles; Radar / sensors,,Review website and validate opportunity,
DBOX,https://dbox.lt/,Lituanie,Panevėžys,,Eurosatory 2026 Catalog,D,New,Qualifier l'activité avant tout pitch ciblé.,To enrich,Other,,,No immediate action,
DCI - Défense Conseil International,http://www.groupedci.com/,France,PARIS CEDEX 15,https://www.linkedin.com/company/dci-defense-conseil-international,Eurosatory 2026 Catalog,A,New,"Sous-systèmes, composites, certification pour primes terrestres.","Défense Conseil International (DCI) is a key operator for the development of Defense and Security capabilities, towards France’s partners, European Union and...",Land defense,Air defense; Naval defense,,Contact sales team and qualify need,
DCSD,http://www.diplomatie.gouv.fr/fr/politique-etrangere-de-la-france/securite-desarmement-et-non-proliferation/la-cooperation-de-securite-et-de-defense-64255/,France,PARIS,https://www.linkedin.com/company/direction-de-la-coop%C3%A9ration-de-s%C3%A9curit%C3%A9-et-de-d%C3%A9fense/?lipi=urn%3Ali%3Apage%3Ad_flagship3_search_srp_all%3BEclO5FogReaCyNPPA9gsTQ%3D%3D,Eurosatory 2026 Catalog,D,New,Qualifier l'activité avant tout pitch ciblé.,The DCSD is an interministerial directorate within the Ministry for Europe and Foreign Affairs (MEFA) whose mission is to design and manage France's partners...,Other,,,No immediate action,
DE DIETRICH,http://www.dedietrich.com/,France,SCHILTIGHEIM,https://www.linkedin.com/company/dedietrichgroup/?viewAsMember=true,Eurosatory 2026 Catalog,A,New,"Front-ends RF, processeurs, mécanique de précision pour fabricants radars.","De Dietrich is a global leader in the design and supply of process systems and equipment for the chemical industry. For the defence sector, we develop custom...",Radar / sensors,Armored vehicles; Ammunition,,Contact sales team and qualify need,
DE JONGE GMBH,https://www.dejonge.ai/,Allemagne,NÜRNBERG,,Eurosatory 2026 Catalog,D,New,Qualifier l'activité avant tout pitch ciblé.,To enrich,Other,,,No immediate action,
DECELECT,https://www.decelect.com/,France,SOISSONS,https://www.linkedin.com/company/decelect-ubiwizz,Eurosatory 2026 Catalog,B,New,"Capteurs, payloads optroniques, communications pour plateformes ISR.","Chez Decelect, nous croyons en un avenir durable, intelligent et connecté , et nous travaillons sans relâche pour propulser nos clients vers le futur avec des solutions de qualité française. Laissez vos coordonnées et nous vous contacterons…",Intelligence / ISR,Armored vehicles; Ballistic protection,,Review website and validate opportunity,
December1,,Ukraine,Kyiv,,Eurosatory 2026 Catalog,D,New,Qualifier l'activité avant tout pitch ciblé.,To enrich,Other,,,No immediate action,
DECODIO,https://www.decodio.com/,France,Rennes,,Eurosatory 2026 Catalog,D,New,Qualifier l'activité avant tout pitch ciblé.,To enrich,Other,,,No immediate action,
DECOR-GIPS LLC,,Ukraine,Vinnytsi,,Eurosatory 2026 Catalog,D,New,Qualifier l'activité avant tout pitch ciblé.,To enrich,Other,,,No immediate action,
Dedienne Aerospace,https://dedienne-aero.com/,France,TOULOUSE,,Eurosatory 2026 Catalog,D,New,Qualifier l'activité avant tout pitch ciblé.,To enrich,Other,,,No immediate action,
DEFAINE GMBH,https://defaine.com/,Allemagne,CHEMNITZ,,Eurosatory 2026 Catalog,D,New,Qualifier l'activité avant tout pitch ciblé.,To enrich,Other,,,No immediate action,
DEFCON 5 SRL,http://www.defcon5italy.com/,Italie,MANIAGO,,Eurosatory 2026 Catalog,A,New,"Textiles, composites, optronique, énergie pour kits soldat.","Founded in 2006 within the growth strategy of Fox Knives, Defcon 5 develops military clothing and tactical equipment designed for demanding operational envir...",Soldier systems,Land defense; Homeland security,,Contact sales team and qualify need,
DEFEA - DEFENCE EXHIBITION ATHENS,https://www.defea.gr/,Grèce,ATHÈNES,https://www.linkedin.com/company/29362401,Eurosatory 2026 Catalog,A,New,"Fournisseur de batteries, moteurs, optronique, RF, composites pour fabricants UAV.","It is organised under the auspices of the Hellenic Ministry of National Defence, with the cooperation of the SEKPY – Hellenic Manufacturers of Defence Material Association and is organised by ROTA Exhibitions Greece. Discover the leading de…",UAV / drones,Land defense; Air defense,,Contact sales team and qualify need,
DEFENCE RESEARCH AND DEVELOPMENT ORGANISATION,https://drdo.gov.in/,Inde,New Delhi,,Eurosatory 2026 Catalog,D,New,Qualifier l'activité avant tout pitch ciblé.,To enrich,Other,,,No immediate action,
DEFENDEC,https://www.defendec.com/,Estonie,TALLINN,,Eurosatory 2026 Catalog,D,New,Qualifier l'activité avant tout pitch ciblé.,To enrich,Other,,,No immediate action,
DEFENSE CAPITAL INDUSTRY,https://www.dci-bg.com/,Bulgarie,SOFIA,,Eurosatory 2026 Catalog,D,New,Qualifier l'activité avant tout pitch ciblé.,To enrich,Other,,,No immediate action,
DEFENSE SECURITY COOPERATION AGENCY,,États-Unis,ALEXANDRIA,,Eurosatory 2026 Catalog,D,New,Qualifier l'activité avant tout pitch ciblé.,To enrich,Other,,,No immediate action,
"DEFENSE TECHNOLOGY EQUIPMENT, INC.",https://www.defense-tech.com/,États-Unis,STERLING,,Eurosatory 2026 Catalog,D,New,Qualifier l'activité avant tout pitch ciblé.,To enrich,Other,,,No immediate action,
Defensor Group Sweden,http://www.defensorgroup.se/,Suède,Stockholm,https://www.linkedin.com/company/defensor-group,Eurosatory 2026 Catalog,C,New,"Amplis RF, processeurs signal, embarqué, antennes pour EW.","Defensor is a Swedish defence industry group with an entrepreneurial drive and a high rate of development, focused on investing in and developing solutions t...",Electronic warfare,Naval defense; Homeland security,,Keep in watchlist,
DEFSECINTEL SOLUTIONS OÜ,http://defsecintel.com/,Estonie,,,Eurosatory 2026 Catalog,B,New,"Capteurs, payloads optroniques, communications pour plateformes ISR.","Defsecintel Solutions is one of the leading Estonian defence company. We are developing and manufacturing mobile autonomous surveillance systems, unmanned su...",Intelligence / ISR,Air defense; Naval defense,,Review website and validate opportunity,
DEGOISEY SAS,http://www.usinage-degoisey.com/,France,ST ANDRE LES VERGERS,,Eurosatory 2026 Catalog,D,New,Qualifier l'activité avant tout pitch ciblé.,To enrich,Other,,,No immediate action,
DEGREANE Horizon,http://www.degreane-horizon.com/,France,Cuers,https://www.linkedin.com/company/25619488/admin/dashboard/,Eurosatory 2026 Catalog,B,New,"Vend des sous-systèmes / composants à un OEM construisant Radars, Naval systems.","Degreane Horizon is a company within the VINCI Energies group specializing in the design, development, and deployment of remote monitoring and measurement sy...",Naval defense,Air defense; Radar / sensors,,Review website and validate opportunity,
DEKIMO,https://www.dekimo.com/,Belgique,LOUVAIN LA NEUVE,,Eurosatory 2026 Catalog,D,New,Qualifier l'activité avant tout pitch ciblé.,To enrich,Other,,,No immediate action,
DELAIR,http://www.delair.aero/,France,LABEGE,https://www.linkedin.com/company/delair-tech/,Eurosatory 2026 Catalog,A,New,"Capteurs, payloads optroniques, communications pour plateformes ISR.","French pioneer in UAV technologies, Delair has been designing excellence solutions for ISTAR missions (Intelligence, Surveillance, Target Acquisition, and Re...",Intelligence / ISR,Land defense; Naval defense,,Contact sales team and qualify need,
DÉLÉGATION QUÉBEC,https://www.investquebec.com/quebec/fr/,Canada,MONTRÉAL QC,,Eurosatory 2026 Catalog,D,New,Qualifier l'activité avant tout pitch ciblé.,To enrich,Other,,,No immediate action,
DELLNER GLASS SOLUTIONS LTD,https://www.dellnerglass.com/,Royaume-Uni,COUNTY DURHAM,,Eurosatory 2026 Catalog,D,New,Qualifier l'activité avant tout pitch ciblé.,To enrich,Other,,,No immediate action,
DELMON GROUP,https://www.delmon-group.com/,France,TERRASSON LAVILLEDIEU,,Eurosatory 2026 Catalog,D,New,Qualifier l'activité avant tout pitch ciblé.,To enrich,Other,,,No immediate action,
Delta Aero Tech,https://www.deltaerotech.com/,Italie,CANTU ( CO ),,Eurosatory 2026 Catalog,D,New,Qualifier l'activité avant tout pitch ciblé.,To enrich,Other,,,No immediate action,
DELTA DEFENCE,https://www.deltadefence.eu/,Slovaquie,BRATISLAVA,,Eurosatory 2026 Catalog,D,New,Qualifier l'activité avant tout pitch ciblé.,To enrich,Other,,,No immediate action,
DELTA PREMIUM,http://deltacase.ua/,Ukraine,KYIV,,Eurosatory 2026 Catalog,D,New,Qualifier l'activité avant tout pitch ciblé.,"DELTA PREMIUM provides high-quality military and security solutions tailored to the specific needs of government agencies, law enforcement, and private secur...",Homeland security,,,No immediate action,
DeltaQuad,https://www.deltaquad.com/,Pays-Bas,DUIVENDRECHT,https://www.linkedin.com/company/deltaquad,Eurosatory 2026 Catalog,B,New,"Capteurs, payloads optroniques, communications pour plateformes ISR.","Built for extreme environments with 4+ hours of endurance."",""DeltaQuad Evo is a cutting-edge fixed-wing VTOL UAV for defense, security, and industry. DeltaQuad Evo redefines long range drone capabilities with 270 km range and 4.5 hour fligh…",Intelligence / ISR,Land defense; Homeland security,,Review website and validate opportunity,
DEMARKO S.A.,https://demarko-military.com/,Pologne,BYTOM,,Eurosatory 2026 Catalog,B,New,Module IA / fusion de données pour intégration dans la stack du client.,"Flexible, modular systems for military and supply logistics. The “DZO” project was awarded the Defender award at the XXXII International Defense Industry Exhibition. We are confident that our solutions will meet the evolving challenges face…",AI / data,Land defense; Armored vehicles,,Review website and validate opportunity,
DEMIL TECH,https://demiltech.hr/,Croatie,GOSPIĆ,,Eurosatory 2026 Catalog,D,New,Qualifier l'activité avant tout pitch ciblé.,To enrich,Other,,,No immediate action,
DENN,https://www.denn.es/,Espagne,POLINYÀ,https://www.linkedin.com/company/denn,Eurosatory 2026 Catalog,A,New,"Threat intel, hardware appliances, cloud souverain, audits.","Cookies de terceros: La Web de denn.es puede utilizar servicios de terceros que, por cuenta de denn.es, recopilaran información con fines estadísticos, de uso del Site por parte del usuario y para la prestacion de otros servicios relacionad…",Cybersecurity,C4ISR; Armored vehicles,,Contact sales team and qualify need,
"DEQING FOX ARMOUR CO.,LTD",http://www.foxarmour.com/,Chine,HUZHOU,,Eurosatory 2026 Catalog,B,New,"Vend des sous-systèmes / composants à un OEM construisant Soldier equipment, Ammunition.",FOX ARMOUR is one factory specializing in the manufacture and export of various Police & Army & Sports Body Protectors in rich experience. We have profuse de...,Ammunition,Land defense; Homeland security,,Review website and validate opportunity,
DEREMAUX Sarl,http://www.deremaux.com/,France,AUMALE,https://www.linkedin.com/company/deremaux/?viewAsMember=true,Eurosatory 2026 Catalog,B,New,"Matières premières, outils coupants, services qualité pour sous-traitants.","Our activities Machining / mechanical assembly Using either conventional or digital manufacturing, we manufacture finished products with the required dimensi...",Industrial subcontracting,Intelligence / ISR; Logistics / MRO,,Review website and validate opportunity,
DERIVERY SAS,http://www.derivery.fr/,France,PONT AUTHOU,,Eurosatory 2026 Catalog,D,New,Qualifier l'activité avant tout pitch ciblé.,To enrich,Other,,,No immediate action,
DESCHAMPS,http://www.deschamps-systems.com/,France,LA COURONNE,https://linkedin.com/company/deschamps,Eurosatory 2026 Catalog,D,New,Qualifier l'activité avant tout pitch ciblé.,To enrich,Other,,,No immediate action,
DESTINUS,http://www.destinus.com/,France,PARIS,,Eurosatory 2026 Catalog,D,New,Qualifier l'activité avant tout pitch ciblé.,To enrich,Other,,,No immediate action,
Destinus,https://www.destinus.com/,France,Paris,,Eurosatory 2026 Catalog,D,New,Qualifier l'activité avant tout pitch ciblé.,To enrich,Other,,,No immediate action,
DEUTZ Defense Systems,https://www.deutz.com/,Allemagne,COLOGNE,,Eurosatory 2026 Catalog,D,New,Qualifier l'activité avant tout pitch ciblé.,To enrich,Other,,,No immediate action,
DEVISMES SAS,https://www.devismes.fr/,France,FEUQUIÈRES EN VIMEU,https://www.linkedin.com/company/11175337,Eurosatory 2026 Catalog,B,New,"Capteurs, payloads optroniques, communications pour plateformes ISR.","Dès le début du XXe siècle , c’est au coeur du Vimeu, le pays de la serrure, que la société, Poumarèdes et Martinet est créée par l’arrière-grand-père de Philippe DEVISMES actuel PDG de DEVISMES SAS . En 1999, les deux sociétés fusionnent p…",Intelligence / ISR,Homeland security; Ballistic protection,,Review website and validate opportunity,
D-Fend Solutions,http://d-fendsolutions.com/,Royaume-Uni,LONDON,https://www.linkedin.com/company/d-fend-solutions/,Eurosatory 2026 Catalog,A,New,"Capteurs, payloads optroniques, communications pour plateformes ISR.","D-Fend Solutions is the leading provider of field-proven, RF cyber-driven, non-kinetic, non-disruptive, AI-enhanced counter-drone takeover technology for se...",Intelligence / ISR,Land defense; Air defense,,Contact sales team and qualify need,
DGA/DICE/SDGQ/BUREAU DES SALONS,http://www.defense.gouv.fr/,France,PARIS CEDEX 15,,Eurosatory 2026 Catalog,D,New,Qualifier l'activité avant tout pitch ciblé.,To enrich,Other,,,No immediate action,
Diadrom Systems AB,,Suède,Gothenburg,,Eurosatory 2026 Catalog,D,New,Qualifier l'activité avant tout pitch ciblé.,To enrich,Other,,,No immediate action,
DIAGER INDUSTRIE,https://www.diager-industrie.com/,France,Poligny,,Eurosatory 2026 Catalog,D,New,Qualifier l'activité avant tout pitch ciblé.,To enrich,Other,,,No immediate action,
Diamond Aircraft,https://www.diamondaircraft.com/,Autriche,WIENER NEUSTADT,,Eurosatory 2026 Catalog,D,New,Qualifier l'activité avant tout pitch ciblé.,To enrich,Other,,,No immediate action,
DIATEX SA,https://www.diatex.com/,France,ST GENIS LAVAL,,Eurosatory 2026 Catalog,D,New,Qualifier l'activité avant tout pitch ciblé.,To enrich,Other,,,No immediate action,
Diehl Defence,http://www.diehl.com/defence,Allemagne,UEBERLINGEN,,Eurosatory 2026 Catalog,D,New,Qualifier l'activité avant tout pitch ciblé.,To enrich,Other,,,No immediate action,
DIGIGRAM,https://www.digigram.com/,France,Montbonnot-Saint-Martin,,Eurosatory 2026 Catalog,D,New,Qualifier l'activité avant tout pitch ciblé.,To enrich,Other,,,No immediate action,
DIGITAL BIT SRL,https://www.digitalbit.ro/,Roumanie,BUCHAREST,,Eurosatory 2026 Catalog,D,New,Qualifier l'activité avant tout pitch ciblé.,To enrich,Other,,,No immediate action,
Digital Core Technologies Pvt Ltd,http://www.dicortech.com/,Inde,KAKKANAD,https://www.linkedin.com/company/digital-core-technologies-pvt-ltd,Eurosatory 2026 Catalog,B,New,"Threat intel, hardware appliances, cloud souverain, audits.",Digital Core Technologies (DCT) designs and builds mission-critical electronics for defense and security applications. Our product line includes Trimer LWIR...,Cybersecurity,Naval defense; Optics / optronics,,Review website and validate opportunity,
Digital Defence Ecosystem,http://www.digitaldefence.fi/,Finlande,TAMPERE,https://www.linkedin.com/company/86868558,Eurosatory 2026 Catalog,D,New,Qualifier l'activité avant tout pitch ciblé.,"The Digital Defence Ecosystem is a link between three worlds: defence, innovations, and finance. Our members co-innovate and collaborate to enable agile prod...",Other,,,No immediate action,
"DIGITAL RESEARCH AND CONSULTING CO.,LTD",http://www.drc.co.th/,Thaïlande,BANGKOK,,Eurosatory 2026 Catalog,D,New,Qualifier l'activité avant tout pitch ciblé.,To enrich,Other,,,No immediate action,
Dillinger Saarstahl,http://www.dillinger.de/,Allemagne,DILLINGEN,,Eurosatory 2026 Catalog,D,New,Qualifier l'activité avant tout pitch ciblé.,To enrich,Other,,,No immediate action,
"DILLON AERO, INC.",http://dillonaero.com/,États-Unis,POMPANO BEACH,https://dillonaeroinc.com,Eurosatory 2026 Catalog,A,New,"Capteurs, payloads optroniques, communications pour plateformes ISR.","Dillon Aero, founded in 1989, is a global leader in advanced weaponry, renowned for the M134D Minigun, delivering 3,000 rounds per minute with unmatched reli...",Intelligence / ISR,Land defense; Naval defense,,Contact sales team and qualify need,
DIRECT,http://www.direct.fr/,France,SAINT-ETIENNE DU ROUVRAY,https://linkedin.com/compagnydirectdistribution,Eurosatory 2026 Catalog,B,New,"Front-ends RF, processeurs, mécanique de précision pour fabricants radars.","DIRECT specializes in providing technical support to clients, particularly in the sale of specific products: CEM, connectors, wiring equipment, wires and cab...",Radar / sensors,Naval defense; C4ISR,,Review website and validate opportunity,
Direct Action,https://eu.directactiongear.com/,Pologne,Wrocław,https://www.linkedin.com/company/entire-m-sp-z-o-o/,Eurosatory 2026 Catalog,C,New,Canal de distribution / représentation pour notre portefeuille.,"Be the first to know our new products and never miss our special offers. Whether you need a lightweight plate carrier, a rugged chest rig, or a flexible modular belt system, you’ll find mission-ready solutions focused on ergonomics, mobilit…",Soldier systems,,,Keep in watchlist,
Directorate-General for Defence Industry and Space,https://ec.europa.eu/info/departments/defence-industry-and-space_en,Belgique,BRUSSELS,,Eurosatory 2026 Catalog,D,New,Qualifier l'activité avant tout pitch ciblé.,To enrich,Other,,,No immediate action,
DISTANCE,https://distance.tech/,Finlande,HELSINKI,,Eurosatory 2026 Catalog,A,New,"Capteurs, payloads optroniques, communications pour plateformes ISR.","In defence and aerospace, Distance acts as the front-end for sensor fusion, bringing hyper-spectral, thermal and battlefield data into a cohesive 3D visual layer embedded into vehicle windshields, helmets and next-generation situational awa…",Intelligence / ISR,Land defense; Naval defense,,Contact sales team and qualify need,
DIVISA PRECISION,http://www.divisa.ch/,Suisse,CAROUGE - GENÈVE,https://ch.linkedin.com/company/divisa-precision,Eurosatory 2026 Catalog,B,New,"Front-ends RF, processeurs, mécanique de précision pour fabricants radars.",The company was founded in 1961 to supply high-precision parts and assemblies for the watchmaking and instrumentation industries. With two factories in Genev...,Radar / sensors,Ammunition; Logistics / MRO,,Review website and validate opportunity,
DIXI MICROTECHNIQUES,http://www.diximicrotechniques.com/,France,CHAUDEFONTAINE,,Eurosatory 2026 Catalog,D,New,Qualifier l'activité avant tout pitch ciblé.,To enrich,Other,,,No immediate action,
"DK UNITY, SIA",,Lettonie,RIGA,,Eurosatory 2026 Catalog,D,New,Qualifier l'activité avant tout pitch ciblé.,To enrich,Other,,,No immediate action,
DMG MORI,https://dmgmori.com/,Allemagne,BIELEFELD,https://www.linkedin.com/company/dmgmori/,Eurosatory 2026 Catalog,C,New,Activité à qualifier — discovery call avant pitch précis.,"Des vidéos de production fascinantes et des présentations passionnantes. .cls-1 { fill: #fff; } .cls-2 { fill: rgba(255, 255, 255, .2); } Recommandation Bienvenue chez DMG MORI Events LA PLATEFORME POUR TOUS LES ÉVÈNEMENTS DMG MORI! LA PLAT…",Other,,,Keep in watchlist,
DOK-ING,https://www.dok-ing.hr/,Croatie,GRAD ZAGREB,,Eurosatory 2026 Catalog,D,New,Qualifier l'activité avant tout pitch ciblé.,To enrich,Other,,,No immediate action,
DOLL Fahrzeugbau GmbH,http://www.doll-defence.com/de/,Allemagne,OPPENAU,https://de.linkedin.com/company/doll-fahrzeugbau,Eurosatory 2026 Catalog,C,New,"Vend des sous-systèmes / composants à un OEM construisant Logistics equipment, Vehicles.","DOLL Fahrzeugbau GmbH specializes in the manufacturing of military and security vehicles, providing high-quality solutions for defense and law enforcement. O...",Homeland security,,,Keep in watchlist,
DOMO TACTICAL COMMUNICATIONS LTD (DTC),http://www.domotactical.com/,Royaume-Uni,ampshire,,Eurosatory 2026 Catalog,D,New,Qualifier l'activité avant tout pitch ciblé.,To enrich,Other,,,No immediate action,
DOODLE LABS LLC,https://doodlelabs.com/,États-Unis,MARINA DEL RAY,,Eurosatory 2026 Catalog,D,New,Qualifier l'activité avant tout pitch ciblé.,To enrich,Other,,,No immediate action,
DP WORLD,http://www.dpworld.com/,Pays-Bas,Hoofddorp,https://www.linkedin.com/company/dp-world/posts/?feedView=all,Eurosatory 2026 Catalog,B,New,"Moteurs, composites, plaques balistiques, optronique, comms pour OEM blindés.","DP World brings customer-centric solutions to industrial and commodities businesses, overcoming supply chain limitations to allow for round-the-clock product...",Armored vehicles,Naval defense; Logistics / MRO,,Review website and validate opportunity,
Dr. Bohrer Lasertec GmbH,,Autriche,Neusiedl am See,,Eurosatory 2026 Catalog,D,New,Qualifier l'activité avant tout pitch ciblé.,To enrich,Other,,,No immediate action,
DR. WERNER RÖHRS GMBH & CO.KG,http://www.roehrs.de/,Allemagne,SONTHOFEN,,Eurosatory 2026 Catalog,C,New,Vend des sous-systèmes / composants à un OEM construisant leur build line.,Dr. Werner Röhrs GmbH & Co. KG is the most known european producer of high-end recoil-springs for hand-gun or auto-cannons. Our focus is the development and ...,Other,,,Keep in watchlist,
DRÄGER FRANCE SAS,http://www.draeger.com/,France,ANTONY CEDEX,https://www.linkedin.com/company/draeger,Eurosatory 2026 Catalog,D,New,Qualifier l'activité avant tout pitch ciblé.,Dräger is an international leader in the fields of medical and safety technology. The family-run company was founded in Lübeck (Germany) in 1889. The compa...,Other,,,No immediate action,
Dragon Winch,http://www.dragonwinch.com/fr/,Pologne,BALICE,https://www.linkedin.com/company/dragon-winch,Eurosatory 2026 Catalog,B,New,"Pièces de rechange, calibration, certification pour acteurs MRO.","Dragon Winch is the only European manufacturer offering such a comprehensive range of winches and recovery systems dedicated to the military, fire services, ...",Logistics / MRO,,,Review website and validate opportunity,
DREHTAINER GmbH,http://www.drehtainer.com/,Allemagne,VALLUHN,,Eurosatory 2026 Catalog,D,New,Qualifier l'activité avant tout pitch ciblé.,DREHTAINER GmbH provides innovative military and security solutions tailored to the specific needs of defense and security professionals. Our products are de...,Other,,,No immediate action,
DRIVE SYSTEM DESIGN,https://www.drivesystemdesign.com/,États-Unis,FARMINGTON HILLS,,Eurosatory 2026 Catalog,A,New,"Outils SOC/SIEM, brique de sécurité défensive pour vendeur cyber.","News and Insights News and Insights Drive System Design strengthens its position as a trusted defense propulsion partner through CMMC Level 2 certification Global propulsion system engineering partner, Drive System Design (DSD), has achieve…",Cybersecurity,Air defense; Naval defense,,Contact sales team and qualify need,
DRONE VOLT,https://www.dronevolt.com/,France,VILLEPINTE,,Eurosatory 2026 Catalog,A,New,"Composants, sous-systèmes, software, services pour primes C4ISR.",DRONE VOLT is an international leader in the field of professional civilian drones and embedded artificial intelligence. See More See Less Video We are proud to announce the signing of a major contract between DRONE VOLT and Phoenix Tower I…,C4ISR,Land defense; Air defense,,Contact sales team and qualify need,
DRONE XTR,https://dronextr.fr/,France,LE HAVRE,,Eurosatory 2026 Catalog,C,New,"Capteurs, payloads optroniques, communications pour plateformes ISR.",To enrich,Intelligence / ISR,UAV / drones; Counter-UAV,,Keep in watchlist,
DroneShield,https://www.droneshield.com/,Australie,SYDNEY,www.linkedin.com/company/droneshield,Eurosatory 2026 Catalog,A,New,"Capteurs, payloads optroniques, communications pour plateformes ISR.",The global leader in AI-powered CUxS. DroneShield delivers counter-drone solutions for every mission with customer-first design and advanced threat detection.,Intelligence / ISR,Air defense; Naval defense,,Contact sales team and qualify need,
Dronivo GmbH,https://www.dronivo.com/,Allemagne,LUDWIGSHAFEN,https://www.linkedin.com/company/dronivo/posts/?feedView=all,Eurosatory 2026 Catalog,D,New,Qualifier l'activité avant tout pitch ciblé.,To enrich,Other,,,No immediate action,
Dropla Tech,,Danemark,Aarhus C,,Eurosatory 2026 Catalog,D,New,Qualifier l'activité avant tout pitch ciblé.,To enrich,Other,,,No immediate action,
DROUIN SAS,http://www.drouin.fr/,France,MÉZIÈRES-SUR-PONTHOUIN,https://www.linkedin.com/company/71478338/admin/page-posts/published/,Eurosatory 2026 Catalog,D,New,Qualifier l'activité avant tout pitch ciblé.,"DROUIN SAS offers a wide range of plywood crates, including traditional and collapsible models, with or without palletisation. If you cannot find a standard ...",Other,,,No immediate action,
DRV Solutions,https://www.drv-solutions.com/,Belgique,DEINZE,https://www.linkedin.com/company/drvsolutions,Eurosatory 2026 Catalog,B,New,"Fournisseur de batteries, moteurs, optronique, RF, composites pour fabricants UAV.",To enrich,UAV / drones,Logistics / MRO; Engineering services,,Review website and validate opportunity,
DSG CANUSA GmbH,,Allemagne,RHEINBACH,,Eurosatory 2026 Catalog,D,New,Qualifier l'activité avant tout pitch ciblé.,To enrich,Other,,,No immediate action,
Dspnor AS,,Norvège,Laksevåg,,Eurosatory 2026 Catalog,D,New,Qualifier l'activité avant tout pitch ciblé.,To enrich,Other,,,No immediate action,
DSS,http://www.dss-cz.com/,République tchèque,PRAGUE,,Eurosatory 2026 Catalog,B,New,"Sous-systèmes, composites, certification pour primes terrestres.",DSS is a renowned Czech manufacturer specializing in small arms and boasts a long tradition and expertise in the defence industry. Our offer includes light m...,Land defense,Armored vehicles; Weapons,,Review website and validate opportunity,
DSV,http://dsv-solutions.fr/,France,Aix-en-Provence,https://www.linkedin.com/company/dsv-developpement-strategies-ventes/?viewAsMember=true,Eurosatory 2026 Catalog,B,New,"Capteurs, payloads optroniques, communications pour plateformes ISR.",DSV is a French SME that captures the best European technologies to put them at the service of French forces. It offers armies and security forces ITAR-free ...,Intelligence / ISR,Air defense; Naval defense,,Review website and validate opportunity,
DSV Air & Sea,,France,GENNEVILLIERS,https://www.linkedin.com/company/dsv/about/,Eurosatory 2026 Catalog,D,New,Qualifier l'activité avant tout pitch ciblé.,To enrich,Other,,,No immediate action,
DUCHENE INDUSTRIES,https://www.duchene-industries.fr/,France,RUY-MONTCEAU,,Eurosatory 2026 Catalog,D,New,Qualifier l'activité avant tout pitch ciblé.,To enrich,Other,,,No immediate action,
DUNARIT,http://www.dunarit.com/,Bulgarie,RUSE,,Eurosatory 2026 Catalog,D,New,Qualifier l'activité avant tout pitch ciblé.,To enrich,Other,,,No immediate action,
DURABOOK,http://www.durabook.com/,Taïwan,TAIPEI,https://www.linkedin.com/company/DURABOOK/,Eurosatory 2026 Catalog,A,New,"Fournisseur de batteries, moteurs, optronique, RF, composites pour fabricants UAV.","DURABOOK is the core brand of Twinhead International Corporation. In 2000, Twinhead manufactured its first military-grade rugged laptop and launched the DURA...",UAV / drones,Naval defense; Homeland security,,Contact sales team and qualify need,
DURKOPP,http://www.durkopp.group/,France,VIERZON,,Eurosatory 2026 Catalog,A,New,"Moteurs, composites, plaques balistiques, optronique, comms pour OEM blindés.","A specialist in bearings, delivering agile, innovative, and tailor-made solutions that meet the highest standards. DURKOPP is your partner for high-precision...",Armored vehicles,Simulation / training; Logistics / MRO,,Contact sales team and qualify need,
Đuro Đakovic Specijalna vozila,https://duro-dakovic.com/,Croatie,SLAVONSKI BROD,,Eurosatory 2026 Catalog,D,New,Vend des sous-systèmes / composants à un OEM construisant Logistics equipment.,"Proizvodnja oklopnih borbenih vozila, strojeva za humanitarno razminiranje i vagona za posebne namjene. Bavi se razvojem, projektiranjem, inženjeringom i održavanjem prijenosnika snage. Tvrtka Đuro Đaković Energetika i infrastruktura d.o.o.…",Other,,,No immediate action,
Dürr AG,http://www.durr-group.com/,Allemagne,BIETIGHEIM-BISSINGEN,,Eurosatory 2026 Catalog,B,New,"GPUs, cloud, data annotation, hardening cyber pour plateforme IA.","The Dürr Group is a trusted partner of the defence industry, leveraging decades of expertise from automotive, aircraft, and general industries. Our proven tr...",AI / data,Logistics / MRO,,Review website and validate opportunity,
Dürr Systems AG,https://www.durr.com/,Allemagne,Bietigheim-Bissingen,,Eurosatory 2026 Catalog,A,New,"Composites, capteurs, comms, lancement pour primes spatiaux.",Read more REFRAMED: the new online magazine of Dürr Systems AG Find out more Read more EcoBell4 Rotary atomizer From green to red to yellow to blue. Cookies in this category additionally ensure that the website complies with the applicable …,Space / satellite,Cybersecurity; Armored vehicles,,Contact sales team and qualify need,
DWC LLC,https://www.startupblink.com/,Émirats arabes unis,DUBAI,,Eurosatory 2026 Catalog,D,New,Qualifier l'activité avant tout pitch ciblé.,This website is using a security service to protect itself from online attacks. The action you just performed triggered the security solution. Cloudflare Ray ID: 9f347cbf38d4c799 • Your IP: Click to reveal 213.41.12.82 • Performance & secur…,Other,,,No immediate action,
Dynamit Nobel Defence,http://www.dn-defence.com/,Allemagne,BURBACH,https://www.linkedin.com/company/dynamit-nobel-defence-gmbh,Eurosatory 2026 Catalog,A,New,"Sous-systèmes, composites, certification pour primes terrestres.",Dynamit Nobel Defence GmbH (DND) is a mid-sized systems provider within the defense industry. The company employs more than 600 highly qualified personnel. D...,Land defense,C4ISR; Armored vehicles,,Contact sales team and qualify need,
Dynasafe US LLC,https://dynasafe.com/,États-Unis,TALLADEGA,,Eurosatory 2026 Catalog,A,New,"Vend des sous-systèmes / composants à un OEM construisant Ammunition, Weapons.","Our explosive containment chambers are flexible in terms of sizes, protection levels, implementations, and options, enabling us to provide multiple product versions for each specific market segment. Bomb Disposal Public Safety Transportatio…",Weapons,Homeland security; Ammunition,,Contact sales team and qualify need,
Dyneema®,http://www.dyneema.com/,États-Unis,STANLEY,,Eurosatory 2026 Catalog,B,New,"Textiles, composites, optronique, énergie pour kits soldat.","Dyneema®, the world’s strongest fiber™, is a premium brand of ultra-high-molecular-weight polyethylene (UHMWPE). We’ve been driving material science innovati...",Soldier systems,Naval defense; Homeland security,,Review website and validate opportunity,
e.tricks,,France,Brassac Les Mines,,Eurosatory 2026 Catalog,D,New,Qualifier l'activité avant tout pitch ciblé.,To enrich,Other,,,No immediate action,
E.X LOGISTIQUE,http://e-x-logistique.com/,France,CONNANTRAY-VAUREFROY,,Eurosatory 2026 Catalog,D,New,Qualifier l'activité avant tout pitch ciblé.,To enrich,Other,,,No immediate action,
East Gear (International) Corp Limited,http://www.eastgear-int.com/,Hong-Kong,HONG KONG,,Eurosatory 2026 Catalog,B,New,Canal de distribution / représentation pour notre portefeuille.,East Gear (International) Corp Limited (E-Gear) is a leading Hong Kong based tactical and rescue products design company. We were established by homeland sec...,Soldier systems,Land defense; Homeland security,,Review website and validate opportunity,
EBERSPÄCHER CLIMATE CONTROL SYSTEMS INTERNATIONAL GMBH,http://www.eberspaecher.com/,Allemagne,ESSLINGEN,,Eurosatory 2026 Catalog,D,New,Qualifier l'activité avant tout pitch ciblé.,To enrich,Other,,,No immediate action,
E-boost Gmbh,https://e-boost.com/,Allemagne,WALDKIRCH,,Eurosatory 2026 Catalog,D,New,"Vend des sous-systèmes / composants à un OEM construisant Logistics equipment, Engines / propulsion.","{ ""@context"": ""https://schema.org/"", ""@type"": ""Product"", ""name"": ""E-Boost Street EV Bike"", ""image"": ""https://e-boost.com/cdn/shop/files/Gross_WhiteGlatt_4_1024x1024.jpg?v=1706868213"", ""description"": ""Das E-Boost Street EV Bike ist die ideal…",Other,,,No immediate action,
EBOS technologies ltd,https://www.ebosrnd.eu/,Cyprus,NICOSIA,https://www.linkedin.com/company/ebos-technologies-ltd,Eurosatory 2026 Catalog,A,New,"Threat intel, hardware appliances, cloud souverain, audits.",Consortium ETHNIKO KENTRO EREVNAS KAI TECHNOLOGIKIS ANAPTYXIS (CERTH-HIT) EBOS TECHNOLOGIES LTD (EBOS) EVIDEN TECHNOLOGIES SRL (EVIDEN) EREVNITIKO PANEPISTIMIAKO INSTITOUTO SYSTIMATON EPIKOINONION KAI YPOLOGISTON (ICCS) INCITES CONSULTING S…,Cybersecurity,Air defense; Naval defense,,Contact sales team and qualify need,
E-BUSINESS VENTURE,https://ebv.fr/,France,SAINT MAUR DES FOSSES,,Eurosatory 2026 Catalog,D,New,Qualifier l'activité avant tout pitch ciblé.,To enrich,Other,,,No immediate action,
Echodyne,http://www.echodyne.com/,États-Unis,KIRKLAND,https://www.linkedin.com/company/echodyne/posts/?feedView=all,Eurosatory 2026 Catalog,C,New,Vend des sous-systèmes / composants à un OEM construisant Radars.,Echodyne is a U.S. supplier of advanced commercial radar solutions for defense and national security applications. The company’s metamaterials electronically...,Radar / sensors,,,Keep in watchlist,
ECLIPTIC DEFENCE AND SPACE,https://www.ecliptic-ds.com/,Cyprus,NICOSIA,,Eurosatory 2026 Catalog,A,New,"Amplis RF, processeurs signal, embarqué, antennes pour EW.","CERTIFICATION OUR TEAM With a deep focus on RF and Microwave technologies, Ecliptic Defence and Space proudly serves as your reliable partner in the development of defence and space components, subsystems, and systems. At Ecliptic Defence a…",Electronic warfare,Naval defense; Homeland security,,Contact sales team and qualify need,
eCon Trading Ltd.,https://econengineering.com/en/,Hongrie,Budapest,,Eurosatory 2026 Catalog,A,New,"Radars, sonars, comms, armement, sustainment pour primes navals.","In-person Conference Budapest May 07 07 May 2026 9:00 am – 3:00 pm Econ Szimpulzus 2026 – EM The second session of the Econ Szimpulzus engineering simulation series, centered on electromagnetic simulations. In-person Conference Budapest 0 i…",Naval defense,Optics / optronics; Radar / sensors,,Contact sales team and qualify need,
ECONOMAT DES ARMEES,https://economat-armees.com/,France,PANTIN CEDEX,,Eurosatory 2026 Catalog,D,New,Qualifier l'activité avant tout pitch ciblé.,To enrich,Other,,,No immediate action,
ECOSUN INNOVATIONS,https://www.ecosuninnovations.com/,France,WETTOLSHEIM,,Eurosatory 2026 Catalog,D,New,Qualifier l'activité avant tout pitch ciblé.,To enrich,Other,,,No immediate action,
ECOTEST GROUP,http://ecotestgroup.com/,Ukraine,LVIV,https://www.linkedin.com/company/10967767,Eurosatory 2026 Catalog,B,New,"Vend des sous-systèmes / composants à un OEM construisant Vehicles, Software / Platforms.",ECOTEST GROUP is a developer and manufacturer of innovative radiation measurement instruments and comprehensive systems designed to solve nuclear measurement...,NRBC / CBRN,Homeland security,,Review website and validate opportunity,
ECRIN SYSTEMS,http://www.ecrin.com/,France,CROLLES,https://www.linkedin.com/company/ecrin-systems/,Eurosatory 2026 Catalog,D,New,Qualifier l'activité avant tout pitch ciblé.,To enrich,Other,,,No immediate action,
ED PUBLISHING,https://www.edrmagazine.eu/,France,PARIS,,Eurosatory 2026 Catalog,D,New,Qualifier l'activité avant tout pitch ciblé.,To enrich,Other,,,No immediate action,
Edeis ingénierie,http://www.edeis.com/expertises/ingenierie/,France,NANTES CEDEX 3,https://www.linkedin.com/company/edeis/,Eurosatory 2026 Catalog,C,New,Vend des sous-systèmes / composants à un OEM construisant Logistics equipment.,"Edeis Engineering designs and builds buildings and infrastructure for defense and security actors. From study to commissioning, we accompany our clients at e...",Logistics / MRO,Naval defense; Homeland security,,Keep in watchlist,
EDePro d.o.o,http://www.edepro.com/,Serbie,BELGRADE,,Eurosatory 2026 Catalog,B,New,"Composites, capteurs, comms, lancement pour primes spatiaux.","EDePro is a global powerhouse in propulsion and defense technologies, delivering cutting-edge rocket systems, UAVs, turbojet engines, and artillery solutions...",Space / satellite,Land defense; UAV / drones,,Review website and validate opportunity,
EDGE GROUP,https://edgegroupuae.com/,Émirats arabes unis,ABU DHABI,https://www.linkedin.com/company/edgegroup/,Eurosatory 2026 Catalog,D,New,Qualifier l'activité avant tout pitch ciblé.,"This website is using a security service to protect itself from online attacks. The action you just performed triggered the security solution. Sorry, you have been blocked You are unable to access edgegroupuae.com Why have I been blocked?",Other,,,No immediate action,
EDH,https://edh.fr/,France,MESANGER,,Eurosatory 2026 Catalog,D,New,Qualifier l'activité avant tout pitch ciblé.,To enrich,Other,,,No immediate action,
EDI-USA,https://execdefense.com/,États-Unis,PHILADELPHIA,,Eurosatory 2026 Catalog,D,New,Qualifier l'activité avant tout pitch ciblé.,To enrich,Other,,,No immediate action,
EES CLEMESSY,https://www.clemessy.com/,France,SAINT JEAN DE LA RUELLE,,Eurosatory 2026 Catalog,D,New,Qualifier l'activité avant tout pitch ciblé.,To enrich,Other,,,No immediate action,
EES-CLEMESSY,https://www.clemessy.com/,France,ARRAS CEDEX 9,https://www.linkedin.com/company/eiffageenergiesystemes/,Eurosatory 2026 Catalog,B,New,"Vend des sous-systèmes / composants à un OEM construisant Robotics / UGV, Logistics equipment.","Recrudescence de tentatives d'usurpation de l'identité d'Eiffage et de ses filiales (utilisation de fausses adresses e-mail, sites web frauduleux, etc.). Présentation Implantations Recrutement Nos compétences Multitechniques Concepteur de s…",C4ISR,Naval defense; Optics / optronics,,Review website and validate opportunity,
efa France,https://efa-controls.com/,France,FONDETTES,https://www.linkedin.com/company/efa-france/,Eurosatory 2026 Catalog,B,New,"Front-ends RF, processeurs, mécanique de précision pour fabricants radars.","Radar anti-collision Preco Fabricant de caméras et radars intelligent de protection des angles morts , Preco Electronics (désormais Sensata) travaille avec efa France en tant que distributeur exclusif. Lorsque la question est posée de savoi…",Radar / sensors,Air defense; UAV / drones,,Review website and validate opportunity,
EFT GROUP Sp. z o.o.,https://eftgroup.pl/en/,Pologne,Widziszewo,,Eurosatory 2026 Catalog,C,New,"Vend des sous-systèmes / composants à un OEM construisant Vehicles, Logistics equipment.",MOUNTING KITS We offer various toolbox`s fixing systems depending on vehicle`s type and configuration. TOOLBOX MARKING OPTIONS We use several methods of marking the box with logos and inscriptions. One of them based on the patented graphic`…,Other,,,Keep in watchlist,
Ege Araç Teknolojileri A.Ş.,,Turquie,İzmir,,Eurosatory 2026 Catalog,D,New,Qualifier l'activité avant tout pitch ciblé.,To enrich,Other,,,No immediate action,
Ege Endüstri ve Ticaret A.Ş.,,Turquie,İzmir,,Eurosatory 2026 Catalog,D,New,Qualifier l'activité avant tout pitch ciblé.,To enrich,Other,,,No immediate action,
Ege Fren Sanayi A.Ş.,https://www.egefren.com.tr/,Turquie,İzmir,,Eurosatory 2026 Catalog,D,New,Vend des sous-systèmes / composants à un OEM construisant Engines / propulsion.,"GÜÇLÜ VE UZUN ÖMÜRLÜ AĞIR VASITA FREN SİSTEMLERİ Ege Fren, global ticari ve endüstriyel araç üreticilerine fren ve otomotiv komponentleri tedarikçisi olarak hizmet vermektedir. Tamamı İzmir’de yerleşik olan 2 adet fabrika, Ar-Ge merkezi ve …",Other,,,No immediate action,
EGIDE,https://www.egide-tech.com/,France,RIS-ORANGIS,https://www.linkedin.com/company/egide-tech/,Eurosatory 2026 Catalog,A,New,"Capteurs, payloads optroniques, communications pour plateformes ISR.","LinkedIn Post Apr 3 EGIDE raises €8m seed round led by Expeditions, Eurazeo, and Heartcore Capital to develop next-generation defence arsenal EGIDE, a French defence technology startup building the next generation of affordable defence syst…",Intelligence / ISR,Air defense; Naval defense,,Contact sales team and qualify need,
EID,http://www.eid.pt/,Portugal,CHARNECA DA CAPARICA,https://www.linkedin.com/company/eid-sa,Eurosatory 2026 Catalog,A,New,"Composants, sous-systèmes, software, services pour primes C4ISR.","EID is a Portuguese company with more than 40 years of experience in the engineering of advanced electronic systems for defence and security. EID designs, de...",C4ISR,Land defense; Naval defense,,Contact sales team and qualify need,
EINSA,https://www.einsa.es/,Espagne,ALCALA DE HENARES MADRID,,Eurosatory 2026 Catalog,D,New,Qualifier l'activité avant tout pitch ciblé.,To enrich,Other,,,No immediate action,
EIZO Rugged Solutions,http://www.eizorugged.com/,États-Unis,Orlando,https://www.linkedin.com/company/eizoruggedsolutions/,Eurosatory 2026 Catalog,B,New,"Amplis RF, processeurs signal, embarqué, antennes pour EW.","View Product Supporting the Digital Transformation of C5ISR Mission Systems EIZO Rugged Solutions is a leading manufacturer of high-performance visual technology for C5ISR applications. EIZO Rugged Solutions combines advanced thermal, mecha…",Electronic warfare,Naval defense; Intelligence / ISR,,Review website and validate opportunity,
EKOSCAN,https://www.ekoscan-ndt.com/,France,SAINT REMY,,Eurosatory 2026 Catalog,D,New,Qualifier l'activité avant tout pitch ciblé.,To enrich,Other,,,No immediate action,
Eksma Optics,http://www.eksmaoptics.com/,Lituanie,VILNIUS,https://www.linkedin.com/company/eksma-optics/,Eurosatory 2026 Catalog,B,New,"Textiles, composites, optronique, énergie pour kits soldat.","EKSMA Optics is a European photonics manufacturer based in Vilnius, delivering advanced optical and laser components for next-generation defense systems. Wit...",Soldier systems,C4ISR; Optics / optronics,,Review website and validate opportunity,
ELAUL,https://www.elaul.fr/,France,MONTAUBAN,,Eurosatory 2026 Catalog,D,New,Qualifier l'activité avant tout pitch ciblé.,To enrich,Other,,,No immediate action,
Elbe Holding,http://www.elbe-group.de/en/,Allemagne,BIETIGHEIM-BISSINGEN,,Eurosatory 2026 Catalog,B,New,"Composites, capteurs, comms, lancement pour primes spatiaux.","The Elbe Group is a market leader in the manufacture of drive solutions for vehicle and machine construction. Founded in 1919, the Elbe Group is a family-ow...",Space / satellite,Soldier systems; Radar / sensors,,Review website and validate opportunity,
Elbit Systems,http://www.elbitsystems.com/,Israël,HAIFA,,Eurosatory 2026 Catalog,D,New,Qualifier l'activité avant tout pitch ciblé.,To enrich,Other,,,No immediate action,
Elbit Systems Sweden AB,http://elbitsystems.se/,Suède,Gothenburg,https://www.linkedin.com/company/elbit-systems-sweden-ab/,Eurosatory 2026 Catalog,B,New,"Vend des sous-systèmes / composants à un OEM construisant Optronics / Optics, Tactical radios.","Elbit Systems Sweden AB is a Swedish company with the vision of being the natural choice for protecting society and creating a safer world. Founded in 2020, ...",Intelligence / ISR,Naval defense; C4ISR,,Review website and validate opportunity,
"ELDIS PARDUBICE, S.R.O.",http://www.eldis.cz/,République tchèque,PARDUBICE,,Eurosatory 2026 Catalog,D,New,Qualifier l'activité avant tout pitch ciblé.,To enrich,Other,,,No immediate action,
Electro Optic Systems,https://www.eos-aus.com/,Australie,CANBERRA,,Eurosatory 2026 Catalog,D,New,Qualifier l'activité avant tout pitch ciblé.,To enrich,Other,,,No immediate action,
ELECTROPOLI SA,http://www.electropoli.com/,France,ISIGNY LE BUAT,https://www.linkedin.com/company/groupe-electropoli-sa/,Eurosatory 2026 Catalog,B,New,"Matériaux énergétiques, mécanique, packaging, certification.","Electropoli is a recognized player in metal surface treatment, specializing in critical applications for demanding sectors such as Defense, Aeronautics, and ...",Ammunition,Simulation / training; Logistics / MRO,,Review website and validate opportunity,
Electro-therm,https://www.electrotherm.fr/,France,BRON,,Eurosatory 2026 Catalog,D,New,Qualifier l'activité avant tout pitch ciblé.,To enrich,Other,,,No immediate action,
Elektroda Zagreb d.o.o.,https://ezg.hr/,Croatie,Zaprešić,,Eurosatory 2026 Catalog,B,New,Canal de distribution / représentation pour notre portefeuille.,Prilog u vijestima – Elektroda Zagreb d.o.o. i sufinanciranje iz EU fondova Proizvodi CERTIFIKATI ELEKTRODE ŽICE ŠIPKE KISWEL PRIBOR PRIBOR ZA BAČVE „Financira Europska unija – NextGenerationEU. Ni Europska unija ni Europska komisija ne mog…,Naval defense,Logistics / MRO; Export / distribution,,Review website and validate opportunity,
ELETTRONICA SPA,https://www.eltgroup.net/,Italie,ROMA,,Eurosatory 2026 Catalog,D,New,Qualifier l'activité avant tout pitch ciblé.,To enrich,Other,,,No immediate action,
"ELFYS, INC.",http://www.elfys.fi/,Finlande,ESPOO,https://www.linkedin.com/company/elfys,Eurosatory 2026 Catalog,A,New,"Capteurs, payloads optroniques, communications pour plateformes ISR.","ElFys develops and manufactures ultra-sensitive photodiodes using patented black silicon nanotechnology, offering broad-spectrum, near-ideal responsivity. Fo...",Intelligence / ISR,Soldier systems; Optics / optronics,,Contact sales team and qualify need,
ELGIE - Actemium Roanne Connectique,https://www.actemium.fr/implantations/actemium-roanne-connectique/presentation/,France,ROANNE,,Eurosatory 2026 Catalog,D,New,Qualifier l'activité avant tout pitch ciblé.,To enrich,Other,,,No immediate action,
ELIKA TEAM,https://elikateam.com/,France,BIARRITZ,,Eurosatory 2026 Catalog,D,New,Qualifier l'activité avant tout pitch ciblé.,To enrich,Other,,,No immediate action,
Elistair,http://www.elistair.com/,France,DARDILLY,https://www.linkedin.com/company/3720597/admin/dashboard/,Eurosatory 2026 Catalog,B,New,"Capteurs, payloads optroniques, communications pour plateformes ISR.","Founded in 2014 in Lyon and Wilmington, Elistair designs tethered drone systems for perimeter protection, border surveillance, and event security. Its patent...",Intelligence / ISR,Land defense; Homeland security,,Review website and validate opportunity,
Elmo Motion Control,https://www.elmomc.com/,Israël,PETACH TIKVA,https://www.linkedin.com/company/elmomotioncontrol/,Eurosatory 2026 Catalog,D,New,Qualifier l'activité avant tout pitch ciblé.,To enrich,Other,,,No immediate action,
ELMON SA,https://www.elmon.com/,Grèce,ATHENS PEANIA,,Eurosatory 2026 Catalog,D,New,Qualifier l'activité avant tout pitch ciblé.,To enrich,Other,,,No immediate action,
ELNO,https://www.elno.fr/,France,ARGENTEUIL,,Eurosatory 2026 Catalog,D,New,Qualifier l'activité avant tout pitch ciblé.,To enrich,Other,,,No immediate action,
ELYNXO,http://www.elynxo.fr/,France,LES ULIS,https://www.linkedin.com/company/10376980/,Eurosatory 2026 Catalog,B,New,"Matières premières, outils coupants, services qualité pour sous-traitants.","Elynxo specializes in the design, manufacture, and maintenance of optronic equipment and subassemblies for defense, security, and industry. Drawing on extens...",Industrial subcontracting,Air defense; Naval defense,,Review website and validate opportunity,
EM&E,https://www.eme-es.com/,Espagne,ALCALÁ DE HENARES,,Eurosatory 2026 Catalog,D,New,Qualifier l'activité avant tout pitch ciblé.,To enrich,Other,,,No immediate action,
Emaan International Company,,Arabie saoudite,Riyadh,,Eurosatory 2026 Catalog,D,New,Qualifier l'activité avant tout pitch ciblé.,To enrich,Other,,,No immediate action,
EMAG,http://www.emag.com/,Allemagne,SALACH,https://www.linkedin.com/company/emaggroup,Eurosatory 2026 Catalog,A,New,"Moteurs, composites, plaques balistiques, optronique, comms pour OEM blindés.",Defense Industry: Manufacturing solutions for the highest productivity level The EMAG Group is a leading supplier of manufacturing systems for the defense in...,Armored vehicles,Weapons; Ammunition,,Contact sales team and qualify need,
Embedl,http://www.embedl.com/,Suède,Göteborg,https://www.linkedin.com/company/embedl/,Eurosatory 2026 Catalog,A,New,"Capteurs, payloads optroniques, communications pour plateformes ISR.",Embedl enables reliable deployment of generative AI and physical AI on edge and embedded hardware for defense systems. Our platform optimizes and compiles AI...,Intelligence / ISR,UAV / drones; Radar / sensors,,Contact sales team and qualify need,
EMBERION LTD,http://www.emberion.com/,Royaume-Uni,CAMBRIDGE,,Eurosatory 2026 Catalog,D,New,Qualifier l'activité avant tout pitch ciblé.,To enrich,Other,,,No immediate action,
EMBRAER,http://embraer.com/defense-security-overview/en/,Brésil,SÃO JOSÉ DOS CAMPOS,,Eurosatory 2026 Catalog,D,New,Qualifier l'activité avant tout pitch ciblé.,"Embraer’s portfolio includes the KC-390 Millennium – a new generation, multi-mission military transport and air-to-air refueling aircraft – and the A-29 Supe...",Other,,,No immediate action,
EMD,http://www.emd-pro.com/,France,LANESTER,,Eurosatory 2026 Catalog,D,New,Qualifier l'activité avant tout pitch ciblé.,To enrich,Other,,,No immediate action,
Emergent Swarm Solutions,https://emergentswarms.com/,Pays-Bas,DELFT,,Eurosatory 2026 Catalog,B,New,"Fournisseur de batteries, moteurs, optronique, RF, composites pour fabricants UAV.","We’re a small, sharp team building the future of collaborative intelligence — driven by curiosity, grounded in engineering, and focused on solving real problems. A launchpad for autonomous systems where bold ideas become working drones.",UAV / drones,Simulation / training,,Review website and validate opportunity,
Emiliana Serbatoi,http://www.emilianaserbatoi.com/,Italie,CAMPOGALLIANO,https://www.linkedin.com/company/11005217,Eurosatory 2026 Catalog,B,New,"Outils SOC/SIEM, brique de sécurité défensive pour vendeur cyber.","Emiliana Serbatoi has been an international leading producer of equipment, devices and systems for storage, transport and delivery of petroleum products and ...",Cybersecurity,Armored vehicles; Export / distribution,,Review website and validate opportunity,
Emirates Cable Corporation Interconnect (ECCI),https://ecci.ae/,Émirats arabes unis,Abu Dhabi,,Eurosatory 2026 Catalog,D,New,Qualifier l'activité avant tout pitch ciblé.,Our site is coming soon We are doing some maintenance on our site.,Logistics / MRO,,,No immediate action,
EMITECH,http://www.emitech.fr/,France,MONTIGNY LE BRETONNEUX,,Eurosatory 2026 Catalog,D,New,Qualifier l'activité avant tout pitch ciblé.,To enrich,Other,,,No immediate action,
EMJ Metāls SIA,http://www.emjmetals.lv/,Lettonie,Ķekavas novads,https://www.linkedin.com/company/emj-metals-sia/,Eurosatory 2026 Catalog,C,New,Activité à qualifier — discovery call avant pitch précis.,"EMJ Metāls SIA (Latvia, EU/NATO) is a metal processing company delivering sheet metal components and welded structures for defence industries. We support Eur...",Other,,,Keep in watchlist,
Empact ApS,,Danemark,København NV,,Eurosatory 2026 Catalog,D,New,Qualifier l'activité avant tout pitch ciblé.,To enrich,Other,,,No immediate action,
EMPL,https://www.empl.at/,Autriche,KALTENBACH IM ZILLERTAL,,Eurosatory 2026 Catalog,D,New,Qualifier l'activité avant tout pitch ciblé.,To enrich,Other,,,No immediate action,
EMS Concept,https://www.ems-concept.com/,France,SAVERNE,,Eurosatory 2026 Catalog,D,New,Qualifier l'activité avant tout pitch ciblé.,To enrich,Other,,,No immediate action,
EMTECH,https://www.emtechinc.net/,États-Unis,Sterling Heights,,Eurosatory 2026 Catalog,B,New,"Vend des sous-systèmes / composants à un OEM construisant Vehicles, Software / Platforms.","Accept Decline Welcome To Emtech With more than 25 years of experience, we provide vertically integrated manufacturing solutions for various industries and markets. What We Do Capabilities Products Markets Company About Contact Contact sale…",Naval defense,Logistics / MRO,,Review website and validate opportunity,
ENAG,https://www.enag.fr/,France,QUIMPER,,Eurosatory 2026 Catalog,D,New,Qualifier l'activité avant tout pitch ciblé.,To enrich,Other,,,No immediate action,
ENCORP LTD,https://encorp.eu/,Cyprus,NICOSIA,,Eurosatory 2026 Catalog,D,New,Qualifier l'activité avant tout pitch ciblé.,To enrich,Other,,,No immediate action,
Energetics Technology ltd,https://www.energetics-technology.com/,Royaume-Uni,"Ashbourne, Derbyshire",,Eurosatory 2026 Catalog,C,New,"Vend des sous-systèmes / composants à un OEM construisant Software / Platforms, Logistics equipment.","Drawing on years of experience in the science of energetics, it is our mission to design, test and manufacture the best pyrotechnic mechanisms and devices. All our products are put through the most rigorous design, manufacture and quality c…",Other,,,Keep in watchlist,
ENERGIE METAL,https://www.energie-metal.fr/,France,LE COTEAU,,Eurosatory 2026 Catalog,D,New,Qualifier l'activité avant tout pitch ciblé.,To enrich,Other,,,No immediate action,
Engineering Conception Maintenance,https://www.ecm-crit.com/,France,Paris,,Eurosatory 2026 Catalog,D,New,Qualifier l'activité avant tout pitch ciblé.,To enrich,Other,,,No immediate action,
Enidine,https://www.enidine.com/,États-Unis,Orchard Park,,Eurosatory 2026 Catalog,D,New,Qualifier l'activité avant tout pitch ciblé.,To enrich,Other,,,No immediate action,
Ensign-Bickford Aerospace & Defense,http://www.ebad.com/,États-Unis,SIMSBURY,https://www.linkedin.com/company/ensign-bickford-aerospace-&-defense-company/,Eurosatory 2026 Catalog,D,New,Qualifier l'activité avant tout pitch ciblé.,"Ensign-Bickford Aerospace & Defense Company (EBAD) is a leader in explosive breaching, EOD and demolition technology. Our products include Primacord® Detona...",Other,,,No immediate action,
ENSTROM HELICOPTER CORPORATION,http://www.enstromhelicopter.com/,États-Unis,MENOMINEE,,Eurosatory 2026 Catalog,B,New,"Composites, capteurs, comms, lancement pour primes spatiaux.","Law Enforcement & First Response Built for endurance, power, value, and versatility – Enstrom helicopters are safe, dependable, and most importantly, effective in the protection of your community. Learn More Military & Government Built with…",Space / satellite,Land defense; Homeland security,,Review website and validate opportunity,
Entremonde Polycoaters Limited,http://www.entremonde.com/,Inde,NASHIK,,Eurosatory 2026 Catalog,D,New,Qualifier l'activité avant tout pitch ciblé.,To enrich,Other,,,No immediate action,
EO SECURITY s.r.o.,https://www.eo-security.com/,République tchèque,Brno,,Eurosatory 2026 Catalog,D,New,Qualifier l'activité avant tout pitch ciblé.,To enrich,Other,,,No immediate action,
EODH SA,http://www.eodh-protection.com/,Grèce,THESSALONIKI,,Eurosatory 2026 Catalog,D,New,Qualifier l'activité avant tout pitch ciblé.,To enrich,Other,,,No immediate action,
EOS GmbH,http://www.eos.info/,Allemagne,Krailing,,Eurosatory 2026 Catalog,A,New,"Fournisseur de batteries, moteurs, optronique, RF, composites pour fabricants UAV.","Additive manufacturing (AM) is transforming the defense sector by enabling rapid prototyping, customized designs, and on-demand production of high-performanc...",UAV / drones,Soldier systems; Logistics / MRO,,Contact sales team and qualify need,
EOS TECHNOLOGIE,https://www.eos-technologie.com/,France,VARCES-ALLIÈRE-ET-RISSET,,Eurosatory 2026 Catalog,D,New,Qualifier l'activité avant tout pitch ciblé.,To enrich,Other,,,No immediate action,
EOST,https://www.eosystem.com/,Corée du Sud,SEOUL,https://www.linkedin.com/company/96136565/admin/feed/posts/,Eurosatory 2026 Catalog,D,New,Qualifier l'activité avant tout pitch ciblé.,To enrich,Other,,,No immediate action,
EPCI,,France,ENNERY,https://www.linkedin.com/in/epci-engineering/,Eurosatory 2026 Catalog,D,New,Qualifier l'activité avant tout pitch ciblé.,To enrich,Other,,,No immediate action,
Epec Oy,http://www.epec.fi/,Finlande,Seinäjoki,https://www.linkedin.com/company/epec/,Eurosatory 2026 Catalog,B,New,"Visuel, motion, haptique, IA pour fabricants de simulateurs.","Epec Oy is a system supplier specializing in advanced control systems, software, e-powertrain solutions, autonomous, assistance and perception systems for n...",Simulation / training,Logistics / MRO; Engineering services,,Review website and validate opportunity,
Ephyca,https://www.ephyca.com/,Belgique,LIEGE,https://www.linkedin.com/company/ephyca/,Eurosatory 2026 Catalog,A,New,"Fournisseur de batteries, moteurs, optronique, RF, composites pour fabricants UAV.",Turning data into insights into the cognitive and physiological states.,UAV / drones,Homeland security; Cybersecurity,,Contact sales team and qualify need,
EPSI,http://epsi-radars.fr/,France,BEAUZELLE,https://www.linkedin.com/company/epsi-itni,Eurosatory 2026 Catalog,D,New,Qualifier l'activité avant tout pitch ciblé.,To enrich,Other,,,No immediate action,
EPSILON,http://www.epsilon-tolerie.fr/,France,MAULEVRIER,https://fr.linkedin.com/company/epsilon-tolerie,Eurosatory 2026 Catalog,C,New,"Radars, sonars, comms, armement, sustainment pour primes navals.","Specializing in custom sheet metal work for 50 years, EPSILON manufactures custom welded parts and sub-assemblies, from prototypes to small and medium series...",Naval defense,C4ISR; Logistics / MRO,,Keep in watchlist,
Epsilor-Electric Fuel Ltd,http://www.epsilor.com/,Israël,BET SHEMESH,,Eurosatory 2026 Catalog,A,New,Sub-system / payload pour OEM drones tactiques.,"Epsilor is a world-recognized developer and manufacturer of smart batteries, charging systems, and communication systems for defense and military applications.",UAV / drones,Land defense; Homeland security,,Contact sales team and qualify need,
EQUANS,http://equans.fr/,France,VELIZY VILLACOUBLAY,https://www.linkedin.com/company/equans-france/posts/?feedView=all,Eurosatory 2026 Catalog,B,New,"Amplis RF, processeurs signal, embarqué, antennes pour EW.","As a leading player in the defence sector, Equans strengthens regional resilience by ensuring the operational performance of naval and aeronautical platforms...",Electronic warfare,Land defense; Naval defense,,Review website and validate opportunity,
EQUIMODAL,http://www.equimodal.com/,Espagne,Zaragoza,https://www.linkedin.com/company/equimodal/?originalSubdomain=es,Eurosatory 2026 Catalog,B,New,"Pièces de rechange, calibration, certification pour acteurs MRO.","Equimodal leads in containerised solutions, merging cutting-edge engineering with global compliance. We design and integrate tailored units: from Tactical Da...",Logistics / MRO,Engineering services,,Review website and validate opportunity,
"EQUIPOS MOVILES DE CAMPANA ARPA, S.A.U.",https://www.arpaemc.com/,Espagne,LA MUELA(ZARAGOZA),,Eurosatory 2026 Catalog,D,New,Qualifier l'activité avant tout pitch ciblé.,To enrich,Other,,,No immediate action,
ERA A.S.,http://www.era.aero/,République tchèque,PARDUBICE,,Eurosatory 2026 Catalog,D,New,Qualifier l'activité avant tout pitch ciblé.,To enrich,Other,,,No immediate action,
ERARD INDUSTRIE,https://www.erard-industrie.com/,France,CHAVANOZ,,Eurosatory 2026 Catalog,D,New,Qualifier l'activité avant tout pitch ciblé.,To enrich,Other,,,No immediate action,
ERASER,https://eraser.lv/,Lettonie,RIGA,,Eurosatory 2026 Catalog,D,New,Activité à qualifier — discovery call avant pitch précis.,"Semiconductor Engineering: A World of Wonders In the realm of semiconductor engineering, scientists and engineers delve into the fascinating world of materials science, where the unique properties of elements like Terbium and Iridium play a…",Other,,,No immediate action,
Ericsson,,Suède,Kista,,Eurosatory 2026 Catalog,D,New,Qualifier l'activité avant tout pitch ciblé.,To enrich,Other,,,No immediate action,
ERLA TECHNOLOGIES S.A.S.,http://erla.fr/,France,SAINT MAURICE SUR MOSELLE,https://www.linkedin.com/company/erlatechnologies/,Eurosatory 2026 Catalog,B,New,"Capteurs, payloads optroniques, communications pour plateformes ISR.","Our company, Erla Technologies SAS, has specialised for more than 30 years in designing, manufacturing, installing and maintaining a huge range of innovative...",Intelligence / ISR,Naval defense; Homeland security,,Review website and validate opportunity,
ERM Fab&Test,http://www.erm-fabtest.com/,France,CARPENTRAS,https://www.linkedin.com/company/erm-fab-test,Eurosatory 2026 Catalog,D,New,Qualifier l'activité avant tout pitch ciblé.,"ERM Fab&Test is an integrator of digital manufacturing solutions for demanding industrial applications, including defense. The company selects, tests, and va...",Other,,,No immediate action,
Esh-tech Systems,https://www.esh-tech.com/,Israël,OMER,https://www.linkedin.com/company/esh-tech-systems/?viewAsMember=true,Eurosatory 2026 Catalog,D,New,Qualifier l'activité avant tout pitch ciblé.,esh-tech.com esh-tech.com esh-tech.com esh-tech.com esh-tech.com esh-tech.com esh-tech.com esh-tech.com Launching Soon Launching Soon Launching Soon Launching Soon Launching Soon Launching Soon Launching Soon Launching Soon Contact Us Drop …,Other,,,No immediate action,
ESSETI PRINTED CIRCUIT BOARD,http://www.circuiti-stampati.com/,Italie,ARGELATO,https://www.linkedin.com/in/esseti-circuiti-stampati-74b37678/,Eurosatory 2026 Catalog,B,New,"Composites, capteurs, comms, lancement pour primes spatiaux.","Based in Argelato (Bologna), Esseti is a leader in high-performance Printed Circuit Boards. We specialize in multilayer, flexible, and rigid-flex PCBs for de...",Space / satellite,Soldier systems,,Review website and validate opportunity,
ESSONNE SECURITE SIDES ARMORIC HOLDING,http://www.essonnesecurite.fr/,France,TREMEUR,,Eurosatory 2026 Catalog,D,New,Qualifier l'activité avant tout pitch ciblé.,To enrich,Other,,,No immediate action,
Estonian Defence and Aerospace Industry Association,,Estonie,Tallinn,,Eurosatory 2026 Catalog,D,New,Qualifier l'activité avant tout pitch ciblé.,To enrich,Other,,,No immediate action,
ETENDARD,http://etendard.tech/,France,VAULX-EN-VELIN,https://www.linkedin.com/company/etendard-tech/posts/?feedView=all,Eurosatory 2026 Catalog,D,New,Qualifier l'activité avant tout pitch ciblé.,To enrich,Other,,,No immediate action,
Eternum Ltd.,https://www.eternum.com/en,Hongrie,Budapest,,Eurosatory 2026 Catalog,C,New,Vend des sous-systèmes / composants à un OEM construisant Communications networks.,"Collections New Cutlery Signature Signature Specially developed for the most demanding users, Signature cutlery will enhance your tables with its elegance and unique design. Discover the collection Signature Classic Classic Timeless, high q…",Logistics / MRO,,,Keep in watchlist,
ETHEREAL MACHINES,http://etherealmachines.com/,Inde,BENGALURU,https://www.linkedin.com/company/etherealmachines/,Eurosatory 2026 Catalog,B,New,"Capteurs, payloads optroniques, communications pour plateformes ISR.","Ethereal Machines is a leading advanced manufacturing company specializing in high-precision CNC machining for aerospace, defense, and high-performance indus...",Intelligence / ISR,UAV / drones; Weapons,,Review website and validate opportunity,
Etienne Lacroix Logistics,https://www.etienne-lacroix-logistics.com/,France,Muret,,Eurosatory 2026 Catalog,D,New,Qualifier l'activité avant tout pitch ciblé.,To enrich,Other,,,No immediate action,
"ETL Co., Ltd. (Stealth Technology)",https://www.etlst.com/,Corée du Sud,GYEONGSANGNAM-DO,,Eurosatory 2026 Catalog,D,New,Qualifier l'activité avant tout pitch ciblé.,"<html> <head> <meta http-equiv='Content-Type' content='text/html; charset=euc-kr'> <meta name=""viewport"" content=""width=device-width, initial-scale=1.0""> <script type=""text/javascript""> var JsHost = ((""https:"" == document.location.protocol)…",Other,,,No immediate action,
ETRI (ROSENBERG VENDOME),http://www.etrinet.com/,France,VENDOME,https://www.linkedin.com/company/ecofit-etri/,Eurosatory 2026 Catalog,B,New,"Front-ends RF, processeurs, mécanique de précision pour fabricants radars.","ETRI fans provide reliable, high-performance ventilation solutions for cooling equipment and circulating ambient air. They are equipped with AC motors, avail...",Radar / sensors,Naval defense,,Review website and validate opportunity,
ETRONIKA,http://www.etronika.pl/start-en/,Pologne,WARSZAWA,https://www.linkedin.com/company/etronika-pl,Eurosatory 2026 Catalog,B,New,"Fournisseur de batteries, moteurs, optronique, RF, composites pour fabricants UAV.","Since 2002, Etronika Sp. z o.o. has been developing and manufacturing optical and optoelectronic systems for the defense sector. Its portfolio includes therm...",UAV / drones,Land defense; Homeland security,,Review website and validate opportunity,
ETS GABRIEL ET CIE,https://www.gabriel-lyon.fr/,France,TREVOUX CEDEX,,Eurosatory 2026 Catalog,D,New,Qualifier l'activité avant tout pitch ciblé.,To enrich,Other,,,No immediate action,
EUCLIDE INDUSTRIE,http://www.euclide.pro/,France,PARIS,https://www.linkedin.com/company/euclideindustrie,Eurosatory 2026 Catalog,D,New,Qualifier l'activité avant tout pitch ciblé.,To enrich,Other,,,No immediate action,
EURENCO S.A.S.,http://www.eurenco.com/,France,SORGUES,,Eurosatory 2026 Catalog,D,New,Qualifier l'activité avant tout pitch ciblé.,To enrich,Other,,,No immediate action,
"EURO SECURITY PRODUCTS, S.R.O.",http://www.esp-products.com/,République tchèque,Bast,https://linkedin.com/in/ondrejmuzika,Eurosatory 2026 Catalog,B,New,"Usinage de précision, matériaux, optronique, composants munitions ITAR-friendly.","Nowadays, Euro Security Products is one of the world’s most important producers of self-defense and law enforcement equipment. All ESP products are remarkable for their sophisticated design, state-of-the-art development process and high rel…",Weapons,Land defense; Homeland security,,Review website and validate opportunity,
EUROATLAS GmbH,https://www.euroatlas.com/,Allemagne,BREMEN,,Eurosatory 2026 Catalog,D,New,Qualifier l'activité avant tout pitch ciblé.,To enrich,Other,,,No immediate action,
EURO-COMPOSITES® S.à r.l.,http://www.euro-composites.com/,Luxembourg,ECHTERNACH,https://www.linkedin.com/company/euro-composites/,Eurosatory 2026 Catalog,A,New,"Radars, sonars, comms, armement, sustainment pour primes navals.",The EC Group is a global player in the field of high-quality and sophisticated composite materials. We deliver tailored light weight solutions: ready-to-asse...,Naval defense,Land defense; Armored vehicles,,Contact sales team and qualify need,
EUROHEATER AS,http://euroheater.no/,Norvège,HAGAN,https://www.linkedin.com/company/euroheater-as/?viewAsMember=true,Eurosatory 2026 Catalog,C,New,"Vend des sous-systèmes / composants à un OEM construisant Vehicles, Energy / batteries.","Euroheater AS deliver the next generation of Tactical Heating Systems to defence forces, first responders, and professional users across Europe. We develop r...",Homeland security,,,Keep in watchlist,
EUROPEAN DEFENCE AGENCY,,Grèce,,,Eurosatory 2026 Catalog,D,New,Qualifier l'activité avant tout pitch ciblé.,To enrich,Other,,,No immediate action,
EUROPEAN DEFENSE ECONOMIC NETWORKS,http://www.edencluster.com/,France,ECCULY,https://www.linkedin.com/in/eden-cluster/,Eurosatory 2026 Catalog,B,New,"Capteurs, payloads optroniques, communications pour plateformes ISR.","Né à Lyon en 2008, EDEN (European Defense Economic Network) fédère aujourd’hui plus de 200 PME/ETI françaises actives en défense, sécurité et sûreté. D’après le baromètre 2025 de Cybermalveillance, 16 % des TPE-PME déclarent avoir subi au m…",Intelligence / ISR,Naval defense; Homeland security,,Review website and validate opportunity,
EUROPLAST-NYCAST,http://www.europlast-nycast.de/,Allemagne,VELBERT,,Eurosatory 2026 Catalog,D,New,Qualifier l'activité avant tout pitch ciblé.,To enrich,Other,,,No immediate action,
EUROPROTECT FRANCE SA,http://www.europrotect.fr/,France,LYON CEDEX 09,,Eurosatory 2026 Catalog,D,New,Qualifier l'activité avant tout pitch ciblé.,To enrich,Other,,,No immediate action,
EUROSAM,http://www.eurosam.com/,France,LE PLESSIS ROBINSON,https://fr.linkedin.com/company/eurosam-gie,Eurosatory 2026 Catalog,D,New,Qualifier l'activité avant tout pitch ciblé.,To enrich,Other,,,No immediate action,
EUROSATCOM & VSATECH Associé,http://eurosatcom.eu/,France,LES ULIS,https://www.linkedin.com/company/25766007/admin/dashboard/,Eurosatory 2026 Catalog,A,New,"Composites, capteurs, comms, lancement pour primes spatiaux.",EUROSATCOM VSATECH Associé is a reseller of satellite transmission equipment for both the ground and space segments. Our catalog includes all equipment found...,Space / satellite,Homeland security; Optics / optronics,,Contact sales team and qualify need,
EUROSPIKE GMBH,https://www.eurospike.com/,Allemagne,RÖTHENBACH,,Eurosatory 2026 Catalog,D,New,Qualifier l'activité avant tout pitch ciblé.,To enrich,Other,,,No immediate action,
EUROTECH INTERNATIONAL,https://www.eurotech-intl.com/,France,ST GERMAIN EN LAYE CEDEX,,Eurosatory 2026 Catalog,D,New,Qualifier l'activité avant tout pitch ciblé.,To enrich,Other,,,No immediate action,
EuroTrophy GmbH,http://www.euro-trophy.de/,Allemagne,FRANKFURT AM MAIN,https://www.linkedin.com/company/eurotrophy/,Eurosatory 2026 Catalog,D,New,Qualifier l'activité avant tout pitch ciblé.,"EuroTrophy GmbH is the European hub for the marketing, sale and production of the Trophy® Active Protection System (APS). Based in Germany, the company prov...",Other,,,No immediate action,
Evertz,https://www.evertz.com/,Canada,L7L 5Z9,,Eurosatory 2026 Catalog,D,New,Qualifier l'activité avant tout pitch ciblé.,To enrich,Other,,,No immediate action,
Eviden,http://eviden.com/,France,BEZONS CEDEX,https://www.linkedin.com/company/eviden/posts,Eurosatory 2026 Catalog,A,New,"Radars, sonars, comms, armement, sustainment pour primes navals.","Eviden is the Atos Group brand for hardware and software products with c. € 1 billion in revenue, operating in 36 countries and comprising four business unit...",Naval defense,Land defense; Homeland security,,Contact sales team and qualify need,
EVPÚ a.s.,https://www.evpu.sk/,Slovaquie,NOVA DUBNICA,www.linkedin.com/company/94793184,Eurosatory 2026 Catalog,B,New,Sub-system / payload pour OEM drones tactiques.,"Som presvedčený, že veža TURRA 30 na platformách Rosomak a Borsuk bude silnou exportnou kartou oboch krajín,“ uviedol Michal Pavlík, predseda predstavenstva a generálny riaditeľ EVPÚ a.s. Práve tých niekoľko sekúnd včasného varovania môže z…",UAV / drones,C4ISR,,Review website and validate opportunity,
EVPU DEFENCE A. S.,http://www.evpudefence.com/,République tchèque,UHERSKE HRADISTE,https://www.linkedin.com/company/18689469/,Eurosatory 2026 Catalog,B,New,"Capteurs, payloads optroniques, communications pour plateformes ISR.",best quality bp patek philippe twenty 4 9mm ladies 4908 200g 001 316 stainless steel grey dial with cheap price. Miku Engångs E-cigaretter forum in every single part of the overcome to get the best. we offer only aaa replica loewe socks .hi…,Intelligence / ISR,Land defense; Homeland security,,Review website and validate opportunity,
EXAIL,https://www.exail.com/,France,ST GERMAIN EN LAYE,,Eurosatory 2026 Catalog,D,New,Qualifier l'activité avant tout pitch ciblé.,To enrich,Other,,,No immediate action,
EXAVISION SAS,http://exavision.com/,France,MILHAUD,,Eurosatory 2026 Catalog,D,New,Qualifier l'activité avant tout pitch ciblé.,To enrich,Other,,,No immediate action,
EXCALIBUR ARMY,https://www.excaliburarmy.cz/,République tchèque,PRAHA,,Eurosatory 2026 Catalog,A,New,"Capteurs, payloads optroniques, communications pour plateformes ISR.",In 2013 EXCALIBUR ARMY acquired Sternberk production and repair works and became the biggest military hardware supplier in the country. Czechoslovak Group EXCALIBUR ARMY is part of the industrial-technological group Czechoslovak Group (CSG)…,Intelligence / ISR,Land defense; Air defense,,Contact sales team and qualify need,
EXCALIBUR INTERNATIONAL A.S.,http://www.excaliburinternational.cz/,République tchèque,PRAHA 8,https://www.linkedin.com/company/excalibur-international/,Eurosatory 2026 Catalog,A,New,"Capteurs, payloads optroniques, communications pour plateformes ISR.","We are the export agency for the Czechoslovak Group, representing the complete portfolio of products and services offered by CSG and its trusted partners. Wi...",Intelligence / ISR,Land defense; Air defense,,Contact sales team and qualify need,
EXENS GROUP,http://www.exens-solutions.com/,France,Les Ulis,https://www.linkedin.com/company/99523318,Eurosatory 2026 Catalog,A,New,"Composites, capteurs, comms, lancement pour primes spatiaux.","Exens is a French group specialized in the design and manufacture of components, subsystems, and radiofrequency, microwave, and time frequency systems for cr...",Space / satellite,Homeland security; Radar / sensors,,Contact sales team and qualify need,
EXONICUS R&D,,Lettonie,VALMIERA,,Eurosatory 2026 Catalog,D,New,Qualifier l'activité avant tout pitch ciblé.,To enrich,Other,,,No immediate action,
EXOSENS,http://www.exosens.com/,France,MERIGNAC,https://fr.linkedin.com/company/exosens-group,Eurosatory 2026 Catalog,A,New,"Capteurs, payloads optroniques, communications pour plateformes ISR.",Exosens will be at Eurosatory 2026 to showcase its latest night vision and infrared innovations. Highlights include the 5G image intensifier tube and the in...,Intelligence / ISR,Air defense; Naval defense,,Contact sales team and qualify need,
EXPLEO FRANCE,https://expleo.com/,France,MONTIGNY-LE-BRETONNEUX,,Eurosatory 2026 Catalog,A,New,"Composites, capteurs, comms, lancement pour primes spatiaux.","With 50+ years’ aerospace expertise, we bring niche engineering & digital tech to drive efficiency. Read More Defence As threats evolve, defence teams need rapid innovation. Read More our work Case studies Aerospace Automotive Banking & fin…",Space / satellite,Naval defense; Cybersecurity,,Contact sales team and qualify need,
EXPLORER CASES BY GT LINE GROUP,http://www.explorercases.com/,Italie,BOLOGNA,https://www.linkedin.com/company/gt-line-srl/,Eurosatory 2026 Catalog,A,New,Sub-system / payload pour OEM drones tactiques.,"The Explorer Cases have superior features of excellence and ensure full protection to the equipment contained. A wide range of more than 35 models, fully customizable, to grant adequate protection in the most severe locations. You can find …",UAV / drones,Homeland security; Cybersecurity,,Contact sales team and qualify need,
EXPLOSIA A.S.,https://www.explosia.cz/,République tchèque,PARDUBICE,,Eurosatory 2026 Catalog,D,New,Qualifier l'activité avant tout pitch ciblé.,To enrich,Other,,,No immediate action,
Extron,http://www.extron.com/,Pays-Bas,AMERSFOORT,,Eurosatory 2026 Catalog,D,New,Qualifier l'activité avant tout pitch ciblé.,To enrich,Other,,,No immediate action,
FA Krosno S.A.,https://www.fakrosno.pl/,Pologne,WARSAW,,Eurosatory 2026 Catalog,D,New,Qualifier l'activité avant tout pitch ciblé.,"The current custom error settings for this application prevent the details of the application error from being viewed remotely (for security reasons). Runtime Error Description: An application error occurred on the server. It could, however…",Other,,,No immediate action,
FACTEM,https://www.factem.com/,France,BAYEUX,,Eurosatory 2026 Catalog,D,New,Qualifier l'activité avant tout pitch ciblé.,To enrich,Other,,,No immediate action,
Factor Ingeniería y Decoletaje S.L.,http://factorsl.es/en/solutions/defence,Espagne,PUÇOL,https://www.linkedin.com/company/factor-ingenieria-y-decoletaje,Eurosatory 2026 Catalog,B,New,"Threat intel, hardware appliances, cloud souverain, audits.","Factor Defence is a Spanish family-owned industrial company founded in 1982, specializing in precision machining and turning, smart manufacturing, and additi...",Cybersecurity,Weapons; Ammunition,,Review website and validate opportunity,
FACTORY SYSTEMES,,France,Bailly Romainvilliers,,Eurosatory 2026 Catalog,D,New,Qualifier l'activité avant tout pitch ciblé.,To enrich,Other,,,No immediate action,
FAE,http://demining.fae-group.com/,Italie,FONDO (TN),,Eurosatory 2026 Catalog,A,New,"Front-ends RF, processeurs, mécanique de précision pour fabricants radars.","FAE is a leading manufacturer of technologically advanced, remotely operated mechanical demining machines—Unmanned Ground Vehicles (UGVs) and machinery for l...",Radar / sensors,Armored vehicles; Ammunition,,Contact sales team and qualify need,
Fairsight Vision,,Ukraine,Lviv,,Eurosatory 2026 Catalog,D,New,Qualifier l'activité avant tout pitch ciblé.,To enrich,Other,,,No immediate action,
Falck-Schmidt Corp,https://www.falck-schmidt.systems/,Danemark,ODENSE S,,Eurosatory 2026 Catalog,D,New,Qualifier l'activité avant tout pitch ciblé.,To enrich,Other,,,No immediate action,
FALCOM,http://falcom.gn.com/,Danemark,BALLERUP,,Eurosatory 2026 Catalog,C,New,"Vend des sous-systèmes / composants à un OEM construisant Logistics equipment, Engines / propulsion.","At FalCom, we empower those who protect us by creating state-of-the-art communication and hearing protection systems tailored for defense, security, and law ...",Soldier systems,Homeland security,,Keep in watchlist,
FALKEN S.A.U.,http://www.falken.es/,Espagne,MADRID,,Eurosatory 2026 Catalog,D,New,Qualifier l'activité avant tout pitch ciblé.,To enrich,Other,,,No immediate action,
FASSI,http://www.fassi.com/,Italie,ALBINO BG,https://www.linkedin.com/company/fassi-official/,Eurosatory 2026 Catalog,A,New,"GPUs, cloud, data annotation, hardening cyber pour plateforme IA.","Since 1965, Fassi has been one of the world’s leading points of reference in the lifting industry A 100% Made in Italy supply chain, an integrated production...",AI / data,Soldier systems; Radar / sensors,,Contact sales team and qualify need,
FAUN Trackway Limited,http://www.fauntrackway.co.uk/,Royaume-Uni,ANGLESEY,https://www.linkedin.com/company/faun-trackway/?viewAsMember=true,Eurosatory 2026 Catalog,A,New,"Fournisseur de batteries, moteurs, optronique, RF, composites pour fabricants UAV.","FAUN Trackway Limited has been the global leader in the design, manufacture and supply of expeditionary recoverable matting for over 75 years. With a proven...",UAV / drones,Land defense; Logistics / MRO,,Contact sales team and qualify need,
FDH Aero,https://fdhaero.com/,États-Unis,COMMERCE,https://www.linkedin.com/company/fdhaero/,Eurosatory 2026 Catalog,D,New,Qualifier l'activité avant tout pitch ciblé.,To enrich,Other,,,No immediate action,
FEDD,https://www.agon-electronics.com/fedd/,France,VAL DE LOUYRE ET CAUDEAU,,Eurosatory 2026 Catalog,D,New,Qualifier l'activité avant tout pitch ciblé.,To enrich,Other,,,No immediate action,
Fédération Bancaire Française,https://www.fbf.fr/fr/,France,PARIS,https://www.linkedin.com/company/fbf/posts/?feedView=all,Eurosatory 2026 Catalog,B,New,"Moteurs, composites, plaques balistiques, optronique, comms pour OEM blindés.",L’AFB est l’un des membres fondateurs de la Fédération bancaire française (FBF) et siège à son Comité exécutif. Elle doit… Voir plus sur la gauche Voir plus sur la droite VOIR PLUS 0 document sélectionné Voir le contenu du panier Envoyer to…,Armored vehicles,Air defense; Cybersecurity,,Review website and validate opportunity,
FEDERATION OF SECURITY AND DEFENCE INDUSTRIES OF LATVIA,http://www.federacija.lv/,Lettonie,RIGA,,Eurosatory 2026 Catalog,D,New,Qualifier l'activité avant tout pitch ciblé.,To enrich,Other,,,No immediate action,
FELSENSOHN,http://felsensohnsafetybelts.com/,Turquie,BURSA,https://www.linkedin.com/company/104619788,Eurosatory 2026 Catalog,C,New,"Vend des sous-systèmes / composants à un OEM construisant Logistics equipment, Vehicles.","For over 13 years, Felsensohn has been a trusted partner in the development and production of advanced seat belt systems for defense and commercial vehicle a...",Other,,,Keep in watchlist,
FERONYL SA,https://www.feronyl.com/,Belgique,MOUSCRON,,Eurosatory 2026 Catalog,D,New,Qualifier l'activité avant tout pitch ciblé.,To enrich,Other,,,No immediate action,
FEV FRANCE,http://fev.com/,France,SAINT QUENTIN EN YVELINES,,Eurosatory 2026 Catalog,B,New,"Threat intel, hardware appliances, cloud souverain, audits.",FEV is an international engineering company specialized in the development of advanced propulsion systems and innovative energy solutions. With recognized ex...,Cybersecurity,Air defense; Radar / sensors,,Review website and validate opportunity,
FFG FLENSBURGER FAHRZEUGBAU GESELLSCHAFT MBH,http://www.ffg-flensburg.de/,Allemagne,FLENSBURG,,Eurosatory 2026 Catalog,D,New,Qualifier l'activité avant tout pitch ciblé.,To enrich,Other,,,No immediate action,
"FFT GD SPORTS CO,.LTD",http://www.fftsport.com/,Chine,SHENZHEN,,Eurosatory 2026 Catalog,B,New,"Vend des sous-systèmes / composants à un OEM construisant Logistics equipment, Software / Platforms.","FFT GD SPORTS CO,.LTD, which integrates development and large-scale manufacture in-house, having been specialized in various types of outdoor physical traini...",Homeland security,,,Review website and validate opportunity,
FGH TECHNOLOGIES,https://www.fgh-technologies.com/,France,SULLY‑SUR‑LOIRE,,Eurosatory 2026 Catalog,D,New,Qualifier l'activité avant tout pitch ciblé.,To enrich,Other,,,No immediate action,
FibreCoat,https://www.fibrecoat.de/,Allemagne,AACHEN,https://www.linkedin.com/company/37058976/,Eurosatory 2026 Catalog,B,New,"Front-ends RF, processeurs, mécanique de précision pour fabricants radars.","Developed through FibreCoat’s award-winning INNOspace Masters concept , addressing lightweight radiation protection. Thermal & electrical conductivity EMI Shielding Radiation protection Light weight High strength Affordability Polymer coate…",Radar / sensors,Naval defense; UAV / drones,,Review website and validate opportunity,
FIDEMECA,https://www.fidemeca.com/,France,LES ESSARTS EN BOCAGE,,Eurosatory 2026 Catalog,D,New,Qualifier l'activité avant tout pitch ciblé.,To enrich,Other,,,No immediate action,
FIDUCIAL SECURITE,http://www.fiducial-securite.fr/,France,COURBEVOIE,https://fr.linkedin.com/company/fiducial-s%C3%A9curit%C3%A9,Eurosatory 2026 Catalog,B,New,"Capteurs, payloads optroniques, communications pour plateformes ISR.","FIDUCIAL Sécurité is a privileged partner of hundreds of companies in France, including sensitive sites and classified defense companies. FIDUCIAL Sécurité a...",Intelligence / ISR,Radar / sensors; Logistics / MRO,,Review website and validate opportunity,
FIGHTLITE INDUSTRIES,https://www.fightlite.com/,États-Unis,MELBOURNE,,Eurosatory 2026 Catalog,D,New,Qualifier l'activité avant tout pitch ciblé.,To enrich,Other,,,No immediate action,
filiale de SERMA Ingénieurie,https://www.tdm-ing.com/,France,MERIGNAC,,Eurosatory 2026 Catalog,D,New,Qualifier l'activité avant tout pitch ciblé.,To enrich,Other,,,No immediate action,
FINAL ADVANCED MATERIALS,https://www.final-materials.com/,France,Didenheim,,Eurosatory 2026 Catalog,D,New,Qualifier l'activité avant tout pitch ciblé.,To enrich,Other,,,No immediate action,
FINCANTIERI NEXTECH,https://www.fincantierinextech.com/,Italie,MILANO,,Eurosatory 2026 Catalog,A,New,"Radars, sonars, comms, armement, sustainment pour primes navals.","Con circa 900 professionisti ed esperti impegnati in Italia ed all’estero, Fincantieri NexTech fornisce soluzioni altamente specialistiche per il mercato civile e militare. ACCEDI ALLA SEZIONE “LAVORA CON NOI” LAVORA CON NOI Fincantieri Nex…",Naval defense,Land defense; Cybersecurity,,Contact sales team and qualify need,
FINISHED SOLUTION,http://www.finishedsolution.com/main,Corée du Sud,"Gimpo-si, Gyeonggi-do",,Eurosatory 2026 Catalog,D,New,Qualifier l'activité avant tout pitch ciblé.,To enrich,Other,,,No immediate action,
FIOCCHI MUNIZIONI,http://www.fiocchi.com/,Italie,LECCO,,Eurosatory 2026 Catalog,D,New,Qualifier l'activité avant tout pitch ciblé.,To enrich,Other,,,No immediate action,
FIRE EAGLE ARMORY,https://fireeagle-armory.com/fire-eagle-armory-armas/,Brésil,ESTEIO - RS,,Eurosatory 2026 Catalog,B,New,"Vend des sous-systèmes / composants à un OEM construisant Software / Platforms, Logistics equipment.","Neste marco é alterada a razão social para o nome que possuímos hoje e reflete nossas atividades: FIRE EAGLE ARMORY. Utilizamos cookies essenciais para proporcionar uma melhor experiência. Ao continuar navegando, você concorda com a nossa P…",Weapons,Export / distribution,,Review website and validate opportunity,
Fire Point,http://firepoint.technology/,Ukraine,KYIV,,Eurosatory 2026 Catalog,C,New,Sub-system / payload pour OEM drones tactiques.,"Fire Point develops and produces advanced, cost-effective, and combat-proven UAV and missile systems for modern precision warfare. Its proximity to the comba...",UAV / drones,,,Keep in watchlist,
FIRECO,https://www.fireco.eu/,Italie,GUSSAGO,,Eurosatory 2026 Catalog,D,New,Qualifier l'activité avant tout pitch ciblé.,To enrich,Other,,,No immediate action,
FISAZA,http://www.fisaza.com/,Émirats arabes unis,RAS AL KHAIMAH,https://www.linkedin.com/company/fisaza/,Eurosatory 2026 Catalog,B,New,"Usinage de précision, matériaux, optronique, composants munitions ITAR-friendly.",The first company worldwide to engineer fully automated production lines for two critical domains: melt-cast systems for filling artillery shells of all cali...,Weapons,Ammunition; Logistics / MRO,,Review website and validate opportunity,
FISCHER CONNECTORS,http://www.fischerconnectors.fr/,France,CHANTELOUP-EN-BRIE,https://www.linkedin.com/company/fischer-connectors,Eurosatory 2026 Catalog,C,New,"Front-ends RF, processeurs, mécanique de précision pour fabricants radars.","Since our founder pioneered the world's first high‑quality sealed circular connector, our Swiss‑headquartered company has grown from a connector manufacturer...",Radar / sensors,,,Keep in watchlist,
Fischer Panda GmbH,http://defence.fischerpanda.de/,Allemagne,PADERBORN,https://de.linkedin.com/company/fischerpanda,Eurosatory 2026 Catalog,D,New,Qualifier l'activité avant tout pitch ciblé.,"For nearly 50 years, Fischer Panda has been a leading manufacturer of diesel generators, mobile energy systems and combined power and ECU solutions. Fischer...",Other,,,No immediate action,
FIXATION TECHNIQUE DE VIREUX,http://www.ftv-sa.fr/,France,VIREUX MOLHAIN,,Eurosatory 2026 Catalog,D,New,Qualifier l'activité avant tout pitch ciblé.,To enrich,Other,,,No immediate action,
FJORD DEFENCE AS,https://www.fjorddefencegroup.no/,Norvège,SKALLESTAD,,Eurosatory 2026 Catalog,D,New,Qualifier l'activité avant tout pitch ciblé.,To enrich,Other,,,No immediate action,
FLYING EYE,https://www.flyingeye.fr/,France,BIOT,,Eurosatory 2026 Catalog,D,New,Qualifier l'activité avant tout pitch ciblé.,To enrich,Other,,,No immediate action,
FLYING OBJECTS TECHNOLOGIES,https://www.flyingobjects.tech/,France,PARIS,https://www.linkedin.com/company/flying-objects-technologies/about/?viewAsMember=true,Eurosatory 2026 Catalog,D,New,Qualifier l'activité avant tout pitch ciblé.,To enrich,Other,,,No immediate action,
FMS USA,https://www.fms.co.il/,États-Unis,LINCOLNTON,,Eurosatory 2026 Catalog,D,New,Qualifier l'activité avant tout pitch ciblé.,To enrich,Other,,,No immediate action,
FN,http://www.fnherstal.com/,Belgique,HERSTAL,https://www.linkedin.com/company/fn-herstal,Eurosatory 2026 Catalog,B,New,"Sous-systèmes, composites, certification pour primes terrestres.","Back to the website Back to the website Discover FN PUREVIEW™ FN introduces the FN PUREVIEW™, the military-grade, first holographic micro red dot sight developed for military personnel requiring immediate precision in the most demanding env…",Land defense,Naval defense; Homeland security,,Review website and validate opportunity,
Fonderie de Bretagne,https://www.fonderiedebretagne.com/,France,CAUDAN,,Eurosatory 2026 Catalog,D,New,Qualifier l'activité avant tout pitch ciblé.,To enrich,Other,,,No immediate action,
FORCE Technology,http://forcetechnology.com/en/defence,Danemark,Brøndby,https://www.linkedin.com/company/force-technology/posts/?feedView=all,Eurosatory 2026 Catalog,A,New,"Radars, sonars, comms, armement, sustainment pour primes navals.","At FORCE Technology, testing is not just a procedure; it is a commitment to ensuring the highest level of quality and operational readiness for defence equip...",Naval defense,Homeland security; Armored vehicles,,Contact sales team and qualify need,
FORCETEK,http://www.forcetek.it/,Italie,FORCE (AP),,Eurosatory 2026 Catalog,D,New,Qualifier l'activité avant tout pitch ciblé.,To enrich,Other,,,No immediate action,
FORCIT OY,https://www.forcit.fi/defence,Finlande,HANKO,,Eurosatory 2026 Catalog,D,New,Qualifier l'activité avant tout pitch ciblé.,To enrich,Other,,,No immediate action,
FORD GLOBAL FLEET SALES,http://fordglobalfleetsales.com/,États-Unis,SOUTHFIELD,https://www.linkedin.com/company/fordglobalfleetsales/,Eurosatory 2026 Catalog,A,New,"Radars, sonars, comms, armement, sustainment pour primes navals.","Ford Global Fleet Sales (GFS) is the authorized global distributor for Ford. With access to Ford’s full product line and a reach spanning 100+ markets, we pr...",Naval defense,Homeland security; Armored vehicles,,Contact sales team and qualify need,
Forecr,,Estonie,Tallinn,,Eurosatory 2026 Catalog,D,New,Qualifier l'activité avant tout pitch ciblé.,To enrich,Other,,,No immediate action,
FOREIGN TRADE CHAMBER OF BOSNIA AND HERZEGOVINA,https://www.komorabih.ba/,Bosnia and Herzegovina,SARAJEVO,,Eurosatory 2026 Catalog,D,New,Qualifier l'activité avant tout pitch ciblé.,To enrich,Other,,,No immediate action,
Formnext,https://formnext.mesago.com/frankfurt/en.html,Allemagne,STUTTGART,https://www.linkedin.com/company/formnext/,Eurosatory 2026 Catalog,A,New,"Vend des sous-systèmes / composants à un OEM construisant Software / Platforms, Engines / propulsion.",To enrich,Optics / optronics,Logistics / MRO,,Contact sales team and qualify need,
Forterra,https://forterra.com/,États-Unis,Arlington,,Eurosatory 2026 Catalog,B,New,"Threat intel, hardware appliances, cloud souverain, audits.","He is responsible for customer growth, success and account management and has been instrumental in refining Forterra's market penetration strategies which embrace a fully integrated product development approach across defense and commercial…",Cybersecurity,Land defense; Naval defense,,Review website and validate opportunity,
FOX KNIVES - Oreste Frati S.r.l.,https://www.foxknives.com/,Italie,MANIAGO,,Eurosatory 2026 Catalog,D,New,Qualifier l'activité avant tout pitch ciblé.,To enrich,Other,,,No immediate action,
FRACHT FRANCE,http://www.frachtgroup.com/,France,TREMBLAY EN FRANCE,https://www.linkedin.com/company/fracht-france,Eurosatory 2026 Catalog,B,New,"Radars, sonars, comms, armement, sustainment pour primes navals.",The Fracht Group is an international freight forwarder and a leader in providing general and specialized logistics solutions. With over 160 offices in more ...,Naval defense,Logistics / MRO,,Review website and validate opportunity,
FRANKENBURG TECHNOLOGIES OU,http://www.frankenburg.tech/,Estonie,TALLINN,https://www.linkedin.com/company/frankenburg-tech/posts/?feedView=all,Eurosatory 2026 Catalog,A,New,"Capteurs, payloads optroniques, communications pour plateformes ISR.",Frankenburg missile is a next-generation interceptor missile built to defeat today’s most urgent aerial threats – drones and loitering munitions – with unmat...,Intelligence / ISR,Land defense; Air defense,,Contact sales team and qualify need,
FRANZ ACHLEITNER-FAHRZEUGBAU und Reifenzentrum GmbH,http://www.achleitner.com/,Autriche,WÖRGL,,Eurosatory 2026 Catalog,D,New,Qualifier l'activité avant tout pitch ciblé.,To enrich,Other,,,No immediate action,
Fraunhofer IAPT,https://www.iapt.fraunhofer.de/de/zukunftsfelder---branchen/zukunftsfeld-sicherheit---defense.html,Allemagne,HAMBURG,https://www.linkedin.com/company/fraunhofer-iapt/posts/?feedView=all,Eurosatory 2026 Catalog,B,New,"Usinage de précision, matériaux, optronique, composants munitions ITAR-friendly.",Event Pressemitteilung Zellerfeld Pressemitteilung AMCRC Pressemitteilung automatica 2025 AM Maturation Erstes Pitch Event des Fraunhofer-Leistungszentrums IAMHH Online Session des Fraunhofer IAPT am 16. Am Fraunhofer IAPT setzen wir genau …,Weapons,Cybersecurity; Logistics / MRO,,Review website and validate opportunity,
Frequentis AG,https://www.frequentis.com/,Autriche,VIENNA,https://www.linkedin.com/company/Frequentis,Eurosatory 2026 Catalog,A,New,"Capteurs, payloads optroniques, communications pour plateformes ISR.","With deep cross-industry experience in civil aviation, defence, public safety, maritime and public transportation markets; the company has built upon its initial control centre voice communications focus to develop deep expertise in these f…",Intelligence / ISR,Air defense; Naval defense,,Contact sales team and qualify need,
FRESTEMS,http://www.frestems.fi/,Finlande,SASTAMALA,,Eurosatory 2026 Catalog,A,New,"Pièces de rechange, calibration, certification pour acteurs MRO.","Trust Frestems to deliver unparalleled safety and performance on the battlefield. Engineered for durability and ease of use, Frestems ensures that emergency medical teams can provide the highest level of care. We strive to make them the abs…",Logistics / MRO,Dual-use technology,,Contact sales team and qualify need,
FREWITT FABRIQUE DE MACHINES SA,https://www.frewitt.com/,Suisse,GRANGES-PACCOT,https://www.linkedin.com/company/frewitt/?viewAsMember=true,Eurosatory 2026 Catalog,C,New,"Front-ends RF, processeurs, mécanique de précision pour fabricants radars.","AT YOUR SERVICE — THROUGH THICK AND THIN, FROM COARSE TO FINE... Frewitt has been developing and manufacturing premium-quality mills in Switzerland since 194...",Radar / sensors,Logistics / MRO,,Keep in watchlist,
FRICTAPE,http://frictape.com/,Finlande,VANTAA,https://www.linkedin.com/company/frictape-net-ltd/,Eurosatory 2026 Catalog,C,New,Sub-system / payload pour OEM drones tactiques.,SpiderNet is the world’s first passive protection solution designed to safeguard high-value assets against hostile drones and UAV attacks. Built on our paten...,UAV / drones,,,Keep in watchlist,
Fritz Stephan GmbH,http://www.stephan-gmbh.com/,Allemagne,GACKENBACH,https://www.linkedin.com/company/fritzstephan/?viewAsMember=true,Eurosatory 2026 Catalog,B,New,"Front-ends RF, processeurs, mécanique de précision pour fabricants radars.","Autonomous, safe and cost-efficient: FS Supply Systems. Procuring oxygen for patient care in crisis regions or areas with weak infrastructure becomes simple ...",Radar / sensors,Optics / optronics; Export / distribution,,Review website and validate opportunity,
FRONIUS INTERNATIONAL GMBH,,Autriche,SATTLEDT,,Eurosatory 2026 Catalog,D,New,Qualifier l'activité avant tout pitch ciblé.,To enrich,Other,,,No immediate action,
"Fsain Technology Co., Ltd.",http://www.fsain.com/,Chine,HANGZHOU,,Eurosatory 2026 Catalog,B,New,"Capteurs, payloads optroniques, communications pour plateformes ISR.","It supports a wide range of protocols to access devices from different vendors, including Radar, RF Detectors, EO/IR Cameras, and Remote ID. It breaks data silos to create a unified security network.</p>"" } }, { ""@type"": ""Question"", ""name"":…",Intelligence / ISR,Naval defense; Homeland security,,Review website and validate opportunity,
FSI,http://www.fsi.no/,Norvège,OSLO,,Eurosatory 2026 Catalog,D,New,Qualifier l'activité avant tout pitch ciblé.,To enrich,Other,,,No immediate action,
FT WIND SENSORS (FT Technologies),http://fttechnologies.com/,Royaume-Uni,SUNBURY-ON-THAMES,https://www.linkedin.com/company/ft-technologies-ltd,Eurosatory 2026 Catalog,A,New,"Composants, sous-systèmes, software, services pour primes C4ISR.",FT Technologies designs and manufactures the world’s toughest solid-state Acu-Res® wind sensors for the harshest operational environments. With over 25 years...,C4ISR,Naval defense; UAV / drones,,Contact sales team and qualify need,
FUCHS LUBRIFIANT,,France,RUEIL MALMAISON,,Eurosatory 2026 Catalog,D,New,Qualifier l'activité avant tout pitch ciblé.,To enrich,Other,,,No immediate action,
"Fulcrum Concepts, LLC",https://www.fulcrumconceptsllc.com/,États-Unis,Mattaponi,,Eurosatory 2026 Catalog,D,New,Qualifier l'activité avant tout pitch ciblé.,To enrich,Other,,,No immediate action,
FullScale,http://www.fullscale-labs.com/,France,LES ULIS,,Eurosatory 2026 Catalog,D,New,Qualifier l'activité avant tout pitch ciblé.,To enrich,Other,,,No immediate action,
FYC,https://www.fyc.fi/,Finlande,PIRKKALA,https://www.linkedin.com/company/fyc-fi,Eurosatory 2026 Catalog,B,New,"Vend des sous-systèmes / composants à un OEM construisant Soldier equipment, Ballistic protection.",High-performance protection solutions FYC ensures the safe operation of people and forces on battlefields and in other hazardous environments. System solutions FYC manufactures innovative protection solutions and lightweight structures for …,Soldier systems,Homeland security; UAV / drones,,Review website and validate opportunity,
Fynd Reality AS,http://www.fyndreality.com/,Norvège,Hamar,,Eurosatory 2026 Catalog,B,New,"Vend des sous-systèmes / composants à un OEM construisant Software / Platforms, Simulators / Training.","Fynd Reality presents Fynd CORE, an XR platform for scalable, scenario-based defence training. It enables multi-user, distributed exercises where teams train...",Logistics / MRO,Dual-use technology,,Review website and validate opportunity,
G&G PARTNERS,http://www.defshell.it/,Italie,MONTICHIARI (BRESCIA),,Eurosatory 2026 Catalog,B,New,"Composants, sous-systèmes, software, services pour primes C4ISR.","Defshell & Rescue business unit is focused on the design and production of turnkey solutions for modular logistic systems, such as hangars for aircrafts and ...",C4ISR,Logistics / MRO; Dual-use technology,,Review website and validate opportunity,
G&G PARTNERS France,http://www.defshell.it/fr/,France,MEUDON LA FORET,https://linkedin.com/company/g-g-partners-france,Eurosatory 2026 Catalog,B,New,"Composants, sous-systèmes, software, services pour primes C4ISR.","G&G PARTNERS France, a subsidiary of the Italian group G&G PARTNERS, is specialized in the supply of multifunctional tents and shelters. Our products are des...",C4ISR,Dual-use technology,,Review website and validate opportunity,
G&H,https://www.gandh.com/,Royaume-Uni,ILMINSTER,https://www.linkedin.com/company/g-h/,Eurosatory 2026 Catalog,A,New,"Capteurs, payloads optroniques, communications pour plateformes ISR.",Production of Thin-Film Lithium Niobate Wafers Supporting Defense & Commercial Photonics February 2026 G&H and Raytheon are establishing a new US manufacturing capability for thin-film lithium niobate (TFLN) wafers. Find out more Products E…,Intelligence / ISR,Naval defense; Soldier systems,,Contact sales team and qualify need,
G. W. Lisk,https://www.gwlisk.com/,États-Unis,Clifton Springs,,Eurosatory 2026 Catalog,B,New,"Radars, sonars, comms, armement, sustainment pour primes navals.","Aerospace Space Defense Oil & Gas On Highway Off Highway Industrial Medical Equipment Capabilities About About Lisk is a global leader in the design and manufacture of custom solenoids, solenoid valves, sensors, and flame arrestors. Markets…",Naval defense,Land defense; Ammunition,,Review website and validate opportunity,
G.CARTIER TECHNOLOGIES,,France,CLUSES,,Eurosatory 2026 Catalog,D,New,Qualifier l'activité avant tout pitch ciblé.,To enrich,Other,,,No immediate action,
G.K SPACEBOATS LTD,https://www.spaceboats.eu/,Cyprus,NICOSIA,,Eurosatory 2026 Catalog,B,New,"Amplis RF, processeurs signal, embarqué, antennes pour EW.",JSR3X USV-SKIA The JSR3X USV-SKIA is a high performance Uncrewed Surface Vessel designed for Surveilance Reconnaissance and Tactical Missions. BATTLEFIELD REDEFINED 2026 press to zoom press to zoom press to zoom press to zoom 1/1 DEFEA 2025…,Electronic warfare,Naval defense; Intelligence / ISR,,Review website and validate opportunity,
GACHES CHIMIE SPECIALITES,https://www.gaches.com/,France,TOULOUSE,https://www.linkedin.com/company/groupe-gaches-chimie/,Eurosatory 2026 Catalog,D,New,Qualifier l'activité avant tout pitch ciblé.,To enrich,Other,,,No immediate action,
GACI TECHNOLOGIES,http://www.gaci.fr/,France,VILLEBON SUR YVETTE,https://fr.linkedin.com/company/gaci-technologies,Eurosatory 2026 Catalog,B,New,"Capteurs, payloads optroniques, communications pour plateformes ISR.","GACI designs, manufactures and supports your embedded electronic systems for harsh environments. - Build to spec electronic systems and rugged computers - D...",Intelligence / ISR,Cybersecurity; UAV / drones,,Review website and validate opportunity,
GALEB D.D.,http://www.galeb.hr/,Croatie,OMIS,,Eurosatory 2026 Catalog,D,New,Qualifier l'activité avant tout pitch ciblé.,To enrich,Other,,,No immediate action,
GALION,,France,ANTONY,,Eurosatory 2026 Catalog,D,New,Qualifier l'activité avant tout pitch ciblé.,To enrich,Other,,,No immediate action,
GALKO D.O.O.,http://galko-mps.com/,Croatie,Mali Bukovec,https://linkedin.com/company/galko-mps?originalSubdomain=hr,Eurosatory 2026 Catalog,B,New,"Pièces de rechange, calibration, certification pour acteurs MRO.","Our MPS product line includes combat/tactical platforms and components intended for soldiers, police officers, security personnel, and those engaged in duty ...",Logistics / MRO,Homeland security,,Review website and validate opportunity,
GALLAY LTD,http://www.gallay.co.uk/,Royaume-Uni,WELLINGBOROUGH,,Eurosatory 2026 Catalog,D,New,Qualifier l'activité avant tout pitch ciblé.,To enrich,Other,,,No immediate action,
GALPERTI TECH FORGED PRODUCTS S.p.A.,http://www.galperti.com/,Italie,COLICO (LC),,Eurosatory 2026 Catalog,B,New,"Composants, sous-systèmes, software, services pour primes C4ISR.","Passione, integrità, professionalità, affidabilità e pragmatismo sono i principi che definiscono chi siamo. Questi valori sono stati costruiti e consolidati nel tempo all’interno del nostro Gruppo. Innovazione e sviluppo sostenibile sono al…",C4ISR,Logistics / MRO,,Review website and validate opportunity,
Galvion,https://www.galvion.com/,Canada,MONTREAL,,Eurosatory 2026 Catalog,D,New,Qualifier l'activité avant tout pitch ciblé.,To enrich,Other,,,No immediate action,
GAMBER-JOHNSON,https://www.lindelectronics.com/,Allemagne,FILDERSTADT,,Eurosatory 2026 Catalog,D,New,Qualifier l'activité avant tout pitch ciblé.,To enrich,Other,,,No immediate action,
Garde nationale,http://garde-nationale.gouv.fr/,France,PARIS SP 07,https://www.linkedin.com/company/gardenationale/,Eurosatory 2026 Catalog,D,New,Qualifier l'activité avant tout pitch ciblé.,"Created in 2016 in response to the terrorist attacks, the National Guard comprises 100,000 operational reservists from the armed forces and internal security...",Homeland security,,,No immediate action,
GARG ASSOCIATES PVT. LTD.,https://www.gargasso.com/,Inde,Ghaziabad,,Eurosatory 2026 Catalog,D,New,Qualifier l'activité avant tout pitch ciblé.,To enrich,Other,,,No immediate action,
GARMIN FRANCE SAS,https://www.garmin.com/,France,NANTERRE CEDEX,,Eurosatory 2026 Catalog,D,New,Qualifier l'activité avant tout pitch ciblé.,To enrich,Other,,,No immediate action,
Gate Technologies,https://gate-dev.com/,Israël,BAREKET,,Eurosatory 2026 Catalog,D,New,Qualifier l'activité avant tout pitch ciblé.,System Upgrade in Progress We're performing scheduled maintenance to enhance our systems.,Logistics / MRO,,,No immediate action,
GATTEFIN,https://gattefin.fr/,France,MEHUN SUR YEVRE,,Eurosatory 2026 Catalog,D,New,Qualifier l'activité avant tout pitch ciblé.,To enrich,Other,,,No immediate action,
GCA SUPPLY BAUDRY,http://www.baudry.fr/,France,DOMBLANS,https://www.linkedin.com/company/gca-baudry,Eurosatory 2026 Catalog,D,New,Qualifier l'activité avant tout pitch ciblé.,To enrich,Other,,,No immediate action,
GDC Middle East,,Arabie saoudite,Riyadh,,Eurosatory 2026 Catalog,D,New,Qualifier l'activité avant tout pitch ciblé.,To enrich,Other,,,No immediate action,
GDELS,http://www.gdels.com/,Espagne,MADRID,,Eurosatory 2026 Catalog,D,New,Qualifier l'activité avant tout pitch ciblé.,To enrich,Other,,,No immediate action,
GDI SIMULATION,http://www.gdi-simulation.fr/fr/,France,ELANCOURT CEDEX,https://www.linkedin.com/company/gdi-simulation/,Eurosatory 2026 Catalog,B,New,"Fournisseur de RF, radars, optronique et embarqués pour stacks anti-drone.","GDI Simulation, a specialist in Army training simulation for over 75 years, presents its latest innovations. Our range of products includes vehicle-mounted f...",Counter-UAV,Land defense; UAV / drones,,Review website and validate opportunity,
GDTECH,https://www.gdtech.eu/,Belgique,ALLEUR,,Eurosatory 2026 Catalog,B,New,"Matières premières, outils coupants, services qualité pour sous-traitants.","Précédent Suivant Simulate your reality For over 30 years, GDTech - G lobal D esign Tech nology, with locations in Belgium and France, has developed a deep expertise in the field of numerical simulation. Fluid Mechanics Discover how GDTech …",Industrial subcontracting,Simulation / training; Logistics / MRO,,Review website and validate opportunity,
GEFICCA SAS,http://geficca.fr/,France,COSNE-SUR-LOIRE,https://www.linkedin.com/company/geficca-s-a-/,Eurosatory 2026 Catalog,B,New,"Fournisseur de batteries, moteurs, optronique, RF, composites pour fabricants UAV.","GEFICCA SAS is a specialist in sealing and vibro-acoustic solutions for military applications. With recognized industrial expertise, the company designs and ...",UAV / drones,Cybersecurity; Armored vehicles,,Review website and validate opportunity,
GEHRING TECHNOLOGIES GMBH + CO. KG,http://gehring-group.com/,Allemagne,OSTFILDERN,https://www.linkedin.com/company/gehring-technologies-gmbh/,Eurosatory 2026 Catalog,C,New,"Matières premières, outils coupants, services qualité pour sous-traitants.","Gehring is a global leader in precision machining, developing advanced technologies for efficient conventional and electrified powertrains. Processes like la...",Industrial subcontracting,,,Keep in watchlist,
GEMINIS LATHES,https://www.geminislathes.com/,Espagne,Elgoibar,,Eurosatory 2026 Catalog,B,New,"Matières premières, outils coupants, services qualité pour sous-traitants.",We're hiring Buscamos talento Aporta tu talento a proyectos innovadores y crece con un equipo experto en Geminis Lathes. Aporta tu talento a proyectos innovadores y crece con un equipo experto en Geminis Lathes. Learn more Share 04/07/2023 …,Industrial subcontracting,Naval defense; Soldier systems,,Review website and validate opportunity,
General Atomics,https://www.ga.com/about/ems,États-Unis,SAN DIEGO,www.linkedin.com/company/general-atomics,Eurosatory 2026 Catalog,A,New,"Capteurs, payloads optroniques, communications pour plateformes ISR.","General Atomics Synopta GmbH Heathgate Resources Pty Ltd Systems Integration, LLC (GA-SI) Affiliated Companies Aeronautical Systems, Inc. (GA-ASI) Cryotech Deicing Technology General Atomics Europe GmbH (GA-Europe) General Atomics Integrate…",Intelligence / ISR,Naval defense; Weapons,,Contact sales team and qualify need,
GENERAL AUTHORITY FOR MILITARY INDUSTRIES (GAMI),https://www.gami.gov.sa/en/homepage,Arabie saoudite,RIYADH,https://www.linkedin.com/company/gami-ksa/,Eurosatory 2026 Catalog,B,New,"Outils SOC/SIEM, brique de sécurité défensive pour vendeur cyber.","Read more 11, Feb 2026 Future Talent and National Capability Building Lead Day Four of World Defense Show 2026 February 11, 2026 | Riyadh, Saudi Arabia: Founded by the General Authority for Military Industries (GAMI), World Defense Show 202…",Cybersecurity,Logistics / MRO; Engineering services,,Review website and validate opportunity,
General Cherry,,Ukraine,"Vyshneve, Kyiv Oblast",,Eurosatory 2026 Catalog,D,New,Qualifier l'activité avant tout pitch ciblé.,To enrich,Other,,,No immediate action,
General Dynamics Ordnance and Tactical Systems,http://www.gd-ots.com/,États-Unis,SAINT PETERSBURG,https://linkedin.com/company/general-dynamics-ordnance-and-tactical-systems,Eurosatory 2026 Catalog,C,New,Vend des sous-systèmes / composants à un OEM construisant Ammunition.,"General Dynamics Ordnance and Tactical Systems (OTS) is a global systems developer and manufacturer of munitions, weapons and tactical systems across the ent...",Ammunition,,,Keep in watchlist,
General Inspection,https://www.geninsp.com/,États-Unis,Davisburg,,Eurosatory 2026 Catalog,A,New,"Front-ends RF, processeurs, mécanique de précision pour fabricants radars.","Read Article Here Read More » VisionLab featured in Manufacturing Quality July 12, 2023 No Comments General Inspection LLC 3D measurement system VisionLab selected by aerospace fastener manufacturer. Read Article Here Read More » General In…",Radar / sensors,Ammunition; Soldier systems,,Contact sales team and qualify need,
Gentex Corporation | Ops-Core,http://www.gentexcorp.com/,États-Unis,CARBONDALE,,Eurosatory 2026 Catalog,C,New,Vend des sous-systèmes / composants à un OEM construisant Soldier equipment.,"Gentex Corporation is a global leader in advanced helmet systems, integrated communications and hearing protection, and respiratory solutions for defense and...",Soldier systems,,,Keep in watchlist,
genua GmbH,http://www.genua.de/,Allemagne,Kirchheim,,Eurosatory 2026 Catalog,A,New,"Threat intel, hardware appliances, cloud souverain, audits.","With its IT security solutions developed and produced in Germany, genua GmbH is a pioneering force in digital sovereignty. Government agencies, organizations...",Cybersecurity,Communications; Logistics / MRO,,Contact sales team and qualify need,
GEOCONNECTICS,http://www.geoconnectics.com/,France,RIEDISHEIM,https://www.linkedin.com/company/geoconnectics/,Eurosatory 2026 Catalog,B,New,"Composites, capteurs, comms, lancement pour primes spatiaux.","Technical testing laboratory, specializing in the physics of electrical contact, Geoconnectics has been supporting industrial clients for more than 25 years ...",Space / satellite,Intelligence / ISR; Ballistic protection,,Review website and validate opportunity,
GEODIS INTERSERVICES,http://www.geodis.com/,France,LEVALLOIS PERRET CEDEX,https://www.linkedin.com/company/geodis/,Eurosatory 2026 Catalog,D,New,Qualifier l'activité avant tout pitch ciblé.,"GEODIS is a leading global logistics provider acknowledged for its expertise across all aspects of the supply chain. As a growth partner to its clients, GEOD...",Logistics / MRO,,,No immediate action,
GEOMINES,https://www.geomines.com/,France,SIX FOURS LES PLAGES,,Eurosatory 2026 Catalog,D,New,Qualifier l'activité avant tout pitch ciblé.,To enrich,Other,,,No immediate action,
German Meeting Point / BDSV,http://www.bdsv.eu/,Allemagne,BERLIN,https://www.linkedin.com/company/bdsv-eu/,Eurosatory 2026 Catalog,B,New,"Usinage de précision, matériaux, optronique, composants munitions ITAR-friendly.",The BDSV represents the interests of the entire German Security and Defence Industry at both the national and international level. Its work aims to preserve ...,Weapons,Ammunition; Dual-use technology,,Review website and validate opportunity,
Germandrones GmbH,https://www.germandrones.com/,Allemagne,BERLIN,,Eurosatory 2026 Catalog,D,New,Qualifier l'activité avant tout pitch ciblé.,To enrich,Other,,,No immediate action,
GES,https://www.ges.com/,États-Unis,LAS VEGAS,,Eurosatory 2026 Catalog,D,New,Qualifier l'activité avant tout pitch ciblé.,To enrich,Other,,,No immediate action,
GESELLSCHAFT FÜR LEISTUNGSELEKTRONIK MBH,http://www.syko.de/,Allemagne,MAINHAUSEN,,Eurosatory 2026 Catalog,D,New,Qualifier l'activité avant tout pitch ciblé.,To enrich,Other,,,No immediate action,
GETAC,http://fr.getac.com/,Allemagne,DÜSSELDORF,,Eurosatory 2026 Catalog,D,New,Qualifier l'activité avant tout pitch ciblé.,To enrich,Other,,,No immediate action,
GETELEC,http://www.getelec.com/,France,BUC,https://www.linkedin.com/company/getelec,Eurosatory 2026 Catalog,D,New,Qualifier l'activité avant tout pitch ciblé.,To enrich,Other,,,No immediate action,
GICAT,https://www.gicat.com/,France,PARIS CEDEX 17,,Eurosatory 2026 Catalog,D,New,Qualifier l'activité avant tout pitch ciblé.,To enrich,Other,,,No immediate action,
GICAT -ENERGIE OPERATIONNELLE,http://www.gicat.fr/,France,PARIS,,Eurosatory 2026 Catalog,D,New,Qualifier l'activité avant tout pitch ciblé.,To enrich,Other,,,No immediate action,
Gilat Defense,http://www.gilat.com/industries/defense/,Israël,PETACH TIKVA,https://www.linkedin.com/showcase/gilat-defense,Eurosatory 2026 Catalog,D,New,Qualifier l'activité avant tout pitch ciblé.,"Gilat Defense delivers mission-critical connectivity for defense integrators, homeland security, military, and government organizations worldwide. As the hub...",Homeland security,,,No immediate action,
GILLET GROUP,http://www.gillet-group.com/,France,NOGENT,https://www.linkedin.com/company/gillet-group-sa/,Eurosatory 2026 Catalog,D,New,Qualifier l'activité avant tout pitch ciblé.,To enrich,Other,,,No immediate action,
GLADIATOR TECHNOLOGIES,https://gladiatortechnologies.com/,États-Unis,SNOQUALMIE,,Eurosatory 2026 Catalog,D,New,Qualifier l'activité avant tout pitch ciblé.,To enrich,Other,,,No immediate action,
GLASSART,https://www.glassart.gr/,Grèce,PAIANIA,,Eurosatory 2026 Catalog,B,New,"Pièces de rechange, calibration, certification pour acteurs MRO.","ΕΝ Ελληνικά English COMPANY PHILOSOPHY CERTIFICATIONS & AWARDS CORPORATE SOCIAL RESPONSIBILITY SERVICES INTERNATIONAL PRESENCE FACILITIES - HUMAN RESOURCES CUSTOMERS LIST WHY GLASSART? By applying a modern philosophy founded on quality, des…",Logistics / MRO,,,Review website and validate opportunity,
GLAUCUS APS,,Danemark,Copenhagen,,Eurosatory 2026 Catalog,D,New,Qualifier l'activité avant tout pitch ciblé.,To enrich,Other,,,No immediate action,
GLENAIR,https://glenair.com/,France,TOULOUSE,,Eurosatory 2026 Catalog,D,New,Qualifier l'activité avant tout pitch ciblé.,To enrich,Other,,,No immediate action,
Global Clearance Solutions AG,http://www.gcs.ch/,Allemagne,STOCKACH,https://www.linkedin.com/company/global-clearance-solutions-gcs-/,Eurosatory 2026 Catalog,A,New,"Sous-systèmes, composites, certification pour primes terrestres.",Global Clearance Solutions (GCS) is a Switzerland based provider of integrated technological and operational solutions for explosive threat mitigation. Found...,Land defense,UAV / drones; Armored vehicles,,Contact sales team and qualify need,
GLOBAL RTS Ltd.,http://www.global-rts.bg/en,Bulgarie,SOFIA,https://share.google/ocm7tZDBRzM0uXTWC,Eurosatory 2026 Catalog,C,New,Qualifier l'activité avant tout pitch ciblé.,Global RTS has supported end-to-end military and emergency missions through camp infrastructure delivery and operational support services for many institutio...,Logistics / MRO,,,Keep in watchlist,
Global Towing Systems Ltd.,https://www.globaltowingsystems.com/,Hongrie,Komlo,,Eurosatory 2026 Catalog,C,New,"Vend des sous-systèmes / composants à un OEM construisant Vehicles, Logistics equipment.",Skip to content Home About Us Technology Trucks Contact Home About Us Technology Trucks Contact Built for Towing Experts Innovative Towing Systems Engineered for Professionals Learn more Built In-House. Global Towing Systems designs and man…,Other,,,Keep in watchlist,
GLOBAL WIRE HARNESS SAVUNMA HAVACILIK TASARIM,https://www.globalwireharness.com/,Turquie,ANKARA,,Eurosatory 2026 Catalog,D,New,Qualifier l'activité avant tout pitch ciblé.,To enrich,Other,,,No immediate action,
GLOCK GMBH,https://www.glock.com/,Autriche,DEUTSCH-WAGRAM,,Eurosatory 2026 Catalog,D,New,Qualifier l'activité avant tout pitch ciblé.,To enrich,Other,,,No immediate action,
GMT,http://www.gmt-gmbh.de/,France,FLORANGE CEDEX,,Eurosatory 2026 Catalog,D,New,Qualifier l'activité avant tout pitch ciblé.,To enrich,Other,,,No immediate action,
GMV,,Espagne,,,Eurosatory 2026 Catalog,D,New,Qualifier l'activité avant tout pitch ciblé.,To enrich,Other,,,No immediate action,
Goldhofer,http://www.goldhofer.com/,Allemagne,MEMMINGEN,,Eurosatory 2026 Catalog,B,New,"Radars, sonars, comms, armement, sustainment pour primes navals.","Goldhofer, headquartered in Memmingen, Germany, is a global leader in heavy and specialized transport vehicles. With a strong focus on quality and customer p...",Naval defense,,,Review website and validate opportunity,
GOLZ SAS FRANCE,https://www.golz.fr/,France,BERSTETT,,Eurosatory 2026 Catalog,D,New,Qualifier l'activité avant tout pitch ciblé.,To enrich,Other,,,No immediate action,
Goodluck Defence And Aerospace,https://www.goodluckindia.com/,Inde,Sikandrabad,,Eurosatory 2026 Catalog,D,New,Qualifier l'activité avant tout pitch ciblé.,To enrich,Other,,,No immediate action,
Goodmill Systems Oy,https://goodmillsystems.com/,Finlande,Espoo,,Eurosatory 2026 Catalog,D,New,Qualifier l'activité avant tout pitch ciblé.,To enrich,Other,,,No immediate action,
Goodyear Operations,http://www.goodyear.com/,Luxembourg,Colmar Berg,,Eurosatory 2026 Catalog,A,New,"Radars, sonars, comms, armement, sustainment pour primes navals.","Please try again.\"",\""allStores\"":\""All STORES\"",\""locationAccessDenied\"":\""We couldn't find your location. Please try again later.\"",\""defaultError\"":\""Something went wrong. Please fill your address.\""},\""completed\"":\""You're all set.",Naval defense,Radar / sensors; Logistics / MRO,,Contact sales team and qualify need,
GORIZIANE GROUP SPA,http://www.goriziane.it/,Italie,VILLESSE GO,https://www.linkedin.com/company/goriziane,Eurosatory 2026 Catalog,B,New,"Textiles, composites, optronique, énergie pour kits soldat.","We offer technological solutions in the following fields of application: - Maintenance, Repair, General Overhaul, Upgrade of military vehicles, including: L...",Soldier systems,Logistics / MRO,,Review website and validate opportunity,
goSmart GmbH,https://www.go-smart.de/,Allemagne,Nürnberg,,Eurosatory 2026 Catalog,C,New,"RF, crypto, certification interopérabilité pour radios tactiques.","Managed IT-Services Taking charge of your wired and wireless infrastructure, boosting network security, maximizing bandwidth and delivering rapid support to keep your operations running smoothly. Training Equip your team with the essential …",Communications,,,Keep in watchlist,
Government of Alberta,https://www.alberta.ca/choose-alberta-canada,Canada,Edmonton,,Eurosatory 2026 Catalog,A,New,"Composites, capteurs, comms, lancement pour primes spatiaux.","Jobs Government of Alberta jobs, job postings across the province, and resources for job seekers. Tourism Travel Alberta , the Government of Alberta’s destination management organization, works to grow the province’s visitor economy and pro…",Space / satellite,Homeland security; Intelligence / ISR,,Contact sales team and qualify need,
GOVINI,https://www.govini.com/,États-Unis,ARLINGTON,,Eurosatory 2026 Catalog,B,New,"GPUs, cloud, data annotation, hardening cyber pour plateforme IA.",REQUEST A DEMO Govini is a defense software company Govini transforms Defense Acquisition from an outdated manual process to a software-driven strategic advantage for the United States. EXPLORE ARK MISSIONS SUPPORTED LATEST Read the latest …,AI / data,Land defense; Naval defense,,Review website and validate opportunity,
GRADEL SARL,http://gradel.lu/,Luxembourg,ELLANGE,https://linkedin.com/company/gradel,Eurosatory 2026 Catalog,A,New,"Fournisseur de batteries, moteurs, optronique, RF, composites pour fabricants UAV.","GRADEL operates in critical industrial sectors. Our strengths lie in technological innovation, rigorous quality control, and deep industry expertise. In the...",UAV / drones,Radar / sensors; AI / data,,Contact sales team and qualify need,
Granta Solutions,https://www.grantaautonomy.com/,Lituanie,VILNIUS,,Eurosatory 2026 Catalog,D,New,Qualifier l'activité avant tout pitch ciblé.,To enrich,Other,,,No immediate action,
GREEN AL METALURJİ VE GERİ DÖNÜŞÜM,https://greenmetalurji.com/,Turquie,ISTANBUL,,Eurosatory 2026 Catalog,C,New,"Vend des sous-systèmes / composants à un OEM construisant Logistics equipment, Engines / propulsion.",Hakkımızda Green Al Metalurji ve Geri Dönüşüm; başlangıçtan itibaren kritik gereksinimleri karşılamak için çok ince küresel ve düzensiz şekilli mikron boyutlu tozlar kullanarak metalurjik ve kimyasal uygulamalar için yüksek saflıkta tozlar …,C4ISR,,,Keep in watchlist,
GREEN POWER TURBINE SYSTEMS,http://www.gpts.rs/,Serbie,BELGRADE,,Eurosatory 2026 Catalog,D,New,Qualifier l'activité avant tout pitch ciblé.,To enrich,Other,,,No immediate action,
GREENMOT,https://www.greenmot.com/,France,VILLEFRANCHE-SUR-SAÔNE,https://www.linkedin.com/company/greenmot,Eurosatory 2026 Catalog,A,New,"Front-ends RF, processeurs, mécanique de précision pour fabricants radars.","Thanks to its expertise in engineering and test bench management, GREENMOT supports defense players in the evaluation and optimization of their systems. Wind speed up to 160km/h Up to 88% Authorization to possess firearms Site security and …",Radar / sensors,Weapons; Ammunition,,Contact sales team and qualify need,
Gremsy Joint Stock Company,https://gremsy.com/,Vietnam,HO CHI MINH,,Eurosatory 2026 Catalog,B,New,"Radars, sonars, comms, armement, sustainment pour primes navals.",To get updates with new products and exclusive offers from us! Checkout OPTIMIZED GIMBAL FOR FLIR HADRON 640R EMPOWERING DRONE INTEGRATORS ORDER NOW Specs FAQ Manual GIMBAL SOLUTION FOR FLIR HADRON 640R G-Hadron is the ultimate compact and …,Naval defense,UAV / drones; Armored vehicles,,Review website and validate opportunity,
GREYSTONE SAS,https://plouf.fr/pages/vetements-de-quart-flottants,France,NICE,https://www.linkedin.com/company/45867018/admin/dashboard/,Eurosatory 2026 Catalog,B,New,Vend des sous-systèmes / composants à un OEM construisant Logistics equipment.,Ignorer et passer au contenu .drawer { visibility: hidden; } Votre panier est vide Continuer les achats Vous possédez un compte ? Réductions et frais d’expédition calculés à l’étape du paiement. Femme Femme Maillot de bain flottant femme Ac…,Soldier systems,Naval defense,,Review website and validate opportunity,
Grinding Technology Srl.,https://www.ffg-ea.com/,Italie,Cassine,,Eurosatory 2026 Catalog,D,New,Vend des sous-systèmes / composants à un OEM construisant Software / Platforms.,"Namhafte Hersteller und Zulieferer aus der Automobil- und Nutzfahrzeugindustrie, der Luft- und Raumfahrt, dem Maschinenbau, der Metallverarbeitung, der Schienenverkehrstechnik, der Energietechnik und der Schwerindustrie setzen auf FFG Produ…",Other,,,No immediate action,
GripID,https://www.gripid.eu/,France,PARIS,https://www.linkedin.com/company/89258739,Eurosatory 2026 Catalog,B,New,"Front-ends RF, processeurs, mécanique de précision pour fabricants radars.","With its three step process, you can pair your device with a GripID seamlessly and securely. We are committed to build sovereign and reliable biometric ecosystems with the highest security and operational standards. Pick a GripID from a poo…",Radar / sensors,Homeland security,,Review website and validate opportunity,
GROB-WERKE GmbH & Co. KG,https://www.grobgroup.com/,Allemagne,MINDELHEIM,https://www.linkedin.com/company/grob-werke-gmbh-&-co-kg/posts/?feedView=all,Eurosatory 2026 Catalog,D,New,Qualifier l'activité avant tout pitch ciblé.,To enrich,Other,,,No immediate action,
Groundspace,http://groundspace.io/,France,CLAPIERS,https://www.linkedin.com/company/groundspace,Eurosatory 2026 Catalog,B,New,"Vend des sous-systèmes / composants à un OEM construisant Software / Platforms, Satellites / Space.","Groundspace is a technology company specializing in the monitoring, analysis, and protection of satellite communications. It develops software and hardware s...",Space / satellite,Cybersecurity; Logistics / MRO,,Review website and validate opportunity,
Group ACB,http://www.groupacb.com/,Belgique,Dendermonde,https://www.linkedin.com/company/acb-nv-atlantec-sas,Eurosatory 2026 Catalog,D,New,Activité à qualifier — discovery call avant pitch précis.,"Group ACB is a French-Belgian manufacturer of high-reliability, high-technology Printed Circuit Boards (PCBs). Group ACB offers a wide range of stack-ups, in...",Other,,,No immediate action,
Group STSI,https://www.group-stsi.com/,France,Chemaudin et Vaux,,Eurosatory 2026 Catalog,D,New,Qualifier l'activité avant tout pitch ciblé.,To enrich,Other,,,No immediate action,
GROUPE 6NAPSE,http://6-napse.com/,France,VAL DE REUIL,https://www.linkedin.com/company/groupe-6napse/,Eurosatory 2026 Catalog,B,New,"Fournisseur de batteries, moteurs, optronique, RF, composites pour fabricants UAV.","The 6NAPSE Group offers materials testing, expertise, and analysis services while maintaining strict confidentiality. Our services include: - Testing: clim...",UAV / drones,Naval defense; Radar / sensors,,Review website and validate opportunity,
GROUPE ABILIS,https://www.groupe-abilis.fr/,France,ARPAJON,,Eurosatory 2026 Catalog,D,New,Qualifier l'activité avant tout pitch ciblé.,To enrich,Other,,,No immediate action,
GROUPE DREYER DEFENSE,http://www.easycube.fr/,France,AVIGNON,,Eurosatory 2026 Catalog,D,New,Qualifier l'activité avant tout pitch ciblé.,To enrich,Other,,,No immediate action,
GROUPE DROUAULT INDUSTRIES,https://www.drouault-industries.com/,France,CONDE SUR VIRE,,Eurosatory 2026 Catalog,D,New,Qualifier l'activité avant tout pitch ciblé.,To enrich,Other,,,No immediate action,
GROUPE ESARIS INDUSTRIES,http://www.esaris.fr/,France,ILLKIRCH-GRAFFENSTADEN,https://www.linkedin.com/company/esaris-industries/,Eurosatory 2026 Catalog,D,New,Qualifier l'activité avant tout pitch ciblé.,To enrich,Other,,,No immediate action,
GROUPE GAMI,http://www.groupe-gami.com/,France,CORBAS,https://www.linkedin.com/company/groupegami,Eurosatory 2026 Catalog,C,New,"Outils CAD, simulation, certification pour bureau d'études.","The Gami Group is a manufacturer of industrial equipment, which has subsidiaries with complementary skills (machining, assembly, welding, steam turbine, bime...",Engineering services,Naval defense,,Keep in watchlist,
Groupe GODET,https://www.groupe-godet.fr/,France,ROISSY-EN-FRANCE,,Eurosatory 2026 Catalog,D,New,Qualifier l'activité avant tout pitch ciblé.,To enrich,Other,,,No immediate action,
GROUPE GONZALES,http://www.gonzales.fr/,France,ESTRABLIN,https://fr.linkedin.com/company/groupegonzales,Eurosatory 2026 Catalog,C,New,"Matières premières, outils coupants, services qualité pour sous-traitants.","GROUPE GONZALES is an independent French mid-sized industrial group (ETI) serving industry for over 55 years. It designs, manufactures and integrates high-va...",Industrial subcontracting,Engineering services,,Keep in watchlist,
GROUPE INGENITIS LEVIGNE MSJ Industrie,http://www.ets-levigne.com/,France,PONT DU CHATEAU,https://www.linkedin.com/company/groupe-msj-industrie-levigne-m%C3%A9canome-cmf-zalau/posts/?feedView=all,Eurosatory 2026 Catalog,B,New,"Fournisseur de batteries, moteurs, optronique, RF, composites pour fabricants UAV.","Un groupe à votre écoute pour vous satisfaire, associant performance, ambition et épanouissement des équipes. Ferroviaire Armement Sidérurgie Éléctroménager Agroalimentaire Agriculture Carrosserie et véhicules spéciaux Électrique et électro…",UAV / drones,Armored vehicles; Industrial subcontracting,,Review website and validate opportunity,
GROUPE PG,https://www.groupe-pg.fr/,France,ROUXMESNIL-BOUTEILLES,,Eurosatory 2026 Catalog,D,New,Qualifier l'activité avant tout pitch ciblé.,To enrich,Other,,,No immediate action,
GROUPE PIROUX,http://www.piroux.com/,France,VAL REVERMONT,https://www.linkedin.com/company/groupe-piroux,Eurosatory 2026 Catalog,C,New,"Outils CAD, simulation, certification pour bureau d'études.","The Piroux group, founded in 1979, is a French industrial actor specialized in fine sheet metal work, metal welding, machining, and painting. Present in Fran...",Engineering services,,,Keep in watchlist,
GROUPE POMMIER,http://pommier.eu/,France,,https://www.linkedin.com/company/pommier/about,Eurosatory 2026 Catalog,D,New,Qualifier l'activité avant tout pitch ciblé.,To enrich,Other,,,No immediate action,
GROUPE SAVOY,https://www.groupe-savoy.fr/,France,Cluses,,Eurosatory 2026 Catalog,D,New,Qualifier l'activité avant tout pitch ciblé.,To enrich,Other,,,No immediate action,
GROUPE SSI,http://www.groupe-ssi.com/,France,VERSAILLES,,Eurosatory 2026 Catalog,D,New,Qualifier l'activité avant tout pitch ciblé.,To enrich,Other,,,No immediate action,
GROUPEMECA,https://groupemeca.com/,Belgique,Herstal,,Eurosatory 2026 Catalog,D,New,Qualifier l'activité avant tout pitch ciblé.,To enrich,Other,,,No immediate action,
GROUPEMENT D'INTÉRÊT ÉCONOMIQUE DEFENSE NBC,http://www.defensenbc.fr/,France,TRANS EN PROVENCE,,Eurosatory 2026 Catalog,D,New,Qualifier l'activité avant tout pitch ciblé.,To enrich,Other,,,No immediate action,
"GS Engineering, Inc.",https://www.gsengineering.com/,États-Unis,Houghton,,Eurosatory 2026 Catalog,B,New,"Front-ends RF, processeurs, mécanique de précision pour fabricants radars.","Learn More Defense & Government Commercial & Specialty Off-Highway Aviation Ground Support Equipment GS Engineering is an agile small business focused on design and analysis services, product development, instrumented field testing, and tec…",Radar / sensors,Simulation / training; Logistics / MRO,,Review website and validate opportunity,
GSCI Advanced Photonics,http://www.gsci.net/,Canada,WOODBRIDGE,,Eurosatory 2026 Catalog,D,New,Qualifier l'activité avant tout pitch ciblé.,To enrich,Other,,,No immediate action,
G-SHOCK,https://gshock.casio.com/,France,MASSY,,Eurosatory 2026 Catalog,D,New,Qualifier l'activité avant tout pitch ciblé.,To enrich,Other,,,No immediate action,
GSMK CRYPTOPHONE,https://www.gsmk.de/,Allemagne,BERLIN,,Eurosatory 2026 Catalog,D,New,Qualifier l'activité avant tout pitch ciblé.,To enrich,Other,,,No immediate action,
GTD DEFENSE & SECURITY SOLUTIONS SLU,https://www.gtd.eu/defense-security,Espagne,El Puerto de Santa María,,Eurosatory 2026 Catalog,A,New,"Capteurs, payloads optroniques, communications pour plateformes ISR.","With 38 years of experience, we specialize in system engineering, surveillance systems, C4ISR solutions, mission-critical avionics, and turnkey defense services. Critical Infrastructure Protection: We help the armies to protect and secure t…",Intelligence / ISR,Naval defense; Homeland security,,Contact sales team and qualify need,
Guardform s.r.o.,http://www.guardform.eu/,République tchèque,Brno,,Eurosatory 2026 Catalog,D,New,Qualifier l'activité avant tout pitch ciblé.,Your strategic production partner. We are a team of professionals with 20+ years of experience. Our partner factories in Ukraine produce hundreds of thousan...,Other,,,No immediate action,
Guardiaris,http://www.guardiaris.com/,Slovénie,LJUBLJANA,https://si.linkedin.com/company/guardiaris,Eurosatory 2026 Catalog,A,New,"Radars, missiles, comms, électroniques pour systèmes anti-aériens.","Guardiaris is an innovative company specializing in custom training solutions for the defense industry. For over 18 years, its in-house experts have delivere...",Air defense,UAV / drones; Armored vehicles,,Contact sales team and qualify need,
GUEDO SAS,http://www.guedo.fr/en/precision-engineering/,France,SAINT AVÉ,,Eurosatory 2026 Catalog,D,New,Qualifier l'activité avant tout pitch ciblé.,To enrich,Other,,,No immediate action,
GUMARNY ZUBRI,https://www.guzu.cz/,République tchèque,ZUBRI,,Eurosatory 2026 Catalog,D,New,Qualifier l'activité avant tout pitch ciblé.,To enrich,Other,,,No immediate action,
GUMI CITY,http://www.gumi.go.kr/,Corée du Sud,GUMI-SI,,Eurosatory 2026 Catalog,D,New,Qualifier l'activité avant tout pitch ciblé.,"Welcome to Gumi City, the strategic hub of South Korea’s Defense Innovation Cluster. Where cutting-edge ICT meets unparalleled manufacturing, Gumi is the po...",Other,,,No immediate action,
GuS Glass + Safety GmbH & Co. KG,http://www.gus-germany.com/,Allemagne,LUEBBECKE,,Eurosatory 2026 Catalog,D,New,Qualifier l'activité avant tout pitch ciblé.,To enrich,Other,,,No immediate action,
GuS Periscopes Ltd,http://www.gus-periscopes.com/,Royaume-Uni,Cwmbran,https://www.linkedin.com/company/102276696,Eurosatory 2026 Catalog,A,New,"Verre spécial, détecteurs, mécanique de précision pour optronique.","Gus Periscopes Ltd designs and manufactures advanced periscopes, vision blocks and hybrid optical‑digital sighting systems for military armoured vehicles and...",Optics / optronics,Naval defense; Armored vehicles,,Contact sales team and qualify need,
H.P. Marketing & Consulting Wüst GmbH,https://hp-jammer.de/,Allemagne,REINFELD,,Eurosatory 2026 Catalog,B,New,"Fournisseur de RF, radars, optronique et embarqués pour stacks anti-drone.",Marketing & Consulting Wüst GmbH Grootkoppel 9 23858 Reinfeld (Holstein) info@hp-jammer.de +49(0) 45 33 70 11 0 +49(0) 45 33 45 95 ©2025 H.P. Im Fokus unseres Produktdesigns stehen Zuverlässigkeit und eine nutzerfreundliche Bedienung. Zusät…,Counter-UAV,Homeland security; UAV / drones,,Review website and validate opportunity,
H3D,http://www.h3dgamma.com/,États-Unis,ANN ARBOR,https://www.linkedin.com/company/h3d-inc-,Eurosatory 2026 Catalog,B,New,"Fournisseur de batteries, moteurs, optronique, RF, composites pour fabricants UAV.",H3D specializes in providing advanced radiation detection and imaging solutions for defense and CBRNe applications. Our innovative technology helps customers...,UAV / drones,Land defense; Homeland security,,Review website and validate opportunity,
HABIA,https://www.habia.com/,Allemagne,WIPPERFÜRTH,,Eurosatory 2026 Catalog,D,New,Qualifier l'activité avant tout pitch ciblé.,To enrich,Other,,,No immediate action,
HAERAUX TECHNOLOGIES,https://haeraux.fr/,France,MONTIERCHAUME,,Eurosatory 2026 Catalog,D,New,Qualifier l'activité avant tout pitch ciblé.,To enrich,Other,,,No immediate action,
Haivision,https://www.haivision.com/,Canada,MONTREAL,,Eurosatory 2026 Catalog,D,New,Qualifier l'activité avant tout pitch ciblé.,To enrich,Other,,,No immediate action,
HAIX,http://www.haix.com/,Allemagne,MAINBURG,https://de.linkedin.com/company/haixgroup,Eurosatory 2026 Catalog,C,New,"Vend des sous-systèmes / composants à un OEM construisant Software / Platforms, Logistics equipment.","As an innovative high-tech manufacturer, HAIX meets the highest standards of functionality, quality and design worldwide. Firefighters, policemen and special...",Other,,,Keep in watchlist,
Halfar System GmbH,http://www.halfar.com/,Allemagne,BIELEFELD,https://www.linkedin.com/company/halfar-system-gmbh/,Eurosatory 2026 Catalog,C,New,Vend des sous-systèmes / composants à un OEM construisant leur build line.,"HALFAR® stands for customised products for individual customer needs. Each bag and backpack we produce is a unique piece, developed in close cooperation with...",Naval defense,,,Keep in watchlist,
HAMMER WINCH,https://www.hammerwinch.com/,Turquie,ANKARA,,Eurosatory 2026 Catalog,D,New,Qualifier l'activité avant tout pitch ciblé.,To enrich,Other,,,No immediate action,
"HAMPIAUX SAS ""LE LORRAIN",http://lelorrain.fr/,France,HEILLECOURT,https://www.linkedin.com/company/le-lorrain-hampiaux-sas,Eurosatory 2026 Catalog,B,New,"Pièces de rechange, calibration, certification pour acteurs MRO.","LE LORRAIN is a French expert in gas and flame. Recognized manufacturer of flame welding equipment, regulators, and safety accessories, we put our expertise ...",Logistics / MRO,Export / distribution,,Review website and validate opportunity,
Hanwha,https://www.hanwhaaerospace.co.kr/kor/index.do,Corée du Sud,SEOUL,,Eurosatory 2026 Catalog,D,New,Qualifier l'activité avant tout pitch ciblé.,To enrich,Other,,,No immediate action,
Hanza,,Finlande,Hattula,,Eurosatory 2026 Catalog,D,New,Qualifier l'activité avant tout pitch ciblé.,To enrich,Other,,,No immediate action,
HARMATTAN AI,https://www.harmattan.ai/,France,PARIS,https://www.linkedin.com/company/harmattan-ai/,Eurosatory 2026 Catalog,A,New,"Capteurs, payloads optroniques, communications pour plateformes ISR.","Our Mission Harmattan AI builds autonomous, scalable, and mission-ready defense systems designed for the speed and complexity of modern warfare. About us Founded in April 2024, Harmattan AI is a next-generation defense prime developing auto…",Intelligence / ISR,C4ISR; UAV / drones,,Contact sales team and qualify need,
Harmonic Drive SE,http://www.harmonicdrive.de/,Allemagne,LIMBURG/LAHN,https://www.linkedin.com/company/harmonic-drive-se/posts/?feedView=all,Eurosatory 2026 Catalog,B,New,"Fournisseur de batteries, moteurs, optronique, RF, composites pour fabricants UAV.","As a technology leader in the field of high precision drive technology, Harmonic Drive SE is continuously developing sophisticated and tailored solutions for...",UAV / drones,Radar / sensors; Logistics / MRO,,Review website and validate opportunity,
HATZ,https://www.hatz.com/fr-france/,France,CHASSIEU,https://www.linkedin.com/company/hatz-diesel-france/,Eurosatory 2026 Catalog,B,New,"Front-ends RF, processeurs, mécanique de précision pour fabricants radars.","Hatz France, filiale du groupe Hatz, est votre partenaire de confiance pour les moteurs et pièces détachées. Moteurs Diesel Reconnue à l’échelle mondiale, Hatz est le spécialiste des moteurs diesel industriels, alliant robustesse et durabil…",Radar / sensors,Logistics / MRO; Engineering services,,Review website and validate opportunity,
HAVELSAN,http://www.havelsan.com/,Turquie,ANKARA,https://tr.linkedin.com/company/havelsan,Eurosatory 2026 Catalog,A,New,"Radars, sonars, comms, armement, sustainment pour primes navals.","Founded in 1982, HAVELSAN is a leading Turkish defense and high-technology company delivering advanced software-based solutions. As a subsidiary of the Turki...",Naval defense,Homeland security; Cybersecurity,,Contact sales team and qualify need,
HawAI.tech,https://hawaitech.com/,France,GRENOBLE,,Eurosatory 2026 Catalog,D,New,Qualifier l'activité avant tout pitch ciblé.,To enrich,Other,,,No immediate action,
HDS,https://www.eas.gr/,Grèce,Hymettus-Athens,https://www.linkedin.com/company/hellenic-defence-systems-s.a./,Eurosatory 2026 Catalog,B,New,"Vend des sous-systèmes / composants à un OEM construisant Logistics equipment, Vehicles.","At the same time, it’s a strategic partner of the largest companies in the international defense industry. LEARN MORE PRODUCT CATEGORIES The Hellenic Defense Systems has been engaged in the design, development, manufacturing and trading of …",Weapons,Ammunition; Logistics / MRO,,Review website and validate opportunity,
HEADMIND PARTNERS,http://www.headmind.com/,France,PARIS,https://www.linkedin.com/company/headmind-partners,Eurosatory 2026 Catalog,D,New,Canal de distribution / représentation pour notre portefeuille.,"HeadMind Partners is a French company specializing in agent-based and predictive AI. With a team of over 130 AI & data experts, it designs, develops and dep...",Other,,,No immediate action,
HEBCO INDUSTRIE,http://hebcoindustrie.com/,France,LAMOTTE BEUVRON,,Eurosatory 2026 Catalog,D,New,Qualifier l'activité avant tout pitch ciblé.,To enrich,Other,,,No immediate action,
Heckler & Koch GmbH,http://www.heckler-koch.com/,Allemagne,OBERNDORF/NECKAR,,Eurosatory 2026 Catalog,D,New,Qualifier l'activité avant tout pitch ciblé.,To enrich,Other,,,No immediate action,
HEINZMANN,https://www.heinzmann.com/,Allemagne,SCHÖNAU IM SCHWARZWALD,https://www.linkedin.com/company/heinzmann-gmbh-cokg/,Eurosatory 2026 Catalog,B,New,"Radars, sonars, comms, armement, sustainment pour primes navals.","HEINZMANN Automation Since 2010, the subsidiary HEINZMANN Automation AS in Norway has extended the product portfolio with its automation and monitoring systems for commercial and military shipping. H66 | Hall 27 | Heinzmann GmbH Eurosatory …",Naval defense,Ammunition; Radar / sensors,,Review website and validate opportunity,
HeiQ,http://www.heiq.com/,Suisse,Schlieren,https://www.linkedin.com/company/heiq/,Eurosatory 2026 Catalog,B,New,"Vend des sous-systèmes / composants à un OEM construisant Software / Platforms, Communications networks.","Learn more about HeiQ’s product lines Textile Technologies HeiQ offers a full range of functional textile technologies to provide hygiene, comfort protection and resource efficiency. Your material Innovation Partner HeiQ is a leader in mate…",Export / distribution,,,Review website and validate opportunity,
HELLAS SAT,https://www.hellas-sat.net/,Grèce,"Koropi, Athens",,Eurosatory 2026 Catalog,A,New,Canal de distribution / représentation pour notre portefeuille.,"Since 2003, Hellas Sat has expanded its reach through new satellite launches, building a more extensive and powerful network, and offering a wider range of services. A main principle underpinning HELLAS SAT policy is the respect and protect…",Space / satellite,Naval defense; Homeland security,,Contact sales team and qualify need,
HELLAS SAT CONSORTIUM LTD,https://www.hellas-sat.net/,Cyprus,KOFINOU,,Eurosatory 2026 Catalog,A,New,Canal de distribution / représentation pour notre portefeuille.,"Cyprus office: The Company «HELLAS SAT CONSORTIUM LTD.», trading name «HELLAS SAT» (hereinafter referred to as the «Company») has its registered office at 1, Panagias Galaktotrofousas Street, Kofinou, 7735 Larnaca, Cyprus. Our solutions Fro…",Space / satellite,Naval defense; Homeland security,,Contact sales team and qualify need,
Hellwig & Lünenschloss,http://www.hul-gmbh.de/,Allemagne,GEVELSBERG,https://www.linkedin.com/company/37096701/,Eurosatory 2026 Catalog,D,New,"Vend des sous-systèmes / composants à un OEM construisant Logistics equipment, Vehicles.","Hellwig & Lünenschloss specialises in air conditioning, heating and fresh air supply systems for containers and vehicles, particularly in the field of milita...",Other,,,No immediate action,
HELSING,https://helsing.ai/,France,PARIS,,Eurosatory 2026 Catalog,D,New,Qualifier l'activité avant tout pitch ciblé.,To enrich,Other,,,No immediate action,
Hemco d.o.o.,https://www.hemco.hr/,Croatie,Dakovo,,Eurosatory 2026 Catalog,C,New,"Textiles, composites, optronique, énergie pour kits soldat.",Hemco Gaston | Pogledajte naše HoReCa proizvode za profesionalce. Change Language HR Hemco Gaston | Pogledajte naše HoReCa proizvode za profesionalce. Change Language HR Proizvodi Usluge Centar znanja O nama Kontakt Nosimo sigurnost sa stil…,Soldier systems,,,Keep in watchlist,
HEMERIA,http://www.hemeria-group.com/,France,TOULOUSE CEDEX 1,https://www.facebook.com/hemeriaofficiel/,Eurosatory 2026 Catalog,D,New,Qualifier l'activité avant tout pitch ciblé.,To enrich,Other,,,No immediate action,
Hensoldt AG,http://www.hensoldt.net/,Allemagne,TAUFKIRCHEN,https://www.linkedin.com/company/hensoldt/,Eurosatory 2026 Catalog,A,New,"Capteurs, payloads optroniques, communications pour plateformes ISR.","HENSOLDT is a leading European high-tech company in the defence and security industry. The company develops sensor solutions, electronics and software, helpi...",Intelligence / ISR,Land defense; Air defense,,Contact sales team and qualify need,
Hero Gears A/S,http://www.herogears.com/,Danemark,Ishøj,https://www.linkedin.com/company/hero-gears-a-s,Eurosatory 2026 Catalog,A,New,"Radars, sonars, comms, armement, sustainment pour primes navals.",Hero Gears is a Danish manufacturer with more than 80 years of experience in precision gears and shafts. We specialize in customer-specific solutions for dem...,Naval defense,UAV / drones; Armored vehicles,,Contact sales team and qualify need,
HERTZ NEW TECHNOLOGIES SP. Z O.O.,https://hertznt.eu/,Pologne,ZIELONA GÓRA,,Eurosatory 2026 Catalog,A,New,"Amplis RF, processeurs signal, embarqué, antennes pour EW.",Our products ensure reliable security and protection against drone threats. Contact us HAWK COUNTER-DRONE SYSTEM The HAWK anti-drone system is a comprehensive solution for protecting facilities from drones. The system uses a variety of sens…,Electronic warfare,Air defense; Homeland security,,Contact sales team and qualify need,
Hessapp / FFG Werke GmbH,https://www.ffg-ea.com/,Allemagne,Taunusstein-Hahn,,Eurosatory 2026 Catalog,D,New,Vend des sous-systèmes / composants à un OEM construisant Software / Platforms.,"Namhafte Hersteller und Zulieferer aus der Automobil- und Nutzfahrzeugindustrie, der Luft- und Raumfahrt, dem Maschinenbau, der Metallverarbeitung, der Schienenverkehrstechnik, der Energietechnik und der Schwerindustrie setzen auf FFG Produ…",Other,,,No immediate action,
Heven AeroTech,http://www.hevenaerotech.com/,États-Unis,STERLING,https://www.linkedin.com/company/hevenaerotech/,Eurosatory 2026 Catalog,D,New,Qualifier l'activité avant tout pitch ciblé.,To enrich,Other,,,No immediate action,
HEVI Optronics,https://www.hevioptronics.com/,Estonie,Vääna,,Eurosatory 2026 Catalog,B,New,"Capteurs, payloads optroniques, communications pour plateformes ISR.",Home Products Services Gallery Company Contact English ELECTRO-OPTICAL SYSTEMS ELECTRO-OPTICAL SYSTEMS HEVI OPTRONICS Hevi Optronics is designing and developing precision-engineered electro-optical sensor systems for commercial and defence …,Intelligence / ISR,Naval defense; C4ISR,,Review website and validate opportunity,
Hewlett Packard Enterprise (HPE),http://www.hpe.com/fr,France,PUTEAUX,https://www.linkedin.com/company/hewlett-packard-enterprise,Eurosatory 2026 Catalog,D,New,Qualifier l'activité avant tout pitch ciblé.,"Your essential partner for the AI era We use the power of AI, cloud, and networking to help you move faster, work smarter, and achieve more. With deep expert...",Other,,,No immediate action,
Hexagon | NovAtel,http://novatel.com/industries/defense,Canada,Edmonton,https://www.linkedin.com/company/novatel,Eurosatory 2026 Catalog,C,New,"Composites, capteurs, comms, lancement pour primes spatiaux.","Hexagon | NovAtel designs, manufactures and sells high precision Global Navigation Satellite System (GNSS) positioning, jamming detection and anti-jam techno...",Space / satellite,Electronic warfare,,Keep in watchlist,
HEXCEL,http://www.hexcel.com/,France,DAGNEUX,https://www.linkedin.com/company/hexcel-corporation/,Eurosatory 2026 Catalog,B,New,"Composites, capteurs, comms, lancement pour primes spatiaux.",Hexcel Corporation is a global leader in advanced lightweight composites technology. We propel the future of flight and transportation through excellence in ...,Space / satellite,Naval defense; Ammunition,,Review website and validate opportunity,
HGH,http://hgh-infrared.com/,France,IGNY,https://www.linkedin.com/showcase/wide-area-surveillance-was/posts/?feedView=all,Eurosatory 2026 Catalog,A,New,"Amplis RF, processeurs signal, embarqué, antennes pour EW.","With over 40 years of expertise in infrared technology, HGH is a leader in innovative surveillance systems that combine high resolution panoramic thermal ima...",Electronic warfare,Land defense; Air defense,,Contact sales team and qualify need,
HGXR,https://www.hgxr.com/,Allemagne,MÜNCHEN,https://www.linkedin.com/company/18116130/,Eurosatory 2026 Catalog,D,New,Qualifier l'activité avant tout pitch ciblé.,To enrich,Other,,,No immediate action,
"HIAB LIMITED, Defence Logistics",http://www.hiab.com/,Royaume-Uni,ELLESMERE,,Eurosatory 2026 Catalog,D,New,Qualifier l'activité avant tout pitch ciblé.,To enrich,Other,,,No immediate action,
HICO GROUP GMBH,https://www.hico-group.com/,Autriche,WIEN,,Eurosatory 2026 Catalog,B,New,"GPUs, cloud, data annotation, hardening cyber pour plateforme IA.",EN DE EXPERTISE RESOURCES CAREERS ABOUT US Get in touch Expertise Strategy Data & Cloud Planning Analytics Artificial Intelligence Resources Events & Webinars Insights Careers About Us Get in touch Our Expertise Empowering businesses with d…,AI / data,,,Review website and validate opportunity,
Hidraulika Kurelja d.o.o.,https://www.hidraulika-kurelja.hr/,Croatie,Donja Stubica,,Eurosatory 2026 Catalog,C,New,"Vend des sous-systèmes / composants à un OEM construisant Software / Platforms, Logistics equipment.",Vizija Društva Hidraulika Kurelja d.o.o. je zadržati poziciju lidera na hrvatskom i regionalnom tržištu u sektoru nadogradnji na vozila i specijalnih konstrukcija za rad na visinama. Zastupstvo/Hiab Ovlašteni distributeri i serviser HIAB br…,Air defense,,,Keep in watchlist,
HIDROFIL,https://www.hidrofil.com.tr/,Turquie,ANKARA,,Eurosatory 2026 Catalog,D,New,Qualifier l'activité avant tout pitch ciblé.,To enrich,Other,,,No immediate action,
HIFI FILTER,http://hifi-filter.com/fr/,France,PONTARLIER CEDEX,https://www.linkedin.com/company/hififilter/,Eurosatory 2026 Catalog,C,New,"Pièces de rechange, calibration, certification pour acteurs MRO.","HIFI FILTER, an expert in filtration for nearly 50 years, provides reliable solutions for military and security equipment and installations in demanding envi...",Logistics / MRO,,,Keep in watchlist,
HIGH TECH CERAM,http://www.rubis-precis.com/,France,DARVAULT,https://www.linkedin.com/company/group-rubis-precis/,Eurosatory 2026 Catalog,B,New,"Front-ends RF, processeurs, mécanique de précision pour fabricants radars.",The Rubis-Précis / Micropierre / High Tech Ceram group is a French industrial company specialized in the precision machining of technical and hard materials....,Radar / sensors,Space / satellite,,Review website and validate opportunity,
HIOLLE TECHNOLOGIES,https://www.hiolle-technologies.fr/,France,PROUVY,https://www.linkedin.com/company/hiolle-technologies/,Eurosatory 2026 Catalog,D,New,Qualifier l'activité avant tout pitch ciblé.,To enrich,Other,,,No immediate action,
HI-REL SOLUTIONS BY STELIAU TECHNOLOGY,http://steliau-hirel.com/,Italie,MILAN,https://www.linkedin.com/company/hi-rel-solutions-by-steliau-technology,Eurosatory 2026 Catalog,B,New,"Composites, capteurs, comms, lancement pour primes spatiaux.",Hi-Rel Solutions by Steliau Technology is a cross-border business unit combining deep expertise in high-reliability electronics with the strength of Steliau ...,Space / satellite,Export / distribution,,Review website and validate opportunity,
HIRTENBERGER DEFENCE EUROPE GMBH,https://hds.hirtenberger.com/,Autriche,HIRTENBERG,,Eurosatory 2026 Catalog,D,New,Qualifier l'activité avant tout pitch ciblé.,To enrich,Other,,,No immediate action,
HITEC Luxembourg S.A.,http://www.hitec.lu/,Luxembourg,MAMER,https://www.linkedin.com/company/hitec-luxembourg,Eurosatory 2026 Catalog,A,New,"RF, crypto, certification interopérabilité pour radios tactiques.","HITEC Luxembourg S.A., a Luxembourg SME with 4 decades of experience, offers high technology solutions for: - RF & Optical Satellite Ground Stations for Wid...",Communications,Cybersecurity; Radar / sensors,,Contact sales team and qualify need,
HMK BILCON A/S,https://www.hmkbilcon.com/,Danemark,GISTRUP,,Eurosatory 2026 Catalog,D,New,Qualifier l'activité avant tout pitch ciblé.,To enrich,Other,,,No immediate action,
HOFFMANN Group,http://www.hoffmann-group.com/FR/fr/hof/,France,DRUSENHEIM,https://www.linkedin.com/company/hoffmann-group-france,Eurosatory 2026 Catalog,A,New,"Front-ends RF, processeurs, mécanique de précision pour fabricants radars.","Hoffmann Group is the leading European partner in industrial equipment, high-precision tools, metrology, and all-in-one solutions such as equipped containers...",Radar / sensors,Naval defense; Ammunition,,Contact sales team and qualify need,
Holík International s.r.o.,http://www.holik-international.com/,République tchèque,ZLÍN 12,,Eurosatory 2026 Catalog,D,New,Qualifier l'activité avant tout pitch ciblé.,To enrich,Other,,,No immediate action,
Hologarde,http://hologarde.com/,France,PARAY-VIEILLE-POSTE,https://www.linkedin.com/company/hologarde/,Eurosatory 2026 Catalog,B,New,"Front-ends RF, processeurs, mécanique de précision pour fabricants radars.",Hologarde is a leader in low-altitude control. Our teams develop multi-domain and multi-environment anti-drone (LAD) and collaborative drone management (UTM)...,Radar / sensors,Naval defense; UAV / drones,,Review website and validate opportunity,
Honeywell,http://automation.honeywell.com/gb/en/industries/aerospace,France,RICHARDSON,https://www.linkedin.com/showcase/honeywell-ia,Eurosatory 2026 Catalog,D,New,Qualifier l'activité avant tout pitch ciblé.,To enrich,Other,,,No immediate action,
HORNET,https://www.arquus-defense.com/fr,France,GUYANCOURT,,Eurosatory 2026 Catalog,D,New,Qualifier l'activité avant tout pitch ciblé.,To enrich,Other,,,No immediate action,
HORSTMAN GROUP,http://www.horstman.co.uk/,Royaume-Uni,BATH,,Eurosatory 2026 Catalog,D,New,Qualifier l'activité avant tout pitch ciblé.,To enrich,Other,,,No immediate action,
HOUTRIS,https://www.houtris.com/,Cyprus,LARNACA,,Eurosatory 2026 Catalog,B,New,"Vend des sous-systèmes / composants à un OEM construisant Vehicles, Communications networks.","With over four decades of experience, Houtris delivers mission-ready solutions trusted by the defence sector worldwide. Houtris was honored to welcome the Minister of Defence of the Republic of Cyprus, Mr. A big thank you to everyone who [……",Armored vehicles,Land defense; Cybersecurity,,Review website and validate opportunity,
HOWA TRAMICO,https://www.howa-tramico.fr/,France,BRIONNE,,Eurosatory 2026 Catalog,D,New,Qualifier l'activité avant tout pitch ciblé.,To enrich,Other,,,No immediate action,
HP INC.,http://www.hp.com/,États-Unis,PALO ALTO,,Eurosatory 2026 Catalog,A,New,"Threat intel, hardware appliances, cloud souverain, audits.","HP Inc. provides specialised technology, advanced security, and 3D printing solutions to the Defence sector, focusing on secure computing, additive manufactu...",Cybersecurity,Armored vehicles,,Contact sales team and qualify need,
HP MEDIZINTECHNIK GMBH,http://www.hp-med.com/,Allemagne,OBERSCHLEISSHEIM,https://www.linkedin.com/company/hp-med,Eurosatory 2026 Catalog,B,New,"Moteurs, composites, plaques balistiques, optronique, comms pour OEM blindés.","HP Medizintechnik is an expert in mobile and tactical medical solutions, specializing in the mobile reprocessing of medical devices under the most demanding ...",Armored vehicles,,,Review website and validate opportunity,
HPI HIGH PRESSURE INSTRUMENTATION,http://www.hpi-gmbh.com/,Autriche,GRAZ,,Eurosatory 2026 Catalog,D,New,Qualifier l'activité avant tout pitch ciblé.,To enrich,Other,,,No immediate action,
HPRC | Plaber S.r.l.,http://www.hprc.it/,Italie,BASSANO DEL GRAPPA,https://www.linkedin.com/company/hprccases,Eurosatory 2026 Catalog,B,New,Sub-system / payload pour OEM drones tactiques.,Plaber is a leading Italian company specialized in innovative storage and transport solutions: • 𝗛𝗣𝗥𝗖® (High Performance Resin Cases): hard resin cases o...,UAV / drones,Naval defense; Homeland security,,Review website and validate opportunity,
HPS SAPEM,http://www.sapem-sa.com/,France,CIZELY,https://www.linkedin.com/company/sapem-sa/,Eurosatory 2026 Catalog,D,New,Qualifier l'activité avant tout pitch ciblé.,To enrich,Other,,,No immediate action,
HS PRODUKT d.o.o.,https://www.hs-produkt.hr/,Croatie,KARLOVAC,,Eurosatory 2026 Catalog,D,New,Qualifier l'activité avant tout pitch ciblé.,To enrich,Other,,,No immediate action,
HT DIVISION ZRT,https://www.htdivision.com/,Hongrie,BUDAPEST,,Eurosatory 2026 Catalog,D,New,Qualifier l'activité avant tout pitch ciblé.,To enrich,Other,,,No immediate action,
HT-NOVA LIMITED COMPANY,http://www.htnova.com/,Chine,BEIJING,,Eurosatory 2026 Catalog,B,New,"Capteurs, payloads optroniques, communications pour plateformes ISR.","HT-Nova is an original manufacturer specializing in advanced CBRNE detection technologies and integrated response solutions. We design and produce portable, ...",Intelligence / ISR,Homeland security; UAV / drones,,Review website and validate opportunity,
HTS TENTIQ,http://www.hts-tentiq.com/,Allemagne,KEFENROD,https://www.linkedin.com/company/hts-tentiq/?originalSubdomain=de,Eurosatory 2026 Catalog,A,New,"Pièces de rechange, calibration, certification pour acteurs MRO.","HTS TENTIQ GmbH is a leading manufacturer of military shelter, tents & temporary structures for sale worldwide. We offer choice, quality and innovation for s...",Logistics / MRO,Export / distribution,,Contact sales team and qualify need,
https://www.linkedin.com/company/weinberg-capital-,http://www.weinbergcapital.com/,France,PARIS,https://www.linkedin.com/company/weinberg-capital-partners/?viewAsMember=true,Eurosatory 2026 Catalog,C,New,"Vend des sous-systèmes / composants à un OEM construisant Vehicles, Communications networks.",Eiréné is the first LBO fund dedicated to supporting French SMEs and mid-size companies in the defense and security sector. Eiréné relies on a team that comb...,Other,,,Keep in watchlist,
"HUBER+SUHNER, Inc.",https://www.hubersuhner.com/,États-Unis,Charlotte,,Eurosatory 2026 Catalog,D,New,Qualifier l'activité avant tout pitch ciblé.,To enrich,Other,,,No immediate action,
HÜBNER GMBH & CO. KG,http://www.hubner-group.com/,Allemagne,KASSEL,https://www.linkedin.com/company/hubner-group/,Eurosatory 2026 Catalog,A,New,"Composants, sous-systèmes, software, services pour primes C4ISR.",HÜBNER is the leading producer of engineered rubber and plastic parts for defense applications. Special materials like NBC-resistant rubber fulfill all deman...,C4ISR,Naval defense; Ammunition,,Contact sales team and qualify need,
HUIZHOU WES NEW ENERGY LIMITED COMPANY,http://www.wesbattery.com/,Chine,HUIZHOU,https://www.linkedin.com/in/qu-yuan-04050356/,Eurosatory 2026 Catalog,C,New,Sub-system / payload pour OEM drones tactiques.,"WES Battery Established in 2014, headquartered in Huizhou with a factory area of 40,000 m2,featuring a seasoned R&D engineering team with over 20 years of ex...",UAV / drones,,,Keep in watchlist,
Huless,https://huless.com/,Royaume-Uni,HARPENDEN,https://www.linkedin.com/company/huless/,Eurosatory 2026 Catalog,D,New,Qualifier l'activité avant tout pitch ciblé.,Застосування Технічні дані Контакти Купити за Е-бали Mission builder ua en Ваш браузер не поддерживает воспроизведение видео. Піднімаємо зв’язок та радіорозвідку на новий рівень,Other,,,No immediate action,
"HUNAN KINGCERA ENGINEERING CO.,LTD",http://www.kingcera.com/,Chine,HUNAN,,Eurosatory 2026 Catalog,B,New,Canal de distribution / représentation pour notre portefeuille.,"Kingcera is a production entity enterprise integrating scientific research, production and operation in China. Since 1993, Kingcera Special Porcelain has be...",Ballistic protection,Logistics / MRO; Export / distribution,,Review website and validate opportunity,
HURON GRAFFENSTADEN,http://www.huron.fr/,France,ESCHAU,https://www.linkedin.com/in/hurongraffenstaden/,Eurosatory 2026 Catalog,B,New,"GPUs, cloud, data annotation, hardening cyber pour plateforme IA.",HURON GRAFFENSTADEN manufactures production equipment (milling/turning centers) for the production of parts and allowing a significant improvement in product...,AI / data,Logistics / MRO,,Review website and validate opportunity,
Hutchinson Industries,http://www.hutchinson.com/,France,CHATELLERAULT CEDEX,,Eurosatory 2026 Catalog,D,New,Qualifier l'activité avant tout pitch ciblé.,To enrich,Other,,,No immediate action,
Hydrema Danmark,,Danemark,Støvring,,Eurosatory 2026 Catalog,D,New,Qualifier l'activité avant tout pitch ciblé.,To enrich,Other,,,No immediate action,
Hydrema Export,https://hydrema-defence.com/,Danemark,STØVRING,,Eurosatory 2026 Catalog,D,New,Qualifier l'activité avant tout pitch ciblé.,To enrich,Other,,,No immediate action,
HYDRO LEDUC SAS,http://hydroleduc.com/,France,AZERAILLES,https://www.linkedin.com/company/hydro-leduc/,Eurosatory 2026 Catalog,B,New,"Fournisseur de batteries, moteurs, optronique, RF, composites pour fabricants UAV.","Since 1938, the French ETI Hydro Leduc has been designing high-performance components (pumps, motors, accumulators) for the most demanding environments. With...",UAV / drones,Naval defense; Radar / sensors,,Review website and validate opportunity,
Hyperbunker d.o.o.,https://www.hyperbunker.com/,Croatie,Zagreb,,Eurosatory 2026 Catalog,D,New,Qualifier l'activité avant tout pitch ciblé.,To enrich,Other,,,No immediate action,
HYPSUS MÜHENDISLIK VE SÜSPANSIYON SISTEMLERI ANONIM SIRKETI,https://www.hypsus.com.tr/,Turquie,Ankara,,Eurosatory 2026 Catalog,D,New,Qualifier l'activité avant tout pitch ciblé.,To enrich,Other,,,No immediate action,
HYUNDAI ROTEM COMPANY,http://www.hyundai-rotem.co.kr/en/main/index.do,Corée du Sud,"Uiwang-si, Gyeonggi-do",,Eurosatory 2026 Catalog,C,New,Vend des sous-systèmes / composants à un OEM construisant Vehicles.,"Hyundai Rotem is a global defense company specializing in advanced land systems. We develop and manufacture main battle tanks, including the K2, along with v...",Armored vehicles,Land defense,,Keep in watchlist,
HYUNDAI WIA Corp.,,Corée du Sud,Changwon-si,,Eurosatory 2026 Catalog,D,New,Qualifier l'activité avant tout pitch ciblé.,To enrich,Other,,,No immediate action,
"i3system, inc.",http://www.i3system.com/,Corée du Sud,DAEJEON,,Eurosatory 2026 Catalog,D,New,Qualifier l'activité avant tout pitch ciblé.,To enrich,Other,,,No immediate action,
I-4S GROUP SAS,http://www.i-4s.eu/,France,GROSTENQUIN,,Eurosatory 2026 Catalog,D,New,Qualifier l'activité avant tout pitch ciblé.,To enrich,Other,,,No immediate action,
IABG,http://www.iabg.de/,Allemagne,OTTOBRUNN,,Eurosatory 2026 Catalog,A,New,"Amplis RF, processeurs signal, embarqué, antennes pour EW.",November 2025 AeroSpace meets Safety & Security Expertenforum von bavAIRia und IABG am 25. November 2025 NATO Military Committee meets at IABG Ganze Neuigkeit lesen Zu allen Neuigkeiten Kontakt Wie können wir Ihnen helfen? Diese Frage zog s…,Electronic warfare,Cybersecurity; UAV / drones,,Contact sales team and qualify need,
IAI - ISRAEL AEROSPACE INDUSTRIES,http://www.iai.co.il/,Israël,LOD,,Eurosatory 2026 Catalog,D,New,Qualifier l'activité avant tout pitch ciblé.,To enrich,Other,,,No immediate action,
IANUS CONSULTING LTD,https://ianus-consulting.com/,Cyprus,LARNACA,https://www.linkedin.com/company/ianus-consulting/?viewAsMember=true,Eurosatory 2026 Catalog,D,New,Qualifier l'activité avant tout pitch ciblé.,To enrich,Other,,,No immediate action,
IANUS TECHNOLOGIES LTD,https://ianus-consulting.com/,Grèce,ATHENS,https://www.linkedin.com/company/ianus-consulting/?viewAsMember=true,Eurosatory 2026 Catalog,D,New,Qualifier l'activité avant tout pitch ciblé.,To enrich,Other,,,No immediate action,
IAV,http://www.iav.com/,Allemagne,BERLIN,https://www.linkedin.com/company/iav-gmbh,Eurosatory 2026 Catalog,A,New,"Fournisseur de batteries, moteurs, optronique, RF, composites pour fabricants UAV.",IAV offers outstanding engineering expertise and combines the best of many different worlds. Our value promise is based on more than 40 years of experience a...,UAV / drones,Cybersecurity; Radar / sensors,,Contact sales team and qualify need,
ICARUS SWARMS,https://www.icarusswarms.ai/,France,BÈGLES,,Eurosatory 2026 Catalog,D,New,Qualifier l'activité avant tout pitch ciblé.,To enrich,Other,,,No immediate action,
iCOMAT,https://www.icomat.co.uk/,Grèce,Athens,,Eurosatory 2026 Catalog,C,New,Activité à qualifier — discovery call avant pitch précis.,Nearly all modern defense already rely on composites to drive performance. iCOMAT's production system can not only give an edge in performance but can rapidly set-up automated production lines anywhere in the world to ensure sovereignty. IC…,Export / distribution,,,Keep in watchlist,
ICPE ELECTRIC MOTORS,http://www.icpe-em.ro/,Roumanie,BUCURESTI,,Eurosatory 2026 Catalog,D,New,Qualifier l'activité avant tout pitch ciblé.,To enrich,Other,,,No immediate action,
ID SYSTEM,https://idsystem.fr/,France,MESANGER,,Eurosatory 2026 Catalog,D,New,Qualifier l'activité avant tout pitch ciblé.,To enrich,Other,,,No immediate action,
idD Portugal Defence,https://www.iddportugal.pt/,Portugal,LISBOA,,Eurosatory 2026 Catalog,A,New,"Amplis RF, processeurs signal, embarqué, antennes pour EW.","Carregar Mais Relatório Economia de Defesa Nacional O estudo, realizado pela idD Portugal Defence em cooperação com diversas entidades, aborda a resiliência da Economia de Defesa nacional num contexto de crise e identifica a sua especializa…",Electronic warfare,Air defense; Naval defense,,Contact sales team and qualify need,
IDDEA,https://mega-defence.com/,Belgique,ANDENNE,,Eurosatory 2026 Catalog,D,New,Qualifier l'activité avant tout pitch ciblé.,To enrich,Other,,,No immediate action,
IDONIAL,https://www.idonial.com/,Espagne,"Gijón, Asturias",,Eurosatory 2026 Catalog,D,New,Qualifier l'activité avant tout pitch ciblé.,To enrich,Other,,,No immediate action,
IFS EXHIBITION,https://www.ifsexhibition.com/,Turquie,ISTANBUL,,Eurosatory 2026 Catalog,C,New,Sub-system / payload pour OEM drones tactiques.,"IFS EXHIBITION Anasayfa Hakkımızda Fuarlar Devlet Destekleri Fuar Lojistiği Blog / Haber İletişim İletişim ANT Plato,Halkalı Merkez, Dereboyu Cd. IFS EXHIBITION Home About Us Fairs State Supports Fair Logistics Blog / News Contact Contact A…",UAV / drones,Logistics / MRO,,Keep in watchlist,
IGMAN d.d. Konjic,http://www.igman.co.ba/,Bosnia and Herzegovina,KONJIC,,Eurosatory 2026 Catalog,B,New,"Vend des sous-systèmes / composants à un OEM construisant Ammunition, Logistics equipment.","“IGMAN” d.d. was established on the 6th of March 1950 and is based in Konjic, Bosnia and Herzegovina. “IGMAN’s” production program consists of variety of mil...",Weapons,Homeland security; Ammunition,,Review website and validate opportunity,
IHI CORPORATION,https://www.ihi.co.jp/en/,Japon,TOKYO,,Eurosatory 2026 Catalog,D,New,Qualifier l'activité avant tout pitch ciblé.,To enrich,Other,,,No immediate action,
ILS - Institut de Recherches de Saint-Louis,https://www.isl.eu/,France,ST LOUIS,,Eurosatory 2026 Catalog,A,New,"Radars, sonars, comms, armement, sustainment pour primes navals.","Skip to content Home About Research Jobs News Contact Home About Research Jobs News Contact ISL – French-German Research Institute of Saint-Louis Front-line Research ISL is a binational research institute, jointly operated by the French Age…",Naval defense,Homeland security; UAV / drones,,Contact sales team and qualify need,
iMAR Navigation GmbH,http://www.imar-navigation.de/,Allemagne,ST. INGBERT,https://www.linkedin.com/company/2657041,Eurosatory 2026 Catalog,A,New,"Radars, sonars, comms, armement, sustainment pour primes navals.","iMAR Navigation GmbH, a German company, has been a recognized specialist and innovator of leading inertial systems and solutions for over 30 years. Thanks to...",Naval defense,Land defense; UAV / drones,,Contact sales team and qualify need,
IMCO INDUSTRIES ltd,http://www.imco-ind.com/,Israël,CAESAREA,https://www.linkedin.com/company/imco-industried-ltd./,Eurosatory 2026 Catalog,A,New,"Radars, sonars, comms, armement, sustainment pour primes navals.",IIMCO Industries Group – End-to-End Strategic Solution Partner for Advanced Platforms IMCO Group designs and produces advanced build-to-print and build-to-s...,Naval defense,Land defense; Air defense,,Contact sales team and qualify need,
IMEAR S.R.L.,http://www.cobogroup.net/,Italie,BAGNOLO MELLA - BRESCIA,,Eurosatory 2026 Catalog,D,New,Qualifier l'activité avant tout pitch ciblé.,To enrich,Other,,,No immediate action,
IMMI,https://www.imminet.com/,États-Unis,WESTFIELD,,Eurosatory 2026 Catalog,C,New,Vend des sous-systèmes / composants à un OEM construisant Vehicles.,"See Products School Buses No one provides better protection for children on school buses than IMMI’s SafeGuard. See Products Powersports Firefighters, commercial truck drivers, and our nation’s military have long relied on the protection of…",Logistics / MRO,,,Keep in watchlist,
IMPACT,https://sas-impact.fr/,France,ORLEANS,,Eurosatory 2026 Catalog,D,New,Qualifier l'activité avant tout pitch ciblé.,To enrich,Other,,,No immediate action,
Impact Innovations,https://www.impact-innovations.com/,Allemagne,RATTENKIRCHEN,https://www.linkedin.com/company/impact-innovations-gmbh/,Eurosatory 2026 Catalog,A,New,"Composites, capteurs, comms, lancement pour primes spatiaux.","Impact Innovations ist Pionier und Innovator für maßgeschneiderte Lösungen im Bereich des Kaltspritzens, einem hochinnovativen Prozess für Oberflächenbeschichtung und additive Fertigung. For download: Presentation by Leo Holzgaßner at the…",Space / satellite,Air defense; Soldier systems,,Contact sales team and qualify need,
IMS France,http://www.imsfrance.com/,France,Bruyères-sur-Oise,https://www.linkedin.com/showcase/ims-france/,Eurosatory 2026 Catalog,C,New,"Capteurs, payloads optroniques, communications pour plateformes ISR.","IMS France, a company of the Jacquet Metals Group, specializes in the distribution of special steels, stainless steels, and non-ferrous metals. Thanks to its...",Intelligence / ISR,Naval defense,,Keep in watchlist,
"IMSAR, LLC",https://www.imsar.com/,États-Unis,SPRINGVILLE,,Eurosatory 2026 Catalog,A,New,"Capteurs, payloads optroniques, communications pour plateformes ISR.","The low-SWaP, high-performance, multi-mode radar systems bring all-weather strategic capabilities to tactical platforms. Insights Mission Outcomes mission outcome Target/Threat Tracking Deliver actionable intelligence by detecting and track…",Intelligence / ISR,Land defense; Naval defense,,Contact sales team and qualify need,
Independent Forgings and Alloys Ltd,,Royaume-Uni,Sheffield,,Eurosatory 2026 Catalog,D,New,Qualifier l'activité avant tout pitch ciblé.,To enrich,Other,,,No immediate action,
INDEX France Sarl,https://www.index-group.com/fr,France,VILLEBON-SUR-YVETTE,www.linkedin.com/company/index-france-sarl,Eurosatory 2026 Catalog,B,New,"Visuel, motion, haptique, IA pour fabricants de simulateurs.","C'est peut-être la raison pour laquelle nos machines comportent toujours une idée de plus. Notre devise est de construire les meilleurs tours automatiques avec des performances maximales. Ci-dessous, vous trouverez un aperçu de notre gamme …",Simulation / training,Logistics / MRO,,Review website and validate opportunity,
India Optel Limited,https://www.indiaoptel.in/,Inde,"Raipur, Dehradun",,Eurosatory 2026 Catalog,D,New,Qualifier l'activité avant tout pitch ciblé.,To enrich,Other,,,No immediate action,
INDO DEFENCE 2027 EXPO & FORUM,https://indodefence.com/,Indonésie,JAKARTA,https://www.linkedin.com/showcase/indo-defence/,Eurosatory 2026 Catalog,A,New,"Amplis RF, processeurs signal, embarqué, antennes pour EW.",Email Protection You are unable to access this email address indodefence.com The website from which you got to this page is protected by Cloudflare. Cloudflare Ray ID: 9f346ebe7e0874cd • Your IP: Click to reveal 213.41.12.82 • Performance &…,Electronic warfare,Air defense; Naval defense,,Contact sales team and qualify need,
Indra Group,http://wwww.indracompany.com/,Espagne,MADRID,https://www.linkedin.com/company/indra/posts/?feedView=all,Eurosatory 2026 Catalog,D,New,Qualifier l'activité avant tout pitch ciblé.,"Indra Group is Spain’s leading multinational and a major European player in defence and advanced digitalization. Through Minsait and IndraMind, it delivers s...",Other,,,No immediate action,
INDUSTEEL FRANCE,http://industeel.arcelormittal.com/,France,LE CREUSOT CEDEX,,Eurosatory 2026 Catalog,D,New,Qualifier l'activité avant tout pitch ciblé.,To enrich,Other,,,No immediate action,
Industria de Material Bélico do Brasil - IMBEL,http://www.imbel.gov.br/,Brésil,BRASILIA,,Eurosatory 2026 Catalog,D,New,Qualifier l'activité avant tout pitch ciblé.,To enrich,Other,,,No immediate action,
INDUSTRIAL OLMAR,https://www.olmar.com/,Espagne,"Gijón, Asturias",,Eurosatory 2026 Catalog,D,New,Qualifier l'activité avant tout pitch ciblé.,To enrich,Other,,,No immediate action,
INEO DEFENSE,https://equans.fr/,France,VELIZY VILLACOUBLAY,,Eurosatory 2026 Catalog,D,New,Qualifier l'activité avant tout pitch ciblé.,To enrich,Other,,,No immediate action,
"Inertial Labs, a VIAVI Solutions Company",http://www.intertiallabs.com/,États-Unis,Paeonian Springs,https://www.linkedin.com/company/inertial-labs-inc,Eurosatory 2026 Catalog,D,New,Qualifier l'activité avant tout pitch ciblé.,"Leveraging over 25 years of industry experience, Inertial Labs is a leading designer and manufacturer of cutting-edge Inertial Measurement Units (IMUs), GPS-...",Other,,,No immediate action,
INFINITY SAFE TECNOLOGIA EM SEGURANÇA,,Brésil,SÃO PAULO - SP,,Eurosatory 2026 Catalog,D,New,Qualifier l'activité avant tout pitch ciblé.,To enrich,Other,,,No immediate action,
"Inflatable 2000, Inc.",https://www.i2kdefense.com/,Puerto Rico,SAN JUAN,,Eurosatory 2026 Catalog,B,New,Sub-system / payload pour OEM drones tactiques.,"Whether you’re powering a remote worksite, keeping an event running, or ensuring energy security, APT is your power-wherever you need it. #text-2433398071 { color: rgb(255, 255, 255); } #text-2433398071 > * { color: rgb(255, 255, 255); } Le…",UAV / drones,Land defense; Homeland security,,Review website and validate opportunity,
INFODEFENSA.COM,http://www.infodefensa.com/,Espagne,MADRID,https://www.linkedin.com/company/infodefensa/posts/?feedView=all,Eurosatory 2026 Catalog,B,New,Sub-system / payload pour OEM drones tactiques.,"Infodefensa.com is the online media outlet in Spanish and a global leader in defence and security, with editions in Spain, the Americas, and Chile. Its team ...",UAV / drones,Naval defense; Cybersecurity,,Review website and validate opportunity,
INFODIP,https://www.infodip.com/,France,SAINT-LEU-LA-FORÊT,https://www.linkedin.com/company/infodip/?viewAsMember=true,Eurosatory 2026 Catalog,D,New,Qualifier l'activité avant tout pitch ciblé.,To enrich,Other,,,No immediate action,
INGUAR-DEFENCE,http://www.inguardefence.com/,Ukraine,KYIV,https://www.linkedin.com/company/inguar-defence,Eurosatory 2026 Catalog,B,New,"Vend des sous-systèmes / composants à un OEM construisant Vehicles, Weapons.",INGUAR-DEFENCE is a Ukrainian developer and manufacturer of armored vehicles and battlefield mobility solutions. We design and build high-protection 4x4 and ...,Armored vehicles,Homeland security; Weapons,,Review website and validate opportunity,
INKOP OBUCA LTD.,http://www.inkop.hr/,Croatie,POZNANOVEC,,Eurosatory 2026 Catalog,D,New,Vend des sous-systèmes / composants à un OEM construisant Logistics equipment.,"Check ""Remember Me"" to access your shopping cart on this computer even if you are not signed in. Facebook Twitter Instagram Specialized footwear from Croatia. Uvjeti korištenja Politika privatnosti Kontakt Saznajte prvi Primajte sve najnovi…",Other,,,No immediate action,
Innovation Agency Lithuania,https://inovacijuagentura.lt/?lang=lt,Lituanie,VILNIUS,,Eurosatory 2026 Catalog,D,New,Qualifier l'activité avant tout pitch ciblé.,To enrich,Other,,,No immediate action,
INOVEOS,https://www.inoveos.com/,France,RIVE-LA-GAILLARDE,,Eurosatory 2026 Catalog,D,New,Qualifier l'activité avant tout pitch ciblé.,To enrich,Other,,,No immediate action,
INPIXAL,http://www.inpixal.com/,France,RENNES,,Eurosatory 2026 Catalog,D,New,Qualifier l'activité avant tout pitch ciblé.,To enrich,Other,,,No immediate action,
"INSOPACK CO.,Ltd.",http://www.insopack.co.kr/eng/main/main.html,Corée du Sud,"Gumi-si, Gyeonbuk",,Eurosatory 2026 Catalog,D,New,Qualifier l'activité avant tout pitch ciblé.,To enrich,Other,,,No immediate action,
Insta,http://www.insta.fi/en/,Finlande,Tampere,https://www.linkedin.com/showcase/insta-defence-and-aviation/,Eurosatory 2026 Catalog,A,New,"Threat intel, hardware appliances, cloud souverain, audits.","Insta is a technology company whose defence business focuses on C2 systems, system integration, lifecycle support, MRO, and related services. One of the key ...",Cybersecurity,Air defense; Naval defense,,Contact sales team and qualify need,
Instagrid,http://instagrid.co/,Allemagne,LUDWIGSBURG,https://www.linkedin.com/company/instagrid/,Eurosatory 2026 Catalog,A,New,Canal de distribution / représentation pour notre portefeuille.,"Founded in 2018 in Germany, Instagrid develops high-performance portable power solutions for demanding environments. With a unique power conversion technolog...",Logistics / MRO,Export / distribution,,Contact sales team and qualify need,
INSTALAZA,http://www.instalaza.com/,Espagne,ZARAGOZA,,Eurosatory 2026 Catalog,C,New,"Front-ends RF, processeurs, mécanique de précision pour fabricants radars.","Contacto Calle Monreal 27, 50002 Zaragoza +34-976 2934 22 / 23 comercial@instalaza.es Instalaza S.A.Calle Monreal 27, 50002 Zaragoza. VER Contacto Calle Monreal 27, 50002 Zaragoza +34-976 2934 22 / 23 comercial@instalaza.es Instalaza S.A.Ca…",Radar / sensors,,,Keep in watchlist,
INSTITUT CARNOT MICA,http://www.carnot-mica.fr/,France,MULHOUSE,https://www.linkedin.com/company/carnot-mica/,Eurosatory 2026 Catalog,D,New,Qualifier l'activité avant tout pitch ciblé.,"The mission of Carnot MICA is to support companies throughout their innovation and development projects in the field of materials, surfaces, and interfaces. ...",Simulation / training,Engineering services,,No immediate action,
INTAP ADVANCED TECHNOLOGY SP. Z O.O. SP.K.,https://www.intap.com.pl/,Pologne,Bukowiec,,Eurosatory 2026 Catalog,C,New,"Front-ends RF, processeurs, mécanique de précision pour fabricants radars.","Set 'Module General Options' -> 'Advanced' -> 'jQuery & OutPut Filters' -> 'Put JS to Body' to on"");console.log(""2. Personal data protection The Supplier guarantees that all activities related to the collection, processing, storage or delet…",Radar / sensors,Homeland security; Logistics / MRO,,Keep in watchlist,
INTEGRIS COMPOSITES,https://www.integriscomposites.com/,Pays-Bas,AMSTERDAM,https://www.linkedin.com/company/tencate-advanced-armour,Eurosatory 2026 Catalog,A,New,"Amplis RF, processeurs signal, embarqué, antennes pour EW.","Yes, Integris Composites can provide all the necessary documentation required for upgrades and retrofits, ensuring seamless integration and compliance with aerospace standards. Integris Composites delivers advanced protection solutions—engi…",Electronic warfare,Land defense; Naval defense,,Contact sales team and qualify need,
Intelic,http://www.intelic.ai/,Pays-Bas,AMSTERDAM,https://nl.linkedin.com/company/intelic-ai,Eurosatory 2026 Catalog,B,New,"Amplis RF, processeurs signal, embarqué, antennes pour EW.",Intelic is a Dutch software company specializing in interoperability for unmanned systems. Our platform-agnostic solution unifies diverse unmanned assets int...,Electronic warfare,Air defense; Intelligence / ISR,,Review website and validate opportunity,
INTERFACE CONCEPT,https://www.interfaceconcept.com/,France,QUIMPER,,Eurosatory 2026 Catalog,D,New,Qualifier l'activité avant tout pitch ciblé.,To enrich,Other,,,No immediate action,
INTERNATIONAL ARMORED GROUP,https://www.interarmored.com/,Émirats arabes unis,RAS AL KHAIMAH,https://www.linkedin.com/company/international-armored-group,Eurosatory 2026 Catalog,A,New,"Moteurs, composites, plaques balistiques, optronique, comms pour OEM blindés.","International Armored Group provides logistics services anywhere in the world. Guard Booths International Armored Group’s ballistic resistant Guard Booths are prefabricated using certified ballistic materials and can be delivered worldwide,…",Armored vehicles,Homeland security; Weapons,,Contact sales team and qualify need,
International Parts Supply (IPS),https://www.ipscorpusa.com/,États-Unis,Edina,,Eurosatory 2026 Catalog,D,New,Qualifier l'activité avant tout pitch ciblé.,To enrich,Other,,,No immediate action,
INTRACOM DEFENSE S.A. (IDE),http://www.intracomdefense.com/,Grèce,KOROPI ATTICA,https://www.linkedin.com/company/intracom-defense/,Eurosatory 2026 Catalog,A,New,"Amplis RF, processeurs signal, embarqué, antennes pour EW.","IDE is a leading Defense Systems Company in Greece, with a strong record of participation in domestic and European and NATO new technology development progra...",Electronic warfare,Land defense; Homeland security,,Contact sales team and qualify need,
INVERNIZZI PRESSE,http://www.invernizzi.com/,Italie,PESCATE,https://www.linkedin.com/company/invernizzi-presse/?originalSubdomain=it,Eurosatory 2026 Catalog,B,New,"Matériaux énergétiques, mécanique, packaging, certification.",INVERNIZZI PRESSE S.r.l. specializes in the design and manufacturing of high-speed transfer presses and complete tooling systems for ammunition production. W...,Ammunition,Simulation / training; Logistics / MRO,,Review website and validate opportunity,
INVESTMENT AND DEVELOPMENT AGENCY OF LATVIA,https://www.liaa.gov.lv/en,Lettonie,RIGA,https://www.linkedin.com/company/invest-in-latvia/,Eurosatory 2026 Catalog,A,New,"Verre spécial, détecteurs, mécanique de précision pour optronique.",Organisation The Investment and Development Agency of Latvia (LIAA) is a direct administration institution subordinated to the Minister of Economics of the Republic of Latvia. It is a choice about what kind of Baltic Sea we want to see: wil…,Optics / optronics,Naval defense; Logistics / MRO,,Contact sales team and qualify need,
INVISIO,http://www.invisio.com/,France,MONTIGNY-LE-BRETONNEUX,,Eurosatory 2026 Catalog,D,New,Qualifier l'activité avant tout pitch ciblé.,To enrich,Other,,,No immediate action,
IPO TECHNOLOGIE,http://www.ipo-sa.com/,France,DECINES-CHARPIEU,https://www.linkedin.com/company/ipo-technologie/,Eurosatory 2026 Catalog,D,New,Qualifier l'activité avant tout pitch ciblé.,To enrich,Other,,,No immediate action,
iprotex GmbH & Co.KG,http://www.iprotex.com/,Allemagne,Münchberg,,Eurosatory 2026 Catalog,B,New,"Vend des sous-systèmes / composants à un OEM construisant Software / Platforms, Logistics equipment.","iprotex GmbH & Co. KG, headquartered in Münchberg, Upper Franconia, is one of the world’s leading full-service manufacturers of high-performance technical te...",Logistics / MRO,Export / distribution,,Review website and validate opportunity,
"IQ BRAND, DESIGN & PRODUCTION GMBH",,Autriche,SCHLITTERS,,Eurosatory 2026 Catalog,D,New,Qualifier l'activité avant tout pitch ciblé.,To enrich,Other,,,No immediate action,
IRAUNDI,http://iraundi.com/,Espagne,/ BERGARA (GUIPÚZCOA),https://linkedin.com/company/iraundi/,Eurosatory 2026 Catalog,B,New,"Textiles, composites, optronique, énergie pour kits soldat.","IRAUNDI is a global leader in highly engineered special bearings, delivering innovative solutions since 1972. Our range includes slewing bearings, slew drive...",Soldier systems,Logistics / MRO,,Review website and validate opportunity,
"IRMAXTEC Technology Co., Ltd.",http://www.irmaxtec.com/,Chine,HANGZHOU,,Eurosatory 2026 Catalog,C,New,Vend des sous-systèmes / composants à un OEM construisant Optronics / Optics.,"IRMAXTEC, founded in 2011, is a global leader in thermal imaging and optical systems. Specializing in the R&D, production, and sales of advanced thermal imag...",Optics / optronics,,,Keep in watchlist,
IRnova AB,http://www.ir-nova.se/,Suède,KISTA,,Eurosatory 2026 Catalog,D,New,Qualifier l'activité avant tout pitch ciblé.,To enrich,Other,,,No immediate action,
IRON cluster,https://ironcluster.org/eng-home,Ukraine,LVIV,https://www.linkedin.com/company/iron-cluster/,Eurosatory 2026 Catalog,B,New,"Fournisseur de batteries, moteurs, optronique, RF, composites pour fabricants UAV.","Conference Register for the event August 28–29, 2026 Конференція IRON DEMO 2026 The annual IRON cluster event where those shaping the future of the frontline come together — manufacturers, military, investors, and startups. Page Not Found T…",UAV / drones,Communications; Electronic warfare,,Review website and validate opportunity,
IRTS,https://www.irts.fr/,France,LA GARDE,,Eurosatory 2026 Catalog,D,New,Qualifier l'activité avant tout pitch ciblé.,To enrich,Other,,,No immediate action,
IrvinGQ®,http://www.irvingq.com/,Royaume-Uni,BRIDGEND,,Eurosatory 2026 Catalog,D,New,Qualifier l'activité avant tout pitch ciblé.,To enrich,Other,,,No immediate action,
ISD,http://www.isd-sa.com/,France,VERSAILLES,,Eurosatory 2026 Catalog,C,New,"Pièces de rechange, calibration, certification pour acteurs MRO.","ISD is a consulting and engineering group, specialized in defense. ISD stands out for its technical and operational approach to equipment support: - ILS, te...",Logistics / MRO,Naval defense; Engineering services,,Keep in watchlist,
I-SEE GROUP,https://www.i-seegroup.com/,France,BARDOS,https://www.linkedin.com/company/i-see-group,Eurosatory 2026 Catalog,B,New,"Capteurs, payloads optroniques, communications pour plateformes ISR.","LES APPLICATIONS DE LA “PLATEFORME AÉRIENNE” I-SEE Conçus à partir d’une plateforme unique, les 5 versions de drones à long rayon d’action d’I-SEE sont équipées spécifiquement pour répondre aux nombreuses applications des domaines de la sur…",Intelligence / ISR,Naval defense; Homeland security,,Review website and validate opportunity,
ISEF STEEL FORGINGS,http://www.isefsteelforgings.com/,Italie,CARNAGO,https://www.linkedin.com/company/77209901/admin/dashboard/,Eurosatory 2026 Catalog,B,New,"Pièces de rechange, calibration, certification pour acteurs MRO.","ISEF is a family owned company, with over one century history in hot steel forging, heat treatment, machining, painting and assembling. ISEF is specialized i...",Logistics / MRO,,,Review website and validate opportunity,
ISI-ACTEMIUM Clermont Engineering & Robotics,https://www.actemium.fr/implantations/actemium-clermont-engineering-robotics/presentation/,France,COURNON D'AUVERGNE,,Eurosatory 2026 Catalog,B,New,"Capteurs, payloads optroniques, communications pour plateformes ISR.",To enrich,Intelligence / ISR,Air defense; UAV / drones,,Review website and validate opportunity,
ISKRA brodogradiliste 1 d.o.o.,https://shipyard.iskra.eu/,Croatie,Sibenik,,Eurosatory 2026 Catalog,C,New,"Radars, sonars, comms, armement, sustainment pour primes navals.",Learn More Electric and electronic works The electric and electronic workshop has built upon the foundation of the former MTRZ (Naval and Technical Refit) “Velimir Škorpik” that specialized in servicing electric and electronic systems of na…,Naval defense,Logistics / MRO,,Keep in watchlist,
Íslandsstofa,https://www.businessiceland.is/,Iceland,REYKJAVÍK,https://www.linkedin.com/company/business-iceland/,Eurosatory 2026 Catalog,D,New,Qualifier l'activité avant tout pitch ciblé.,To enrich,Other,,,No immediate action,
ISOCLIMA SPA,http://www.isoclimagroup.com/,Italie,ESTE (PD),https://www.linkedin.com/company/isoclimagroup,Eurosatory 2026 Catalog,A,New,"Vend des sous-systèmes / composants à un OEM construisant Vehicles, Embedded systems.","Isoclima is a global leader and trusted partner of the world’s most advanced companies, providing transparent, tailor-made, high-precision solutions. Combini...",Armored vehicles,Homeland security; Ballistic protection,,Contact sales team and qualify need,
ISP SYSTEM,https://www.isp-system.fr/,France,VIC-EN-BIGORRE,,Eurosatory 2026 Catalog,D,New,Qualifier l'activité avant tout pitch ciblé.,To enrich,Other,,,No immediate action,
iTAC Software AG,https://www.itacsoftware.com/,Allemagne,Montabaur,,Eurosatory 2026 Catalog,A,New,"Threat intel, hardware appliances, cloud souverain, audits.","Read more MOM has it all Enhance your production with the most advanced platform Read more Real industrial transformation iTAC Software AG, an independent company of Dürr, a mechanical and plant engineering company, is a leading MES/MOM pro…",Cybersecurity,Soldier systems; AI / data,,Contact sales team and qualify need,
ITALWATT,http://www.italwatt.it/,Italie,SAN MAURO TORINESE (TO),https://www.linkedin.com/company/italwatt,Eurosatory 2026 Catalog,B,New,"Front-ends RF, processeurs, mécanique de précision pour fabricants radars.","ITALWATT is a TIER 1 company specialized in the design and production of electronical equipment for special vehicles, specialized in military field. Our expe...",Radar / sensors,Homeland security; Optics / optronics,,Review website and validate opportunity,
ITOPP,https://itopp-alcen.com/,France,Thegra,,Eurosatory 2026 Catalog,D,New,Qualifier l'activité avant tout pitch ciblé.,To enrich,Other,,,No immediate action,
ITS SAFETY,https://www.itssafety.com/,Espagne,"Granda, Asturias",,Eurosatory 2026 Catalog,D,New,Qualifier l'activité avant tout pitch ciblé.,To enrich,Other,,,No immediate action,
ITSec Area Informatikai és Szolgáltató Ltd.,,Hongrie,Szentlorinc,,Eurosatory 2026 Catalog,D,New,Qualifier l'activité avant tout pitch ciblé.,To enrich,Other,,,No immediate action,
ITT Cannon,http://www.ittcannon.com/,Allemagne,WEINSTADT,https://www.linkedin.com/company/2887,Eurosatory 2026 Catalog,D,New,Qualifier l'activité avant tout pitch ciblé.,ITT Cannon is a leading designer and manufacturer of harsh-environment military connectors. We have a proven track record of interconnect innovations in appl...,Weapons,,,No immediate action,
IVECO DEFENCE VEHICLES,https://idvgroup.com/,Italie,BOLZANO,,Eurosatory 2026 Catalog,D,New,Qualifier l'activité avant tout pitch ciblé.,To enrich,Other,,,No immediate action,
J. LANFRANCO & Cie,http://www.lanfranco.fr/,France,LA CHAPELLE-SAINT-URSIN,https://www.linkedin.com/company/j-lanfranco-cie/posts/?feedView=all&viewAsMember=true,Eurosatory 2026 Catalog,C,New,"Pièces de rechange, calibration, certification pour acteurs MRO.",J. LANFRANCO & Cie is a French designer and manufacturer of safety fasteners with over 50 years of experience. Our solutions meet the demands of critical sec...,Logistics / MRO,,,Keep in watchlist,
JACOBI CARBONS,,France,PARIS,,Eurosatory 2026 Catalog,D,New,Qualifier l'activité avant tout pitch ciblé.,To enrich,Other,,,No immediate action,
JACQUARD d.o.o.,http://www.jacquard.hr/,Croatie,Zagreb,,Eurosatory 2026 Catalog,B,New,"Sous-systèmes, composites, certification pour primes terrestres.","THE ADVANTAGE OF WOVEN EMBLEMS Woven emblems are made of polyester yarn i.e. thread and are easy to maintain The logo, coat of arms and anything you want to ...",Land defense,Homeland security; Export / distribution,,Review website and validate opportunity,
JACQUES DUBOIS SAS,http://www.jacquesdubois.com/,France,BARENTIN,https://www.linkedin.com/jacques-dubois,Eurosatory 2026 Catalog,D,New,Qualifier l'activité avant tout pitch ciblé.,To enrich,Other,,,No immediate action,
Jaguar Land Rover Francia,https://www.landrover.fr/index.html,France,PUTEAUX,,Eurosatory 2026 Catalog,D,New,Qualifier l'activité avant tout pitch ciblé.,To enrich,Other,,,No immediate action,
JAKUSZ SP. Z O.O.,https://www.jakusz.com/,Pologne,KOŚCIERZYNA,,Eurosatory 2026 Catalog,D,New,Qualifier l'activité avant tout pitch ciblé.,To enrich,Other,,,No immediate action,
Janes,https://www.janes.com/,Royaume-Uni,"CROYDON,",,Eurosatory 2026 Catalog,D,New,Qualifier l'activité avant tout pitch ciblé.,To enrich,Other,,,No immediate action,
JEET & JEET GLASS AND CHEMICALS P LTD,http://www.jeetglassindia.com/,Inde,JAIPUR,,Eurosatory 2026 Catalog,B,New,"Vend des sous-systèmes / composants à un OEM construisant Vehicles, Logistics equipment.","Jeet & Jeet Glass, founded in 1978, is a leading manufacturer of transparent armour and bullet-resistant glass solutions. The company serves OEM land defence...",Armored vehicles,Land defense; Ammunition,,Review website and validate opportunity,
Jelen Professional d.o.o.,https://www.jelen.com/,Croatie,Belica,,Eurosatory 2026 Catalog,D,New,Qualifier l'activité avant tout pitch ciblé.,"Tenisice s Michelin potplatom najviše kvalitete izvrsne su za svakodnevne hiking aktivnosti. Saznaj Više Fleksibilnost Michelin potplat u kombinaciji s EVA pjenom zadržava svoju fleksibilnost i elastičnost, čime se stopalu omogućava brzi op…",Other,,,No immediate action,
JENOPTIK,http://www.jenoptik.com/,Allemagne,JENA,,Eurosatory 2026 Catalog,D,New,Qualifier l'activité avant tout pitch ciblé.,To enrich,Other,,,No immediate action,
JI HUA 3502 CAREER APPAREL LTD,,Chine,SHIJIAZHUANG,,Eurosatory 2026 Catalog,D,New,Qualifier l'activité avant tout pitch ciblé.,To enrich,Other,,,No immediate action,
"Jiangsu Shuwei New Material Technology Co., Ltd",http://www.shu/,Chine,JINGJIANG,,Eurosatory 2026 Catalog,D,New,Qualifier l'activité avant tout pitch ciblé.,"Founded in 2019, the company specializes in the research, development, production, sales, and technical services of military stealth materials, camouflage ne...",Other,,,No immediate action,
"JIHUA 3513 SHOES INDUSTRY CO.,LTD",https://jihua3514.en.alibaba.com/index.html?spm=a2700.shop_co.88.12.73dc3a7aRpEI8Q,Chine,SHIJIAZHUANG,,Eurosatory 2026 Catalog,D,New,Qualifier l'activité avant tout pitch ciblé.,To enrich,Other,,,No immediate action,
"JINAN HOPE WISH PHOTOELECTRONIC TECHNOLOGY CO.,LTD.",http://www.chinahpws.com/,Chine,JINAN,,Eurosatory 2026 Catalog,C,New,Vend des sous-systèmes / composants à un OEM construisant Vehicles.,To enrich,Homeland security,,,Keep in watchlist,
JINGYE TEXTILE TECHNOLOGY LIMITED,https://www.camowebbing.com/,Chine,HONGKONG,,Eurosatory 2026 Catalog,D,New,Qualifier l'activité avant tout pitch ciblé.,To enrich,Other,,,No immediate action,
JLT Mobile Computers Sweden AB,,Suède,Växjö,,Eurosatory 2026 Catalog,D,New,Qualifier l'activité avant tout pitch ciblé.,To enrich,Other,,,No immediate action,
Jobs Spa,http://www.ffg-ea.com/,Italie,Piacenza,,Eurosatory 2026 Catalog,D,New,Vend des sous-systèmes / composants à un OEM construisant Software / Platforms.,"ROBODRIM is Jobs excellence solution for high-tech aerospace applications demanding the maximum degree of automation and integration. Indeed, Jobs ROBODRIM c...",Other,,,No immediate action,
JOESCO LTD,http://www.militarybarrier.com/,Chine,SHIJIAZHUANG,,Eurosatory 2026 Catalog,D,New,Qualifier l'activité avant tout pitch ciblé.,To enrich,Other,,,No immediate action,
JOHN COCKERILL,http://defense.johncockerill.com/en/,Belgique,ANS,,Eurosatory 2026 Catalog,C,New,Vend des sous-systèmes / composants à un OEM construisant Vehicles.,"With more than 200 years of experience, John Cockerill Defense offers complete and innovative solutions: Arquus armoured vehicles & solutions, Cockerill® mo...",Armored vehicles,,,Keep in watchlist,
Jokon,http://www.jokon.de/,Allemagne,BONN,https://www.linkedin.com/company/jokongmbh,Eurosatory 2026 Catalog,B,New,"Vend des sous-systèmes / composants à un OEM construisant Logistics equipment, Energy / batteries.",We offer a wide range of esthetic and high quality lights for special and commercial vehicles. We develop and produce the best lighting solutions for each n...,Logistics / MRO,,,Review website and validate opportunity,
JOMIPSA,https://www.jomipsa.com/,Espagne,MUTXAMEL,,Eurosatory 2026 Catalog,D,New,Qualifier l'activité avant tout pitch ciblé.,To enrich,Other,,,No immediate action,
JONATHAN GROUP DEFENSE,https://www.jonathanengr.com/,États-Unis,IRVINE,,Eurosatory 2026 Catalog,D,New,Qualifier l'activité avant tout pitch ciblé.,To enrich,Other,,,No immediate action,
JONE PRECISION & ENGINEERING,http://www.joneprecision.com/,France,HAGUENAU,https://www.linkedin.com/company/jone-precision1/?viewAsMember=true,Eurosatory 2026 Catalog,D,New,Qualifier l'activité avant tout pitch ciblé.,To enrich,Other,,,No immediate action,
JOWO - Systemtechnik AG,http://www.jowo.ag/,Allemagne,DELMENHORST,https://www.linkedin.com/company/12572222/admin/dashboard/,Eurosatory 2026 Catalog,C,New,"Vend des sous-systèmes / composants à un OEM construisant Logistics equipment, Optronics / Optics.","JOWO is specialized in development, assembly and distribution of electrical and fiber optic connectors and systems for harsh environments. We supply products...",Optics / optronics,Naval defense,,Keep in watchlist,
JP INDUSTRIAS MECÁNICAS,https://www.jpim.es/,Espagne,"Cangas del Narcea, Asturias",,Eurosatory 2026 Catalog,D,New,Qualifier l'activité avant tout pitch ciblé.,To enrich,Other,,,No immediate action,
JPB SYSTÈME,,France,Montereau-sur-le-jard,,Eurosatory 2026 Catalog,D,New,Qualifier l'activité avant tout pitch ciblé.,To enrich,Other,,,No immediate action,
JSC Aurida Engineering Company,https://www.aurida-engineering.com/,Lituanie,PANEVEZYS,,Eurosatory 2026 Catalog,D,New,Qualifier l'activité avant tout pitch ciblé.,To enrich,Other,,,No immediate action,
JUNGHANS DEFENCE,http://www.junghans-defence.com/,Allemagne,DUNNINGEN,,Eurosatory 2026 Catalog,D,New,Qualifier l'activité avant tout pitch ciblé.,To enrich,Other,,,No immediate action,
KADAR POLAND,http://www.kadarpoland.com/,Pologne,WARSZAWA,,Eurosatory 2026 Catalog,D,New,Activité à qualifier — discovery call avant pitch précis.,"Kadar Poland Sp. z o.o . jest firmą doradczą w zakresie tworzenia i implementacji innowacyjnych rozwiązań w obszarze żywienia na potrzeby służb mundurowych (w warunkach garnizonowych, poligonowych i wojennych) oraz osób znajdujących się w s…",Other,,,No immediate action,
KADIA PRODUKTION GMBH,http://kadia.com/,Allemagne,NÜRTINGEN,https://www.linkedin.com/company/kadia-honen-entgraten/?viewAsMember=true,Eurosatory 2026 Catalog,B,New,"Pièces de rechange, calibration, certification pour acteurs MRO.","Pioneer in high-precision shape and surface processing of metal components. With over 50 years of experience, we deliver high-precision bores and burr-free s...",Logistics / MRO,,,Review website and validate opportunity,
KAHLES GESELLSCHAFT MBH,https://www.kahles.at/,Autriche,GUNTRAMSDORF,,Eurosatory 2026 Catalog,D,New,Qualifier l'activité avant tout pitch ciblé.,To enrich,Other,,,No immediate action,
KALEKALIP,http://www.kalekalip.com.tr/,Turquie,ISTANBUL,https://www.linkedin.com/company/kalekalip/,Eurosatory 2026 Catalog,D,New,Qualifier l'activité avant tout pitch ciblé.,"Founded in Istanbul in 1969, stands as a leading force in the global defense industry. In 2005, KALEKALIP designed and delivered Turkey’s first indigenous 40...",Other,,,No immediate action,
Kaleo,https://www.kaleo.com/,États-Unis,Richmond,,Eurosatory 2026 Catalog,A,New,"Matériaux énergétiques, mécanique, packaging, certification.","You are now leaving kaleo.com By clicking proceed, you will leave www.kaleo.com, the kaleo, Inc. corporate page. Explore Aerio™ Partnering For Disease Management and Global Health Security Kaléo pairs custom-designed drug-delivery devices w…",Ammunition,Land defense; Simulation / training,,Contact sales team and qualify need,
KALLER,http://www.kaller.com/en-us/products/gas-hydraulic-suspension/,Suède,Tranås,https://linkedin.com/company/kaller,Eurosatory 2026 Catalog,A,New,"Radars, sonars, comms, armement, sustainment pour primes navals.","The KALLER Hydrop is applicable to a variety of vehicle types such as ATV, CAV, Tactical, Medical, 4x4, 6x6, 8x8, and more. Gas Hydraulic Suspension Preview Preview KALLER Hydrop offers a compact, durable and lightweight suspension solution…",Naval defense,Land defense; Armored vehicles,,Contact sales team and qualify need,
"Kallman Worldwide, Inc.",https://www.kallman.com/,États-Unis,NEW JERSEY,https://www.linkedin.com/company/kallman-worldwide-inc./,Eurosatory 2026 Catalog,A,New,Canal de distribution / représentation pour notre portefeuille.,To enrich,Naval defense,Logistics / MRO; Export / distribution,,Contact sales team and qualify need,
Kalyani Strategic Systems Limited (KSSL),http://www.kssl.in/,Inde,PUNE,https://www.linkedin.com/company/kssldefence/,Eurosatory 2026 Catalog,A,New,"Sous-systèmes, composites, certification pour primes terrestres.","Kalyani Strategic Systems Ltd. (KSSL) is a wholly-owned subsidiary of Bharat Forge Limited, set up as a flagship company to drive defence business initiative...",Land defense,Air defense; Naval defense,,Contact sales team and qualify need,
KAP-KO D.O.O.,http://www.kap-ko.hr/,Croatie,ZAGREB,,Eurosatory 2026 Catalog,C,New,Canal de distribution / représentation pour notre portefeuille.,"We are a specialized manufacturer of caps and hats based in Zagreb, Croatia. Our tradition dates back to 1996, when the company was first founded in Zagreb. ...",Soldier systems,,,Keep in watchlist,
KAPPA OPTRONICS GMBH,http://www.kappa-optronics.com/,Allemagne,GLEICHEN,,Eurosatory 2026 Catalog,A,New,"Composants, sous-systèmes, software, services pour primes C4ISR.","Read more June 05, 2025 All new entries Company Contacts Career Job Offers Service News Services Software Downloads Legal Imprint Data Protection General Terms General Terms and Conditions of Purchase Contact Kleines Feld 6 D-37130 Gleichen…",C4ISR,UAV / drones; Armored vehicles,,Contact sales team and qualify need,
KARA DAG TECHNOLOGIES,http://karadagtech.com/,Ukraine,LEWES,https://www.linkedin.com/company/karadagtech,Eurosatory 2026 Catalog,B,New,"Capteurs, payloads optroniques, communications pour plateformes ISR.","Kara Dag Technologies is an innovative company specializing in AI-powered counter-drone systems, developing solutions for drone detection, signal recognition...",Intelligence / ISR,UAV / drones; Optics / optronics,,Review website and validate opportunity,
Kärcher Futuretech GmbH,http://www.karcher-futuretech.com/,Allemagne,SCHWAIKHEIM,https://www.linkedin.com/company/kaercher-futuretech,Eurosatory 2026 Catalog,B,New,"Moteurs, composites, plaques balistiques, optronique, comms pour OEM blindés.","Kärcher Futuretech GmbH, a subsidiary of Alfred Kärcher SE & Co. KG based in Schwaikheim, has developed robust operational solutions for over 45 years. We sp...",Armored vehicles,Logistics / MRO; NRBC / CBRN,,Review website and validate opportunity,
KARDEX,https://www.kardex.com/fr,France,FONTENAY SOUS BOIS,https://www.linkedin.com/company/kardex/,Eurosatory 2026 Catalog,A,New,"Textiles, composites, optronique, énergie pour kits soldat.",Le Kardex Miniload-in-a-Box est idéal lorsque la disponibilité des produits et la rapidité de livraison sont des facteurs déterminants. TÉLÉCHARGER LE LIVRE BLANC Étude de cas Entrepôt réfrigéré | Agrandissement de l’usine de SalzburgMilch …,Soldier systems,Logistics / MRO; Engineering services,,Contact sales team and qualify need,
KARMETAL SAVUNMA MUH. SIL. TEK. SAN. DIS TIC. A.S.,https://www.karmetal.net.tr/,Turquie,ISTANBUL,https://www.linkedin.com/company/karmetal/,Eurosatory 2026 Catalog,B,New,"Vend des sous-systèmes / composants à un OEM construisant Software / Platforms, Robotics / UGV.",KARMETAL KARMETAL SAVUNMA MÜHİMMAT SİLAH TEKNOLOJİLERİ SANAYİ VE DIŞ TİCARET ANONİM ŞİRKETİ ​ KURUMSAL ÜRÜNLERİMİZ GÖZ AT! MAYONLAR/LINK BELTS TÜM ÜRÜNLER Home: Headliner Başkan'ın Mesajı Modern savunma sanayiinin geliştirilmesi ve sürdürül…,C4ISR,Armored vehicles; Weapons,,Review website and validate opportunity,
Karrimor SF,https://karrimorsf.com/,Royaume-Uni,Exeter,,Eurosatory 2026 Catalog,D,New,Qualifier l'activité avant tout pitch ciblé.,"Learn more Where to buy We have stores all over the world stocking Karrimor SF products. Find a stockists Become a Retailer If you are interested in becoming a Karrimor SF retailer, please get in touch. Continue reading Apr 04, 2025 Tactica…",Homeland security,,,No immediate action,
KEARFOTT CORPORATION,https://www.kearfott.com/,États-Unis,PINE BROOK,,Eurosatory 2026 Catalog,D,New,Qualifier l'activité avant tout pitch ciblé.,To enrich,Other,,,No immediate action,
Kemppi,https://www.kemppi.com/,Finlande,LAHTI,https://www.linkedin.com/company/kemppi-oy,Eurosatory 2026 Catalog,A,New,"Composants, sous-systèmes, software, services pour primes C4ISR.","Getting the best from your Kemppi AX robot welding solution, the GX-R system will meet the highest expectations of your robot and you. Discover the Master T Latest blogs from Kemppi Blog · April 15, 2026 · Minarc M 223 Auto & 223P Auto vs M…",C4ISR,Naval defense; UAV / drones,,Contact sales team and qualify need,
Kennametal,https://www.kennametal.com/,États-Unis,PITTSBURGH,,Eurosatory 2026 Catalog,D,New,Qualifier l'activité avant tout pitch ciblé.,To enrich,Other,,,No immediate action,
KENNO TECH,,Finlande,RIIHIMÄKI,,Eurosatory 2026 Catalog,D,New,Qualifier l'activité avant tout pitch ciblé.,To enrich,Other,,,No immediate action,
"KEPAR ELECTRÓNICA, S.L.",http://www.kepar.es/,Espagne,La Puebla de Alfindén - Zaragoza,https://www.linkedin.com/company/kepar-electronica/?originalSubdomain=es,Eurosatory 2026 Catalog,C,New,"Composites, capteurs, comms, lancement pour primes spatiaux.","Critical electronics for defense: design, industrialization and custom manufacturing, in Europe with high reliability, full traceability and security of supply.",Space / satellite,,,Keep in watchlist,
Kessler & Co. GmbH & Co. KG,http://www.kessler-co.com/,Allemagne,ABTSGMÜND,https://www.linkedin.com/company/27173161/,Eurosatory 2026 Catalog,B,New,"Vend des sous-systèmes / composants à un OEM construisant Vehicles, Software / Platforms.","Kessler + Co is a leading manufacturer of drivetrain and powertrain components for heavy mobility vehicles. We develop, manufacture and sell drive steer plan...",Weapons,,,Review website and validate opportunity,
KEYSIGHT TECHNOLOGIES,http://www.keysight.com/find/ad,France,Bagneux,https://www.linkedin.com/company/keysight-technologies,Eurosatory 2026 Catalog,D,New,Qualifier l'activité avant tout pitch ciblé.,"Keysight enables innovators to push the boundaries of engineering by quickly solving design, emulation, and test challenges to address the evolving needs of ...",Other,,,No immediate action,
Kia,https://special.kia.com/,Corée du Sud,SEOUL,,Eurosatory 2026 Catalog,D,New,Qualifier l'activité avant tout pitch ciblé.,To enrich,Other,,,No immediate action,
KIDDE DEUGRA Brandschutzsysteme GMBH,http://www.kidde-deugra.de/,Allemagne,RATINGEN,,Eurosatory 2026 Catalog,D,New,Qualifier l'activité avant tout pitch ciblé.,To enrich,Other,,,No immediate action,
Kilim Uniform,https://www.kilimuniform.com/,Turquie,ISTANBUL,,Eurosatory 2026 Catalog,C,New,"Textiles, composites, optronique, énergie pour kits soldat.","Kilim Uniform Sewing Facility provides high quality garments with years of experience sewing for the Turkish Army, NATO armies and many other countries around the world. Skip to content #Announcement--announcement { --PT: px; --PB: px;--bg:…",Soldier systems,Land defense; Naval defense,,Keep in watchlist,
KILOW,,France,CLUSES,,Eurosatory 2026 Catalog,D,New,Qualifier l'activité avant tout pitch ciblé.,To enrich,Other,,,No immediate action,
KINÉIS,http://kineis.com/,France,RAMONVILLE-SAINT-AGNE,https://www.linkedin.com/company/kineis-argos,Eurosatory 2026 Catalog,B,New,"RF, crypto, certification interopérabilité pour radios tactiques.","Track, Monitor & Alert Anywhere - Sovereign & Resilient Technology. Kinéis operates a constellation of 25 satellites to provide reliable, secure, and access...",Communications,Naval defense; Radar / sensors,,Review website and validate opportunity,
Kitron,,Suède,Jönköping,,Eurosatory 2026 Catalog,D,New,Qualifier l'activité avant tout pitch ciblé.,To enrich,Other,,,No immediate action,
KITRON AS,http://www.kitron.com/,Norvège,ARENDAL,https://www.linkedin.com/company/kitron,Eurosatory 2026 Catalog,A,New,"Fournisseur de batteries, moteurs, optronique, RF, composites pour fabricants UAV.","Kitron is a leading Scandinavian Electronics Manufacturing Services (EMS) provider, supplying the defence industry since 1976. The company specializes in com...",UAV / drones,Air defense; Radar / sensors,,Contact sales team and qualify need,
KK Group,,Danemark,Ikast,,Eurosatory 2026 Catalog,D,New,Qualifier l'activité avant tout pitch ciblé.,To enrich,Other,,,No immediate action,
KLAUS BAIER GMBH,http://www.klausbaier.de/,Allemagne,PFRONTEN,,Eurosatory 2026 Catalog,B,New,"Visuel, motion, haptique, IA pour fabricants de simulateurs.","Consulting and conception as well as the tool design up to the tool manufacturing, KLAUS BAIER covers the complete process with their own tool shop. In the w...",Simulation / training,Logistics / MRO; Industrial subcontracting,,Review website and validate opportunity,
KME,https://www.kme.co.uk/,Royaume-Uni,KENT,,Eurosatory 2026 Catalog,D,New,Qualifier l'activité avant tout pitch ciblé.,To enrich,Other,,,No immediate action,
KNDS CBRN,http://knds.com/en/subsidiaries/knds-cbrn,France,SAINT-CHAMOND,,Eurosatory 2026 Catalog,B,New,"Capteurs, payloads optroniques, communications pour plateformes ISR.","KNDS CBRN is a leading provider of CBRN detection, protection and decontamination solutions. For over 70 years, we have been supporting our military & civil ...",Intelligence / ISR,Land defense; Air defense,,Review website and validate opportunity,
KNDS DEUTSCHLAND,http://www.knds.com/,Allemagne,MUNICH,,Eurosatory 2026 Catalog,D,New,Qualifier l'activité avant tout pitch ciblé.,To enrich,Other,,,No immediate action,
KNDS FRANCE - SCE COMPTABILITE FOURNISSEUR,http://www.knds.fr/,France,ROANNE CEDEX,,Eurosatory 2026 Catalog,D,New,Qualifier l'activité avant tout pitch ciblé.,To enrich,Other,,,No immediate action,
KNDS Tracks,http://www.knds-tracks.de/,Allemagne,REMSCHEID,https://de.linkedin.com/company/knds-tracks,Eurosatory 2026 Catalog,A,New,"Composites, capteurs, comms, lancement pour primes spatiaux.","KNDS Tracks is the undisputed technology leader in developing and manufacturing track systems for tanks and armored vehicles, with over 100 solutions in use ...",Space / satellite,Land defense; Air defense,,Contact sales team and qualify need,
KNL,http://knl.fi/,Finlande,OULU,,Eurosatory 2026 Catalog,A,New,"Amplis RF, processeurs signal, embarqué, antennes pour EW.",KNL is a technology company with beyond-line-of-sight communication solutions. Our software defined radios adapt to the needs and requirements of modern mili...,Electronic warfare,Naval defense; Cybersecurity,,Contact sales team and qualify need,
KNOTT GmbH Bremsen - Achsen,http://www.knott.de/,Allemagne,EGGSTAETT,https://www.linkedin.com/company/7976959/admin/dashboard/,Eurosatory 2026 Catalog,A,New,"Threat intel, hardware appliances, cloud souverain, audits.","KNOTT offers the world’s largest variety of brakes and braking systems for off-highway vehicles, focusing on tailor-made solutions for special applications e...",Cybersecurity,Logistics / MRO; Export / distribution,,Contact sales team and qualify need,
KOLARMS s.r.o.,,Slovaquie,Kolarovo,,Eurosatory 2026 Catalog,D,New,Qualifier l'activité avant tout pitch ciblé.,To enrich,Other,,,No immediate action,
KOLT Power,,Royaume-Uni,"FAREHAM, LEE-ON-SOLENT",,Eurosatory 2026 Catalog,D,New,Qualifier l'activité avant tout pitch ciblé.,To enrich,Other,,,No immediate action,
KOLUMAN OTOMOTİV ENDÜSTRİ A.Ş.,http://kolumantech.com/,Turquie,MERSIN,https://www.linkedin.com/company/kolumantech/,Eurosatory 2026 Catalog,C,New,"Vend des sous-systèmes / composants à un OEM construisant Vehicles, Engines / propulsion.","Founded in 1965, Koluman Holding delivers advanced engineering in automotive and superstructure production. As a main dealer of Mercedes-Benz Türk A.Ş., it p...",Armored vehicles,Export / distribution,,Keep in watchlist,
KONGSBERG,http://www.kongsberg.com/kda,Norvège,KONGSBERG,,Eurosatory 2026 Catalog,D,New,Qualifier l'activité avant tout pitch ciblé.,To enrich,Other,,,No immediate action,
KONI - AN ITT COMPANY,http://www.koni.com/,Pays-Bas,OUD-BEIJERLAND,,Eurosatory 2026 Catalog,D,New,Qualifier l'activité avant tout pitch ciblé.,To enrich,Other,,,No immediate action,
KÖNIG SEATINGS,http://www.koenig-sitze.de/,Allemagne,ILSFELD,,Eurosatory 2026 Catalog,C,New,Vend des sous-systèmes / composants à un OEM construisant Logistics equipment.,"Safety and security are our mission. König seats for civilian and military use offer maximum comfort, functionality, safety and protection. They are also li...",Dual-use technology,,,Keep in watchlist,
KONSTRUKTA - DEFENCE,https://kotadef.sk/?lang=en,Slovaquie,DUBNICA NAD VÁHOM,https://www.linkedin.com/company/kotadef,Eurosatory 2026 Catalog,A,New,"Sous-systèmes, composites, certification pour primes terrestres.","A development and manufacturing company with project-oriented specialists for design, development, system integration, and certification of ground and weapon systems for air defense. learn more ... February 2025 learn more Projects all proj…",Land defense,Air defense; Intelligence / ISR,,Contact sales team and qualify need,
KONTRON,http://www.kontron.com/,France,LA GARDE,https://www.linkedin.com/company/kontron,Eurosatory 2026 Catalog,D,New,Qualifier l'activité avant tout pitch ciblé.,To enrich,Other,,,No immediate action,
Korea Defense Industry Association,http://www.kdia.or.kr/,Corée du Sud,SEOUL,,Eurosatory 2026 Catalog,D,New,Qualifier l'activité avant tout pitch ciblé.,"Korea Defense Industry Association (KDIA), established in 1976, is the unique association of defense industries of Republic of Korea (ROK). KDIA supports its...",Other,,,No immediate action,
KOREA DEFENSE INDUSTRY CORP,https://www.koreadefenseindustry.com/eng/,Corée du Sud,Sejong,,Eurosatory 2026 Catalog,D,New,Qualifier l'activité avant tout pitch ciblé.,To enrich,Other,,,No immediate action,
KOVO Armor,http://kovo-armor.com/,Lituanie,Klaipeda,,Eurosatory 2026 Catalog,B,New,"Vend des sous-systèmes / composants à un OEM construisant Software / Platforms, Soldier equipment.","KOVO Armor is a defense company specializing in ballistic protection solutions. The company develops and manufactures body armor, ballistic plates, helmets, ...",Soldier systems,Homeland security; Ammunition,,Review website and validate opportunity,
Krämer Special Vehicles,http://www.kraemer-vehicles.com/,Allemagne,RHEINE,https://www.linkedin.com/company/krämer-special-vehicles-gmbh,Eurosatory 2026 Catalog,C,New,"Vend des sous-systèmes / composants à un OEM construisant Vehicles, Engines / propulsion.","Developed for defence and security operations, the vehicle provides reliable personnel rescue on land and water, even in inaccessible areas. Its amphibious a...",Armored vehicles,,,Keep in watchlist,
KrattWorks,https://www.krattworks.com/,Estonie,TALLINN,,Eurosatory 2026 Catalog,D,New,Qualifier l'activité avant tout pitch ciblé.,To enrich,Other,,,No immediate action,
Kraus Elektrotechnik,http://www.kraus.de/,Allemagne,AUGSBURG,https://www.linkedin.com/company/walter-kraus-gmbh/,Eurosatory 2026 Catalog,A,New,"Vend des sous-systèmes / composants à un OEM construisant Optronics / Optics, Engines / propulsion.",With 70 years of experience in slip ring technology Kraus provides customised slip ring assemblies for a broad variety of applications. Kraus offers solution...,Naval defense,Land defense; Armored vehicles,,Contact sales team and qualify need,
Krempel,http://www.krempel.com/en,Allemagne,VAIHINGEN ENZ,https://www.linkedin.com/company/krempel/?viewAsMember=true,Eurosatory 2026 Catalog,B,New,"Aramide, céramique, composites, certification balistique.","Ballistic composites to protect life and technology - Tailored solutions for high levels of security: For more than 30 years, Krempel has been supplying the ...",Ballistic protection,Logistics / MRO; Export / distribution,,Review website and validate opportunity,
Kroko proizvodnja i razvoj d.o.o.,https://www.krokotactical.com/,Croatie,Sv. Ivan Zelina,,Eurosatory 2026 Catalog,D,New,Qualifier l'activité avant tout pitch ciblé.,To enrich,Other,,,No immediate action,
KRONUS SIA,http://www.kronus.eu/,Lettonie,ULBROKA,https://www.linkedin.com/company/kronus-wooden-packaging,Eurosatory 2026 Catalog,B,New,"Vend des sous-systèmes / composants à un OEM construisant Software / Platforms, Logistics equipment.","KRONUS is a leading manufacturer of wooden packaging solutions, offering durable, customizable, and cost-efficient products for logistics, industrial, and de...",Logistics / MRO,Industrial subcontracting,,Review website and validate opportunity,
K-TEG BV,http://k-teg.com/,Belgique,Hasselt,https://www.linkedin.com/company/k-teg/,Eurosatory 2026 Catalog,B,New,"Fournisseur de batteries, moteurs, optronique, RF, composites pour fabricants UAV.",K-TEG specializes in the design and manufacture of mission-critical packaging solutions for defence and security applications. Our reusable packaging systems...,UAV / drones,Homeland security; Weapons,,Review website and validate opportunity,
KUEHNE+NAGEL,https://www.kuehne-nagel.com/fr,France,FERRIERES-EN-BRIE,https://www.linkedin.com/company/kuehne-nagel/,Eurosatory 2026 Catalog,D,New,Qualifier l'activité avant tout pitch ciblé.,To enrich,Other,,,No immediate action,
Kugler Bimetal SA,http://kuglerbimetal.ch/,Suisse,Le Lignon,https://www.linkedin.com/company/kugler-bimetal-sa,Eurosatory 2026 Catalog,C,New,"Vend des sous-systèmes / composants à un OEM construisant Engines / propulsion, Communications networks.",Kugler Bimetal SA specializes in high-performance bimetallic components for demanding defense and aerospace applications. We supply critical parts for hydrau...,Logistics / MRO,Engineering services,,Keep in watchlist,
KYIVSKYI ALLIANCE,https://kyivalliance.tech/,Ukraine,KYIV,,Eurosatory 2026 Catalog,D,New,Vend des sous-systèmes / composants à un OEM construisant Logistics equipment.,"KYIVSKYI ALLIANCE +380 (66) 704 20 89 dron@kyivalliance.tech KYIVSKYI ALLIANCE +380 (66) 704 20 89 dron@kyivalliance.tech Наша компанія за власний рахунок, більше 2 років розробляє платформу ONE-BOARD, мета якої — забезпечити потреби Україн…",Other,,,No immediate action,
KYUNGCHANG INDUSTRY (KCI),http://www.kyungchang.com/,Corée du Sud,"PAJU-SI, GYEONGGI-DO",,Eurosatory 2026 Catalog,D,New,Qualifier l'activité avant tout pitch ciblé.,"KCI, KYUNG CHANG, is a South Korea-based manufacturer specializing in military and law-enforcement equipment and related parts, established in 1984. The comp...",Other,,,No immediate action,
"Kyungdo Co., Ltd.",http://www.kyungdo.net/,Corée du Sud,"Yangsan-si, Gyeongsangnam-do",,Eurosatory 2026 Catalog,C,New,Vend des sous-systèmes / composants à un OEM construisant Optronics / Optics.,"Kyungdo Co., Ltd. A Global Company Leaping Forward to Sustainable Growth Since our founding in 1980, we have enhanced Korea’s defense capabilities by localiz...",Optics / optronics,,,Keep in watchlist,
L&D Jet Techniek,https://ldtechnics.com/,Belgique,Diest,,Eurosatory 2026 Catalog,C,New,Vend des sous-systèmes / composants à un OEM construisant Logistics equipment.,L&D Jet Techniek Adresnaamwijziging in het Industrieterrein Webbekom. Dé specialist in het waterstralen en frezen van uiteenlopende materialen Bij L&D Jet Techniek combineren we passie en vakmanschap in technische vormgeving. Peter Project …,Naval defense,,,Keep in watchlist,
L3Harris Technologies,http://www.l3harris.com/,États-Unis,MELBOURNE,https://www.linkedin.com/company/l3harris-technologies,Eurosatory 2026 Catalog,B,New,"Capteurs, payloads optroniques, communications pour plateformes ISR.","L3Harris Technologies is the Trusted Disruptor in the defense industry. With customers’ mission-critical needs always in mind, our employees deliver end-to-e...",Intelligence / ISR,Land defense; Naval defense,,Review website and validate opportunity,
La Banque Postale,https://www.labanquepostale.fr/,France,Paris,,Eurosatory 2026 Catalog,D,New,Qualifier l'activité avant tout pitch ciblé.,To enrich,Other,,,No immediate action,
La Dimension Mécanique (LDM),http://www.ldmeca.com/,France,Aubergenville,,Eurosatory 2026 Catalog,D,New,Qualifier l'activité avant tout pitch ciblé.,To enrich,Other,,,No immediate action,
LACHANT GROUP,,France,LA GRANDE PAROISSE,,Eurosatory 2026 Catalog,D,New,Qualifier l'activité avant tout pitch ciblé.,To enrich,Other,,,No immediate action,
LACROIX,http://www.lacroix-defense.com/,France,MURET CEDEX,,Eurosatory 2026 Catalog,D,New,Qualifier l'activité avant tout pitch ciblé.,To enrich,Other,,,No immediate action,
LAMRE,http://www.lamre.fr/fr/,France,ORLEANS,,Eurosatory 2026 Catalog,D,New,Qualifier l'activité avant tout pitch ciblé.,To enrich,Other,,,No immediate action,
LANCO,http://www.lanco-tentes.fr/,France,COURBEVOIE,https://www.linkedin.com/company/lanco-sas/,Eurosatory 2026 Catalog,B,New,"Vend des sous-systèmes / composants à un OEM construisant NRBC / CBRN, Vehicles.","LANCO is widely recognized for its industry-leading production of fully integrated deployable solutions, including soft walled shelters, generators, heaters,...",Armored vehicles,Land defense; Homeland security,,Review website and validate opportunity,
LAPP MULLER,http://lappmuller.lappgroup.com/,France,GRIMAUD,https://www.linkedin.com/company/84945970/admin/dashboard/,Eurosatory 2026 Catalog,B,New,"Radars, sonars, comms, armement, sustainment pour primes navals.","For over 20 years, LAPP MULLER has been designing custom wiring solutions (special cables, connectors, anchoring) for demanding sectors: Defense, nuclear, ro...",Naval defense,Air defense; Armored vehicles,,Review website and validate opportunity,
Largillière Finance,http://www.largilliere-finance.com/,France,PARIS,https://www.linkedin.com/company/largilli-re-finance/?viewAsMember=true,Eurosatory 2026 Catalog,B,New,"Outils CAD, simulation, certification pour bureau d'études.","Largillière Finance is a leading M&A advisory firm dedicated to growth companies. As an independent midcap specialist, it supports executives and shareholder...",Engineering services,,,Review website and validate opportunity,
Laser Techniques Company,https://www.laser-ndt.com/,États-Unis,Redmond,,Eurosatory 2026 Catalog,D,New,Qualifier l'activité avant tout pitch ciblé.,To enrich,Other,,,No immediate action,
Latence Technologies Inc. (LatenceTech),http://www.latencetech.com/,Canada,MONTRÉAL,https://www.linkedin.com/company/latence-technologies,Eurosatory 2026 Catalog,A,New,"Composites, capteurs, comms, lancement pour primes spatiaux.",LatenceTech is revolutionizing network management with an innovative software solution that combines artificial intelligence and real-time processing. We mea...,Space / satellite,Cybersecurity; C4ISR,,Contact sales team and qualify need,
"LD Systems, Bozeman Montana",https://www.ldsystems.us/,États-Unis,BELGRADE,https://www.linkedin.com/company/ldsystems-us,Eurosatory 2026 Catalog,B,New,"Textiles, composites, optronique, énergie pour kits soldat.","LD Systems designs, manufactures, and sells a complete range of Soldier Systems and Combat Equipment. Deliver cost effective and timely solutions to support our customers actions. From the beginning of a project till the end, we focus on th…",Soldier systems,Naval defense; UAV / drones,,Review website and validate opportunity,
"Le Bureau des Légendes, l'Escape Game Immersif",https://souslegende.com/,France,PARIS,,Eurosatory 2026 Catalog,D,New,Qualifier l'activité avant tout pitch ciblé.,To enrich,Other,,,No immediate action,
LE GUELLEC,https://www.leguellec.com/,France,QUIMPER,,Eurosatory 2026 Catalog,D,New,Qualifier l'activité avant tout pitch ciblé.,To enrich,Other,,,No immediate action,
LEADER,http://www.leader-group.company/fr,France,OCTEVILLE SUR MER,,Eurosatory 2026 Catalog,D,New,Qualifier l'activité avant tout pitch ciblé.,To enrich,Other,,,No immediate action,
LEAFIELD CASES,http://www.leafieldcases.com/,Royaume-Uni,CORSHAM,https://www.linkedin.com/company/11158761/admin/dashboard/,Eurosatory 2026 Catalog,B,New,Sub-system / payload pour OEM drones tactiques.,"Leafield Cases is an award-winning UK designer, manufacturer, and supplier of tough, ruggedised cases for use in the harshest environments. Proud winners of ...",UAV / drones,Logistics / MRO,,Review website and validate opportunity,
LEBLANC SAS,,France,LA HAGUE,,Eurosatory 2026 Catalog,D,New,Qualifier l'activité avant tout pitch ciblé.,To enrich,Other,,,No immediate action,
LEMO FRANCE,http://www.lemo.com/,France,BUSSY SAINT GEORGES,https://www.linkedin.com/company/lemo?originalSubdomain=fr,Eurosatory 2026 Catalog,A,New,"Fournisseur de batteries, moteurs, optronique, RF, composites pour fabricants UAV.","Reliable Connections when Failure is not an Option With a history of over 80 years of excellence and innovation, the LEMO Group is proud to be a global lea...",UAV / drones,Naval defense; Ammunition,,Contact sales team and qualify need,
Leonardo,http://www.leonardo.com/,Italie,ROMA,https://www.linkedin.com/company/leonardo_company/,Eurosatory 2026 Catalog,A,New,"Capteurs, payloads optroniques, communications pour plateformes ISR.",Leonardo is an international industrial group that delivers multi-domain technological capabilities for global security. A key player in the leading strategi...,Intelligence / ISR,Land defense; Air defense,,Contact sales team and qualify need,
Leonardo DRS,http://www.leonardodrs.com/,États-Unis,ARLINGTON,https://www.linkedin.com/company/leonardodrs/,Eurosatory 2026 Catalog,D,New,Qualifier l'activité avant tout pitch ciblé.,Leonardo DRS is at the forefront of developing transformative defense technologies using its proven agility and delivering innovative solutions for U.S. nati...,Other,,,No immediate action,
LEROY AUTOMATION,https://www.leroy-automation.com/,France,Labège,,Eurosatory 2026 Catalog,D,New,Qualifier l'activité avant tout pitch ciblé.,To enrich,Other,,,No immediate action,
"Leupold & Stevens, Inc.",https://www.leupold.com/,États-Unis,Beaverton,,Eurosatory 2026 Catalog,D,New,Qualifier l'activité avant tout pitch ciblé.,To enrich,Other,,,No immediate action,
LFE,,France,LE CHESNAY,,Eurosatory 2026 Catalog,D,New,Qualifier l'activité avant tout pitch ciblé.,To enrich,Other,,,No immediate action,
LGM,http://www.lgm.group/,France,VELIZY-VILLACOUBLAY,https://www.linkedin.com/company/lgmgroup/posts/?feedView=all,Eurosatory 2026 Catalog,B,New,"Radars, sonars, comms, armement, sustainment pour primes navals.","Specialised in management and engineering solutions, LGM group is dedicated to meeting the efficiency and sovereignty requirements of large-scale complex pro...",Naval defense,Logistics / MRO; Engineering services,,Review website and validate opportunity,
LIBNER SAS,http://libner.fr/,France,SAINT MAIXENT L'ECOLE,https://www.linkedin.com/company/5142483/,Eurosatory 2026 Catalog,C,New,"Pièces de rechange, calibration, certification pour acteurs MRO.","LIBNER SAS designs and offers solutions dedicated to the military sector, including body systems for heavy vehicles such as the STAM, an innovative solution ...",Logistics / MRO,Air defense; Industrial subcontracting,,Keep in watchlist,
Liebherr Group,http://www.liebherr.com/,Allemagne,BIBERACH/RISS,https://www.linkedin.com/company/liebherr/posts/?feedView=all&viewAsMember=true,Eurosatory 2026 Catalog,A,New,"Radars, sonars, comms, armement, sustainment pour primes navals.","At Eurosatory 2026, Liebherr will present a selection of technologies, systems and components for defense and security applications. As a technology partner ...",Naval defense,Cybersecurity; Optics / optronics,,Contact sales team and qualify need,
LIFE SHIELD MILITARY INDUSTRIES,http://lifeshield.com.sa/,Arabie saoudite,RIYADH,https://www.linkedin.com/company/lifeshieldksa,Eurosatory 2026 Catalog,A,New,"Capteurs, payloads optroniques, communications pour plateformes ISR.",LIFE SHIELD is a Saudi company established in 1968. The company has had a long experience in the military and security field. The Company is specialized in m...,Intelligence / ISR,Air defense; Naval defense,,Contact sales team and qualify need,
LIG Defense&Aerospace,http://www.ligdefenseaerospace.com/,Corée du Sud,SEOUL,,Eurosatory 2026 Catalog,B,New,"Fournisseur de batteries, moteurs, optronique, RF, composites pour fabricants UAV.","LIG Defense&Aerospace is a leading defense company in Korea, delivering advanced technologies for the future of warfare. We offer comprehensive capabilities ...",UAV / drones,Naval defense; Cybersecurity,,Review website and validate opportunity,
LIGHTSPACE TECHNOLOGIES,https://www.lightspace3d.com/,Lettonie,MARUPE,,Eurosatory 2026 Catalog,D,New,Qualifier l'activité avant tout pitch ciblé.,To enrich,Other,,,No immediate action,
Lindner & Fischer,https://www.lindner-fischer.com/,Allemagne,LANGENAU,www.linkedin.com/company/lindnerfischer,Eurosatory 2026 Catalog,B,New,"Vend des sous-systèmes / composants à un OEM construisant Vehicles, Logistics equipment.","Natürlich gerne auch als Überbrückung, bis Ihr “Neuer” von Lindner & Fischer ausgeliefert wird. Kontaktieren Weiterlesen 1 2 3 … 5 Weiter » Lindner & Fischer Apr 04 2026 12 0 🐣🎁 Osterüberraschung bei L&F! Mehr ansehen share on Facebook Twit…",Armored vehicles,Air defense; Soldier systems,,Review website and validate opportunity,
LINE-X / PAXCON,http://www.line-x.fr/,France,SAINT-MARCELLIN,https://www.linkedin.com/company/line-x-france/,Eurosatory 2026 Catalog,D,New,Qualifier l'activité avant tout pitch ciblé.,To enrich,Other,,,No immediate action,
LIQTRA,https://www.liqtra.de/,Allemagne,HAMBURG,,Eurosatory 2026 Catalog,B,New,"Fournisseur de batteries, moteurs, optronique, RF, composites pour fabricants UAV.","Defense , PX-Series Defense Defense , PX-Series PX-Series Carrier Module for Drones LIQTRA successfully manufactured lightweight and durable carrier modules for drones using advanced pellet-based 3D printing. PX-Series FX-Series Success Sto…",UAV / drones,,,Review website and validate opportunity,
LISTA,http://www.lista.com/,Suisse,ERLEN,https://www.linkedin.com/company/lista-group,Eurosatory 2026 Catalog,B,New,"Pièces de rechange, calibration, certification pour acteurs MRO.","LISTA is a leading global supplier of storage and workplace equipment. With the LISTA System, we offer a complete range of high-quality solutions—from drawer...",Logistics / MRO,,,Review website and validate opportunity,
LITEF,http://www.litef.com/,Allemagne,FREIBURG,https://www.linkedin.com/company/ng-litef/,Eurosatory 2026 Catalog,B,New,"Amplis RF, processeurs signal, embarqué, antennes pour EW.",LITEF is one of the leading companies in the development and manufacturing of navigation and sensor systems. The company's expertise is based on German techn...,Electronic warfare,Land defense; Naval defense,,Review website and validate opportunity,
LiveDrop,http://www.livedrop.eu/,Pays-Bas,EINDHOVEN,,Eurosatory 2026 Catalog,A,New,"Composants, sous-systèmes, software, services pour primes C4ISR.",Why LiveDrop Products Regular Defence & Security Industries Defence & Security Cyber Security Healthcare Other Tech How it works What makes it unique Company About LiveDrop About us FAQ's News Contact Contact us In control. LiveDrop deliver…,C4ISR,Cybersecurity; UAV / drones,,Contact sales team and qualify need,
LKOMITROS STEEL SA,https://www.lykomitros-steel.gr/,Grèce,VOLOS,,Eurosatory 2026 Catalog,D,New,Qualifier l'activité avant tout pitch ciblé.,To enrich,Other,,,No immediate action,
"LLC ""VYRIY INDUSTRY",https://www.vyriy.com/,Ukraine,Kyiv,,Eurosatory 2026 Catalog,C,New,Sub-system / payload pour OEM drones tactiques.,"We're working on building our website in English to bring you the best drone technology and accessories. MARA LITE Ретранслятор на дрон-носій 37 000 грн TERRA Scream 5.8 ГГц Дротовий ретранслятор 31 000 грн. In the meantime, you can check o…",UAV / drones,,,Keep in watchlist,
LLC Oko Camera,http://oko.camera/en,Ukraine,Kyiv,https://www.linkedin.com/company/oko-camera/,Eurosatory 2026 Catalog,B,New,"Capteurs, payloads optroniques, communications pour plateformes ISR.","Oko Camera is a Ukrainian product company founded in 2022 that designs and manufactures ultra-sensitive thermal imaging cameras for unmanned systems, includi...",Intelligence / ISR,UAV / drones; Soldier systems,,Review website and validate opportunity,
LMB Fans & Motors,https://www.lmbaerospace.com/,France,MALEMORT SUR CORREZE,,Eurosatory 2026 Catalog,D,New,Qualifier l'activité avant tout pitch ciblé.,To enrich,Other,,,No immediate action,
LMT DEFENSE,http://www.lmtdefense.com/,États-Unis,ELDRIDGE,https://www.linkedin.com/company/lewis-machine-&-tool-co/posts/?feedView=all,Eurosatory 2026 Catalog,B,New,"Vend des sous-systèmes / composants à un OEM construisant Optronics / Optics, Weapons.","Since 1980 Lewis Machine & Tool Company (LMT®) has provided the US Military, law enforcement and government agencies with precision engineered, high quality ...",Land defense,Naval defense; Homeland security,,Review website and validate opportunity,
LN INNOV,https://www.lninnov.com/,France,VERSAILLES,,Eurosatory 2026 Catalog,D,New,Qualifier l'activité avant tout pitch ciblé.,To enrich,Other,,,No immediate action,
Lockheed Martin,http://www.lockheedmartin.com/,États-Unis,ORLANDO,,Eurosatory 2026 Catalog,D,New,Qualifier l'activité avant tout pitch ciblé.,To enrich,Other,,,No immediate action,
LOGAERO SERVICES,https://www.logaero.fr/,France,Le Thillay,,Eurosatory 2026 Catalog,D,New,Qualifier l'activité avant tout pitch ciblé.,To enrich,Other,,,No immediate action,
LOGIC INSTRUMENT,https://logic-instrument.com/,France,IGNY,https://www.linkedin.com/company/131444/admin/dashboard/,Eurosatory 2026 Catalog,D,New,Qualifier l'activité avant tout pitch ciblé.,To enrich,Other,,,No immediate action,
LoXoLock Ltd.,https://loxolock.com/,Hongrie,Budapest,,Eurosatory 2026 Catalog,B,New,"Outils SOC/SIEM, brique de sécurité défensive pour vendeur cyber.","Works with existing security protocols, including remote access management. Get product overview Who Benefits Military deployments Equip soldiers with secure weapons faster, reducing admin time and improving readiness when every second coun…",Cybersecurity,Naval defense; Homeland security,,Review website and validate opportunity,
LPP,http://www.lp-praha.cz/,République tchèque,PRAGUE,https://www.linkedin.com/company/lpp-holding-a-s,Eurosatory 2026 Catalog,B,New,"Capteurs, payloads optroniques, communications pour plateformes ISR.","LPP delivers advanced autonomous solutions for global security. Our portfolio includes the combat-proven MTS, available in three configurations, plus the new...",Intelligence / ISR,Land defense; UAV / drones,,Review website and validate opportunity,
LR Pure Group,http://www.lr-pure.com/,Allemagne,BEILNGRIES,https://www.linkedin.com/company/105510190/admin/dashboard/,Eurosatory 2026 Catalog,B,New,"Verre spécial, détecteurs, mécanique de précision pour optronique.",We reduce supply chain complexity for defense programs through fully integrated engineering and manufacturing of ultra-high purity gas and fluid systems. Our...,Optics / optronics,Logistics / MRO,,Review website and validate opportunity,
LS MTRON LTD.,http://www.lstrackshoe.com/,Corée du Sud,"Wanju-gun, Jeonbuk-do",,Eurosatory 2026 Catalog,D,New,Qualifier l'activité avant tout pitch ciblé.,To enrich,Other,,,No immediate action,
LTMilTech,https://ltmiltech.com/,Lituanie,Vilkija,,Eurosatory 2026 Catalog,C,New,Sub-system / payload pour OEM drones tactiques.,Sužinokite apie mūsų dronus Naujienos: UAB „LTMilTech“ eksporto plėtra ir tarptautiškumo stiprinimas Įgyvendinamo projekto tikslas – stiprinti UAB „LTMilTech“ konkurencingumą tarptautinėse rinkose bei skatinti produkcijos eksporto plėtrą. L…,UAV / drones,Intelligence / ISR; C4ISR,,Keep in watchlist,
Lubawa SA,https://lubawa.com.pl/en/,Pologne,Grudziądz,,Eurosatory 2026 Catalog,D,New,Qualifier l'activité avant tout pitch ciblé.,To enrich,Other,,,No immediate action,
LUCE HYDRO,https://luce-hydro.fr/,France,CHATEAUBOURG,,Eurosatory 2026 Catalog,D,New,Qualifier l'activité avant tout pitch ciblé.,To enrich,Other,,,No immediate action,
Lucius & Baer GmbH,https://www.lucius-baer.com/,Allemagne,Geretsried,,Eurosatory 2026 Catalog,B,New,"Front-ends RF, processeurs, mécanique de précision pour fabricants radars.","Defence Our tactical equipment is characterised by its outstanding quality and functionality. With strict quality standards, we offer tactical equipment that is suitable for various operational environments . We build what we believe in Qua…",Radar / sensors,Naval defense; Logistics / MRO,,Review website and validate opportunity,
Luma Automation S.A,https://lumaautomation.eu/,Pologne,Łaziska Górne,,Eurosatory 2026 Catalog,C,New,Activité à qualifier — discovery call avant pitch précis.,"Stabilne zatrudnienie w międzynarodowej grupie Możliwość rozwoju zawodowego i awansu Dostęp do nowoczesnych technologii i narzędzi Przyjazna atmosfera i wsparcie zespołu Szkolenia stanowiskowe i branżowe Luma Automation S.A. Ungarn, Węgry i…",Other,,,Keep in watchlist,
LUMIBIRD PHOTONICS SWEDEN,https://www.lumibird.com/,Suède,GOTEBORG,,Eurosatory 2026 Catalog,D,New,Qualifier l'activité avant tout pitch ciblé.,To enrich,Other,,,No immediate action,
Luna Robotics,http://www.lunarobotics.eu/,Lituanie,Vilnius,https://www.linkedin.com/company/luna-robotics-uab/posts/?feedView=all,Eurosatory 2026 Catalog,A,New,"Fournisseur de batteries, moteurs, optronique, RF, composites pour fabricants UAV.","Luna Robotics is a Lithuanian company specializing in advanced day/night and enhanced night-vision camera systems for FPV drones, developed specifically for ...",UAV / drones,Homeland security; Optics / optronics,,Contact sales team and qualify need,
LuxDefence,https://www.luxdefence.lu/,Luxembourg,Kirchberg Luxembourg,,Eurosatory 2026 Catalog,D,New,Qualifier l'activité avant tout pitch ciblé.,To enrich,Other,,,No immediate action,
LUXEMBOURG INSTITUTE OF SCIENCE AND TECHNOLOGY (LIST),https://www.list.lu/,Luxembourg,ESCH SUR ALZETTE,,Eurosatory 2026 Catalog,D,New,Qualifier l'activité avant tout pitch ciblé.,To enrich,Other,,,No immediate action,
LUXEMBOURG TRADE & INVEST,http://luxembourgtradeandinvest.com/,Luxembourg,LUXEMBOURG,https://www.linkedin.com/company/luxembourg-trade-and-invest/posts/?feedView=all,Eurosatory 2026 Catalog,B,New,"Vend des sous-systèmes / composants à un OEM construisant Logistics equipment, Communications networks.","Luxembourg Trade & Invest is a joint initiative for the economic promotion of Luxembourg, focused on highlighting the country’s supportive business environme...",Space / satellite,Cybersecurity; Armored vehicles,,Review website and validate opportunity,
LUXGOVSAT S.A.,http://govsat.lu/,Luxembourg,BETZDORF,https://lu.linkedin.com/company/govsat,Eurosatory 2026 Catalog,C,New,Vend des sous-systèmes / composants à un OEM construisant Satellites / Space.,"GovSat is a public-private joint venture between the Luxembourg government and satellite operator SES, founded in 2015 to provide secure, reliable, and high-...",Space / satellite,Logistics / MRO,,Keep in watchlist,
LUXUAV,https://www.luxuav.com/,Luxembourg,Luxembourg,,Eurosatory 2026 Catalog,B,New,"Composants, sous-systèmes, software, services pour primes C4ISR.","Scalable by Design LUXUAV delivers capabilities that are industrially viable from day one, designed to scale across missions, production volumes and operational timelines. Layer A Altitude: 0-300m Low Altitude mission nodes Layer B Altitude…",C4ISR,Air defense; Intelligence / ISR,,Review website and validate opportunity,
LV Equipment BV,http://www.lvequipment.nl/,Pays-Bas,SINT MAARTENSDIJK,,Eurosatory 2026 Catalog,B,New,"Vend des sous-systèmes / composants à un OEM construisant Optronics / Optics, Soldier equipment.","LV Equipment BV (LV), a wholesale company based in the Netherlands, supplies products to end users in the military and law enforcement sectors. Distribution ...",Soldier systems,Land defense; Homeland security,,Review website and validate opportunity,
LV-Teh SIA,http://www.lvteh.lv/home/,Lettonie,Riga,,Eurosatory 2026 Catalog,B,New,Vend une brique du chain detection-effector aux primes anti-drone.,"LV-Teh produces unmanned ground vehicles (UGV or robotized ground platforms), robotic demining platforms (already used in Ukraine), various types of support ...",Counter-UAV,Air defense; Homeland security,,Review website and validate opportunity,
LYNRED,http://www.lynred.com/,France,VEUREY-VOROIZE,,Eurosatory 2026 Catalog,D,New,Qualifier l'activité avant tout pitch ciblé.,To enrich,Other,,,No immediate action,
LYSK,https://lysk.ai/,France,BOULOGNE-BILLANCOURT,,Eurosatory 2026 Catalog,D,New,Qualifier l'activité avant tout pitch ciblé.,To enrich,Other,,,No immediate action,
M&K LOGISTICS,http://www.meklogistics.com.br/,Brésil,SÃO BERNARDO DO CAMPO – SP,,Eurosatory 2026 Catalog,D,New,Qualifier l'activité avant tout pitch ciblé.,To enrich,Other,,,No immediate action,
MAB ROBOTICS,https://www.mabrobotics.pl/,Pologne,POZNAŃ,https://www.linkedin.com/company/mabrobotics/,Eurosatory 2026 Catalog,B,New,"Capteurs, payloads optroniques, communications pour plateformes ISR.",To enrich,Intelligence / ISR,UAV / drones; Optics / optronics,,Review website and validate opportunity,
MAC JEE,http://www.macjee.com.br/,Brésil,PARAIBUNA,,Eurosatory 2026 Catalog,D,New,Qualifier l'activité avant tout pitch ciblé.,To enrich,Other,,,No immediate action,
Maccaferri - EBS MAC,https://www.maccaferri.com/it/,Italie,MILANO,https://www.linkedin.com/company/maccaferri/,Eurosatory 2026 Catalog,B,New,"Vend des sous-systèmes / composants à un OEM construisant Software / Platforms, Logistics equipment.",To enrich,Space / satellite,Logistics / MRO,,Review website and validate opportunity,
"MACK DEFENSE, LLC",https://www.mackdefense.com/,États-Unis,ALLENTOWN,,Eurosatory 2026 Catalog,A,New,"Composants, sous-systèmes, software, services pour primes C4ISR.","View Our Products Download Brochures Mack Defense, LLC, a wholly-owned subsidiary of Mack Trucks, Inc. Mack Defense, LLC is responsible for the sale of Mack Trucks and Volvo Trucks (to include parts) to all Federal/Ministerial level custome…",C4ISR,Land defense; Naval defense,,Contact sales team and qualify need,
Macrodyne Technologies Inc,http://www.macrodynepress.com/,Canada,CONCORD,https://www.linkedin.com/company/5174474,Eurosatory 2026 Catalog,A,New,"Vend des sous-systèmes / composants à un OEM construisant Vehicles, UAV / drones.","Macrodyne provides advanced press-based manufacturing solutions for critical defense components, including 155mm artillery shells, armor plates, tank tracks,...",Space / satellite,Naval defense; UAV / drones,,Contact sales team and qualify need,
MADES,http://www.mades.es/,Espagne,MALAGA,,Eurosatory 2026 Catalog,B,New,"Front-ends RF, processeurs, mécanique de précision pour fabricants radars.","In fact, MADES has evolved to the point where it has become a leading supplier of high-precision electronic systems and subsystems for the aerospace, defence and industrial markets. The growth and development of our workforce has enabled MA…",Radar / sensors,UAV / drones; Armored vehicles,,Review website and validate opportunity,
MAFELEC TEAM - PETERCEM SWITCHES - COMTRONIC,http://www.petercem.com/,France,CHIMILIN,https://www.linkedin.com/company/mafelec-team/,Eurosatory 2026 Catalog,D,New,Qualifier l'activité avant tout pitch ciblé.,To enrich,Other,,,No immediate action,
MAG IAS GMBH,http://www.ffg-ea.com/,Allemagne,EISLINGEN,https://www.linkedin.com/company/ffg-fairfriendgroup/,Eurosatory 2026 Catalog,C,New,"Vend des sous-systèmes / composants à un OEM construisant Software / Platforms, Weapons.",Highlights of manufacturing line for artillery shells State-of-the-art production processes for maximum efficiency and output Optimized quality in the formin...,Weapons,Ammunition,,Keep in watchlist,
MAGAM SAFTEY LTD.,https://magam-safety.com/,Israël,Nof Hagalil,,Eurosatory 2026 Catalog,C,New,"Moteurs, composites, plaques balistiques, optronique, comms pour OEM blindés.","Flexible tanks & Self sealing Flexible fuel cells, or bladder cells (tanks) , are used in modern military applications for liquid storage and transportation as a more effective and safe means of fuel containment. Their most popular use, , i…",Armored vehicles,Naval defense; Ballistic protection,,Keep in watchlist,
MAGELLIUM ARTAL GROUP,http://www.magellium.com/,France,RAMONVILLE-SAINT-AGNE,https://www.linkedin.com/company/magellium,Eurosatory 2026 Catalog,A,New,"Capteurs, payloads optroniques, communications pour plateformes ISR.",Magellium Artal Group is an intermediate-sized company of nearly 300 engineers and doctors offering high added-value solutions for civil and military uses. W...,Intelligence / ISR,Air defense; UAV / drones,,Contact sales team and qualify need,
MAGNA POWERTRAIN,https://engineering.mpt.magna.com/,Autriche,SANKT VALENTIN,,Eurosatory 2026 Catalog,D,New,Qualifier l'activité avant tout pitch ciblé.,To enrich,Other,,,No immediate action,
MAGPUL,http://magpul.com/government,États-Unis,AUSTIN TEXAS,https://www.linkedin.com/company/magpul-industries-corp/,Eurosatory 2026 Catalog,B,New,"Vend des sous-systèmes / composants à un OEM construisant Weapons, Logistics equipment.","Magpul uses mission-driven requirements to dictate design, material construction, and manufacturing methods to create the most rugged, reliable without sacri...",Intelligence / ISR,Land defense; Naval defense,,Review website and validate opportunity,
MAGYAR,http://www.magyar.fr/,France,DIJON,,Eurosatory 2026 Catalog,C,New,"Vend des sous-systèmes / composants à un OEM construisant Logistics equipment, Vehicles.","G. MAGYAR, a European leader in the design, manufacturing and sales of tanks for liquid transportation. Our product range for transportation and distribution...",Armored vehicles,Logistics / MRO,,Keep in watchlist,
MAHA SE & Co. KG.,https://www.maha.de/,Allemagne,HALDENWANG,,Eurosatory 2026 Catalog,A,New,"Front-ends RF, processeurs, mécanique de précision pour fabricants radars.",To enrich,Radar / sensors,Optics / optronics; Logistics / MRO,,Contact sales team and qualify need,
MAHLE,http://www.mahle.com/,Allemagne,KORNWESTHEIM,https://www.linkedin.com/company/mahle/,Eurosatory 2026 Catalog,A,New,"Visuel, motion, haptique, IA pour fabricants de simulateurs.",MAHLE Industrial Thermal Systems is part of the MAHLE Group and develops complex cooling and air conditioning systems together with customer for special vehi...,Simulation / training,Logistics / MRO; Engineering services,,Contact sales team and qualify need,
MAHR,http://www.mahr.com/,France,Igny,https://fr.linkedin.com/company/mahr-france,Eurosatory 2026 Catalog,A,New,"Textiles, composites, optronique, énergie pour kits soldat.","MAHR is an international company specialized in dimensional metrology and precision measurement solutions for industry. For more than 160 years, it has been ...",Soldier systems,Optics / optronics; Logistics / MRO,,Contact sales team and qualify need,
Maibach Industrie-Plastic,https://www.maibach-ipg.de/,Allemagne,EISLINGEN/FILS,,Eurosatory 2026 Catalog,D,New,Qualifier l'activité avant tout pitch ciblé.,To enrich,Other,,,No immediate action,
Maintenance Industrielle sur Site,http://mis-france.com/,France,Beauvais,https://www.linkedin.com/company/m.i.s/?viewAsMember=true,Eurosatory 2026 Catalog,C,New,"Pièces de rechange, calibration, certification pour acteurs MRO.","Notre expertise couvre la mécanique, l’électricité, l’automatisme et l’usinage. Vous aussi, faites confiance à MIS pour assurer la performance et la pérennité de vos installations ! Je découvre Nos prestations Mécanique Nous assurons la con…",Logistics / MRO,Air defense; Engineering services,,Keep in watchlist,
MAINTLOG,http://www.maintlog.fr/,France,RILLIEUX LA PAPE,https://linkedin.com/company/maintlog?originalSubdomain=fr,Eurosatory 2026 Catalog,B,New,"Front-ends RF, processeurs, mécanique de précision pour fabricants radars.","MAINTLOG, founded in 2004, is a purchasing and services hub dedicated to the armed forces and defence industries. Its core business focuses on international ...",Radar / sensors,Land defense; Air defense,,Review website and validate opportunity,
MAISONNEUVE SAS,https://www.maisonneuve-citerne.com/,France,CERENCES,,Eurosatory 2026 Catalog,D,New,Qualifier l'activité avant tout pitch ciblé.,To enrich,Other,,,No immediate action,
Makel Mekanik Mühendislik,http://www.suprobox.com/,Turquie,ISTANBUL,,Eurosatory 2026 Catalog,D,New,Qualifier l'activité avant tout pitch ciblé.,"Makel stands out as a leading design, engineering, and manufacturing company dedicated to creating the highest quality transport and storage cases. With our ...",Other,,,No immediate action,
MAKINE VE KIMYA ENDUSTRISI,https://www.mke.gov.tr/,Turquie,ANKARA,,Eurosatory 2026 Catalog,D,New,Qualifier l'activité avant tout pitch ciblé.,To enrich,Other,,,No immediate action,
MANITOU,http://www.manitou.com/defence-market,France,ANCENIS CEDEX,,Eurosatory 2026 Catalog,C,New,Vend des sous-systèmes / composants à un OEM construisant Communications networks.,"For over 30 years, Manitou has provided robust and air-transportable all-terrain handling solutions for Defense. Our machines (up to 35t capacity, 42m height...",Logistics / MRO,Export / distribution,,Keep in watchlist,
MANN+HUMMEL,https://oem.mann-hummel.com/de.html,Allemagne,LUDWIGSBURG,,Eurosatory 2026 Catalog,D,New,Qualifier l'activité avant tout pitch ciblé.,To enrich,Other,,,No immediate action,
Mantis,https://www.mantisx.com/,États-Unis,OSWEGO,,Eurosatory 2026 Catalog,D,New,Qualifier l'activité avant tout pitch ciblé.,To enrich,Other,,,No immediate action,
Manufacture du Haut Rhin (Manurhin),http://www.mhr-defense.com/,France,MULHOUSE CEDEX,https://www.linkedin.com/company/manufacture-haut-rhin/mycompany,Eurosatory 2026 Catalog,B,New,"Matériaux énergétiques, mécanique, packaging, certification.","Our capabilities span all military, security, sport and hunting calibers. Our solutions are state-of-the-art and tailor-made in terms of caliber, project schedule, capacity and budget. As a turnkey solution provider, we do not only design s…",Ammunition,Logistics / MRO,,Review website and validate opportunity,
MANUFACTURE FRANCAISE DES PNEUMATIQUES,https://defense.michelingroup.com/,France,CLERMONT FERRAND CEDEX 9,,Eurosatory 2026 Catalog,D,New,Qualifier l'activité avant tout pitch ciblé.,To enrich,Other,,,No immediate action,
Marathon Targets,https://www.marathon-targets.com/,États-Unis,HUNTSVILLE,,Eurosatory 2026 Catalog,D,New,Qualifier l'activité avant tout pitch ciblé.,To enrich,Other,,,No immediate action,
MARCK & BALSAN,http://www.marcketbalsan.fr/,France,GENNEVILLIERS,https://www.linkedin.com/company/marcketbalsan/,Eurosatory 2026 Catalog,B,New,"Fournisseur de batteries, moteurs, optronique, RF, composites pour fabricants UAV.","Marck & Balsan is a French industrial company, reference in the field of clothing and equipment for administrations and private companies, in France and abro...",UAV / drones,Logistics / MRO,,Review website and validate opportunity,
MARDUK TECHNOLOGIES,https://www.marduk.ee/,Estonie,TALLINN,,Eurosatory 2026 Catalog,D,New,Qualifier l'activité avant tout pitch ciblé.,To enrich,Other,,,No immediate action,
MARINE INSTRUMENTS,https://www.marineinstruments.es/,Espagne,NIGRÁN,,Eurosatory 2026 Catalog,D,New,Qualifier l'activité avant tout pitch ciblé.,To enrich,Other,,,No immediate action,
Maritan Glass S.r.l.,https://www.maritanglass.com/it,Italie,CASALSERUGO (PD),https://www.linkedin.com/company/maritanglass,Eurosatory 2026 Catalog,D,New,Qualifier l'activité avant tout pitch ciblé.,We can't wait to see you there! #DubaiBoatShow #MaritanGlass #MaritimeInnovation Condividi articolo: 06 feb 2026 EUROSHOP 2026 - DUSSELDORF Vai alla notizia 01 ott 2025 METS TRADE 2025 - AMSTERDAM Vai alla notizia 18 set 2024 METS TRADE 202…,Naval defense,,,No immediate action,
Maritan Glass S.r.l.,https://www.maritanglass.com/,Italie,CASALSERUGO (PD),,Eurosatory 2026 Catalog,D,New,Qualifier l'activité avant tout pitch ciblé.,To enrich,Other,,,No immediate action,
Markforged,http://markforged.com/,États-Unis,WALTHAM,https://www.linkedin.com/company/markforged/,Eurosatory 2026 Catalog,D,New,Qualifier l'activité avant tout pitch ciblé.,"Markforged provides an industrial 3D printing platform at the point of need, allowing military and security professionals to reliably, securely and cost-effe...",Other,,,No immediate action,
MARLOW ROPES LTD,http://www.marlowropes.com/,Royaume-Uni,HAILSHAM,https://www.linkedin.com/company/marlow-ropes-ltd/,Eurosatory 2026 Catalog,A,New,"Radars, sonars, comms, armement, sustainment pour primes navals.",Marlow Ropes is a British manufacturer of synthetic fibre ropes with over 200 years of expertise. Our products deliver dependable performance and have been r...,Naval defense,Armored vehicles; Radar / sensors,,Contact sales team and qualify need,
MAROM DOLPHIN,http://www.marom-dolphin.com/,Israël,AFULA,,Eurosatory 2026 Catalog,D,New,Qualifier l'activité avant tout pitch ciblé.,To enrich,Other,,,No immediate action,
Marposs,http://www.marposs.com/,États-Unis,Auburn Hills,https://www.linkedin.com/company/marposs/,Eurosatory 2026 Catalog,A,New,"Front-ends RF, processeurs, mécanique de précision pour fabricants radars.","Marposs is a global leader in precision measurement and process control solutions for advanced manufacturing. Founded in Italy in 1952, the company operates ...",Radar / sensors,Logistics / MRO,,Contact sales team and qualify need,
MARREL SAS,http://www.marrel.com/,France,ANDREZIEUX BOUTHEON CEDEX,https://www.linkedin.com/company/marrel-sas/,Eurosatory 2026 Catalog,D,New,Vend des sous-systèmes / composants à un OEM construisant Vehicles.,"For over 100 years, Marrel has been developing, manufacturing, and distributing hydraulic lifting systems for industrial vehicles, including the Ampliroll® h...",Other,,,No immediate action,
MARS A.S.,https://eshop.marsjev.cz/,République tchèque,JEVÍČKO,,Eurosatory 2026 Catalog,D,New,Qualifier l'activité avant tout pitch ciblé.,To enrich,Other,,,No immediate action,
MARS Armor,http://www.marsarmor.com/,Bulgarie,KOSTINBROD,https://www.linkedin.com/company/mars-armor,Eurosatory 2026 Catalog,B,New,"Textiles, composites, optronique, énergie pour kits soldat.","MARS Armor specializes in the development and production of high-quality body armor and ballistic protection solutions for military, law enforcement, and sec...",Soldier systems,Homeland security; Ammunition,,Review website and validate opportunity,
MASA GROUP,http://masasim.com/,France,PARIS,https://www.linkedin.com/company/masa-group/,Eurosatory 2026 Catalog,B,New,"Capteurs, payloads optroniques, communications pour plateformes ISR.","MASA Group is the world leader in training and simulation for military staff and crisis management services, thanks to its SWORD and SYNERGY software. Its ex...",Intelligence / ISR,Land defense; Naval defense,,Review website and validate opportunity,
MASCHINENFABRIK LIEZEN UND GIESSEREI GMBH,https://www.mfl.at/en/,Autriche,LIEZEN,,Eurosatory 2026 Catalog,B,New,"Moteurs, composites, plaques balistiques, optronique, comms pour OEM blindés.","Read more Occupational Safety Safety and health protection, accident prevention and plant safety are basic objectives of MFL. We wish to point out to you that an appropriate level of data protection may not exist in the USA at a given point…",Armored vehicles,Ammunition,,Review website and validate opportunity,
Masperotech Srl,http://www.masperotech.it/,Italie,MONZA,https://www.linkedin.com/company/masperotech/?viewAsMember=true,Eurosatory 2026 Catalog,B,New,"Textiles, composites, optronique, énergie pour kits soldat.","Masperotech is a European leader in the hot forging and precision machining of non-ferrous metals. Among our diversified industrial capabilities, our proven ...",Soldier systems,Naval defense; Simulation / training,,Review website and validate opportunity,
Mastsystem,http://mastsystem.com/,Finlande,HEINÄVAARA,https://www.linkedin.com/company/mastsystem,Eurosatory 2026 Catalog,B,New,"Amplis RF, processeurs signal, embarqué, antennes pour EW.","Since our first deliveries in 1984 we have been trustworthy provider of tactical telescopic mast systems. During this nearly 40-year history, our products ha...",Electronic warfare,Homeland security; Radar / sensors,,Review website and validate opportunity,
Materialise NV,https://www.materialise.be/,Belgique,LEUVEN,,Eurosatory 2026 Catalog,A,New,"Fournisseur de batteries, moteurs, optronique, RF, composites pour fabricants UAV.","Academia Powerful, clinically accepted R&D software and hardware provide research teams with personalized engineering, analysis, and simulation tools to perform their work. We develop our products and services based on decades of experience…",UAV / drones,Air defense; Naval defense,,Contact sales team and qualify need,
MATERNA VIRTUAL SOLUTION GMBH,http://www.virtual-solution.com/,Allemagne,MÜNCHEN,,Eurosatory 2026 Catalog,B,New,"Amplis RF, processeurs signal, embarqué, antennes pour EW.","Materna Virtual Solution, a company of the Materna Group, specializes in secure ultra-mobile working and is a recognized expert in mobile security for public...",Electronic warfare,Cybersecurity; Radar / sensors,,Review website and validate opportunity,
MATISEC,http://www.matisec.fr/,France,VAULX-MILIEU,https://www.linkedin.com/company/matisec,Eurosatory 2026 Catalog,B,New,"Sous-systèmes, composites, certification pour primes terrestres.","For the past 50 years, MATISEC has been the European leader in safety equipment for work conducted in hazardous environments. MATISEC designs, manufactures a...",Land defense,Air defense; Logistics / MRO,,Review website and validate opportunity,
MATRA ELECTRONIQUE,https://www.matra-electronique.fr/,France,LACROIX ST OUEN,,Eurosatory 2026 Catalog,D,New,Qualifier l'activité avant tout pitch ciblé.,To enrich,Other,,,No immediate action,
MATUZA TACTICAL,http://matuza-tactical.lt/,Lituanie,Kilučiai,,Eurosatory 2026 Catalog,D,New,Qualifier l'activité avant tout pitch ciblé.,Matuza Tactical is a veteran-founded family-owned company specializing in the design and manufacture of tactical gear. The company produces high-quality equi...,Other,,,No immediate action,
MAURIN FIXATION,https://fixation.emile-maurin.fr/fr/,France,LYON CEDEX 09,,Eurosatory 2026 Catalog,D,New,Qualifier l'activité avant tout pitch ciblé.,To enrich,Other,,,No immediate action,
MAXON nternational ltd.,http://www.maxonmotor.com/,Suisse,SACHSELN,,Eurosatory 2026 Catalog,A,New,"Fournisseur de batteries, moteurs, optronique, RF, composites pour fabricants UAV.","Our communications specialists will be happy to provide information on editorial topics and stories from the world of maxon. From individual prototypes to large-scale production.\u003c/p\u003e"",""plaintext"":""DC and BLDC motors, gearheads, se…",UAV / drones,Radar / sensors; Logistics / MRO,,Contact sales team and qualify need,
MBDA,http://www.mbda-systems.com/,France,LE PLESSIS ROBINSON CEDEX.,,Eurosatory 2026 Catalog,D,New,Qualifier l'activité avant tout pitch ciblé.,To enrich,Other,,,No immediate action,
MC2 TECHNOLOGIES,http://www.mc2-technologies.com/,France,VILLENEUVE D'ASCQ,https://www.linkedin.com/company/mc2technologies,Eurosatory 2026 Catalog,A,New,"Capteurs, payloads optroniques, communications pour plateformes ISR.","Founded in a research laboratory specializing in nano- and microelectronics, MC2 Technologies has become a key player in the security and defense sectors. ...",Intelligence / ISR,Land defense; Air defense,,Contact sales team and qualify need,
McQ Inc.,https://www.mcqinc.com/,États-Unis,22405,,Eurosatory 2026 Catalog,D,New,Qualifier l'activité avant tout pitch ciblé.,To enrich,Other,,,No immediate action,
MCSA,http://www.mcsa.fr/,France,MEREAU,https://www.linkedin.com/company/mcsa-celerc,Eurosatory 2026 Catalog,C,New,"Front-ends RF, processeurs, mécanique de précision pour fabricants radars.","Créé en 2005 à la suite de différentes acquisitions et créations, MCSA se développe avec une vision à long terme favorisant les investissements technologiques et humains. MCSA SET possède aussi les certifications PART 21G et PART 145. Merci…",Radar / sensors,Simulation / training; Logistics / MRO,,Keep in watchlist,
MDH DEFENCE,http://www.mdhdefence.com/,Royaume-Uni,AMESBURY,,Eurosatory 2026 Catalog,D,New,Qualifier l'activité avant tout pitch ciblé.,To enrich,Other,,,No immediate action,
ME Mobil Elektronik GmbH,https://www.mobil-elektronik.com/,Allemagne,LANGENBRETTACH,https://www.linkedin.com/company/7354942,Eurosatory 2026 Catalog,B,New,"Threat intel, hardware appliances, cloud souverain, audits.","Folgende Kenntnisse werden vorausgesetzt: • Sehr gute Kenntnisse der Kfz-Elektrik und Hydraulikinstallation (ausgebildetes Fachpersonal) Dieses Dokument beschreibt die Installation der Systemkomponenten der ME MOBIL ELEKTRONIK GMBH, deren e…",Cybersecurity,Armored vehicles; Radar / sensors,,Review website and validate opportunity,
Mecalectro,http://www.mecalectro.com/,France,MASSY,https://www.linkedin.com/company/mecalectro-massy/,Eurosatory 2026 Catalog,D,New,Qualifier l'activité avant tout pitch ciblé.,To enrich,Other,,,No immediate action,
MÉCANICAS DE PRESICIÓN TEJEDOR (MTP),https://www.mptejedor.com/,Espagne,PINTO,,Eurosatory 2026 Catalog,D,New,"Vend des sous-systèmes / composants à un OEM construisant Software / Platforms, Robotics / UGV.",Inicio Empresa Medios de producción Calidad Clientes Contacto Inicio Empresa Medios de producción Calidad Clientes Contacto Empresa fundada en 1948. Con más de 30 años de especialización en el sector de Defensa. Empresa Empresa El mercado d…,Other,,,No immediate action,
MECANIUM,https://www.mecanium.fr/,France,Villeurbanne,,Eurosatory 2026 Catalog,D,New,Qualifier l'activité avant tout pitch ciblé.,To enrich,Other,,,No immediate action,
Mecanus Innovación,https://www.linkedin.com/company/mecanus-innovacion,Espagne,ZARAGOZA,https://www.linkedin.com/company/mecanus-innovacion,Eurosatory 2026 Catalog,D,New,Qualifier l'activité avant tout pitch ciblé.,To enrich,Other,,,No immediate action,
Mecapole,https://www.mecapole.fr/,France,SAINT CLAUDE,,Eurosatory 2026 Catalog,D,New,Qualifier l'activité avant tout pitch ciblé.,To enrich,Other,,,No immediate action,
Mecc Alte International S.A.,https://www.meccalte.com/,Italie,CREAZZO,https://www.linkedin.com/company/meccalte/,Eurosatory 2026 Catalog,A,New,"Pièces de rechange, calibration, certification pour acteurs MRO.","Learn more Our Brands Our brand is what our customers think of us, and how we view ourselves. As a business, we offer our clients a combination of world-class expertise and products. Learn more NEWS 2024 Sustainability Report now available …",Logistics / MRO,Land defense; Naval defense,,Contact sales team and qualify need,
MECCATRONICA,http://www.automazionispeciali.it/,Italie,PREGANZIOL,,Eurosatory 2026 Catalog,C,New,"Threat intel, hardware appliances, cloud souverain, audits.","E-FORM: THE INNOVATIVE ELECTRIC PRESS FOR COMPOSITE MATERIALS Innovation, constant investment in training, team working are the principles that guide Meccatr...",Cybersecurity,,,Keep in watchlist,
MECH COMPONENTS PRIVATE LIMITED,http://www.patodiagroup.net/,Inde,HYDERABAD,,Eurosatory 2026 Catalog,C,New,Vend des sous-systèmes / composants à un OEM construisant Ammunition.,"Manufactures precision fuzes, fuze components, shells with driving bands, cartridge cases, primers, actuating devices, warhead components and Safe & Arm Devi...",Ammunition,,,Keep in watchlist,
MEDIA INDIA,,France,PARIS,,Eurosatory 2026 Catalog,D,New,Qualifier l'activité avant tout pitch ciblé.,To enrich,Other,,,No immediate action,
Mehler Protection,https://mehler-systems.com/,Allemagne,FULDA,https://www.linkedin.com/company/mehler-vario-system-gmbh/mycompany/,Eurosatory 2026 Catalog,A,New,"Vend des sous-systèmes / composants à un OEM construisant Ballistic protection, Vehicles.","LIFESAVING PRECISION MADE IN GERMANY High-quality ballistic-protection products from Mehler Protection are proudly 100% designed, engineered, and manufactured at the company’s fully integrated facility located in Fulda and Königslutter. The…",Soldier systems,Naval defense; Homeland security,,Contact sales team and qualify need,
MEN,http://www.men-defencetec.com/,Allemagne,NASSAU / LAHN,,Eurosatory 2026 Catalog,B,New,"Vend des sous-systèmes / composants à un OEM construisant Weapons, Ammunition.","For nearly 70 years, MEN has stood for first-class quality and reliable function. An internationally successful company with excellent reputation in the sect...",Weapons,Homeland security; Ammunition,,Review website and validate opportunity,
MENATEK DEFENSE TECHNOLOGIES,http://www.menatek.com.tr/,Turquie,ÜMRANIYE / ISTANBUL,https://linkedin.com/company/menatek-defense-technologies,Eurosatory 2026 Catalog,A,New,"Front-ends RF, processeurs, mécanique de précision pour fabricants radars.",Menatek Defense Technologies is the leading high-tech manufacturer and the largest supply chain leader of Türkiye and the MENA Region on heavy to light milit...,Radar / sensors,Land defense; Naval defense,,Contact sales team and qualify need,
Mencl Advanced Systems s.r.o.,http://www.masystems.eu/,République tchèque,Ohrazenice,,Eurosatory 2026 Catalog,C,New,"Usinage de précision, matériaux, optronique, composants munitions ITAR-friendly.","Mencl Advanced Systems is a premier provider specializing in the comprehensive development, production, and global supply of inert ammunition. We pride ourse...",Weapons,Ammunition,,Keep in watchlist,
mentec GmbH,http://www.mentec.de/,Allemagne,Surberg,https://www.linkedin.com/company/mentec-gmbh,Eurosatory 2026 Catalog,C,New,"Verre spécial, détecteurs, mécanique de précision pour optronique.",Customized plastic enclosures from mentec® will convince your customers! For 25 years we produce individual housings without tooling costs - even in small qu...,Optics / optronics,,,Keep in watchlist,
"MEOPTA SYSTEMS, S.R.O.",http://www.meopta.com/,République tchèque,PREROV,,Eurosatory 2026 Catalog,D,New,Qualifier l'activité avant tout pitch ciblé.,To enrich,Other,,,No immediate action,
MERCEDES-BENZ AG,https://www.group.mercedes-benz.com/,Allemagne,Stuttgart,,Eurosatory 2026 Catalog,D,New,Qualifier l'activité avant tout pitch ciblé.,"Access Denied You don't have permission to access ""http://www.group.mercedes-benz.com/"" on this server. Reference #18.92c44d17.1777367624.c6228ef https://errors.edgesuite.net/18.92c44d17.1777367624.c6228ef",Other,,,No immediate action,
MERIN,http://www.merin.it/,Italie,CAPENA (RM),,Eurosatory 2026 Catalog,D,New,Qualifier l'activité avant tout pitch ciblé.,To enrich,Other,,,No immediate action,
MERIO,http://www.merio.fr/,France,SAINT-PAUL-TROIS-CHATEAU,,Eurosatory 2026 Catalog,D,New,Qualifier l'activité avant tout pitch ciblé.,To enrich,Other,,,No immediate action,
MERSEN Advanced Materials,http://www.mersen.com/,France,GENNEVILLIERS,https://www.linkedin.com/showcase/mersen-graphite-specialties/?viewAsMember=true,Eurosatory 2026 Catalog,D,New,Qualifier l'activité avant tout pitch ciblé.,"MERSEN, recognized globally for its expertise in advanced materials, offers an extensive portfolio of materials specifically engineered for the aerospace and...",Other,,,No immediate action,
MERTSAV DEFENCE,https://www.mertsav.com.tr/,Turquie,PENDİK,https://www.linkedin.com/company/mertsav-savunma-sistemleri/?viewAsMember=true,Eurosatory 2026 Catalog,C,New,Vend des sous-systèmes / composants à un OEM construisant Logistics equipment.,"Linkedin X-twitter Instagram Youtube Facebook Ürünlerimiz GÜÇLÜ Tasarım 5.56x45mm Piyade Tüfekleri PİYADE Tüfekleri En yeni model ailemiz MAR556 piyade tüfeği uzun yılların verdiği tecrübe ile NATO standartlarında üretilmektedir. MAR556, op…",C4ISR,,,Keep in watchlist,
"MESIT asd, s.r.o.",http://www.mesit.cz/,République tchèque,UHERSKE HRADISTE,https://www.linkedin.com/company/skupinamesit,Eurosatory 2026 Catalog,A,New,"RF, crypto, certification interopérabilité pour radios tactiques.",MESIT (MEMBER OF OMNIPOL GROUP) has developed and produced highly specialised products and systems. Their quality has been proven in the most demanding secto...,Communications,Land defense; Homeland security,,Contact sales team and qualify need,
METAL INDUSTRIES France,http://www.metal-industries.fr/,France,MAUREPAS,https://www.linkedin.com/company/metal-industries-france,Eurosatory 2026 Catalog,D,New,Qualifier l'activité avant tout pitch ciblé.,"Metal Industries France is your partner for supplying your needs in long steel products (carbon, alloy, stainless) in the form of bars, blanks, or tubes. Our...",Other,,,No immediate action,
METAL TECHNOLOGY GROUP - Angel Balevski Holding,https://www.mtgbg.com/,Bulgarie,SOFIA,,Eurosatory 2026 Catalog,D,New,Qualifier l'activité avant tout pitch ciblé.,To enrich,Other,,,No immediate action,
METALLIAGES,https://www.metalliages.fr/,France,BUC,,Eurosatory 2026 Catalog,D,New,Qualifier l'activité avant tout pitch ciblé.,To enrich,Other,,,No immediate action,
METEOROLOGICAL INSTRUMENTS,http://www.irdam.ch/,Suisse,YVERDON LES BAINS,,Eurosatory 2026 Catalog,D,New,Qualifier l'activité avant tout pitch ciblé.,To enrich,Other,,,No immediate action,
METRAVIB DEFENCE,http://www.metravib-defence.com/,France,LISSIEU,https://www.linkedin.com/showcase/metravib-defence-protection-of-people-sites-&-vehicles,Eurosatory 2026 Catalog,A,New,"Sous-systèmes, composites, certification pour primes terrestres.","Metravib Defence, a subsidiary of ACOEM Group created in 2019, provides defense and civil security actors with acoustic systems that detect and accurately id...",Land defense,Naval defense; Homeland security,,Contact sales team and qualify need,
METROHM France,https://www.metrohm.com/fr_fr.html,France,VILLEBON-SUR-YVETTE,https://www.linkedin.com/company/metrohm-france/,Eurosatory 2026 Catalog,D,New,Qualifier l'activité avant tout pitch ciblé.,To enrich,Other,,,No immediate action,
METROPACK,http://www.metropack.fr/,France,REIMS,https://www.linkedin.com/company/metropack/,Eurosatory 2026 Catalog,B,New,"Fournisseur de batteries, moteurs, optronique, RF, composites pour fabricants UAV.","METROPACK is the French leader in packaging qualification, particularly for sensitive equipment. Defense systems and critical equipment require robust, secur...",UAV / drones,Naval defense; Radar / sensors,,Review website and validate opportunity,
Meuser Optik,https://www.meuser-optik.com/,Allemagne,VILLMAR - AUMENAU,,Eurosatory 2026 Catalog,C,New,"Vend des sous-systèmes / composants à un OEM construisant Software / Platforms, Optronics / Optics.","Entdecken Sie, wie wir Ihre Vision mit maßgefertigten Produkten Wirklichkeit werden lassen Meuser Optik – wir machen die Welt sichtbarer Leistungen Maßgeschneiderte optische Lösungen mit höchsten Qualitätsstandards, modernster Technologie v…",Optics / optronics,,,Keep in watchlist,
MEVACO S.A.,https://www.mevaco.gr/,Grèce,ASPROPIRGOS,,Eurosatory 2026 Catalog,C,New,"Matières premières, outils coupants, services qualité pour sous-traitants.","""false"" : ""true""); }); dots.forEach((dot, n) => { dot.setAttribute(""aria-current"", n === index ?",Industrial subcontracting,,,Keep in watchlist,
MFS DEFENSE,http://mfs-ammunition.com/,Hongrie,SIROK,,Eurosatory 2026 Catalog,A,New,"Matériaux énergétiques, mécanique, packaging, certification.","MFS offers production and development of high quality small caliber ammunition for Military and LE customers worldwide, including ammunition for pistol, revo...",Ammunition,Homeland security; Logistics / MRO,,Contact sales team and qualify need,
"MIC, MHTI of Armenia",https://hightech.gov.am/en/,Armenia,YEREVAN,http://www.linkedin.com/shareArticle?mini=true&url=https://hightech.gov.am/en/hetadarj-kap/hetadarj-kapi-tvyalner&title=&summary=,Eurosatory 2026 Catalog,C,New,Vend des sous-systèmes / composants à un OEM construisant Ammunition.,Tax Privileges for Qualified R&D Programs Tax privileges are provided to Armenian tax-payer resident entities in case if their activities are qualified as scientific research and experimental development (R&D). License for the postal commun…,Ammunition,,,Keep in watchlist,
MICHIGAN ECONOMIC DEVELOPMENT CORPORATION,http://michiganbusiness.org/,États-Unis,LANSING,,Eurosatory 2026 Catalog,D,New,Qualifier l'activité avant tout pitch ciblé.,To enrich,Other,,,No immediate action,
Michigan Scientific Corporation,https://www.michsci.com/,États-Unis,Milford,,Eurosatory 2026 Catalog,D,New,Qualifier l'activité avant tout pitch ciblé.,To enrich,Other,,,No immediate action,
MICRON INSTRUMENTS PVT LTD,https://www.microninst.com/,Inde,CHANDIGARH,,Eurosatory 2026 Catalog,D,New,Qualifier l'activité avant tout pitch ciblé.,To enrich,Other,,,No immediate action,
MICROPIERRE SA,,France,BESANCON,,Eurosatory 2026 Catalog,D,New,Qualifier l'activité avant tout pitch ciblé.,To enrich,Other,,,No immediate action,
MICROPOL FIBEROPTIC,,Suède,ALED,,Eurosatory 2026 Catalog,D,New,Qualifier l'activité avant tout pitch ciblé.,To enrich,Other,,,No immediate action,
Microsoft,http://www.microsoft.com/,États-Unis,REDMOND.,,Eurosatory 2026 Catalog,B,New,"Visuel, motion, haptique, IA pour fabricants de simulateurs.","Acheter maintenant Donnez un nouvel élan à votre productivité Microsoft 365 réunit stockage cloud, sécurité avancée et Microsoft Copilot dans vos applications préférées, le tout dans une seule offre. Acheter maintenant Microsoft 365 Copilot…",Simulation / training,Naval defense,,Review website and validate opportunity,
Micross Components,https://www.micross.com/,États-Unis,MELVILLE,https://www.linkedin.com/company/micross-components/,Eurosatory 2026 Catalog,D,New,Qualifier l'activité avant tout pitch ciblé.,To enrich,Other,,,No immediate action,
MIFA,https://mifa.eu/nl/,Pays-Bas,Venlo,,Eurosatory 2026 Catalog,B,New,"Verre spécial, détecteurs, mécanique de précision pour optronique.","Contact Waarom kiezen onze klanten voor Mifa De precisie extrusie van Mifa geeft ontwerpers een enorme vormvrijheid, zonder de beperkingen van standaardnormen. Precisie extrusie Co-engineering Verticale integratie Proto tot series Wat produ…",Optics / optronics,Engineering services; Space / satellite,,Review website and validate opportunity,
MIILUX OY,https://www.miilux.com.tr/en/homepage,Turquie,ISTANBUL,,Eurosatory 2026 Catalog,D,New,Qualifier l'activité avant tout pitch ciblé.,To enrich,Other,,,No immediate action,
Miilux Oy,,Finlande,Raahe,,Eurosatory 2026 Catalog,D,New,Qualifier l'activité avant tout pitch ciblé.,To enrich,Other,,,No immediate action,
Mikkelin Kehitysyhtiö MIKSEI Oy / Etelä-Savo Goes Global,https://mikseimikkeli.fi/en/hanke/etela-savo-goes-global-2/,Finlande,Mikkeli,,Eurosatory 2026 Catalog,B,New,"Pièces de rechange, calibration, certification pour acteurs MRO.",The export and internationalization of companies plays a central role in the development of regions and their vitality. Export-oriented companies are more likely to hire new people and thereby also generate more tax revenue for the region. …,Logistics / MRO,Industrial subcontracting; Export / distribution,,Review website and validate opportunity,
MIKRO-PULSSI,http://www.mikro-pulssi.fi/,Finlande,TAMPERE,,Eurosatory 2026 Catalog,D,New,Qualifier l'activité avant tout pitch ciblé.,To enrich,Other,,,No immediate action,
Milda Technologies,http://milda.tech/,Lettonie,RIGA,,Eurosatory 2026 Catalog,C,New,"Vend des sous-systèmes / composants à un OEM construisant Vehicles, Robotics / UGV.","A cutting-edge, electric-powered unmanned land vehicle, designed for autonomous transportation of cargo and specialized equipment. It serves as a replacement...",Other,,,Keep in watchlist,
MilDef,http://www.mildef.com/,Suède,HELSINGBORG,https://www.linkedin.com/company/mildef-group/,Eurosatory 2026 Catalog,B,New,"Composants, sous-systèmes, software, services pour primes C4ISR.","At MilDef, we understand our customers’ challenges and the demands on every solution. We anticipate needs and act fast. Our flexible, robust systems are buil...",C4ISR,Land defense; Naval defense,,Review website and validate opportunity,
MILDEF INTERNATIONAL TECHNOLOGIES SDN BHD,http://mildef.com.my/,Malaisie,SEREMBAN,,Eurosatory 2026 Catalog,B,New,"Moteurs, composites, plaques balistiques, optronique, comms pour OEM blindés.","Mildef International Technologies is a key Malaysian defence firm advancing locally designed armoured vehicles, offering full lifecycle services from R&D to ...",Armored vehicles,Naval defense; Homeland security,,Review website and validate opportunity,
Milestone Aviation Services,,Arabie saoudite,RIYADH,,Eurosatory 2026 Catalog,D,New,Qualifier l'activité avant tout pitch ciblé.,To enrich,Other,,,No immediate action,
Military Defense Package / Military Box/ Container,https://www.ammodefensepackaging.com/,Chine,ZHANGJIAGANG CITY,,Eurosatory 2026 Catalog,B,New,"Vend des sous-systèmes / composants à un OEM construisant Ammunition, Vehicles.","MORE Military Storage Containers We manufacture the highest quality ammunition cans with using up to date techniques and modern materials to meet customer requirements. Denmark,Turkey,Switzerland,United Arab Emirates, and other Milddle East…",Armored vehicles,Homeland security; Weapons,,Review website and validate opportunity,
MILITARY EQUIPMENT DENMARK,http://www.med.dk/,Danemark,REGSTRUP,https://www.linkedin.com/company/2617834/admin/settings/,Eurosatory 2026 Catalog,B,New,"Sous-systèmes, composites, certification pour primes terrestres.","Military Equipment Denmark (MED) is a Nordic-Baltic partner bridging global defense industries with armed forces across land, sea, air, and cyber. We turn ca...",Land defense,Homeland security; Weapons,,Review website and validate opportunity,
Millog Oy,http://millog.fi/en/,Finlande,Tampere,https://fi.linkedin.com/company/millog-oy,Eurosatory 2026 Catalog,D,New,Qualifier l'activité avant tout pitch ciblé.,"Millog specializes in providing innovative military and security solutions to defense organizations, government agencies, and private sector companies. Our e...",Other,,,No immediate action,
Milpower Savunma Sistemleri TİC.A.Ş,https://www.milpower.com.tr/,Turquie,ANKARA,,Eurosatory 2026 Catalog,D,New,Qualifier l'activité avant tout pitch ciblé.,To enrich,Other,,,No immediate action,
Milrem Robotics,http://www.milremrobotics.com/,Estonie,TALLINN,https://www.linkedin.com/company/milremrobotics/,Eurosatory 2026 Catalog,A,New,"Capteurs, payloads optroniques, communications pour plateformes ISR.","Milrem Robotics is the world-leading developer of robotics and autonomous systems, as well as a systems integrator. The company’s mission is to enhance comba...",Intelligence / ISR,Land defense; UAV / drones,,Contact sales team and qualify need,
MILTECH HELLAS,https://miltech.gr/,Grèce,KOROPI,,Eurosatory 2026 Catalog,D,New,Qualifier l'activité avant tout pitch ciblé.,To enrich,Other,,,No immediate action,
MILTON,http://www.milton-innovation.com/,France,MERIGNAC,,Eurosatory 2026 Catalog,D,New,Qualifier l'activité avant tout pitch ciblé.,To enrich,Other,,,No immediate action,
MINISTÈRE DE L'INTÉRIEUR ET DES OUTRE-MER,http://www.interieur.gouv.fr/,France,PARIS,,Eurosatory 2026 Catalog,D,New,Qualifier l'activité avant tout pitch ciblé.,"This website is using a security service to protect itself from online attacks. The action you just performed triggered the security solution. Sorry, you have been blocked You are unable to access www.interieur.gouv.fr Why have I been block…",Other,,,No immediate action,
Ministère des Armées et des Anciens combattants,http://www.defense.gouv.fr/,France,PARIS CEDEX 15,https://www.linkedin.com/company/ministere-des-armees,Eurosatory 2026 Catalog,D,New,Qualifier l'activité avant tout pitch ciblé.,To enrich,Other,,,No immediate action,
Ministère des armées et des anciens combattants - PEPS,http://www.defense.gouv.fr/,France,PARIS,,Eurosatory 2026 Catalog,D,New,Qualifier l'activité avant tout pitch ciblé.,To enrich,Other,,,No immediate action,
MINISTRY OF DEFENCE,https://mod.gov.cy/,Cyprus,NICOSIA,,Eurosatory 2026 Catalog,D,New,Qualifier l'activité avant tout pitch ciblé.,To enrich,Other,,,No immediate action,
Ministry of Defence of the Slovak Republic,https://www.mosr.sk/mo-sr-en/,Slovaquie,BRATISLAVA,,Eurosatory 2026 Catalog,D,New,Qualifier l'activité avant tout pitch ciblé.,To enrich,Other,,,No immediate action,
Ministry of Defence Republic of Croatia,https://www.morh.hr/,Croatie,Zagreb,,Eurosatory 2026 Catalog,B,New,Vend des sous-systèmes / composants à un OEM construisant Optronics / Optics.,Potpredsjednik Vlade i ministar obrane Ivan Anušić za DNEVNIK.hr Saznaj sve o TVO Osnovne informacije Proces novačenja Prednosti i mogućnosti nakon obuke Odgode i oslobađanje od TVO Priopćenja 25.04.2026. Zapovjedništvo za kibernetički pros…,Optics / optronics,Air defense; Naval defense,,Review website and validate opportunity,
"MINISTRY OF DEFENCE, GOVT. OF INDIA",http://www.drdo.gov.in/,Inde,NEW DHELI,,Eurosatory 2026 Catalog,D,New,Qualifier l'activité avant tout pitch ciblé.,To enrich,Other,,,No immediate action,
"Ministry of Economic Development, Job Creation and Trade, Ontario, Canada",http://www.sourcefromontario.com/en/page/event/137030/ontario-eurosatory-2024,Canada,TORONTO,https://www.linkedin.com/company/ontario-ministry-of-economic-development-job-creation-and-trade/?originalSubdomain=ca,Eurosatory 2026 Catalog,A,New,"Composites, capteurs, comms, lancement pour primes spatiaux.","Ontario’s diverse and growing defence industry is home to private-sector companies, researchers, and innovators. The growth in Ontario’s defence sector is focused on technological innovation, workforce skills development and manufacturing e…",Space / satellite,Cybersecurity; UAV / drones,,Contact sales team and qualify need,
Ministry of Economy,https://mingo.gov.hr/,Croatie,Zagreb,,Eurosatory 2026 Catalog,D,New,Qualifier l'activité avant tout pitch ciblé.,Preskoči na glavni sadržaj A A Prilagodba pristupačnosti Vijesti O Ministarstvu Dokumenti Pristup informacijama Istaknute teme E-servisi Javni pozivi i natječaji Kontakti Ministar Šušnjar: Odluka HERA-e donosi predvidljiv okvir za ulaganja …,Other,,,No immediate action,
Ministry of Industry and Mineral Resources,,Arabie saoudite,Riyadh,,Eurosatory 2026 Catalog,D,New,Qualifier l'activité avant tout pitch ciblé.,To enrich,Other,,,No immediate action,
MINISTRY OF INDUSTRY AND TRADE OF THE CZECH REP.,https://mpo.gov.cz/en/,République tchèque,PRAHA 1,,Eurosatory 2026 Catalog,D,New,Qualifier l'activité avant tout pitch ciblé.,To enrich,Other,,,No immediate action,
Ministry of Investment of Saudi Arabia,,Arabie saoudite,Riyadh,,Eurosatory 2026 Catalog,D,New,Qualifier l'activité avant tout pitch ciblé.,To enrich,Other,,,No immediate action,
MIPA,http://www.mipa-paints.com/,Allemagne,ESSENBACH,,Eurosatory 2026 Catalog,D,New,Qualifier l'activité avant tout pitch ciblé.,To enrich,Other,,,No immediate action,
Miranda Military,https://www.mirandamilitary.pl/,Pologne,TUREK,,Eurosatory 2026 Catalog,D,New,Qualifier l'activité avant tout pitch ciblé.,To enrich,Other,,,No immediate action,
MIRION TECHNOLOGIES,http://www.mirion.com/,France,LAMANON,https://www.linkedin.com/company/mirion-technologies-france,Eurosatory 2026 Catalog,D,New,Qualifier l'activité avant tout pitch ciblé.,To enrich,Other,,,No immediate action,
MIRMEX MOTOR,http://www.mirmexmotor.com/,Belgique,WAVRE,https://www.linkedin.com/company/mirmexmotor/,Eurosatory 2026 Catalog,C,New,Activité à qualifier — discovery call avant pitch précis.,Mirmex Motor is an innovative industrial company specializing in high‑performance slotless BLDC micromotors for demanding defense systems. Its patented AI‑a...,Other,,,Keep in watchlist,
Mistral Group,http://www.mistralinc.com/,États-Unis,BETHESDA,,Eurosatory 2026 Catalog,B,New,"Front-ends RF, processeurs, mécanique de précision pour fabricants radars.","With years of manufacturing experience, business development, and close working relationships with end-users, system integrators, and technology developers, ...",Radar / sensors,Naval defense; Homeland security,,Review website and validate opportunity,
Mitekas,http://mitekas.com/,Lituanie,Vilnius,https://www.linkedin.com/company/mitekas-defense/,Eurosatory 2026 Catalog,A,New,"Amplis RF, processeurs signal, embarqué, antennes pour EW.","MITEKAS is a leading Lithuanian defense technology company (NCAGE 025AR), engineering high-performance hardware and software for modern law enforcement, SOF,...",Electronic warfare,Homeland security; UAV / drones,,Contact sales team and qualify need,
Mittler Report Verlag GmbH,http://www.mittler-report.de/,Allemagne,BONN,https://www.linkedin.com/company/eurodefence,Eurosatory 2026 Catalog,C,New,"Outils SOC/SIEM, brique de sécurité défensive pour vendeur cyber.","Mittler Report Verlag is considered the leading specialist publisher in the areas of security policy, armed forces, defence technology, armament, IT and logi...",Cybersecurity,Air defense; Naval defense,,Keep in watchlist,
MKS Servo,https://www.mks-servo.com/,Taïwan,YILAN CITY,https://www.linkedin.com/company/96599752,Eurosatory 2026 Catalog,B,New,"Fournisseur de batteries, moteurs, optronique, RF, composites pour fabricants UAV.",English English 繁體中文 0 item(s) - $0.00 Your shopping cart is empty!,UAV / drones,Radar / sensors,,Review website and validate opportunity,
MKU LIMITED,https://www.mku.com/,Inde,KANPUR,,Eurosatory 2026 Catalog,D,New,Qualifier l'activité avant tout pitch ciblé.,To enrich,Other,,,No immediate action,
MNC SOLUTION,http://www.mncsolution.com/,Corée du Sud,GYEONGSANGNAM-DO,,Eurosatory 2026 Catalog,B,New,"Vend des sous-systèmes / composants à un OEM construisant Vehicles, Communications networks.","Since its foundation in 1974, MNC Solution has manufactured high-quality products that meet the requirements of our clients and their trust through continuou...",Naval defense,Air defense; Armored vehicles,,Review website and validate opportunity,
MODIRUM GESPI - Industria E Comercio De Equipamentos,https://modirumgespi.com/,Brésil,SÃO JOSÉ DOS CAMPOS,https://www.linkedin.com/company/modirumgespi/,Eurosatory 2026 Catalog,A,New,"Capteurs, payloads optroniques, communications pour plateformes ISR.","Modirum | GESPI delivers mission-critical technology for defence, aerospace, and secure sectors worldwide. Serving both government and civilian clients, we d...",Intelligence / ISR,Naval defense; Homeland security,,Contact sales team and qualify need,
MODISPREM,http://www.modisprem.com/,Espagne,Zuera - Zaragoza,https://www.linkedin.com/company/modisprem-s-a/about/,Eurosatory 2026 Catalog,B,New,"Vend des sous-systèmes / composants à un OEM construisant Engines / propulsion, Vehicles.","Altas prestaciones en espumas plásticas para los sectores de automoción , aéreo , naval y ferroviario En Modisprem estamos convencidos de la importancia que tiene la transformación digital en el desarrollo de las empresas. TECHNICAL EXPERTI…",Armored vehicles,Naval defense; Soldier systems,,Review website and validate opportunity,
"MOHOC, INC.",https://www.mohoc.com/,États-Unis,BAINBRIDGE ISLAND,,Eurosatory 2026 Catalog,D,New,Qualifier l'activité avant tout pitch ciblé.,To enrich,Other,,,No immediate action,
"Molex, LLC.",http://www.molex.com/,États-Unis,LISLE,https://www.linkedin.com/company/molex,Eurosatory 2026 Catalog,D,New,Qualifier l'activité avant tout pitch ciblé.,Aerospace systems demand uncompromising reliability in extreme conditions and in the rapidly evolving technology landscape. Engineers face rising market pres...,Other,,,No immediate action,
Molfar Intelligence,https://molfar.com/,Ukraine,Kyiv,,Eurosatory 2026 Catalog,C,New,"Threat intel, hardware appliances, cloud souverain, audits.","Molfar Intelligence Firm аналізує внутрішні політики, відгуки зацікавлених сторін і минулі скандали потенційного контрагента. Це дозволяє уникнути співпраці з партнером із негативним іміджем у галузі. ""compact"" : ""normal""); }); } } // Run o…",Cybersecurity,Dual-use technology,,Keep in watchlist,
MOLPIR S.R.O.,https://www.molpir.com/,Slovaquie,SMOLENICE,,Eurosatory 2026 Catalog,C,New,"Vend des sous-systèmes / composants à un OEM construisant Logistics equipment, NRBC / CBRN.",Domov O nás Naša ponuka Multimédiá Nabíjanie Dezinfekcia Klimatizácie a kúrenie Filtro-ventilácia Ostatné Kontakty E-shop Dotknite sa budúcnosti už dnes Pozrieť našu ponuku Navštívte náš internetový obchod Nakupujte z pohodlia domova kedyko…,NRBC / CBRN,,,Keep in watchlist,
MOMENTUM TECHNOLOGIES (LIFEPODS),http://www.lifepods.tech/,France,LE BOULOU,https://www.linkedin.com/company/momentum-technologies-lifepods/?viewAsMember=true,Eurosatory 2026 Catalog,A,New,"Textiles, composites, optronique, énergie pour kits soldat.",MOMENTUM TECHNOLOGIES is a French company specializing in the development and manufacture of technological solutions designed to protect people from extreme ...,Soldier systems,Naval defense; Homeland security,,Contact sales team and qualify need,
MÖNCH PUBLISHING GROUP,https://www.monch.com/,Allemagne,BAD NEUENAHR,,Eurosatory 2026 Catalog,D,New,Qualifier l'activité avant tout pitch ciblé.,To enrich,Other,,,No immediate action,
MONKILOWATT,http://www.monkilowatt.fr/,France,TOULOUSE,,Eurosatory 2026 Catalog,D,New,Qualifier l'activité avant tout pitch ciblé.,To enrich,Other,,,No immediate action,
MONOPULSE,,Lituanie,Vilnius,,Eurosatory 2026 Catalog,D,New,Qualifier l'activité avant tout pitch ciblé.,To enrich,Other,,,No immediate action,
MONT BLANC PRODUCTIONS,https://www.montblancproductions.fr/,France,SALLANCHES,,Eurosatory 2026 Catalog,D,New,Qualifier l'activité avant tout pitch ciblé.,To enrich,Other,,,No immediate action,
MONVALIS GMBH,http://www.monvalis.de/,Allemagne,BIELEFELD,,Eurosatory 2026 Catalog,D,New,Vend des sous-systèmes / composants à un OEM construisant Logistics equipment.,"With Monvalis GmbH, we are bundling the combined expertise of the DRECKSHAGE Group into a clearly focused, industry-specific range of services in the field o...",Other,,,No immediate action,
MOOG INC.,https://www.moog.com/,États-Unis,EAST AURORA,,Eurosatory 2026 Catalog,D,New,Qualifier l'activité avant tout pitch ciblé.,To enrich,Other,,,No immediate action,
Moori Technologies,http://mooritech.com/,Corée du Sud,"Seongnam-si, Gyeonggi–do",,Eurosatory 2026 Catalog,C,New,Vend des sous-systèmes / composants à un OEM construisant Optronics / Optics.,"MOORI Technologies is a South Korean electro-optics company specialising in 1.5 um solid-state and microchip lasers, rangefinders, and open-path FTIR spectro...",Optics / optronics,,,Keep in watchlist,
MORAI GmbH,http://www.morai.ai/,Allemagne,Garching,https://www.linkedin.com/company/morai/,Eurosatory 2026 Catalog,A,New,"Amplis RF, processeurs signal, embarqué, antennes pour EW.",MORAI is a provider of a modular digital twin simulation platform for the development and validation of autonomous systems and manned–unmanned teaming applic...,Electronic warfare,Air defense; Naval defense,,Contact sales team and qualify need,
MORIN - K9 VISION,https://www.morinfrance.com/,France,MONTLHERY,,Eurosatory 2026 Catalog,D,New,Qualifier l'activité avant tout pitch ciblé.,To enrich,Other,,,No immediate action,
"MOS nutrition, Emergency Food, MX3 nutrition",https://www.nutridry.com/,France,VILLENAVE D'ORNON,https://www.linkedin.com/company/nutridrygroup/?originalSubdomain=fr,Eurosatory 2026 Catalog,D,New,Qualifier l'activité avant tout pitch ciblé.,To enrich,Other,,,No immediate action,
MostaTech,http://mostatech.mt/,Malta,MOSTA,https://www.linkedin.com/company/mostatech,Eurosatory 2026 Catalog,B,New,"Fournisseur de batteries, moteurs, optronique, RF, composites pour fabricants UAV.",EUROSATORY 2026 MostaTech is a European manufacturer of miniature fiber optic gyroscopes (FOGs) and FOG-based inertial measurement units (IMUs) with 35+ yea...,UAV / drones,Naval defense; Optics / optronics,,Review website and validate opportunity,
Motor-G,https://motor-g.com/en/,Ukraine,Kyiv,,Eurosatory 2026 Catalog,C,New,Sub-system / payload pour OEM drones tactiques.,"Are Motor-G electric motors made in Ukraine? + Yes, our production is located directly in Ukraine. What is the price of Motor-G motors? + Prices for the main types of motors are listed on our website. How can I order Motor-G motors? + You c…",UAV / drones,Armored vehicles; Logistics / MRO,,Keep in watchlist,
Motorola Solutions,http://www.motorolasolutions.com/,France,LONDON,https://www.linkedin.com/company/motorolasolutions/,Eurosatory 2026 Catalog,D,New,Qualifier l'activité avant tout pitch ciblé.,To enrich,Other,,,No immediate action,
MPH,http://mph-mecanique.fr/,France,VILLEROY,https://www.linkedin.com/company/mph-mecanique/,Eurosatory 2026 Catalog,C,New,"Outils CAD, simulation, certification pour bureau d'études.","MPH is an industrial partner capable of handling critical mechanical parts and assemblies, from machining to assembly and testing, with a high level of relia...",Engineering services,,,Keep in watchlist,
M-Plus France,http://www.m-plusgroup.com/,France,LACHAPELLE-SOUS-ROUGEMONT,,Eurosatory 2026 Catalog,D,New,Qualifier l'activité avant tout pitch ciblé.,To enrich,Other,,,No immediate action,
MPM,https://www.mpm.fr/,France,MURET,,Eurosatory 2026 Catalog,D,New,Qualifier l'activité avant tout pitch ciblé.,To enrich,Other,,,No immediate action,
MPP,http://www.mpp.be/,Belgique,HAMOIR,https://linkedin.com/company/mpp-belgium,Eurosatory 2026 Catalog,B,New,"Composites, capteurs, comms, lancement pour primes spatiaux.","MPP is a mission-critical partner in non-destructive testing for defence and aerospace. With EN9100 & Nadcap accreditations, advanced multimethod capabilitie...",Space / satellite,Logistics / MRO,,Review website and validate opportunity,
MPS Microsystems,http://www.mpsag.com/en/,Suisse,Biel-Bienne,https://www.linkedin.com/company/mpsagcom/,Eurosatory 2026 Catalog,D,New,Qualifier l'activité avant tout pitch ciblé.,MPS Microsystems designs and manufactures miniaturized actuation and optomechanical subsystems for aerospace and defense platforms where SWaP constraints are...,Other,,,No immediate action,
Mraz Robotics s. r. o.,,Slovaquie,Bucany,,Eurosatory 2026 Catalog,D,New,Qualifier l'activité avant tout pitch ciblé.,To enrich,Other,,,No immediate action,
MSI Defense Solutions,http://www.msidefense.com/,États-Unis,Mooresville,https://www.linkedin.com/company/2487734/,Eurosatory 2026 Catalog,B,New,"Fournisseur de RF, radars, optronique et embarqués pour stacks anti-drone.",MSI Defense Solutions rapidly deploys ground-breaking techniques and the latest technologies to mission critical defense programs. MSI accomplishes accelerat...,Counter-UAV,Air defense; UAV / drones,,Review website and validate opportunity,
MSI-Defence Systems,https://www.msi-dsl.com/,Royaume-Uni,NORWICH - NORFOLK,https://www.linkedin.com/company/msi-defence-systems-ltd/,Eurosatory 2026 Catalog,B,New,"Radars, sonars, comms, armement, sustainment pour primes navals.","LEARN MORE ABOUT OUR HISTORY Latest News 03/10/2025 Meeting at Jordan Armed Forces General Command During a recent visit to Jordan, MSI-Defence Systems had the pleasure of meeting with The ... DISCOVER OUR HERITAGE Latest News 03/10/2025 Me…",Naval defense,Land defense; UAV / drones,,Review website and validate opportunity,
MSM LAND SYSTEMS s.r.o.,https://www.msmls.sk/,Slovaquie,Trencin,,Eurosatory 2026 Catalog,D,New,Qualifier l'activité avant tout pitch ciblé.,"Spoločnosť MSM LAND SYSTEMS je členom priemyselno-technologickej skupiny Czechoslovak Group (CSG) a jej divízie CSG Defence . Jej spoločnosti sú organizované v divíziách, ktoré zároveň predstavujú kľúčové odbory, v ktorých skupina pôsobí: C…",Land defense,,,No immediate action,
"MSM Services, s.r.o.",http://msm.sk/,Slovaquie,DUBNICA NAD VAHOM,,Eurosatory 2026 Catalog,B,New,"Moteurs, composites, plaques balistiques, optronique, comms pour OEM blindés.","MSM GROUP is a European leader in the development and production of defence technology, aiming for a unique position within the European defence industry – t...",Armored vehicles,Weapons; Ammunition,,Review website and validate opportunity,
MTE/DGITM/SDMINT/MINT2,http://www.ecologie.gouv.fr/politiques-publiques/agence-linnovation-transports,France,LA DÉFENSE CEDEX,,Eurosatory 2026 Catalog,D,New,Qualifier l'activité avant tout pitch ciblé.,To enrich,Other,,,No immediate action,
MTN Satellite,http://www.mtnsat.com/,États-Unis,Fort Lauderdale,https://www.linkedin.com/company/mtn-global/posts/?feedView=all,Eurosatory 2026 Catalog,A,New,"Vend des sous-systèmes / composants à un OEM construisant Logistics equipment, Communications networks.","Government agencies and first responders require mission-critical communications with zero tolerance for downtime. With 45+ years of expertise, MTN delivers ...",Space / satellite,Naval defense; Logistics / MRO,,Contact sales team and qualify need,
"Mudanjiang North Alloy Tools Co., Ltd.",http://en.north-tungsten.cn/,Chine,MUDANJIANG,,Eurosatory 2026 Catalog,B,New,"Composites, capteurs, comms, lancement pour primes spatiaux.","Mudanjiang North Alloy Tool Co., Ltd. belongs to China Ordnance Equipment Group Co., LTD. It is the earliest manufacturer of cemented carbide and tungsten al...",Space / satellite,Armored vehicles; Ammunition,,Review website and validate opportunity,
MULTICUT A/S,,Danemark,VILDBJERG,,Eurosatory 2026 Catalog,D,New,Qualifier l'activité avant tout pitch ciblé.,To enrich,Other,,,No immediate action,
MULTIVIS BRASIL LTDA,https://multivis.com/,Brésil,Rio de Janeiro,,Eurosatory 2026 Catalog,B,New,"Composants, sous-systèmes, software, services pour primes C4ISR.","Get in touch COLLABORATE AND SHARE EASILY Visualize and prioritize information Decide quickly and correctly GET INTO THE MULTIVERSE MULTIVERSE is the environment of integrated tools we install in control rooms to allow collaboration, visual…",C4ISR,Cybersecurity; Radar / sensors,,Review website and validate opportunity,
MUNEXLOG SAS,https://www.munexlog.com/,France,PARIS,,Eurosatory 2026 Catalog,D,New,Qualifier l'activité avant tout pitch ciblé.,To enrich,Other,,,No immediate action,
MUNITIONS INDIA LIMITED,https://munitionsindia.in/,Inde,PUNE,,Eurosatory 2026 Catalog,D,New,Qualifier l'activité avant tout pitch ciblé.,To enrich,Other,,,No immediate action,
Münstermann,http://www.muenstermann.com/,Allemagne,TELGTE,https://www.linkedin.com/company/muenstermann,Eurosatory 2026 Catalog,C,New,"Vend des sous-systèmes / composants à un OEM construisant Logistics equipment, Energy / batteries.","Münstermann is a family-owned company with its manufacturing and R&D facilities in Telgte, Germany. For decades, we have been developing and delivering custo...",Naval defense,,,Keep in watchlist,
MUSTAD BELGIUM,https://www.mustad.be/,Belgique,EUPEN,,Eurosatory 2026 Catalog,D,New,Qualifier l'activité avant tout pitch ciblé.,To enrich,Other,,,No immediate action,
MUSTHANE,http://www.musthane.fr/,France,WILLEMS,https://www.linkedin.com/company/musthane,Eurosatory 2026 Catalog,C,New,"Aramide, céramique, composites, certification balistique.",MUSTHANE produces and distributes innovative tailor-made solutions for high technology flexibility and mobility. MustMOVE range: TSP-Protection and camoufla...,Ballistic protection,Logistics / MRO; Engineering services,,Keep in watchlist,
MVG Microwave Vision Group,http://www.mvg-world.com/,France,VILLEJUST,https://www.linkedin.com/company/microwave-vision-group-satimo-orbit-fr-aemi-&-remc,Eurosatory 2026 Catalog,D,New,Qualifier l'activité avant tout pitch ciblé.,To enrich,Other,,,No immediate action,
MW Group,,Suède,Solna,,Eurosatory 2026 Catalog,D,New,Qualifier l'activité avant tout pitch ciblé.,To enrich,Other,,,No immediate action,
Myakiatto,https://www.myakiatto.com/,France,CLERMONT FERRAND,,Eurosatory 2026 Catalog,D,New,Qualifier l'activité avant tout pitch ciblé.,To enrich,Other,,,No immediate action,
MYDEFENCE COMMUNICATION,http://www.mydefence.dk/,Danemark,NR. SUNDBY,,Eurosatory 2026 Catalog,D,New,Qualifier l'activité avant tout pitch ciblé.,To enrich,Other,,,No immediate action,
MZD ELEKTRIK ELEKTRONIK ELEKTROMEKANIK MEKATRONIK,http://www.mzd.com.tr/,Turquie,ANKARA,https://www.linkedin.com/company/mzdsavunma,Eurosatory 2026 Catalog,B,New,"Visuel, motion, haptique, IA pour fabricants de simulateurs.","MZD Elektrik Elektronik A.Ş. was established in 2014 in the İvedik Organized Industrial Zone in Ankara and has been designing, manufacturing, and performing ...",Simulation / training,Engineering services,,Review website and validate opportunity,
Nabtesco Precision Europe GmbH,http://www.nabtesco.de/,Allemagne,DUESSELDORF,https://www.linkedin.com/company/nabtesco-precision-europe-gmbh/,Eurosatory 2026 Catalog,D,New,Vend des sous-systèmes / composants à un OEM construisant Engines / propulsion.,"Precision gearboxes from Nabtesco stand for top quality, performance, safety, availability, durability and first-class customer service. They are used millio...",Other,,,No immediate action,
NAE,http://www.nae.fr/,France,SAINT-ETIENNE DU ROUVRAY,https://www.linkedin.com/company/normandie-aeroespace,Eurosatory 2026 Catalog,D,New,Qualifier l'activité avant tout pitch ciblé.,To enrich,Other,,,No immediate action,
NAMMA,https://www.namma-france.com/,France,33700,,Eurosatory 2026 Catalog,D,New,Qualifier l'activité avant tout pitch ciblé.,To enrich,Other,,,No immediate action,
Nammo AS,http://www.nammo.com/,Norvège,RAUFOSS,,Eurosatory 2026 Catalog,D,New,Qualifier l'activité avant tout pitch ciblé.,To enrich,Other,,,No immediate action,
"NANJING CNGEIR TECHNOLOGY CO.,LTD",https://www.cngeir.com/,Chine,NANJING,,Eurosatory 2026 Catalog,D,New,Qualifier l'activité avant tout pitch ciblé.,To enrich,Other,,,No immediate action,
Nanomade,https://nanomade.com/,France,TOULOUSE,www.linkedin.com/company/nanomade,Eurosatory 2026 Catalog,B,New,"Front-ends RF, processeurs, mécanique de précision pour fabricants radars.","Discover our applications Aerospace Medical Consumer tech Automobile Discover our applications They trust us Compatible with all materials Nanomade sensors are compatible with any and all materials, offering adaptability across various surf…",Radar / sensors,,,Review website and validate opportunity,
NanoPyro,http://www.nanopyro.be/,Belgique,NIVELLES,https://www.linkedin.com/company/nanopyro/,Eurosatory 2026 Catalog,B,New,"Matériaux énergétiques, mécanique, packaging, certification.",NanoPyro is a spin-off of the Royal military academy of Belgium specializing in the development and production of innovative energetic materials and engineer...,Ammunition,Logistics / MRO,,Review website and validate opportunity,
NANOXPLORE SAS,,France,SEVRES,,Eurosatory 2026 Catalog,D,New,Qualifier l'activité avant tout pitch ciblé.,To enrich,Other,,,No immediate action,
"NANTONG HANVO NEW MATERIAL TECHNOLOGY CO.,LTD",http://www.hanvomaterial.com/,Chine,NANTONG,,Eurosatory 2026 Catalog,D,New,Qualifier l'activité avant tout pitch ciblé.,"Nantong Hanvo New Material Technology Co., Ltd. is a wholly-owned subsidiary of Hanvo Security (stock code: 300952). It specializes in the production of ultr...",Other,,,No immediate action,
NANUK BY PLASTICASE INC.,,Canada,TERREBONNE,,Eurosatory 2026 Catalog,D,New,Qualifier l'activité avant tout pitch ciblé.,To enrich,Other,,,No immediate action,
NATION SHIELD JOURNAL,https://www.nationshield.ae/index.php/module/magazine/en/30,Émirats arabes unis,ABU DHABI,,Eurosatory 2026 Catalog,D,New,Qualifier l'activité avant tout pitch ciblé.,To enrich,Other,,,No immediate action,
NATO MISSILE FIRING INSTALLATION,http://www.namfi.gr/,Grèce,"CHANIA, CRÈTE",,Eurosatory 2026 Catalog,A,New,Sub-system / payload pour OEM drones tactiques.,"It provides messing to the Armed and Security Forces and to their Retired Personnel It provides entertainment by organizing social events / activities, dancing evenings etc. It hosts upon request/approval social activities organized by loca…",UAV / drones,Naval defense; C4ISR,,Contact sales team and qualify need,
NATRIX UGV,https://www.natrix.eu/,Lettonie,RĪGA,,Eurosatory 2026 Catalog,B,New,"Composants, sous-systèmes, software, services pour primes C4ISR.","A military personnel support system developed in collaboration with armed forces, National Guard experts, and industrial designers",C4ISR,UAV / drones; Ammunition,,Review website and validate opportunity,
NAUDI - THE NATIONAL ASSOCIATION OF UKRAINIAN DEFENSE INDUSTRIES,http://naudi.com.ua/,Ukraine,KYIV,https://www.linkedin.com/company/naudi/,Eurosatory 2026 Catalog,B,New,"Vend des sous-systèmes / composants à un OEM construisant Vehicles, UAV / drones.",The National Association of Ukrainian Defense Industries NAUDI was founded in 2020 and unites leading Ukrainian manufacturers of military and dual-purpose eq...,Intelligence / ISR,Homeland security; UAV / drones,,Review website and validate opportunity,
NAVANTIA,https://www.navantia.es/en/,Espagne,MADRID,,Eurosatory 2026 Catalog,D,New,Qualifier l'activité avant tout pitch ciblé.,To enrich,Other,,,No immediate action,
Navigate,,Danemark,Copenhagen,,Eurosatory 2026 Catalog,D,New,Qualifier l'activité avant tout pitch ciblé.,To enrich,Other,,,No immediate action,
Naxcon,https://www.naxcon.com/,Allemagne,FREIBURG,https://www.linkedin.com/company/naxcon/posts/?feedView=all,Eurosatory 2026 Catalog,A,New,"Threat intel, hardware appliances, cloud souverain, audits.",We Offer Highly Qualified Engineers And Creative Solutions To Support Leading German And International Companies In Various Industries.,Cybersecurity,AI / data; Logistics / MRO,,Contact sales team and qualify need,
NCS SYSTEMS,https://www.ncs-systems.eu/,France,ELANCOURT,,Eurosatory 2026 Catalog,D,New,Qualifier l'activité avant tout pitch ciblé.,To enrich,Other,,,No immediate action,
NECAS A/S,,Danemark,STØVRING,,Eurosatory 2026 Catalog,D,New,Qualifier l'activité avant tout pitch ciblé.,To enrich,Other,,,No immediate action,
NEDINSCO B.V.,http://www.nedinsco.com/,Pays-Bas,VENLO,https://www.linkedin.com/company/nedinsco-bv,Eurosatory 2026 Catalog,B,New,"Capteurs, payloads optroniques, communications pour plateformes ISR.","Nedinsco produces high-end cameras, sensor platforms, driver vision systems, 360° situational awareness solutions, backup sights, built for defense applicati...",Intelligence / ISR,Air defense; Naval defense,,Review website and validate opportunity,
NEMS GmbH,http://www.nems.de/,Allemagne,MONHEIM AM RHEIN,,Eurosatory 2026 Catalog,D,New,Qualifier l'activité avant tout pitch ciblé.,To enrich,Other,,,No immediate action,
NETA COMMUNICATIONS,https://www.netacoms.com/airborneandgrounddatalinkantennasystems,Turquie,İSTANBUL,https://www.linkedin.com/company/netacoms/posts/?feedView=all,Eurosatory 2026 Catalog,A,New,"Composites, capteurs, comms, lancement pour primes spatiaux.","You’re welcome to visit us and see our latest products and communications technology solutions at IFM on 22-27 July. 🗓️ July 22-27, 2025 ➡️ Hall: 10 Booth:E11 📍 IFM Come visit NETA at London DroneX! 📡September 24-25, 2024 ➡️Booth: F21 📍Lond…",Space / satellite,Naval defense; UAV / drones,,Contact sales team and qualify need,
Netcompany A/S,,Danemark,København K,,Eurosatory 2026 Catalog,D,New,Qualifier l'activité avant tout pitch ciblé.,To enrich,Other,,,No immediate action,
Netherlands Pavilion,http://www.nidv.eu/,Pays-Bas,THE HAGUE,,Eurosatory 2026 Catalog,A,New,"Capteurs, payloads optroniques, communications pour plateformes ISR.","he “Netherlands Industry for Defence and Security”, or “NIDV”, aims to facilitate the optimal positioning of the Dutch defence and safety sector, both in the...",Intelligence / ISR,Land defense; Naval defense,,Contact sales team and qualify need,
Netline,http://www.netlinetech.com/,Israël,TEL AVIV,,Eurosatory 2026 Catalog,D,New,Qualifier l'activité avant tout pitch ciblé.,To enrich,Other,,,No immediate action,
NEUMAN ALUMINIUM FLIESSPRESSWERK GMBH,http://www.neuman.at/technology/impact-extrusion,Autriche,LILIENFELD,https://www.linkedin.com/company/neuman-aluminium-impact-extrusion/,Eurosatory 2026 Catalog,A,New,"Front-ends RF, processeurs, mécanique de précision pour fabricants radars.","We are experts and offer a better solution than deep drawing, die casting, hot forging and CNC milling/turning, with many advantages.",Radar / sensors,Armored vehicles; Logistics / MRO,,Contact sales team and qualify need,
NEUROCOMS,http://www.neurocoms.xyz/,Espagne,MADRID,,Eurosatory 2026 Catalog,B,New,"Vend des sous-systèmes / composants à un OEM construisant Communications networks, UAV / drones.","From tactical mobile systems to strategic fixed installations, Neurocoms delivers comprehensive electronic warfare protection for the assets that matter most. Designed and manufactured in Europe, our neural network-powered systems create an…",Electronic warfare,Naval defense; Intelligence / ISR,,Review website and validate opportunity,
New Expo Logística,https://newexpo.com.br/,Brésil,São Paulo,,Eurosatory 2026 Catalog,C,New,Vend des sous-systèmes / composants à un OEM construisant Logistics equipment.,"Estrutura Especializada para Cada Desafio A New Expo opera através de três unidades de negócios especializadas, cada uma com expertise dedicada ao seu segmento. Essa estrutura nos permite oferecer soluções verdadeiramente customizadas, com …",Logistics / MRO,,,Keep in watchlist,
NEW LACHAUSSEE SA,https://www.lachaussee.com/,Belgique,HERSTAL,,Eurosatory 2026 Catalog,D,New,Qualifier l'activité avant tout pitch ciblé.,To enrich,Other,,,No immediate action,
New Use Energy,http://www.newuseenergy.com/,États-Unis,Anacortes,,Eurosatory 2026 Catalog,A,New,"Vend des sous-systèmes / composants à un OEM construisant Vehicles, UAV / drones.","Read More Paul Shmotolohka September 15, 2025 New Use Energy Military Portable Power Systems and Solar Panels The Next Generation of Expeditionary Energy - In the theaters of modern warfare, the... New Use Energy stands out by specializing …",Intelligence / ISR,Air defense; Naval defense,,Contact sales team and qualify need,
NEXTDYN SYSTEMS,https://www.nextdynsystems.com/,États-Unis,FORT LEE,,Eurosatory 2026 Catalog,B,New,"Usinage de précision, matériaux, optronique, composants munitions ITAR-friendly.","Home Solutions Manufacturing & R&D Turnkey Solutions Company Contact INTEGRATED MUNITIONS SYSTEMS Nextdyn Systems WHAT WE DO At NextDyn Systems, we deliver state-of-the-art defense manufacturing that gives U.S. and NATO forces — and their s…",Weapons,Ammunition; Logistics / MRO,,Review website and validate opportunity,
NEXUS FRANCE,https://nexus-groupe.com/fr/accueil/,France,ROGNES,https://www.linkedin.com/company/groupenexus,Eurosatory 2026 Catalog,B,New,"Capteurs, payloads optroniques, communications pour plateformes ISR.","En savoir plus En savoir plus 2011 Année de création 20.1 M€ CA consolidé 23 28 M€ CA consolidé 24 Nos divisions France Services USA TP Energie Nexus France regroupe plusieurs activités de conseil et de négoce autour de la mécanique, l’indu…",Intelligence / ISR,Naval defense; UAV / drones,,Review website and validate opportunity,
NEXVISION SAS,https://www.nexvision.fr/,France,MARSEILLE,https://www.linkedin.com/company/nexvision-sas,Eurosatory 2026 Catalog,D,New,Qualifier l'activité avant tout pitch ciblé.,To enrich,Other,,,No immediate action,
NFM GROUP AS,http://www.nfm.no/,Norvège,SKI,,Eurosatory 2026 Catalog,D,New,Qualifier l'activité avant tout pitch ciblé.,To enrich,Other,,,No immediate action,
NI (now part of Emerson),http://www.ni.com/,France,COLOMBES,https://www.linkedin.com/company/niglobal,Eurosatory 2026 Catalog,B,New,"Amplis RF, processeurs signal, embarqué, antennes pour EW.",NI | Emerson Test & Measurement supports aerospace and defense organizations with test and measurement solutions for mission‑critical environments. Our platf...,Electronic warfare,Naval defense; Intelligence / ISR,,Review website and validate opportunity,
NICOMATIC,http://www.nicomatic.com/,France,BONS EN CHABLAIS,,Eurosatory 2026 Catalog,D,New,Qualifier l'activité avant tout pitch ciblé.,To enrich,Other,,,No immediate action,
NIDEC ARISA S.L.U.,http://www.arisa.com/,Espagne,Navarrete,https://es.linkedin.com/company/nidec-arisa,Eurosatory 2026 Catalog,D,New,Qualifier l'activité avant tout pitch ciblé.,"NIDEC ARISA is the leading manufacturer of mechanical and servo presses and complete stamping lines. Supported by specialized engineering, in‑house high‑prec...",Other,,,No immediate action,
NIGHTVISION LASERS SPAIN NVLS,http://www.nvls.es/,Espagne,,https://www.linkedin.com/company/nightvision-lasers-spain-sl/,Eurosatory 2026 Catalog,A,New,"Capteurs, payloads optroniques, communications pour plateformes ISR.","NVLS is a European leader in ultra-compact, lightweight night vision and thermal systems designed for land, air, and amphibious operations. Trusted as standa...",Intelligence / ISR,Land defense; Naval defense,,Contact sales team and qualify need,
NIMROD Industries,https://www.nimrod-group.com/,France,Taverny,,Eurosatory 2026 Catalog,D,New,Qualifier l'activité avant tout pitch ciblé.,To enrich,Other,,,No immediate action,
NIXUS,http://www.nixus2protect.com/,Slovaquie,TRENCIN,,Eurosatory 2026 Catalog,D,New,Qualifier l'activité avant tout pitch ciblé.,To enrich,Other,,,No immediate action,
nLight,https://www.nlight.net/,États-Unis,Camas,,Eurosatory 2026 Catalog,B,New,"Capteurs, payloads optroniques, communications pour plateformes ISR.","After successful development of a 300kW-class laser in 2023 that exceeded program objectives, nLIGHT won $171 million contract for the second phase of the DoD’s Office of the Under Secretary of Defense, Research & Engineering (OUSD (R&E)) H…",Intelligence / ISR,Land defense; Air defense,,Review website and validate opportunity,
NLR-Royal Netherlands Aerospace Centre,https://www.nlr.nl/,Pays-Bas,AMSTERDAM,,Eurosatory 2026 Catalog,D,New,Qualifier l'activité avant tout pitch ciblé.,To enrich,Other,,,No immediate action,
NOKIA,http://www.nokia.com/industries/defense/,Finlande,MASSY,https://www.linkedin.com/company/nokia/,Eurosatory 2026 Catalog,D,New,Qualifier l'activité avant tout pitch ciblé.,"Please join us at Hall 5A, Booth J239. Access the latest innovations and discuss with our Nokia Defense experts to: • experience live demonstrations of our...",Other,,,No immediate action,
NOLDEN Cars & Concepts GmbH,https://www.noldengmbh.de/,Allemagne,KÖLN,https://www.linkedin.com/company/nolden-cars-concepts-gmbh,Eurosatory 2026 Catalog,B,New,"Verre spécial, détecteurs, mécanique de précision pour optronique.","REFERENCES Noise suppression to high CISPR25 standard Service life of up to 30,000 hours 1 With ECE and SAE approval 2 Quality that shows 3- year manufacturer guarantee Resistance to protection classes IP6K9K and IP67 1 | 30,000-hour time f…",Optics / optronics,Space / satellite,,Review website and validate opportunity,
NO-NAIL BOXES,http://www.no-nailboxes.com/,Luxembourg,WILTZ,https://www.linkedin.com/company/no-nail-boxes,Eurosatory 2026 Catalog,B,New,"Vend des sous-systèmes / composants à un OEM construisant Vehicles, Software / Platforms.","No-Nail Boxes designs and manufactures custom industrial packaging solutions for the most demanding sectors: defence, aeronautics, weaponry, sensitive equipm...",Land defense,Logistics / MRO,,Review website and validate opportunity,
NOPTEL OY,http://www.noptel.fi/,Finlande,OULU,,Eurosatory 2026 Catalog,B,New,"Capteurs, payloads optroniques, communications pour plateformes ISR.",Noptel - Design and Manufacture of Innovative Optoelectronic Products.,Intelligence / ISR,Naval defense; Homeland security,,Review website and validate opportunity,
Nordic Inertial Oy,http://nordicinertial.com/,Finlande,TAMPERE,https://www.linkedin.com/company/nordicinertial/,Eurosatory 2026 Catalog,D,New,Activité à qualifier — discovery call avant pitch précis.,-,Other,,,No immediate action,
Nordic Shelter AS,http://nordicshelter.com/,Norvège,OSLO,https://www.linkedin.com/company/nordic-shelter-as/,Eurosatory 2026 Catalog,A,New,"Fournisseur de batteries, moteurs, optronique, RF, composites pour fabricants UAV.","Nordic Shelter delivers advanced modular shelter and containerized solutions for defense, humanitarian, and industrial operations. Our portfolio includes exp...",UAV / drones,Homeland security; C4ISR,,Contact sales team and qualify need,
Nordic Shield Group AB,,Suède,Linköping,,Eurosatory 2026 Catalog,D,New,Qualifier l'activité avant tout pitch ciblé.,To enrich,Other,,,No immediate action,
Nord-Lock Group,https://www.nord-lock.com/,France,SAINT PRIEST,https://www.linkedin.com/company/nordlockgroup/mycompany/,Eurosatory 2026 Catalog,D,New,Qualifier l'activité avant tout pitch ciblé.,To enrich,Other,,,No immediate action,
NORELEM,http://www.norelem.fr/,France,FONTAINE LES GRES,https://www.linkedin.com/company/norelem/,Eurosatory 2026 Catalog,C,New,Vend des sous-systèmes / composants à un OEM construisant Energy / batteries.,Every success begins with an idea. That's why norelem is there to support you with an unrivalled selection of standard parts and components so that you can a...,Other,,,Keep in watchlist,
NorLense AS,http://www.norlense.no/,Norvège,STRØNSTAD,https://www.linkedin.com/company/11474735/admin/dashboard/,Eurosatory 2026 Catalog,B,New,"Vend des sous-systèmes / composants à un OEM construisant Software / Platforms, Logistics equipment.","Tents and Camps, fully equipped Rapid Deployable High Pressure Inflatable Tents (the frame consist of 8 bar high pressure hoses). Diesel Heaters, 2/4/8kW, sm...",NRBC / CBRN,Logistics / MRO,,Review website and validate opportunity,
NORMA PRECISION,http://www.norma-ammunition.com/en-gb/products/governmental,Suède,GÖTEBORG,,Eurosatory 2026 Catalog,B,New,Vend une brique du chain detection-effector aux primes anti-drone.,NORMA delivers 120 years of ammunition manufacturing history with dedication to precision and innovation in every round. NORMA is synonymous with long-range ...,Counter-UAV,Homeland security; C4ISR,,Review website and validate opportunity,
Nortal,http://nortal.com/,Estonie,Tallinn,https://www.linkedin.com/company/nortal/,Eurosatory 2026 Catalog,A,New,"Threat intel, hardware appliances, cloud souverain, audits.",Nortal is a global digital transformation company delivering mission-critical systems for governments and defence organisations at national scale. With 25 ye...,Cybersecurity,Naval defense; Radar / sensors,,Contact sales team and qualify need,
"NORTH INTERNATIONAL EXHIBITION CO.,LTD",http://www.northexpo.com.cn/,Chine,BEIJING,,Eurosatory 2026 Catalog,D,New,Qualifier l'activité avant tout pitch ciblé.,"North International Exhibition Co., Ltd. (NIECO), established in August 1993, is a specialized exhibition subsidiary of NORINCO.NIECO relies on the weapons i...",Other,,,No immediate action,
NORTHCOM Danmark A/S,,Danemark,Ishøj,,Eurosatory 2026 Catalog,D,New,Qualifier l'activité avant tout pitch ciblé.,To enrich,Other,,,No immediate action,
NORTHROP GRUMMAN CORPORATION,http://www.northropgrumman.com/,États-Unis,FALLS CHURCH,,Eurosatory 2026 Catalog,D,New,Qualifier l'activité avant tout pitch ciblé.,To enrich,Other,,,No immediate action,
Novacium,https://www.novacium.com/,France,Solaize,,Eurosatory 2026 Catalog,D,New,Qualifier l'activité avant tout pitch ciblé.,To enrich,Other,,,No immediate action,
NOVADEM,http://www.novadem.com/,France,Paris,,Eurosatory 2026 Catalog,D,New,Qualifier l'activité avant tout pitch ciblé.,To enrich,Other,,,No immediate action,
NOVAE SERVICES,https://www.novae-group.com/fr,France,PARIS,,Eurosatory 2026 Catalog,D,New,Qualifier l'activité avant tout pitch ciblé.,To enrich,Other,,,No immediate action,
NOVAEXTERNA 3D S.L. (NOVAINDEF),https://www.novaindef.com/,Espagne,Linares,,Eurosatory 2026 Catalog,B,New,"Front-ends RF, processeurs, mécanique de précision pour fabricants radars.","LAVAL, marca de NOVAINDEF Ofrece soluciones avanzadas de reparación y recuperación de componentes para el sector naval. LAVAL, a NOVAINDEF Brand LAVAL delivers advanced repair and recovery solutions for the naval sector. Quality, Traceabili…",Radar / sensors,Naval defense; Logistics / MRO,,Review website and validate opportunity,
NOVAIR,http://www.novairindustries.com/,France,ROISSY CDG CEDEX,https://www.linkedin.com/company/groupe-novair/,Eurosatory 2026 Catalog,B,New,"Matériaux énergétiques, mécanique, packaging, certification.",NOVAIR is a family-owned French group founded in 1977 and recognized worldwide for its onsite nitrogen and oxygen production solutions through generators. NO...,Ammunition,Logistics / MRO; Engineering services,,Review website and validate opportunity,
"NovaKamp (KAPI, Novae, Kamp Alliance, eV-Teknology)",http://www.novakamp.fr/,France,DOMONT,https://fr.linkedin.com/company/novakamp,Eurosatory 2026 Catalog,B,New,"RF, crypto, certification interopérabilité pour radios tactiques.","NovaKamp and its affiliated companies operate in the ""vital"" infrastructure sector. We design, integrate, install and operate smart off-grid energy solutions...",Communications,Land defense; Logistics / MRO,,Review website and validate opportunity,
NOVIAN PRO,http://invltechnology.lt/,Lituanie,VILNIUS,https://www.linkedin.com/company/novian-pro/posts/?feedView=all,Eurosatory 2026 Catalog,A,New,"Threat intel, hardware appliances, cloud souverain, audits.","We are a group of IT companies providing AI, software engineering, system integration, cybersecurity services for the aerospace and defence industry. We are ...",Cybersecurity,Homeland security; AI / data,,Contact sales team and qualify need,
NOVINTEC,https://novintec.com/,France,SULLY SUR LOIRE,,Eurosatory 2026 Catalog,D,New,Qualifier l'activité avant tout pitch ciblé.,To enrich,Other,,,No immediate action,
NP AEROSPACE,https://www.np-aerospace.co.uk/,Royaume-Uni,COVENTRY,,Eurosatory 2026 Catalog,D,New,Qualifier l'activité avant tout pitch ciblé.,To enrich,Other,,,No immediate action,
NSE GROUPE,http://www.nse-groupe.com/,France,ABREST,https://www.linkedin.com/company/nse-groupe/,Eurosatory 2026 Catalog,B,New,"Front-ends RF, processeurs, mécanique de précision pour fabricants radars.","The mission of NSE is to design, manufacture, and sell integrated electrical and electronic systems, as well as provide support and services, particularly fo...",Radar / sensors,Air defense; Naval defense,,Review website and validate opportunity,
NUANCES TECHNOLOGIES,http://www.nuances.fr/,France,PARIS,,Eurosatory 2026 Catalog,B,New,"Fournisseur de RF, radars, optronique et embarqués pour stacks anti-drone.","Nuances Technologies designs and manufactures solutions to detect, simulate, monitor, localize, intercept, jam, block or filter wireless communications. Prov...",Counter-UAV,Homeland security; UAV / drones,,Review website and validate opportunity,
NUMALIS,http://www.numalis.com/,France,MONTPELLIER,https://www.linkedin.com/company/numalis/,Eurosatory 2026 Catalog,B,New,"Front-ends RF, processeurs, mécanique de précision pour fabricants radars.",Numalis is a globally recognized deep tech for its expertise in AI reliability demonstration. Our mission: accelerate confident AI adoption in mission-critic...,Radar / sensors,UAV / drones; Counter-UAV,,Review website and validate opportunity,
NurjanaTech,http://www.nurjanatech.com/,Italie,ELMAS,,Eurosatory 2026 Catalog,D,New,Qualifier l'activité avant tout pitch ciblé.,To enrich,Other,,,No immediate action,
NUTANIX,http://www.nutanix.com/fr,France,NEUILLY SUR SEINE,https://www.linkedin.com/showcase/nutanixfrance/,Eurosatory 2026 Catalog,B,New,"Threat intel, hardware appliances, cloud souverain, audits.","Découvrez comment Nutanix simplifie les opérations et rationalise la migration, sans interruption. Découvrez comment Nutanix rend Kubernetes plus facile à construire et à déployer. Découvrez comment Nutanix alimente les charges de travail d…",Cybersecurity,Naval defense; AI / data,,Review website and validate opportunity,
NVECTECH,http://www.nvectech.com/,Pologne,WARSAW,,Eurosatory 2026 Catalog,B,New,"Textiles, composites, optronique, énergie pour kits soldat.",NVECTECH is a Polish-Ukrainian company specializing in the development and manufacturing of thermal imaging and night vision devices for professional and def...,Soldier systems,Optics / optronics; Radar / sensors,,Review website and validate opportunity,
nVent SCHROFF,https://schroff.nvent.com/en-us/,États-Unis,WARWICK,,Eurosatory 2026 Catalog,D,New,Qualifier l'activité avant tout pitch ciblé.,To enrich,Other,,,No immediate action,
NVLS,http://www.nvls.es/,Espagne,ALCOBENDAS,https://www.linkedin.com/company/nightvision-lasers-spain-sl/,Eurosatory 2026 Catalog,A,New,"Capteurs, payloads optroniques, communications pour plateformes ISR.","NVLS is a European leader in ultra-compact, lightweight night vision and thermal systems designed for land, air, and amphibious operations. Trusted as standa...",Intelligence / ISR,Land defense; Naval defense,,Contact sales team and qualify need,
NYCO,http://www.nyco-group.com/,France,PARIS CEDEX 08,,Eurosatory 2026 Catalog,D,New,Qualifier l'activité avant tout pitch ciblé.,To enrich,Other,,,No immediate action,
Nyfors Teknologi AB,,Suède,Stockholm,,Eurosatory 2026 Catalog,D,New,Qualifier l'activité avant tout pitch ciblé.,To enrich,Other,,,No immediate action,
OA KASKAD LLC,https://cascadesystems.com/,Ukraine,UKRAINE,,Eurosatory 2026 Catalog,B,New,"Amplis RF, processeurs signal, embarqué, antennes pour EW.",To enrich,Electronic warfare,Air defense; UAV / drones,,Review website and validate opportunity,
OBJECTIF EMBALLAGES,https://www.objectif-emballages.fr/,France,OLIVET,,Eurosatory 2026 Catalog,D,New,Qualifier l'activité avant tout pitch ciblé.,To enrich,Other,,,No immediate action,
OBSAM,http://obsam.com/,France,Dinan,https://www.linkedin.com/company/obsam/posts/?feedView=all,Eurosatory 2026 Catalog,B,New,"Composites, capteurs, comms, lancement pour primes spatiaux.","OBSAM supports industrial and defense stakeholders in addressing obsolescence, sourcing, supply chain security and operational continuity challenges. With OS...",Space / satellite,Logistics / MRO,,Review website and validate opportunity,
Observis Oy,http://www.observis.fi/,Finlande,MIKKELI,https://www.linkedin.com/company/observis-oy,Eurosatory 2026 Catalog,A,New,"Capteurs, payloads optroniques, communications pour plateformes ISR.","We provide complete CBRNe situational awareness solutions by seamless CBRNe device and system integrations. Our solutions are CBRN vehicle systems, Automated...",Intelligence / ISR,Homeland security; Cybersecurity,,Contact sales team and qualify need,
Octane Wireless,http://www.octanewireless.com/,États-Unis,HANOVER,,Eurosatory 2026 Catalog,A,New,Sub-system / payload pour OEM drones tactiques.,"Octane Wireless offers high-performance, mission-ready antennas for today’s warfighter. Our field-proven UAS/drone antennas feature lightweight blade, UAS-op...",UAV / drones,Homeland security; Optics / optronics,,Contact sales team and qualify need,
OCTAVA DEFENCE,https://octava.ua/en/,Ukraine,KYIV,https://www.linkedin.com/company/octava-defence/posts/?feedView=all,Eurosatory 2026 Catalog,A,New,"Capteurs, payloads optroniques, communications pour plateformes ISR.","Backed by the high intellectual potential of our team and permanent monitoring centers, we provide reliable and advanced solutions to ensure protection in all aspects. [ OCTAVA DEFENCE ] Advantages Octava Defence is an innovative security s…",Intelligence / ISR,Air defense; Cybersecurity,,Contact sales team and qualify need,
Odasiljaci i veze d.o.o.,https://www.oiv.hr/,Croatie,Zagreb,,Eurosatory 2026 Catalog,B,New,"Composites, capteurs, comms, lancement pour primes spatiaux.",Modernizacija Cronect mreže Ova dodatna investicija u našu PMR komunikacijsku mrežu omogućit će nadogradnju postojećih sustava u skladu sa 4G/5G standardima. Predstavljeni poslovni kapaciteti OIV-a na sastanku s glavnim tajnikom NATO-a Ovom…,Space / satellite,Optics / optronics; Logistics / MRO,,Review website and validate opportunity,
ODJECA D.O.O.,http://www.odjeca.net/,Croatie,ZAGORSKA SELA,,Eurosatory 2026 Catalog,D,New,Qualifier l'activité avant tout pitch ciblé.,To enrich,Other,,,No immediate action,
ODU FRANCE,http://www.odu-connectors.fr/,France,SERRIS,https://de.linkedin.com/company/odu-connectors,Eurosatory 2026 Catalog,D,New,Qualifier l'activité avant tout pitch ciblé.,The ODU Group is one of the leading international manufacturers of connector systems with headquarters in Germany and locations worldwide. The perfect combin...,Other,,,No immediate action,
ODYSSEE SYSTEMES,http://www.odyssee-systemes.fr/,France,MOUANS-SARTOUX,https://www.linkedin.com/company/odyss-e-syst-mes/?viewAsMember=true,Eurosatory 2026 Catalog,D,New,Qualifier l'activité avant tout pitch ciblé.,To enrich,Other,,,No immediate action,
OIP LAND SYSTEMS,https://www.sabiex.com/,Belgique,TOURNAI,,Eurosatory 2026 Catalog,D,New,Qualifier l'activité avant tout pitch ciblé.,To enrich,Other,,,No immediate action,
OIP SENSOR SYSTEMS,https://www.oip.be/,Belgique,OUDENAARDE,,Eurosatory 2026 Catalog,D,New,Qualifier l'activité avant tout pitch ciblé.,To enrich,Other,,,No immediate action,
Oledcomm,https://www.oledcomm.net/fr/,France,VELIZY,https://www.linkedin.com/company/oledcomm/mycompany/verification/,Eurosatory 2026 Catalog,D,New,Qualifier l'activité avant tout pitch ciblé.,To enrich,Other,,,No immediate action,
OLVID,https://olvid.io/,France,PARIS,https://www.linkedin.com/company/olvid/,Eurosatory 2026 Catalog,D,New,Qualifier l'activité avant tout pitch ciblé.,To enrich,Other,,,No immediate action,
OMNIPOL Group,http://www.omnipol.cz/,République tchèque,PRAGUE,https://www.linkedin.com/company/omnipol-a-s-/,Eurosatory 2026 Catalog,B,New,"Moteurs, composites, plaques balistiques, optronique, comms pour OEM blindés.","OMNIPOL Group concentrates it’s business in the hi-tech field of Defence and Security. It includes companies ERA, MESIT, Aircraft Industries, OMNIPOL and AER...",Armored vehicles,Logistics / MRO,,Review website and validate opportunity,
OMP ENGINEERING,http://www.omp-italia.com/,Italie,DUEVILLE,,Eurosatory 2026 Catalog,C,New,Vend des sous-systèmes / composants à un OEM construisant Logistics equipment.,Approfondisci sistemi di BIOCONTENIMENTO Per il trasporto di pazienti infetti da malattie altamente contagiose OMP Engineering ha realizzato la produzione in serie di barelle per il trasporto aereo e tramite ambulanza. Approfondisci I nostr…,Logistics / MRO,Land defense,,Keep in watchlist,
Ondas,https://www.ondas.com/,États-Unis,"BOSTON, MA",https://www.linkedin.com/company/ondas-inc/posts/?feedView=all,Eurosatory 2026 Catalog,A,New,"Amplis RF, processeurs signal, embarqué, antennes pour EW.","Ondas’ technologies offer a powerful combination of aerial intelligence and next-generation connectivity to enhance security, operational efficiency, and data-driven decision-making across essential industries. Read More About Us Leadership…",Electronic warfare,Land defense; Homeland security,,Contact sales team and qualify need,
Onebrief,https://onebrief.com/,États-Unis,HONOLULU,https://www.linkedin.com/company/onebrief/,Eurosatory 2026 Catalog,B,New,"Vend des sous-systèmes / composants à un OEM construisant Logistics equipment, Communications networks.","Today, Onebrief is endorsed by top leaders who have lived this experience. 004 Mission-driven Our team is committed to serving as a reliable partner to global military forces and empowering leaders. Onebrief equips military staffs to dictat…",C4ISR,Land defense; Naval defense,,Review website and validate opportunity,
ONEGRIP,https://cnexaie.com/,Espagne,MATARÓ,https://www.linkedin.com/company/cnex-aie-sl,Eurosatory 2026 Catalog,B,New,"Radars, sonars, comms, armement, sustainment pour primes navals.","Ir al contenido INICIO SERVICIOS CONTACTO EN Español Español English // need to have the same with set from JS on both divs. Especializada en la importación y desarrollo de productos fabricados para la industria, tanto para marcas propias c…",Naval defense,Logistics / MRO; Export / distribution,,Review website and validate opportunity,
"oneNav, Inc.",https://www.onenav.ai/,États-Unis,SUNNYVALE,https://www.linkedin.com/company/onenav-inc,Eurosatory 2026 Catalog,B,New,"Composites, capteurs, comms, lancement pour primes spatiaux.",To enrich,Space / satellite,Naval defense; Cybersecurity,,Review website and validate opportunity,
OPEN SEZAM,,France,Longjumeau,,Eurosatory 2026 Catalog,D,New,Qualifier l'activité avant tout pitch ciblé.,To enrich,Other,,,No immediate action,
Openworks Engineering Ltd,https://openworksengineering.com/,Royaume-Uni,PRUDHOE,www.linkedin.com/company/openworks-engineering-ltd/about/,Eurosatory 2026 Catalog,A,New,"Capteurs, payloads optroniques, communications pour plateformes ISR.","World-leading and proven C-UAS, kinetic targeting and surveillance technologies that can be relied upon. + LEARN MORE Modular Camera Systems Tracking and classification for static, mobile and un-crewed applications. VISION PACE @media scree…",Intelligence / ISR,Air defense; Homeland security,,Contact sales team and qualify need,
Ophir Optronics Solutions LTD,https://www.ophiropt.com/infrared-optics,Roumanie,ILFOV,https://www.linkedin.com/company/ophiroptics,Eurosatory 2026 Catalog,A,New,"Capteurs, payloads optroniques, communications pour plateformes ISR.",To enrich,Intelligence / ISR,Air defense; Naval defense,,Contact sales team and qualify need,
OPTICAL SOLUTIONS SRL,https://www.opticalsolutions.it/,Italie,GENOVA (GE),,Eurosatory 2026 Catalog,C,New,"Vend des sous-systèmes / composants à un OEM construisant Optronics / Optics, Software / Platforms.",AZIENDA VAI PRODOTTI VAI SERVIZI VAI CONTATTI VAI Applicazioni 30% INDUSTRIALE 30% MEDICALE 25% LIGHTING 15% DEFENCE Distributore ufficiale Optical solutions srl Capitale sociale 90.000 euro i.v. This category only includes cookies that ens…,Optics / optronics,Radar / sensors,,Keep in watchlist,
OPTICOELECTRON GROUP JSCo,http://www.opticoel.com/,Bulgarie,PANAGYURISHTE,,Eurosatory 2026 Catalog,A,New,"Radars, missiles, comms, électroniques pour systèmes anti-aériens.","Opticoelectron Group JSCo is one of the most advanced companies specialized in optomechanical, optoelectronic and laser devices and systems for defense and s...",Air defense,Land defense; Homeland security,,Contact sales team and qualify need,
Optii,http://www.optii.ca/,Canada,"KANATA, ONTARIO",https://www.linkedin.com/company/optii-corporation,Eurosatory 2026 Catalog,B,New,"Amplis RF, processeurs signal, embarqué, antennes pour EW.","Optii Corporation develops passive, photonics-based RF and fiber-optic sensing systems for defence and security. Using nonlinear optics (Brillouin scattering...",Electronic warfare,Naval defense; UAV / drones,,Review website and validate opportunity,
OPTIMA TECHNIC - Mobile Solutions,http://www.optimatechnic.com/,Turquie,ANKARA,https://www.linkedin.com/company/optimatechnic/,Eurosatory 2026 Catalog,B,New,"Vend des sous-systèmes / composants à un OEM construisant Vehicles, Logistics equipment.","As Optima Technic, are manufacturing project based solutions as Mobile Military & Defence Solutions, Military Field Hospitals, Mobile Hospital Solutions, and...",C4ISR,Armored vehicles,,Review website and validate opportunity,
OPTIMAL GROUP,https://optimal.pt/,Portugal,ALCABIDECHE,https://www.linkedin.com/company/optimal-structural-solutions/,Eurosatory 2026 Catalog,D,New,Qualifier l'activité avant tout pitch ciblé.,To enrich,Other,,,No immediate action,
Optimized Electrotech Pvt Ltd,https://www.optimizedelectrotech.com/,Inde,Ahmedabad,,Eurosatory 2026 Catalog,D,New,Qualifier l'activité avant tout pitch ciblé.,To enrich,Other,,,No immediate action,
OPTIMUM VEHICLE LOGISTICS,http://www.optimumvl.com/,États-Unis,MILWAUKEE,,Eurosatory 2026 Catalog,D,New,Qualifier l'activité avant tout pitch ciblé.,To enrich,Other,,,No immediate action,
Optix JSC,http://www.optixco.com/,Bulgarie,PANAGYURISHTE,,Eurosatory 2026 Catalog,D,New,Qualifier l'activité avant tout pitch ciblé.,To enrich,Other,,,No immediate action,
OPUS AEROSPACE,https://www.opus-aerospace.com/,France,BRETIGNY SUR ORGE,,Eurosatory 2026 Catalog,D,New,Qualifier l'activité avant tout pitch ciblé.,To enrich,Other,,,No immediate action,
ORANGE,https://www.orange-business.com/fr,France,ISSY LES MOULINEAUX,https://www.linkedin.com/company/orange/posts/?feedView=all,Eurosatory 2026 Catalog,B,New,"Capteurs, payloads optroniques, communications pour plateformes ISR.","Lien vers Performance Entreprises Couverture Indoor Mobile Bénéficier du réseau mobile 4G et 5G d'Orange sur l'ensemble de vos sites Lien vers Couverture Indoor Mobile Teaming Mobile Au cœur de votre activité, le mobile enrichi des fonction…",Intelligence / ISR,Cybersecurity; UAV / drones,,Review website and validate opportunity,
ORANGE SA,https://www.orange-business.com/fr,France,Issy-les-Moulineaux,,Eurosatory 2026 Catalog,D,New,Qualifier l'activité avant tout pitch ciblé.,To enrich,Other,,,No immediate action,
Oransi,https://oransi.tech/,États-Unis,Radford,,Eurosatory 2026 Catalog,B,New,"Fournisseur de batteries, moteurs, optronique, RF, composites pour fabricants UAV.","Domestic Manufacturing Radford, VA Building a sustainable future Focusing on efficiency & performance Discover how our breakthrough motor technology is transforming industries while advancing sustainability in consumer and commercial applic…",UAV / drones,Radar / sensors; Logistics / MRO,,Review website and validate opportunity,
Orbit Communication Systems,https://www.orbit-cs.com/,Israël,NETANYA,,Eurosatory 2026 Catalog,B,New,"Composites, capteurs, comms, lancement pour primes spatiaux.","These cookies ensure basic functionalities and security features of the website, anonymously. Sorry, this file type is not permitted for security reasons."",""fill_message_text"":""Please fill in the following fields:"",""fix_message_text"":""Pleas…",Space / satellite,Land defense; Naval defense,,Review website and validate opportunity,
ORBITALA Ltd.,http://www.orbitala.eu/,Bulgarie,SOFIA,,Eurosatory 2026 Catalog,B,New,"Moteurs, composites, plaques balistiques, optronique, comms pour OEM blindés.","Orbitala is a global distributor of hazardous materials for civil and defense applications, founded by an experienced team of chemical engineers. The company...",Armored vehicles,Logistics / MRO; Export / distribution,,Review website and validate opportunity,
ORBITICA,http://www.orbitica.com/,France,LABÈGE,https://fr.linkedin.com/company/orbitica,Eurosatory 2026 Catalog,B,New,"Amplis RF, processeurs signal, embarqué, antennes pour EW.",GPS-GNSS Toute la gamme Outdoor Sports Routiers Marine OEM/Antenne Aviation Serveurs Temps SIG/TOPO Location Localisation Agriculture Anciens Produits Logiciels SATCOM Toute la gamme Iridium Thuraya,Electronic warfare,Naval defense; C4ISR,,Review website and validate opportunity,
ORIGIN,https://origin-robotics.com/,Lettonie,MARUPE,https://www.linkedin.com/company/origin-robotics,Eurosatory 2026 Catalog,A,New,"Capteurs, payloads optroniques, communications pour plateformes ISR.","Email Protection You are unable to access this email address origin-robotics.com The website from which you got to this page is protected by Cloudflare. We invest private capital in developing the systems we bring to the defense market, foc…",Intelligence / ISR,Cybersecurity; UAV / drones,,Contact sales team and qualify need,
ORQA d.o.o.,https://www.orqafpv.com/,Croatie,OSIJEK,,Eurosatory 2026 Catalog,D,New,Qualifier l'activité avant tout pitch ciblé.,To enrich,Other,,,No immediate action,
ORUS,https://www.orus.space/,France,VALBONNE,https://www.linkedin.com/company/orusspace/posts/?feedView=all,Eurosatory 2026 Catalog,C,New,Vend des sous-systèmes / composants à un OEM construisant Logistics equipment.,To enrich,Other,,,Keep in watchlist,
OSCA SISTEMAS SLU,http://www.oscasistemas.com/,Espagne,HUESCA,,Eurosatory 2026 Catalog,C,New,Vend des sous-systèmes / composants à un OEM construisant Robotics / UGV.,"As part of the Vitillo Group, Osca Sistemas serves as a strategic partner for military OEMs, delivering high-performance hydraulic solutions. Our synergy com...",Other,,,Keep in watchlist,
OSCILLOQUARTZ,https://www.oscilloquartz.com/en,États-Unis,HUNTSVILLE,,Eurosatory 2026 Catalog,D,New,Qualifier l'activité avant tout pitch ciblé.,To enrich,Other,,,No immediate action,
"OSG - Oran Palmach Tzuba ACC, Ltd.",http://osg-group.com/,Israël,D.M HAREI YEHUDA,https://www.linkedin.com/company/504770/admin/dashboard/,Eurosatory 2026 Catalog,B,New,"Verre spécial, détecteurs, mécanique de précision pour optronique.","OSG is a global provider of advanced glazing systems, including transparent armour for defence and security applications. With manufacturing on four continen...",Optics / optronics,Homeland security; Armored vehicles,,Review website and validate opportunity,
Oshkosh Defense,https://www.oshkoshdefense.com/,États-Unis,Oshkosh,,Eurosatory 2026 Catalog,D,New,Qualifier l'activité avant tout pitch ciblé.,To enrich,Other,,,No immediate action,
OTOKAR,http://www.otokar.com/,Turquie,ISTANBUL,,Eurosatory 2026 Catalog,D,New,Vend des sous-systèmes / composants à un OEM construisant Vehicles.,"Otokar designs and manufactures a wide range of defense industry products including wheeled (4x4, 6x6, and 8x8), tracked and unmanned combat vehicles, equipp...",Other,,,No immediate action,
OTTO,http://www.ottoexcellence.com/,États-Unis,CARPENTERSVILLE,,Eurosatory 2026 Catalog,B,New,"Pièces de rechange, calibration, certification pour acteurs MRO.","OTTO Engineering designs & manufactures innovative spatial audio push-to-talk hubs, tactical ear-pro, battle tested navigation systems, speaker mics, covert ...",Logistics / MRO,Homeland security,,Review website and validate opportunity,
OUVRY,http://www.ouvry.com/,France,LYON,,Eurosatory 2026 Catalog,D,New,Qualifier l'activité avant tout pitch ciblé.,To enrich,Other,,,No immediate action,
Ovzon,https://www.ovzon.com/,Suède,SOLNA,,Eurosatory 2026 Catalog,A,New,"RF, crypto, certification interopérabilité pour radios tactiques.","Read more Government & Commercial Applications Agile, high throughput capabilities in remote locations and challenging situations Read more Ovzon Terminals Our product line up, product specifications and more. Our product line up, product s…",Communications,Naval defense; Homeland security,,Contact sales team and qualify need,
OWLEY,http://owley.io/,France,SAINT-SULPICE-LA-POINTE,https://www.linkedin.com/company/owleyio/,Eurosatory 2026 Catalog,B,New,"Amplis RF, processeurs signal, embarqué, antennes pour EW.","Owley connects and locates forces in high-intensity combat environments, where other technologies fail or are detectable. Facing GPS jamming and SIGINT surve...",Electronic warfare,Homeland security; Intelligence / ISR,,Review website and validate opportunity,
OXLEY DEVELOPMENTS COMPANY LTD,https://www.oxleygroup.com/,Royaume-Uni,CUMBRIA,,Eurosatory 2026 Catalog,D,New,Qualifier l'activité avant tout pitch ciblé.,To enrich,Other,,,No immediate action,
OXYMAX,https://www.oxymax.fr/,France,SIZUN,,Eurosatory 2026 Catalog,D,New,Qualifier l'activité avant tout pitch ciblé.,To enrich,Other,,,No immediate action,
Pacific Northwest Defense Coalition,http://www.pndc.us/,États-Unis,LAKE OSWEGO,,Eurosatory 2026 Catalog,D,New,Qualifier l'activité avant tout pitch ciblé.,To enrich,Other,,,No immediate action,
Pagacz Defence Group,http://www.pagacz.com.pl/,Pologne,TORUN,https://www.instagram.com/pagaczdefencegroup/,Eurosatory 2026 Catalog,B,New,"Verre spécial, détecteurs, mécanique de précision pour optronique.","Pagacz Defence Group deals with the supply of specialised equipment for the army, police and other uniformed services. The company provides the top class equ...",Optics / optronics,Land defense; Homeland security,,Review website and validate opportunity,
PALFINGER EMEA GmbH,http://www.palfinger.com/,Autriche,BERGHEIM,,Eurosatory 2026 Catalog,D,New,Qualifier l'activité avant tout pitch ciblé.,To enrich,Other,,,No immediate action,
PALLADIUM GROUP OF COMPANIES,https://www.palladium.gen.tr/,Turquie,ISTANBUL,,Eurosatory 2026 Catalog,D,New,Qualifier l'activité avant tout pitch ciblé.,To enrich,Other,,,No immediate action,
Panaro,https://www.panarocases.com/,Italie,VIGNOLA,,Eurosatory 2026 Catalog,B,New,Sub-system / payload pour OEM drones tactiques.,"Now Panaro is a full service company, offering design, development and manufacturing services. Now Panaro is a 360°-degree service company, offering design, development and manufacturing services. Oggi Panaro è un'azienda forte e strutturat…",UAV / drones,Naval defense; Export / distribution,,Review website and validate opportunity,
PANASONIC CONNECT TOUGHBOOK,https://eu.connect.panasonic.com/fr/fr/toughbook,France,GENNEVILLIERS,,Eurosatory 2026 Catalog,D,New,Qualifier l'activité avant tout pitch ciblé.,To enrich,Other,,,No immediate action,
PANGOLIN DEFENSE,https://www.pangolin-defense.com/,France,VIOLOT,,Eurosatory 2026 Catalog,D,New,Qualifier l'activité avant tout pitch ciblé.,To enrich,Other,,,No immediate action,
PANOPTES,http://www.panoptes-fr.com/,France,CAVAILLON,https://www.linkedin.com/company/panoptesfrance,Eurosatory 2026 Catalog,B,New,"Front-ends RF, processeurs, mécanique de précision pour fabricants radars.","Panoptès is a French technological actor dedicated to the capture and exploitation of field data for the supply chain, industry, and critical operations. Wit...",Radar / sensors,Logistics / MRO; Engineering services,,Review website and validate opportunity,
Pantec AG,http://pantec-biosolutions.com/en,Liechtenstein,RUGGELL,https://www.linkedin.com/company/pantec-biosolutions-ag,Eurosatory 2026 Catalog,B,New,"Verre spécial, détecteurs, mécanique de précision pour optronique.","Pantec AG is an independent, vertically integrated company that develops and sells lasers worldwide, and offers products & engineering services from optical ...",Optics / optronics,Logistics / MRO; Engineering services,,Review website and validate opportunity,
PAPAGEORGIOU WIRELAND GP,https://www.wireland.gr/,Grèce,THESSALONIKI,https://www.linkedin.com/company/wireland-greece/,Eurosatory 2026 Catalog,C,New,"Vend des sous-systèmes / composants à un OEM construisant Robotics / UGV, Logistics equipment.","Uses: factories, airports, power substations, high-security prisons, hospitals, roads, homes, construction sites, balconies, roofs of buildings, ports, photovoltaic parks, parking lots, windows, on concrete walls and wherever extra security…",Land defense,Homeland security,,Keep in watchlist,
Paramount group Ltd,https://www.paramountgroup.com/,Émirats arabes unis,RAK,www.linkedin.com/paramount_2,Eurosatory 2026 Catalog,A,New,"Capteurs, payloads optroniques, communications pour plateformes ISR.",View All Sea Sea State-of-the-art vessels and a broad spectrum of naval expertise. Paramount supports Sovereign countries and peacekeeping efforts in managing defence and security risks. FIND OUT WHY WHAT WE DO Paramount is a global aerospa…,Intelligence / ISR,Land defense; Naval defense,,Contact sales team and qualify need,
PARKER HANNIFIN,https://www.parker.com/fr,France,CONTAMINE-SUR-ARVE,https://www.linkedin.com/company/parker-hannifin/mycompany/,Eurosatory 2026 Catalog,D,New,Qualifier l'activité avant tout pitch ciblé.,To enrich,Other,,,No immediate action,
PARNISARI ARMS,https://www.parnisariarms.com/,Italie,LESA,,Eurosatory 2026 Catalog,D,New,Qualifier l'activité avant tout pitch ciblé.,To enrich,Other,,,No immediate action,
Pass-Medientechnik GmbH,http://www.voccom.audio/,Allemagne,BORGHOLZHAUSEN,https://www.linkedin.com/company/pass-medientechnik-gmbh/,Eurosatory 2026 Catalog,C,New,"Vend des sous-systèmes / composants à un OEM construisant Vehicles, Software / Platforms.","VocCom ready for the future today VocCom modular high performance loudspeakers, information systems and active agents for mobile tactical use. VocCom informa...",Armored vehicles,,,Keep in watchlist,
PATRIA OYJ,http://www.patriagroup.com/,Finlande,BASWARE,https://www.linkedin.com/company/patria,Eurosatory 2026 Catalog,A,New,"Fournisseur de batteries, moteurs, optronique, RF, composites pour fabricants UAV.","Patria is a modern and international defence and technology company with over 100 years of experience. Through our top-notch experts and Protected Mobility, ...",UAV / drones,Armored vehicles; Weapons,,Contact sales team and qualify need,
PAUL BOYE TECHNOLOGIES,http://www.paulboye.com/,France,LABARTHE-SUR-LEZE,,Eurosatory 2026 Catalog,D,New,Qualifier l'activité avant tout pitch ciblé.,To enrich,Other,,,No immediate action,
PAXIS,http://www.paxisceramics.com/,Israël,MIGDAL TEFEN,,Eurosatory 2026 Catalog,D,New,Qualifier l'activité avant tout pitch ciblé.,To enrich,Other,,,No immediate action,
PCB PIEZOTRONICS,http://pcbpiezotronics.fr/,France,SAINT-AUBIN,https://www.linkedin.com/company/pcbpiezotronics-fr/about/?viewAsMember=true,Eurosatory 2026 Catalog,B,New,"Composites, capteurs, comms, lancement pour primes spatiaux.","PCB Piezotronics SA designs and provides measurement solutions for physical quantities (vibration, pressure, force, acoustics, shock, remote digitizing syste...",Space / satellite,Homeland security; Radar / sensors,,Review website and validate opportunity,
PCB Technologies,http://www.pcb-technologies.com/,Israël,MIGDAL HAEMEK,https://www.linkedin.com/company/pcb,Eurosatory 2026 Catalog,B,New,"Amplis RF, processeurs signal, embarqué, antennes pour EW.",FROM SUBSTRATE TO COMPLETE SYSTEM Advanced PCB/PCBA & IC Packaging – All Under One Roof PCB Technologies is an All-in-One partner for mission-critical defens...,Electronic warfare,Land defense; Naval defense,,Review website and validate opportunity,
Pearson Engineering,http://www.pearson-eng.com/,Royaume-Uni,NEWCASTLE UPON TYNE,https://www.linkedin.com/company/pearson-engineering-ltd/,Eurosatory 2026 Catalog,B,New,Sub-system / payload pour OEM drones tactiques.,"Pearson Engineering provide mobility and counter-mobility equipment to Armed Forces around the world, we have a world-proven ability to deliver against the m...",UAV / drones,Land defense; Armored vehicles,,Review website and validate opportunity,
PEL,https://www.pel-india.in/,Inde,NOIDA,,Eurosatory 2026 Catalog,D,New,Qualifier l'activité avant tout pitch ciblé.,To enrich,Other,,,No immediate action,
Peli Products,http://www.peli.com/,France,PARIS,,Eurosatory 2026 Catalog,D,New,Qualifier l'activité avant tout pitch ciblé.,To enrich,Other,,,No immediate action,
PENINSULA ELECTRONICS,https://www.peninsulaelectronics.com/,Inde,BENGALURU,,Eurosatory 2026 Catalog,D,New,Qualifier l'activité avant tout pitch ciblé.,To enrich,Other,,,No immediate action,
Performance Interconnect,https://www.pisas.fr/,France,LABEGE cedex,,Eurosatory 2026 Catalog,D,New,Qualifier l'activité avant tout pitch ciblé.,To enrich,Other,,,No immediate action,
"Perkons Energy, SIA",https://www.perkonsenergy.com/,Lettonie,Ogres novads,,Eurosatory 2026 Catalog,B,New,"Vend des sous-systèmes / composants à un OEM construisant UAV / drones, Robotics / UGV.","Learn More High energy density battery packs High‑energy‑density lithium‑ion battery packs built for maximum endurance in long‑duration missions, including surveillance UAVs and long‑range UGVs. Advanced Safety & Testing Every pack is teste…",C4ISR,Naval defense; Homeland security,,Review website and validate opportunity,
"PERSEUS ELECTRONICS CO., LTD",https://www.perseusfans.com/,Chine,CHENGDU,,Eurosatory 2026 Catalog,D,New,Qualifier l'activité avant tout pitch ciblé.,To enrich,Other,,,No immediate action,
"PERSISTENT SYSTEMS, LLC",https://www.persistentsystems.com/,États-Unis,NEW YORK,,Eurosatory 2026 Catalog,D,New,Qualifier l'activité avant tout pitch ciblé.,To enrich,Other,,,No immediate action,
PEWAG SCHNEEKETTEN GMBH,http://www.pewag.com/,Autriche,Brückl,,Eurosatory 2026 Catalog,D,New,Qualifier l'activité avant tout pitch ciblé.,To enrich,Other,,,No immediate action,
PEXIP,http://www.pexip.com/,Norvège,PARIS,https://www.linkedin.com/company/pexip/,Eurosatory 2026 Catalog,A,New,"Threat intel, hardware appliances, cloud souverain, audits.","""I like Pexip for its seamless integration with existing systems and its focus on security and scalability. Pexip is built for defence environments where deployment, access, data, and policy must remain under mission-owner control. Deploy P…",Cybersecurity,C4ISR; UAV / drones,,Contact sales team and qualify need,
PGM Précision,http://www.pgmprecision.com/,France,POISY,,Eurosatory 2026 Catalog,D,New,Qualifier l'activité avant tout pitch ciblé.,To enrich,Other,,,No immediate action,
PHENIX ELECTRONIQUE,https://www.agon-electronics.com/phenix/,France,LUBERSAC,,Eurosatory 2026 Catalog,D,New,Qualifier l'activité avant tout pitch ciblé.,To enrich,Other,,,No immediate action,
PHOTONFIRST TECHNOLOGIES,https://www.photonfirst.com/,Pays-Bas,ALKMAAR,https://www.linkedin.com/company/photonfirst/,Eurosatory 2026 Catalog,B,New,"Composites, capteurs, comms, lancement pour primes spatiaux.","The aerospace and defense sectors demand the highest levels of precision, reliability, and performance from every component and system. Traditional monitorin...",Space / satellite,Naval defense; Optics / optronics,,Review website and validate opportunity,
PHOTONIC OPTISCHE GERÄTE GMBH & CO KG,http://www.photonic-defence.at/,Autriche,VIENNE,https://www.linkedin.com/company/photonic-optical-solutions,Eurosatory 2026 Catalog,A,New,"Front-ends RF, processeurs, mécanique de précision pour fabricants radars.","Optics for Observation, Aiming and Boresighting - PHOTONIC products for defence are highly specialised optics for military use. High-performance designs an...",Radar / sensors,Armored vehicles; Weapons,,Contact sales team and qualify need,
PIA - Finnish Defence and Aerospace Industries,http://www.defenceindustries.fi/,Finlande,HELSINKI,https://www.linkedin.com/company/afda-fi/,Eurosatory 2026 Catalog,D,New,Qualifier l'activité avant tout pitch ciblé.,"Finnish Defence and Aerospace Industries – PIA, is the voice of the Finnish companies operating within defence, aerospace and security. PIA has ca. 300 memb...",Other,,,No immediate action,
PIAKO OY,http://piako.fi/en/front-page/,Finlande,NAARAJÄRVI,https://www.linkedin.com/search/results/all/?keywords=Piako%20Oy&origin=ENTITY_SEARCH_HOME_HISTORY&heroEntityKey=urn%3Ali%3Aorganization%3A20318348&position=0,Eurosatory 2026 Catalog,B,New,"Pièces de rechange, calibration, certification pour acteurs MRO.",Customized Tactical Transport and Mobile Command Center Solutions We design and manufacture standard‑compliant tactical vehicles for military and security o...,Logistics / MRO,Export / distribution,,Review website and validate opportunity,
Picomto,https://www.picomto.com/,France,LA MADELEINE,,Eurosatory 2026 Catalog,D,New,Qualifier l'activité avant tout pitch ciblé.,To enrich,Other,,,No immediate action,
PID TEST & ENGINEERING GMBH,http://www.pid.team/,Allemagne,SAND,https://www.linkedin.com/company/pid-test-engineering/,Eurosatory 2026 Catalog,C,New,"Vend des sous-systèmes / composants à un OEM construisant Logistics equipment, Software / Platforms.","Die PID test & engineering GmbH ist überzeugt, damit einen wichtigen Beitrag zur Vermeidung von Rechtsverstößen zu leisten und diese nachhaltig zu unterbinden. Die PID test & engineering GmbH erwartet von ihren Lieferanten, notwendige Maßna…",Other,,,Keep in watchlist,
PIEDRAFITA SYSTEMS,https://www.piedrafita.com/,Espagne,PARACUELLOS DE JARAMA,,Eurosatory 2026 Catalog,D,New,Qualifier l'activité avant tout pitch ciblé.,To enrich,Other,,,No immediate action,
PIEMONTE - ITALY,http://www.centroestero.org/,Italie,TORINO,https://www.linkedin.com/showcase/piemonte-agency/posts/?feedView=all,Eurosatory 2026 Catalog,A,New,"Vend des sous-systèmes / composants à un OEM construisant Vehicles, Communications networks.","The Piemonte supply chain is a complete one and offers leading edge technological and business solutions to international key players, providing capable supp...",Logistics / MRO,Export / distribution,,Contact sales team and qualify need,
PIK-AS AUSTRIA GMBH,http://www.pikas.at/,Autriche,MARIASDORF,,Eurosatory 2026 Catalog,D,New,Qualifier l'activité avant tout pitch ciblé.,To enrich,Other,,,No immediate action,
Pix Coating,https://www.pixcoating.com/en/,Belgique,Thimister-Clermont,,Eurosatory 2026 Catalog,D,New,Qualifier l'activité avant tout pitch ciblé.,To enrich,Other,,,No immediate action,
PLANSEE & CERATIZIT,http://www.plansee.com/,Autriche,REUTTE,https://www.linkedin.com/company/plansee/,Eurosatory 2026 Catalog,A,New,"Composites, capteurs, comms, lancement pour primes spatiaux.",The Plansee Group is a world leading manufacturer of tungsten and molybdenum components. Plansee and CERATIZIT materials are vital to the defense industry du...,Space / satellite,Ammunition; Logistics / MRO,,Contact sales team and qualify need,
plasan,http://www.plasan.com/,Israël,HAGALIL,,Eurosatory 2026 Catalog,D,New,Qualifier l'activité avant tout pitch ciblé.,To enrich,Other,,,No immediate action,
Plasmateria GmbH,,Autriche,Vienna,,Eurosatory 2026 Catalog,D,New,Qualifier l'activité avant tout pitch ciblé.,To enrich,Other,,,No immediate action,
platzmann federn gmbh & co. kg,https://www.platzmann.de/,Allemagne,HAGEN,,Eurosatory 2026 Catalog,B,New,"Capteurs, payloads optroniques, communications pour plateformes ISR.","Die platzmann federn gmbh & co. kg mit Hauptsitz im westfälischen Hagen gilt als einer der Branchenführer im Bereich der Federntechnik. La empresa platzmann federn gmbh & co. kg, con sede en Hagen, Westfalia, es considerada una de las líder…",Intelligence / ISR,Optics / optronics,,Review website and validate opportunity,
"PLESIUM, S.L.",http://gmsplesium.com/,Espagne,BARBERÀ DEL VALLÈS,https://www.linkedin.com/company/gms-plesium/,Eurosatory 2026 Catalog,B,New,"Moteurs, composites, plaques balistiques, optronique, comms pour OEM blindés.","DESIGNER AND MANUFACTURER OF GUN MOUNTS FOR ALL KIND OF GUN MACHINE (12,70mm, 7,62mm and 5,56mm), M2, M249, M240, MINIMI, MAG, MG3, MG4, MG5, MISSILE LAUNCHE...",Armored vehicles,Land defense; Air defense,,Review website and validate opportunity,
PLTECH,https://pirateeye.net/,France,COGOLIN,,Eurosatory 2026 Catalog,D,New,Qualifier l'activité avant tout pitch ciblé.,To enrich,Other,,,No immediate action,
PMB,https://www.pmb-alcen.com/,France,Peyniers,,Eurosatory 2026 Catalog,D,New,Qualifier l'activité avant tout pitch ciblé.,To enrich,Other,,,No immediate action,
PMW Dynamics,http://www.pmwdynamics.com/,Royaume-Uni,ALTON,https://www.linkedin.com/company/pmw-dynamics,Eurosatory 2026 Catalog,A,New,"Composites, capteurs, comms, lancement pour primes spatiaux.","PMW Dynamics design, develop and manufacture custom/bespoke/application specific advanced electric motors for the aerospace industry. On stand this year wil...",Space / satellite,Naval defense; C4ISR,,Contact sales team and qualify need,
Poam Electronics LTD,http://www.poamelectronics.com/,Royaume-Uni,STOCKPORT,https://www.linkedin.com/company/5246289/,Eurosatory 2026 Catalog,A,New,"Amplis RF, processeurs signal, embarqué, antennes pour EW.","POAM Electronics is specialise in pulse and wideband amplifiers covering microwave and millimetre-wave frequencies, supporting radar transmit chains, electro...",Electronic warfare,Naval defense; UAV / drones,,Contact sales team and qualify need,
POBJEDA TECNNOLOGY GORAZDE,,Bosnia and Herzegovina,GORAZDE,,Eurosatory 2026 Catalog,D,New,Qualifier l'activité avant tout pitch ciblé.,To enrich,Other,,,No immediate action,
Pointers d.o.o.,https://www.pointersguardian.com/,Croatie,Popovac,,Eurosatory 2026 Catalog,D,New,Qualifier l'activité avant tout pitch ciblé.,POINTERS GUARDIAN Personal Survival Intelligence Powering up... coming soon,Other,,,No immediate action,
Polartherm,https://polartherm.fi/military/frontpage/,Finlande,LUVIA,www.linkedin.com/company/polartherm-oy,Eurosatory 2026 Catalog,A,New,"Vend des sous-systèmes / composants à un OEM construisant Software / Platforms, Logistics equipment.",Polartherm is the leading military air heating equipment manufacturer in Northern Europe. Nowadays we also have an excellent past performance record of multiple military projects and have delivered more than 10.000 field heaters to various …,Armored vehicles,Land defense; Logistics / MRO,,Contact sales team and qualify need,
PÔLE DES MICROTECHNIQUES,https://www.pmt-innovation.com/,France,BESANÇON,,Eurosatory 2026 Catalog,D,New,Qualifier l'activité avant tout pitch ciblé.,To enrich,Other,,,No immediate action,
POLIMASTER EUROPE,https://polimaster.com/,Lituanie,VILNIUS DISTRICT,,Eurosatory 2026 Catalog,A,New,"Front-ends RF, processeurs, mécanique de précision pour fabricants radars.","Polimaster group is comprised of several companies, including: Polimaster Europe UAB (Lithuania) serves as the principal research, engineering, and manufacturing hub. Polimaster Holding GmbH (Austria) is a holding company for the Polimaster…",Radar / sensors,Homeland security; Ammunition,,Contact sales team and qualify need,
POLIS PRÉCIS SAS,http://polisprecis.com/,France,GRANDFONTAINE,,Eurosatory 2026 Catalog,D,New,Qualifier l'activité avant tout pitch ciblé.,To enrich,Other,,,No immediate action,
POLISH AUTOMOTIVE GROUP (PGM),https://pgm.org.pl/,Pologne,SĘDZISZÓW MŁP.,https://www.linkedin.com/company/29331809/admin/dashboard/,Eurosatory 2026 Catalog,D,New,"Vend des sous-systèmes / composants à un OEM construisant Energy / batteries, Engines / propulsion.","Walne Zebranie Członków Stowarzyszenia PGM 2025 17 kwietnia 2025 Szanowni Członkowie PGM, Zarząd Stowarzyszenia Polska Grupa Motoryzacyjna zaprasza Członków Zwyczajnych na Walne Zebranie Członków... MOVE 2025: Branża motoryzacyjna apeluje d…",Other,,,No immediate action,
POLISH INVESTMENT AND TRADE AGENCY,http://www.paih.gov.pl/en,Pologne,WARSZAWA,https://www.linkedin.com/company/polish-investment-and-trade-agency/mycompany/verification/,Eurosatory 2026 Catalog,A,New,"Composites, capteurs, comms, lancement pour primes spatiaux.","We invite you to visit the Polish National Pavilion at EUROSATORY 2026, showcasing the strength of Poland’s security and dual-use sector under the theme “Pol...",Space / satellite,UAV / drones; AI / data,,Contact sales team and qualify need,
POL-PLAN,https://polplan.pl/,Pologne,ZAMYSŁOWO,https://www.linkedin.com/company/pol-plan-hale-namiotowe,Eurosatory 2026 Catalog,D,New,Qualifier l'activité avant tout pitch ciblé.,"W naszym zespole stawiamy na współpracę, wsparcie i dzielenie się wiedzą, bo wierzymy, że sukces to efekt wspólnej pracy"" Ilona Skwierawska Pol-plan - hale dla Twojego biznesu! Czytaj więcej Hala namiotowa od Pol-Plan łączy w sobie solidnoś…",Logistics / MRO,Air defense,,No immediate action,
POLSKA GRUPA ZBROJENIOWA S.A.,https://grupapgz.pl/,Pologne,RADOM,,Eurosatory 2026 Catalog,D,New,Qualifier l'activité avant tout pitch ciblé.,To enrich,Other,,,No immediate action,
Polyfa Consultants A/S,,Danemark,Skødstrup,,Eurosatory 2026 Catalog,D,New,Qualifier l'activité avant tout pitch ciblé.,To enrich,Other,,,No immediate action,
Polytronic International AG,http://www.polytronic.ch/,Suisse,MURI,,Eurosatory 2026 Catalog,B,New,"Radars, sonars, comms, armement, sustainment pour primes navals.","Founded in 1966, Polytronic International is a Swiss pioneer in electronic hit scoring and live-fire training systems for military and law enforcement. With ...",Naval defense,Homeland security; Armored vehicles,,Review website and validate opportunity,
POONGSAN,http://www.poongsan.co.kr/en,Corée du Sud,SEOUL,,Eurosatory 2026 Catalog,B,New,"Radars, missiles, comms, électroniques pour systèmes anti-aériens.","Since the early 1970s, Poongsan has led the growth and dependability of Korea's defense industry and, in so doing, made significant contributions to the nati...",Air defense,Land defense; Weapons,,Review website and validate opportunity,
POWELL ELECTRONICS EUROPE,http://www.powell.com/,Irlande,KILDARE,,Eurosatory 2026 Catalog,C,New,Vend des sous-systèmes / composants à un OEM construisant Robotics / UGV.,"When you have 1,000,000+ parts to sort through, our robots have to sometimes shift construction projects.",Logistics / MRO,,,Keep in watchlist,
POWER SYSTEM TECHNOLOGY,http://www.powersystemtechnology.com/,France,BERD'HUIS,https://www.linkedin.com/company/power-system-technology,Eurosatory 2026 Catalog,B,New,"Radars, sonars, comms, armement, sustainment pour primes navals.","French-based design office of power conversion. The company bridges the gap between off-the-shelf products and bespoke engineering, offering modular or highl...",Naval defense,UAV / drones; Armored vehicles,,Review website and validate opportunity,
PRECICAST,http://www.precicast.fr/,France,THORE-LA-ROCHETTE,https://www.linkedin.com/company/9414279/admin/dashboard/,Eurosatory 2026 Catalog,D,New,Qualifier l'activité avant tout pitch ciblé.,To enrich,Other,,,No immediate action,
PRECI-DIP,http://www.precidip.com/,Suisse,DELÉMONT,,Eurosatory 2026 Catalog,D,New,Qualifier l'activité avant tout pitch ciblé.,To enrich,Other,,,No immediate action,
PRECISION TECHNIC DEFENCE A/S,http://www.ptdefence.com/,Danemark,SVENSTRUP J,https://www.linkedin.com/company/precision-technic-defence-a-s/?viewAsMember=true,Eurosatory 2026 Catalog,A,New,"Composants, sous-systèmes, software, services pour primes C4ISR.","By end users, for end users. With a deep understanding of the complex challenges that the end users face and the operational gaps that exist, we are able to ...",C4ISR,Homeland security; Radar / sensors,,Contact sales team and qualify need,
Precizika Metrology,https://www.precizika.com/,Lituanie,Vilnius,,Eurosatory 2026 Catalog,D,New,Qualifier l'activité avant tout pitch ciblé.,To enrich,Other,,,No immediate action,
PRESTOLITE ELECTRIC LTD,http://www.prestolite-eu.com/,Royaume-Uni,GREENFORD,https://uk.linkedin.com/company/prestolite-electric-europe,Eurosatory 2026 Catalog,D,New,"Vend des sous-systèmes / composants à un OEM construisant Vehicles, Engines / propulsion.",Prestolite Electric Ltd offers a wide range of high-performance alternators and starter motors for military and security vehicles. Our products are designed ...,Other,,,No immediate action,
Pretis d.d.,http://www.pretis.ba/,Bosnia and Herzegovina,VOGOSCA,,Eurosatory 2026 Catalog,D,New,Qualifier l'activité avant tout pitch ciblé.,To enrich,Other,,,No immediate action,
Primecom,,Lituanie,Vilnius,,Eurosatory 2026 Catalog,D,New,Qualifier l'activité avant tout pitch ciblé.,To enrich,Other,,,No immediate action,
PRO PATRIA ELECTRONICS KFT.,https://www.propatria-inc.com/,Hongrie,BUDAPEST,,Eurosatory 2026 Catalog,D,New,Qualifier l'activité avant tout pitch ciblé.,To enrich,Other,,,No immediate action,
PROBATEC AG,http://www.probatec.de/,Allemagne,AMBERG,,Eurosatory 2026 Catalog,D,New,Qualifier l'activité avant tout pitch ciblé.,To enrich,Other,,,No immediate action,
Probotica d.o.o.,https://www.probotica.hr/,Croatie,Zagreb,,Eurosatory 2026 Catalog,B,New,"Front-ends RF, processeurs, mécanique de précision pour fabricants radars.","Along with creating innovative products based on the latest developments in science and technology, we also offer a wide range of services in the fields of robotics, mechatronics, and the process industry. Read more Process & plant engineer…",Radar / sensors,Simulation / training; Space / satellite,,Review website and validate opportunity,
PROCALY SAS,http://www.procaly.com/,France,VOURLES,,Eurosatory 2026 Catalog,D,New,Qualifier l'activité avant tout pitch ciblé.,To enrich,Other,,,No immediate action,
PROCOMM-MMC,http://www.procomm-mmc.com/,France,ALFORTVILLE,,Eurosatory 2026 Catalog,D,New,Qualifier l'activité avant tout pitch ciblé.,To enrich,Other,,,No immediate action,
PROENGIN,http://www.proengin.com/,France,ST CYR L ECOLE,,Eurosatory 2026 Catalog,D,New,Qualifier l'activité avant tout pitch ciblé.,To enrich,Other,,,No immediate action,
Professional Aircraft Engines GmbH,https://www.pace-engines.at/,Autriche,SITZENBERG-REIDLING,,Eurosatory 2026 Catalog,D,New,Qualifier l'activité avant tout pitch ciblé.,To enrich,Other,,,No immediate action,
Profile Vehicles Oy,,Finlande,Iisalmi,,Eurosatory 2026 Catalog,D,New,Qualifier l'activité avant tout pitch ciblé.,To enrich,Other,,,No immediate action,
Project Q,http://www.project-q.ai/,Allemagne,BERLIN,https://www.linkedin.com/company/project-q-gmbh,Eurosatory 2026 Catalog,B,New,"Composants, sous-systèmes, software, services pour primes C4ISR.","Q is a European defence-tech company pioneering the Internet of Defence (IoD) with modular, scalable, and interoperable sensor and intelligence solutions. Ou...",C4ISR,Radar / sensors; Engineering services,,Review website and validate opportunity,
PROJECT USINAGE ET INTEGRATION,http://www.project-sas.fr/,France,VENDOME,,Eurosatory 2026 Catalog,D,New,Qualifier l'activité avant tout pitch ciblé.,To enrich,Other,,,No immediate action,
PROLANN,http://www.prolann-srmp.com/,France,ROSPEZ,https://fr.linkedin.com/company/prolann-srmp,Eurosatory 2026 Catalog,B,New,"Front-ends RF, processeurs, mécanique de précision pour fabricants radars.","For over 50 years, Prolann has specialized in the machining and integration of high-precision mechanical components for the aerospace, civil, and defense sec...",Radar / sensors,,,Review website and validate opportunity,
PROLUTECH,http://www.prolutech.com/,France,ALBY SUR CHERAN,https://fr.linkedin.com/company/prolutech,Eurosatory 2026 Catalog,D,New,Qualifier l'activité avant tout pitch ciblé.,To enrich,Other,,,No immediate action,
PROMODELS,http://www.promodels.fr/,France,PARIS 12,https://www.linkedin.com/company/promodels-maquette/?viewAsMember=true,Eurosatory 2026 Catalog,D,New,Qualifier l'activité avant tout pitch ciblé.,To enrich,Other,,,No immediate action,
Pronal,https://www.pronal.com/,France,LEERS,,Eurosatory 2026 Catalog,D,New,Qualifier l'activité avant tout pitch ciblé.,To enrich,Other,,,No immediate action,
PRO-SYSTEMS S.P.A.,http://www.pro-systems.it/,Italie,MOZZATE (CO),,Eurosatory 2026 Catalog,D,New,Qualifier l'activité avant tout pitch ciblé.,To enrich,Other,,,No immediate action,
PROTEC GROUPE,http://www.protec-groupe.com/,France,BEZONS,https://fr.linkedin.com/company/protec-industrie,Eurosatory 2026 Catalog,D,New,Qualifier l'activité avant tout pitch ciblé.,To enrich,Other,,,No immediate action,
PROTECH NEW MATERIAL,http://www.chn-protech.com/,Chine,BEIJING,,Eurosatory 2026 Catalog,D,New,Qualifier l'activité avant tout pitch ciblé.,To enrich,Other,,,No immediate action,
PROTECOP,http://www.protecop.com/,France,BERNAY,https://www.linkedin.com/company/protecop,Eurosatory 2026 Catalog,D,New,Qualifier l'activité avant tout pitch ciblé.,To enrich,Other,,,No immediate action,
PROTOTAL Group,http://prototal.info/,Suède,JÖNKÖPING,https://www.linkedin.com/company/prototal/,Eurosatory 2026 Catalog,A,New,"Fournisseur de batteries, moteurs, optronique, RF, composites pour fabricants UAV.","Prototal Group — From One to One Million Prototal is Europe’s leading manufacturing services provider for industrial 3D printing, injection moulding, and va...",UAV / drones,Soldier systems; AI / data,,Contact sales team and qualify need,
"PROTOTYPA - ZM, S.R.O.",http://www.prototypa.cz/,République tchèque,BRNO,,Eurosatory 2026 Catalog,D,New,Vend des sous-systèmes / composants à un OEM construisant Software / Platforms.,"Prototypa-ZM, s.r.o. It is private company placed in Czech Republic. The company was established in November 1993 as development company. Our main point of i...",Other,,,No immediate action,
PROXFLYER AS,https://proxflyer.com/,Norvège,HØVIK,,Eurosatory 2026 Catalog,D,New,Qualifier l'activité avant tout pitch ciblé.,To enrich,Other,,,No immediate action,
PSD GROUPE CELLUTEC,https://www.groupe-cellutec.fr/,France,Libourne,,Eurosatory 2026 Catalog,D,New,Qualifier l'activité avant tout pitch ciblé.,To enrich,Other,,,No immediate action,
PSM Projekt System & Management GmbH,http://www.psm-spz.de/,Allemagne,KASSEL,,Eurosatory 2026 Catalog,C,New,"Vend des sous-systèmes / composants à un OEM construisant Ammunition, Simulators / Training.","PSM Projekt System & Management GmbH (PSM), which is based in Kassel/Germany, is the PUMA Infantry Fighting Vehicle manufacturer and is responsible for coord...",C4ISR,Ammunition; Simulation / training,,Keep in watchlist,
PULLMAN SEAT SYSTEMS,http://www.pullmanseats.com/,Turquie,BURSA,,Eurosatory 2026 Catalog,B,New,"Vend des sous-systèmes / composants à un OEM construisant Robotics / UGV, Vehicles.",Pullman Seat Systems manufactures mine-blast resistant seating solutions for armored and tactical vehicles. Our seats are engineered in line with NATO test m...,Other,,,Review website and validate opportunity,
PULSE MC²,http://www.pulsemc2-balistique.fr/,France,EVRY CEDEX,,Eurosatory 2026 Catalog,D,New,Qualifier l'activité avant tout pitch ciblé.,To enrich,Other,,,No immediate action,
PYROMERAL SYSTEMS,http://pyromeral.com/fr/,France,BARBERY,https://www.linkedin.com/company/pyromeral-systems/posts/?feedView=all,Eurosatory 2026 Catalog,B,New,"Fournisseur de batteries, moteurs, optronique, RF, composites pour fabricants UAV.","Our ceramic composite materials offer a highly resistance to high temperatures and flames up to 1000°C, making them ideal for replacing metal components in h...",UAV / drones,Logistics / MRO,,Review website and validate opportunity,
PZL Defence,https://pzl-defence.pl/,Pologne,Sędziszów Małopolski,,Eurosatory 2026 Catalog,B,New,"Fournisseur de RF, radars, optronique et embarqués pour stacks anti-drone.","Kariera Szukaj Szukaj PL Powrót Kariera EN PL PZL DEFENCE Innowacje w służbie bezpieczeństwu Dowiedz się więcej PZL Defence PZL DEFENCE Jesteśmy polską firmą specjalizującą się w projektowaniu, produkcji i wdrażaniu bezzałogowych systemów l…",Counter-UAV,UAV / drones; Armored vehicles,,Review website and validate opportunity,
Qt Group,https://qt.io/,Finlande,ESPOO,https://www.linkedin.com/company/qtgroup,Eurosatory 2026 Catalog,B,New,"Radars, sonars, comms, armement, sustainment pour primes navals.","Qt Development IAR Platform Compliance Without Compromise Security, compliance, safety. Get Cyber-Resilient Excellence You Experience Every Day, Everywhere You Build the Future. Automotive Aerospace & Defense Industrial Vehicles Micro-Mobil…",Naval defense,Cybersecurity; UAV / drones,,Review website and validate opportunity,
Quadsat ApS,http://quadsat.com/,Danemark,Odense N,https://www.linkedin.com/company/quadsat/,Eurosatory 2026 Catalog,A,New,"Capteurs, payloads optroniques, communications pour plateformes ISR.","As the electromagnetic spectrum grows more complex, gaining decisive situational awareness is critical. Our SpectraLoc capabilities enable real-time radio fr...",Intelligence / ISR,Land defense; Air defense,,Contact sales team and qualify need,
Quanhom Technology,http://www.quanhom.com/,Chine,HANGZHOU,,Eurosatory 2026 Catalog,D,New,Qualifier l'activité avant tout pitch ciblé.,To enrich,Other,,,No immediate action,
QUANTUM-SYSTEMS GMBH,https://quantum-systems.com/,Allemagne,GILCHING,https://www.linkedin.com/company/quantum-systems-gmbh/posts/?feedView=all,Eurosatory 2026 Catalog,A,New,"Capteurs, payloads optroniques, communications pour plateformes ISR.","Products Mandrill Autonomous Kit Mandrill Autonomous Kit Sea Close Sea Open Sea Sea Learn about our emerging maritime systems, including unmanned surface and underwater platforms designed for surveillance and mission support. Products MOSAI…",Intelligence / ISR,Land defense; Air defense,,Contact sales team and qualify need,
"Quickset Defense Technologies, LLC",https://www.quickset.com/,États-Unis,Northbrook,,Eurosatory 2026 Catalog,B,New,"Composites, capteurs, comms, lancement pour primes spatiaux.","Learn More About Quickset Defense Technologies, LLC Quickset Defense Technologies, LLC, aka Quickset formerly known as Moog Sensor and Surveillance Systems, designs and produces high-quality positioners and scalable physical security and pr…",Space / satellite,Naval defense; Homeland security,,Review website and validate opportunity,
QUIRI HYDROMECANIQUE,http://www.quiri.com/,France,DUTTLENHEIM,https://www.linkedin.com/company/quiri/?viewAsMember=true,Eurosatory 2026 Catalog,D,New,Qualifier l'activité avant tout pitch ciblé.,To enrich,Other,,,No immediate action,
QUITTNER & SCHIMEK S.R.O,https://www.qscomp.cz/,République tchèque,STARÁ PAKA,,Eurosatory 2026 Catalog,D,New,Qualifier l'activité avant tout pitch ciblé.,To enrich,Other,,,No immediate action,
"R2M Dynamics, SIA",https://www.beyron.eu/,Lettonie,Riga,,Eurosatory 2026 Catalog,B,New,"Fournisseur de batteries, moteurs, optronique, RF, composites pour fabricants UAV.",☰ Drones ▼ Scout Target Station Software Industries ▼ Urban Surveillance Mining Construction Warehouse Military Energy Transportation Environment About Us FAQ Contact EN autonomous drones that go beyond human limits. TRUSTED BY THE INDUSTRY…,UAV / drones,Homeland security; Optics / optronics,,Review website and validate opportunity,
RADIALL,http://www.radiall.com/,France,AUBERVILLIERS,,Eurosatory 2026 Catalog,D,New,Qualifier l'activité avant tout pitch ciblé.,To enrich,Other,,,No immediate action,
Radionor Communications AS,http://www.radionor.no/,Norvège,TRONDHEIM,https://www.linkedin.com/company/1574045,Eurosatory 2026 Catalog,D,New,Qualifier l'activité avant tout pitch ciblé.,"Increase Security and Operational Efficiency. Meet the new standard in military tactical broadband, agile digital phased array radios built for tough environ...",Other,,,No immediate action,
RAFAEL ADVANCED DEFENSE SYSTEMS LTD,http://www.rafael.co.il/,Israël,HAIFA,https://www.linkedin.com/company/14803350/admin/,Eurosatory 2026 Catalog,D,New,Qualifier l'activité avant tout pitch ciblé.,"RAFAEL Advanced Defense Systems Ltd. is synonymous with Dynamic Defense, Daring Innovation, and Technological Ingenuity. For over Seven decades, the Company ...",Other,,,No immediate action,
Rafinex,https://www.rafinex.com/,Luxembourg,Senningerberg,,Eurosatory 2026 Catalog,D,New,Qualifier l'activité avant tout pitch ciblé.,To enrich,Other,,,No immediate action,
RAIKKA OY,http://www.raikka.fi/,Finlande,ESPOO,,Eurosatory 2026 Catalog,B,New,"Moteurs, composites, plaques balistiques, optronique, comms pour OEM blindés.","Raikka Oy's vision is to be the appreciated, reliable & responsible market leader under NATO umbrella of high quality initiation and counter mobility systems...",Armored vehicles,,,Review website and validate opportunity,
Raion Robotics,https://raionrobotics.com/,Corée du Sud,유성구,,Eurosatory 2026 Catalog,C,New,"Vend des sous-systèmes / composants à un OEM construisant Robotics / UGV, Software / Platforms.","Raion Robotics 험지를 두려워하지 않는 사족보행 로봇, 라이보 라이온로보틱스는 극한 환경에서도 자율적으로 임무를 수행하는 차세대 사족보행 로봇 솔루션을 제공합니다. 현장의 가장 복잡한 작업을 함께 해결해보세요. 제품 살펴보기 기술 문서 민첩한 사족 보행 로봇 기술로 미래의 이동성을 설계합니다. (주)라이온로보틱스 대표이사: 황보제민 대전광역시 문지로 272-37(문지동) 1층 홈 회사소개 뉴스 갤러리 채용 공고 문서…",Other,,,Keep in watchlist,
RAMPINI CARLO SPA,http://www.rampini.it/,Italie,PERUGIA,https://www.linkedin.com/company/24722204/admin/dashboard/,Eurosatory 2026 Catalog,B,New,"Vend des sous-systèmes / composants à un OEM construisant Energy / batteries, Vehicles.","Born in Italy in 1945, Rampini operates worldwide as a trusted manufacturer in the defence sector. The company designs and produces specialized vehicles, mis...",Engineering services,,,Review website and validate opportunity,
RAPIC S.A.S,https://www.rapic.com/,France,EYZERAC,,Eurosatory 2026 Catalog,D,New,Qualifier l'activité avant tout pitch ciblé.,To enrich,Other,,,No immediate action,
"RAY SERVICE, A.S.",http://www.rayservice.com/,République tchèque,STARE MESTO,https://www.linkedin.com/in/kate%C5%99ina-r%C5%AF%C5%BEi%C4%8Dkov%C3%A1-93a034117/,Eurosatory 2026 Catalog,A,New,"Moteurs, composites, plaques balistiques, optronique, comms pour OEM blindés.","Modern Czech company Ray Service, headquartered in Staré Město, Czech Republic, is an international innovative manufacturer of cable harnesses, electromechan...",Armored vehicles,Land defense; Logistics / MRO,,Contact sales team and qualify need,
RAYTECH VERTRIEBSGMBH,https://www.raytech-group.com/,Autriche,BRUNN/ GEB,,Eurosatory 2026 Catalog,D,New,Qualifier l'activité avant tout pitch ciblé.,To enrich,Other,,,No immediate action,
RayXagon,http://www.rayxagon.fr/,France,MERIGNAC,https://www.linkedin.com/company/rayxagon/,Eurosatory 2026 Catalog,B,New,Sub-system / payload pour OEM drones tactiques.,"RayXagon develops and manufactures innovative optronic systems in France for security and defense professionals. We design night-vision, thermal imaging, an...",UAV / drones,Optics / optronics,,Review website and validate opportunity,
RDO SPRINGS,https://www.rdosprings.com/,France,BRESLES,,Eurosatory 2026 Catalog,D,New,Qualifier l'activité avant tout pitch ciblé.,To enrich,Other,,,No immediate action,
REALISCAPE SA,https://www.realiscape.ch/,Grèce,Patra,,Eurosatory 2026 Catalog,B,New,"Vend des sous-systèmes / composants à un OEM construisant Weapons, Simulators / Training.","VR / AR Training & Simulation We provide beyond-state-of-the-art solutions through our extensive product line such as Holotrac simulator Virtual Environments, FireMeister firefighting simulator or V-Lab series of Virtual Interactive Laborat…",Land defense,Naval defense; Homeland security,,Review website and validate opportunity,
Rebound Electronics,http://reboundeu.com/,Royaume-Uni,NEWBURY,https://www.linkedin.com/company/rebound-electronics,Eurosatory 2026 Catalog,C,New,"Pièces de rechange, calibration, certification pour acteurs MRO.",Rebound Electronics provides end‑to‑end supply chain solutions with 23 years’ experience as an independent electronic components distributor. Our data‑driven...,Logistics / MRO,Export / distribution,,Keep in watchlist,
RECAS,,Suède,Trollhättan,,Eurosatory 2026 Catalog,D,New,Qualifier l'activité avant tout pitch ciblé.,To enrich,Other,,,No immediate action,
Redler Technologies,http://www.redlertechnologies.com/,Israël,KFAR SABA,https://www.linkedin.com/company/redler-technologies/,Eurosatory 2026 Catalog,A,New,"Radars, sonars, comms, armement, sustainment pour primes navals.",Redler Technologies delivers mission-critical power and motion solutions engineered for the most demanding defense environments. From advanced power distribu...,Naval defense,C4ISR; UAV / drones,,Contact sales team and qualify need,
"REDO, S.R.O",http://www.redo.cz/,République tchèque,PROSTEJOV,,Eurosatory 2026 Catalog,D,New,Qualifier l'activité avant tout pitch ciblé.,To enrich,Other,,,No immediate action,
REDWIRE,https://rdw.com/about/,États-Unis,BEND,,Eurosatory 2026 Catalog,D,New,Qualifier l'activité avant tout pitch ciblé.,To enrich,Other,,,No immediate action,
Redwire Defense Tech,https://rdw.com/,Lettonie,RIGA,,Eurosatory 2026 Catalog,A,New,"Capteurs, payloads optroniques, communications pour plateformes ISR.",DEFENSE TECH Creating new integrated capabilities for U.S. and allied warfighters that leverage connectivity across space and airborne operations. LEARN MORE Multi-Domain Capabilities We deploy combat-proven multi-mission solutions in conte…,Intelligence / ISR,Land defense; Naval defense,,Contact sales team and qualify need,
REFLEX CES,https://www.reflexces.com/,France,EVRY CEDEX,,Eurosatory 2026 Catalog,D,New,Qualifier l'activité avant tout pitch ciblé.,To enrich,Other,,,No immediate action,
REGION CENTRE-VAL DE LOIRE,http://www.devup-centrevaldeloire.fr/,France,ORLEANS,,Eurosatory 2026 Catalog,D,New,Qualifier l'activité avant tout pitch ciblé.,To enrich,Other,,,No immediate action,
Région Île-de-France,http://www.iledefrance.fr/,France,SAINT-OUEN,https://www.linkedin.com/company/region-ile-de-france/posts/?feedView=all,Eurosatory 2026 Catalog,C,New,Activité à qualifier — discovery call avant pitch précis.,"Paris Region is the first defense region in France. OEM, SMEs, start-ups, research institutes, command centers: the entire ecosystem is there, on the same te...",Other,,,Keep in watchlist,
REGION NOUVELLE-AQUITAINE,https://nouvelle-aquitaine.fr/,France,BORDEAUX,,Eurosatory 2026 Catalog,D,New,Qualifier l'activité avant tout pitch ciblé.,To enrich,Other,,,No immediate action,
REICH GmbH - REICH MIM GmbH,http://www.reich-gmbh.com/en/products/defence,Allemagne,MELLRICHSTADT,https://www.linkedin.com/company/reich-gmbh-mellrichstadt/?viewAsMember=true,Eurosatory 2026 Catalog,B,New,"Front-ends RF, processeurs, mécanique de précision pour fabricants radars.",REICH GmbH and REICH MIM GmbH are experienced partners for high-precision components and bearing solutions in the defence sector. With decades of manufacturi...,Radar / sensors,Weapons; Ammunition,,Review website and validate opportunity,
REINFORCE Covers,https://www.reinforce-covers.com/,Allemagne,ÜBERLINGEN,,Eurosatory 2026 Catalog,B,New,"Vend des sous-systèmes / composants à un OEM construisant Radars, Logistics equipment.",Mehr erfahren Kontakt REINFORCE Covers UG (haftungsbeschränkt) Adresse: Rengoldshauser Straße 59 88662 Überlingen Germany Kontakt: +49 7551 937 88 88 info@reinforcecovers.com Startseite Produkte & Lösungen Über uns Kontakt © 2025 Reinforce …,Radar / sensors,Naval defense,,Review website and validate opportunity,
"RELLI TECHNOLOGY, INC.",http://www.relli.com/,États-Unis,BOCA RATON,,Eurosatory 2026 Catalog,A,New,"Capteurs, payloads optroniques, communications pour plateformes ISR.","Relli Technology, Inc. is an American company and a major international stock distributor of military/defense and aerospace parts, components, equipment and ...",Intelligence / ISR,Land defense; Naval defense,,Contact sales team and qualify need,
RELLUMIX,http://www.rellumix.com/,France,CERGY,,Eurosatory 2026 Catalog,D,New,Qualifier l'activité avant tout pitch ciblé.,To enrich,Other,,,No immediate action,
REM RESSORTS,https://www.rem-ressorts.com/,France,ANGERS CEDEX 02,https://www.linkedin.com/company/rem-ressorts-angers/?viewAsMember=true,Eurosatory 2026 Catalog,D,New,Activité à qualifier — discovery call avant pitch précis.,"Jusqu’au suivi de livraison, REM Ressorts est votre partenaire. Une réalisation exigeante REM Ressorts maîtrise toutes les contraintes relatives à la production et mise sur une réalisation exigeante avec la recherche de l’excellence en perm…",Other,,,No immediate action,
REMBE Safety+Control,https://www.rembe.de/en,Allemagne,BRILON,https://www.linkedin.com/company/rembe-gmbh-safety-control,Eurosatory 2026 Catalog,A,New,"Composants, sous-systèmes, software, services pour primes C4ISR.","Get in touch with us, we will find the optimal solution for you in terms of pressure relief and explosion protection. food silo brewery Battery Energy Storage Systems (BESS) REMBE ® 's most famous Security requires reliability, the highest …",C4ISR,Naval defense; Armored vehicles,,Contact sales team and qualify need,
REMORQUES LOUAULT,http://www.remorques-louault.fr/,France,SAINT FARGEAU,https://www.linkedin.com/company/remorques-louault/?viewAsMember=true,Eurosatory 2026 Catalog,D,New,Vend des sous-systèmes / composants à un OEM construisant Vehicles.,"French manufacturer of trailers and semi-trailers, our company specializes in the design and production of custom-built, purpose-specific vehicles. We devel...",Other,,,No immediate action,
RENAULT TRUCKS Emergency & Defense,https://www.renault-trucks.com/fr,France,SAINT PRIEST,,Eurosatory 2026 Catalog,D,New,Qualifier l'activité avant tout pitch ciblé.,To enrich,Other,,,No immediate action,
Renishaw UK Sales Ltd,,Royaume-Uni,Gloucestershire,,Eurosatory 2026 Catalog,D,New,Qualifier l'activité avant tout pitch ciblé.,To enrich,Other,,,No immediate action,
RENK Group,http://www.renk.com/,Allemagne,AUGSBURG,https://de.linkedin.com/company/renkgroup,Eurosatory 2026 Catalog,B,New,"Radars, sonars, comms, armement, sustainment pour primes navals.","RENK – Trusted Partner The RENK Group is a global technology leader focusing on the development and manufacture of complex drive and transmission systems, hy...",Naval defense,Radar / sensors; Logistics / MRO,,Review website and validate opportunity,
REPKONMachine and Tool Industry and Trade Inc.,http://www.repkon.com.tr/,Turquie,ISTANBUL,,Eurosatory 2026 Catalog,D,New,Qualifier l'activité avant tout pitch ciblé.,To enrich,Other,,,No immediate action,
REPUBLIKORP,https://www.republikorp.com/,Indonésie,"JAKARTA SELATAN,",,Eurosatory 2026 Catalog,B,New,"Capteurs, payloads optroniques, communications pour plateformes ISR.","Learn More Contact Us ABOUT US REPUBLIKORP Established in 2013, REPUBLIKORP has taken a leading role in Indonesia’s defense industry ecosystem through a network of highly specialized subsidiaries. REPUBLIKORP is Indonesia’s foremost defence…",Intelligence / ISR,Air defense; Naval defense,,Review website and validate opportunity,
RESA,https://www.resa-electronique.com/,France,VILLEBON SUR YVETTE,,Eurosatory 2026 Catalog,D,New,Qualifier l'activité avant tout pitch ciblé.,To enrich,Other,,,No immediate action,
RESCUE TRAILER s.r.o.,,République tchèque,ZLATA OLESNICE,,Eurosatory 2026 Catalog,D,New,Qualifier l'activité avant tout pitch ciblé.,To enrich,Other,,,No immediate action,
Research Electronics International,http://www.reiusa.net/,États-Unis,Cookeville,https://www.linkedin.com/company/research-electronics-international,Eurosatory 2026 Catalog,D,New,Qualifier l'activité avant tout pitch ciblé.,"Research Electronics International (REI), located in Cookeville, Tennessee, specializes in the design and manufacture of TSCM equipment for more than 40 year...",Other,,,No immediate action,
Research Triangle Regional Partnership,https://www.researchtriangle.org/,États-Unis,Raleigh,,Eurosatory 2026 Catalog,D,New,Qualifier l'activité avant tout pitch ciblé.,To enrich,Other,,,No immediate action,
Resource Industries,https://www.bing.com/ck/a?!&&p=6f4cf5460f23e9b715761cf5e8fbd33df2470f54ec6f8b04ae97dba5d6032c93JmltdHM9MTc3MzAxNDQwMA&ptn=3&ver=2&hsh=4&fclid=31375213-06bf-683e-320d-469c07ed6952&psq=resource+industries+location&u=a1aHR0cHM6Ly9yZXNvdXJjZS1pbmR1c3RyaWVzLmN,Émirats arabes unis,Abu Dhabi,,Eurosatory 2026 Catalog,D,New,Qualifier l'activité avant tout pitch ciblé.,To enrich,Other,,,No immediate action,
RESSORTS MASSELIN,http://www.masselin.com/,France,LE PETIT QUEVILLY CEDEX,,Eurosatory 2026 Catalog,D,New,Qualifier l'activité avant tout pitch ciblé.,To enrich,Other,,,No immediate action,
RETIA,http://www.retia.cz/,République tchèque,PARDUBICE,https://www.linkedin.com/company/retia/,Eurosatory 2026 Catalog,B,New,"Vend des sous-systèmes / composants à un OEM construisant Software / Platforms, UAV / drones.","RETIA is a Czech company based in Pardubice, founded in 1993. It is part of the industrial and technology group CSG. RETIA develops, manufactures, and modern...",Intelligence / ISR,Air defense; C4ISR,,Review website and validate opportunity,
Reveal Technology,https://www.revealtech.ai/,États-Unis,Bozeman,,Eurosatory 2026 Catalog,B,New,"Composants, sous-systèmes, software, services pour primes C4ISR.","READ MORE REVEAL TECHNOLOGY LAUNCHES DEFENSE TECH TESTING SERIES ""BattleLab"" ON VET Tv December 2025 ""The pace of technological change on the battlefield has never been faster, but the procurement process and the way units experiment with n…",C4ISR,Land defense; Naval defense,,Review website and validate opportunity,
REVISION MILITARY LTD,http://revisionmilitary.com/,États-Unis,ESSEX JUNCTION,https://www.revisionmilitary.com,Eurosatory 2026 Catalog,D,New,Qualifier l'activité avant tout pitch ciblé.,Revision develops and delivers purpose-built eye protection for military and tactical use worldwide. Revision specializes in integration for the optimum and ...,Other,,,No immediate action,
RF COM SISTEMAS,https://www.rf.com.br/,Brésil,SÃO JOSÉ DOS CAMPOS,,Eurosatory 2026 Catalog,D,New,Qualifier l'activité avant tout pitch ciblé.,To enrich,Other,,,No immediate action,
RFPM,https://www.rfpm.fr/,France,VILLERS-SUR-PORT,,Eurosatory 2026 Catalog,D,New,Qualifier l'activité avant tout pitch ciblé.,To enrich,Other,,,No immediate action,
RHD The Right Spring,http://www.rhd.fr/,France,CONFLANS SAINTE HONORINE,,Eurosatory 2026 Catalog,D,New,Qualifier l'activité avant tout pitch ciblé.,To enrich,Other,,,No immediate action,
Rheinmetall AG,http://www.rheinmetall.com/,Allemagne,DUESSELDORF,https://de.linkedin.com/company/rheinmetall,Eurosatory 2026 Catalog,A,New,"Amplis RF, processeurs signal, embarqué, antennes pour EW.","As an integrated technology group, the listed company Rheinmetall AG, headquartered in Duesseldorf, Germany, stands for a company that is as strong in substa...",Electronic warfare,Air defense; Naval defense,,Contact sales team and qualify need,
RICHARD PONTVERT SA,http://paraboot-pro.com/,France,SAINT JEAN DE MOIRANS,https://linkedin.com/company/paraboot-pro,Eurosatory 2026 Catalog,D,New,Qualifier l'activité avant tout pitch ciblé.,To enrich,Other,,,No immediate action,
RIGANTI S.p.A.,http://www.riganti.com/,Italie,SOLBIATE ARNO,https://www.linkedin.com/company/riganti-s.p.a./,Eurosatory 2026 Catalog,A,New,"Moteurs, composites, plaques balistiques, optronique, comms pour OEM blindés.","Riganti is an Italian manufacturing company specialized in hammer hot drop forging. All items can be supplied forged, heat treated, pre- or fully machined, ...",Armored vehicles,Simulation / training; Dual-use technology,,Contact sales team and qualify need,
RINGFEDER,http://www.ringfeder-rf.com/,Allemagne,KREFELD,,Eurosatory 2026 Catalog,A,New,"Front-ends RF, processeurs, mécanique de précision pour fabricants radars.",RINGFEDER supplies reliable connecting devices for towing and recovering special vehicles and for connecting trucks and trailers as well as superior coupling...,Radar / sensors,Optics / optronics; Logistics / MRO,,Contact sales team and qualify need,
Rivolier Sécurité Défense,https://www.rivolier-sd.com/,France,ST JUST ST RAMBERT CEDEX,,Eurosatory 2026 Catalog,D,New,Qualifier l'activité avant tout pitch ciblé.,To enrich,Other,,,No immediate action,
RIZ PE d.o.o.,https://www.riz-pe.hr/,Croatie,Zagreb,,Eurosatory 2026 Catalog,C,New,"Vend des sous-systèmes / composants à un OEM construisant Software / Platforms, Tactical radios.","SDR omogućuje radiju veću fleksibilnost i prilagodljivost, budući da se softver može lako modificirati da podržava različite protokole i standarde.",C4ISR,Communications,,Keep in watchlist,
"RIZHAO FZH INTERNATIONAL TRADE CO., LTD.",http://www.lomah-target.com/,Chine,RIZHAO,,Eurosatory 2026 Catalog,B,New,"Front-ends RF, processeurs, mécanique de précision pour fabricants radars.","RIZHAO FZH INTERNATIONAL TRADE CO., LTD.is a comprehensive manufacturer and exporter specializing in shooting training products and shooting range equipment....",Radar / sensors,Homeland security; Ammunition,,Review website and validate opportunity,
RMA SPECIAL VEHICLES,http://rmaspecialvehicles.com/,Thaïlande,CHONBURI,https://www.linkedin.com/company/rma-special-vehicles/?viewAsMember=true,Eurosatory 2026 Catalog,A,New,"Moteurs, composites, plaques balistiques, optronique, comms pour OEM blindés.",RMA Special Vehicles are expertly engineered from the ground up to meet the most demanding global standards. Produced at our strategically located centers of...,Armored vehicles,Homeland security; Logistics / MRO,,Contact sales team and qualify need,
R-MECA RECTIFICATION,https://groupe-rmeca.fr/,France,JOUET SUR L'AUBOIS,,Eurosatory 2026 Catalog,D,New,Qualifier l'activité avant tout pitch ciblé.,To enrich,Other,,,No immediate action,
RMG INDUSTRIE,http://www.rmg-industrie.com/,France,MARNAZ,,Eurosatory 2026 Catalog,D,New,Qualifier l'activité avant tout pitch ciblé.,To enrich,Other,,,No immediate action,
Robin Radar Systems,http://www.robinradar.com/,Pays-Bas,THE HAGUE,https://www.linkedin.com/company/robin-radar-systems-b-v-/posts/?feedView=all,Eurosatory 2026 Catalog,A,New,"Radars, sonars, comms, armement, sustainment pour primes navals.","Our drone detection radars tackle elusive threats in an unpredictable world. With powerful classification and tracking technologies, they're made to provide ...",Naval defense,Air defense; Homeland security,,Contact sales team and qualify need,
Rochling Industrial,https://www.roechling.com/fr/industrial,France,MAXEVILLE,,Eurosatory 2026 Catalog,D,New,Qualifier l'activité avant tout pitch ciblé.,To enrich,Other,,,No immediate action,
Rocket Chat,https://www.rocket.chat/,États-Unis,Wilmington,,Eurosatory 2026 Catalog,A,New,"Vend des sous-systèmes / composants à un OEM construisant Engines / propulsion, Communications networks.","Explore the platform Deploy anywhere Supports high-security environments with on-prem, air-gapped, and secure cloud deployments. Zero-trust security model Used in highly classified networks such as NIPRNet, SIPRNet, and JWICS, with DoD ATO …",C4ISR,Homeland security; Cybersecurity,,Contact sales team and qualify need,
RODRIGUEZ GMBH FRANCE,,France,ST GERMAIN EN LAYE,,Eurosatory 2026 Catalog,D,New,Qualifier l'activité avant tout pitch ciblé.,To enrich,Other,,,No immediate action,
ROHDE & SCHWARZ,http://www.rohde-schwarz.com/,Allemagne,MUNICH,,Eurosatory 2026 Catalog,D,New,Qualifier l'activité avant tout pitch ciblé.,To enrich,Other,,,No immediate action,
ROKETSAN,http://www.roketsan.com.tr/,Turquie,ANKARA,,Eurosatory 2026 Catalog,D,New,Qualifier l'activité avant tout pitch ciblé.,To enrich,Other,,,No immediate action,
ROLLON BY TIMKEN,http://www.rollon.com/fra/fr/,France,LIMONEST,https://www.linkedin.com/company/rollonspa/posts/,Eurosatory 2026 Catalog,B,New,"Pièces de rechange, calibration, certification pour acteurs MRO.","Rollon designs and manufactures linear components, actuators and systems for industrial motion, with a special focus on tailored solutions. In 2018, we joine...",Logistics / MRO,Engineering services,,Review website and validate opportunity,
Rolls-Royce,http://www.mtu-solutions.com/,Allemagne,FRIEDRICHSHAFEN,https://www.linkedin.com/company/mtusolutions/,Eurosatory 2026 Catalog,A,New,"Radars, sonars, comms, armement, sustainment pour primes navals.","Europe English Deutsch North America English Eastern Europe & CIS English Turkey, Africa & Middle East English Latin & South America English South East Asia & India English North East Asia English Greater China English 中文 Australia English …",Naval defense,Land defense; Radar / sensors,,Contact sales team and qualify need,
Rommel GmbH,http://www.r-bss.de/,Allemagne,Düsseldorf,,Eurosatory 2026 Catalog,B,New,"Vend des sous-systèmes / composants à un OEM construisant Logistics equipment, Vehicles.",Our systems are characterized by extremely fast suppression times and are particularly suited for vehicles requiring enhanced protection. They effectively re...,Ammunition,Logistics / MRO,,Review website and validate opportunity,
Ronika UAB,http://www.ronika.lt/,Lituanie,KAUNAS,,Eurosatory 2026 Catalog,B,New,"Fournisseur de batteries, moteurs, optronique, RF, composites pour fabricants UAV.","UAB Ronika is a Lithuanian composites manufacturer established in 1991. With 30+ years of experience, we design and produce durable fiberglass (and carbon-fi...",UAV / drones,Industrial subcontracting,,Review website and validate opportunity,
ROSHEL DEFENCE SOLUTIONS,http://roshel.ca/,Canada,BRAMPTON,https://ca.linkedin.com/company/roshel,Eurosatory 2026 Catalog,C,New,"Vend des sous-systèmes / composants à un OEM construisant Vehicles, Ballistic protection.",Roshel is one of the largest manufacturers of smart armored vehicles for commercial and government organizations in North America. The company is headquarter...,Armored vehicles,Naval defense; Homeland security,,Keep in watchlist,
RÖSLER FRANCE,http://www.rosler.com/,France,Sens Cedex,https://www.linkedin.com/company/rosler-france/,Eurosatory 2026 Catalog,A,New,"Composites, capteurs, comms, lancement pour primes spatiaux.","As a subsidiary of the Rösler Oberflächentechnik GmbH group, Rösler France, based in St Clément in Yonne, specializes in the fields of Massfinishing, Shot Bl...",Space / satellite,Naval defense; Armored vehicles,,Contact sales team and qualify need,
"ROTAC CO., LTD.",http://slipring.uk/?redirect=no,Corée du Sud,Busan,,Eurosatory 2026 Catalog,D,New,Qualifier l'activité avant tout pitch ciblé.,To enrich,Other,,,No immediate action,
ROTARY CONNECTORS PRIVATE LIMITED,http://www.rotaryconnectors.com/,Inde,BENGALURU,https://www.linkedin.com/company/rotary-connectors-p-ltd/,Eurosatory 2026 Catalog,A,New,"Front-ends RF, processeurs, mécanique de précision pour fabricants radars.","Rotary Connectors is a manufacturer of MIL grade circular connectors like the MIL-DTL-D38999 S III, MIL-DTL-26482 S I & S II; Backshells; Dust caps & other a...",Radar / sensors,Naval defense; Ammunition,,Contact sales team and qualify need,
ROXEL,http://www.roxelgroup.com/,France,LE PLESSIS ROBINSON CEDEX,https://fr.linkedin.com/company/roxelfrance,Eurosatory 2026 Catalog,A,New,"Fournisseur de batteries, moteurs, optronique, RF, composites pour fabricants UAV.","Roxel, the European leader in tactical propulsion, is an Anglo-French Company wholy-owned by MBDA. Roxel provides all types of rocket motor used in tactical ...",UAV / drones,Air defense; Naval defense,,Contact sales team and qualify need,
Roxtec,https://www.roxtec.com/fr/,France,PARIS,https://www.linkedin.com/company/roxtec-france-sas/,Eurosatory 2026 Catalog,D,New,Qualifier l'activité avant tout pitch ciblé.,To enrich,Other,,,No immediate action,
RP OPTICAL LAB,http://www.rp-optical-lab.com/,Israël,PETACH-TIKVA,https://www.linkedin.com/company/rp-optical-lab,Eurosatory 2026 Catalog,B,New,"Fournisseur de batteries, moteurs, optronique, RF, composites pour fabricants UAV.","RP Optical Labs excel in optomechanical custom design, providing innovative solutions from concept to production. Our expertise ensures optimal performance a...",UAV / drones,Homeland security; Optics / optronics,,Review website and validate opportunity,
RSI Europe,http://rsieu.com/,Lituanie,Vilnius,,Eurosatory 2026 Catalog,A,New,"Capteurs, payloads optroniques, communications pour plateformes ISR.","RSI Europe is a defence technology company that develops, manufactures and integrates into armed forces battle-tested, cost-effective FPV drone systems and r...",Intelligence / ISR,Naval defense; Cybersecurity,,Contact sales team and qualify need,
RTsys Monitoring Solutions,http://rtsys.com/ms,France,LANESTER,https://www.linkedin.com/company/rtsys,Eurosatory 2026 Catalog,B,New,"Radars, sonars, comms, armement, sustainment pour primes navals.","RTSYS Monitoring Solutions offers advanced technologies for mine clearance operations, enabling the detection, location, and securing of sensitive areas. Th...",Naval defense,UAV / drones; Radar / sensors,,Review website and validate opportunity,
RTX,http://www.rtx.com/,États-Unis,ARLINGTON,,Eurosatory 2026 Catalog,A,New,"Capteurs, payloads optroniques, communications pour plateformes ISR.","RTX is the world's largest aerospace and defense company. With more than 185,000 global employees, we push the limits of technology and science to redefine h...",Intelligence / ISR,Land defense; Air defense,,Contact sales team and qualify need,
RUAG AG,https://www.ruag.ch/,Suisse,EMMEN,,Eurosatory 2026 Catalog,D,New,Qualifier l'activité avant tout pitch ciblé.,To enrich,Other,,,No immediate action,
RUBBER PROCESS,https://www.rubberprocess.com/,France,BRETEUIL SUR ITON,,Eurosatory 2026 Catalog,D,New,Qualifier l'activité avant tout pitch ciblé.,To enrich,Other,,,No immediate action,
RUBENA,https://www.rubena.eu/,République tchèque,NACHOD,,Eurosatory 2026 Catalog,D,New,Qualifier l'activité avant tout pitch ciblé.,To enrich,Other,,,No immediate action,
RUBIS PRECIS,http://www.rubis-precis.com/,France,CHARQUEMONT,https://www.rubis-precis.com,Eurosatory 2026 Catalog,D,New,Qualifier l'activité avant tout pitch ciblé.,To enrich,Other,,,No immediate action,
RUBTEC A/S,https://www.rubtec.dk/,Danemark,HORSENS,,Eurosatory 2026 Catalog,D,New,Qualifier l'activité avant tout pitch ciblé.,To enrich,Other,,,No immediate action,
RUD,http://www.rud.com/,Allemagne,AALEN,,Eurosatory 2026 Catalog,B,New,"Front-ends RF, processeurs, mécanique de précision pour fabricants radars.","RUD is a globally leading manufacturer of high-quality solutions for lifting and load securing. With over 150 years of engineering expertise, the family-owne...",Radar / sensors,Logistics / MRO,,Review website and validate opportunity,
RunFlat International,http://www.runflatinternational.com/,Royaume-Uni,BIRMINGHAM,,Eurosatory 2026 Catalog,D,New,Qualifier l'activité avant tout pitch ciblé.,To enrich,Other,,,No immediate action,
RVactuators,http://www.rvactuators.com/,République tchèque,DOLNI BREZANY,https://www.linkedin.com/company/rvactuators/,Eurosatory 2026 Catalog,A,New,"Capteurs, payloads optroniques, communications pour plateformes ISR.","RVactuators’ MicroWire emerges as a promising alternative for microactuator applications offering low power consumption, scalability, and resistance to harsh...",Intelligence / ISR,Naval defense; UAV / drones,,Contact sales team and qualify need,
"RVmagnetics, a.s.",,Slovaquie,Kosice,,Eurosatory 2026 Catalog,D,New,Qualifier l'activité avant tout pitch ciblé.,To enrich,Other,,,No immediate action,
RWS,http://rws-ammunition.com/,Allemagne,FÜRTH,,Eurosatory 2026 Catalog,B,New,"Vend des sous-systèmes / composants à un OEM construisant Ammunition, Logistics equipment.","RWS GmbH is a reliable partner for law enforcement and military customers in all areas of small caliber ammunition. Since 1886, we have stood for innovation ...",Ammunition,Homeland security,,Review website and validate opportunity,
RXR PROTECT,https://rxrprotect.com/militaire/,France,CAEN,https://www.linkedin.com/company/6866966/admin/feed/posts/,Eurosatory 2026 Catalog,D,New,Qualifier l'activité avant tout pitch ciblé.,To enrich,Other,,,No immediate action,
"S.M.S., SPOL. S R. O.",http://www.smsdefence.sk/,Slovaquie,DUBNICA NAD VAHOM,,Eurosatory 2026 Catalog,C,New,Vend des sous-systèmes / composants à un OEM construisant Logistics equipment.,"Súhlas s týmito technológiami nám umožní spracovávať údaje, ako je správanie pri prehliadaní alebo jedinečné ID na tejto stránke. Nesúhlas alebo odvolanie súhlasu môže nepriaznivo ovplyvniť určité vlastnosti a funkcie. Funkčné Funkčné Vždy …",Other,,,Keep in watchlist,
S.T.I.D,https://stid-security.com/fr,France,GRÉASQUE,,Eurosatory 2026 Catalog,D,New,Qualifier l'activité avant tout pitch ciblé.,To enrich,Other,,,No immediate action,
S2M EQUIPMENT,https://www.s2m-equipment.fr/,France,MONTLOUIS-SUR-LOIRE,,Eurosatory 2026 Catalog,D,New,Qualifier l'activité avant tout pitch ciblé.,To enrich,Other,,,No immediate action,
S2P - SMART PLASTIC PRODUCTS,http://www.s-2p.com/,France,BELLIGNAT,,Eurosatory 2026 Catalog,D,New,Qualifier l'activité avant tout pitch ciblé.,To enrich,Other,,,No immediate action,
SAAB,https://www.saab.com/,Suède,LINKÖPING,,Eurosatory 2026 Catalog,D,New,Qualifier l'activité avant tout pitch ciblé.,To enrich,Other,,,No immediate action,
SAAB BOFORS TEST CENTER AB,http://www.testcenter.se/,Suède,KARLSKOGA,https://www.linkedin.com/company/boforstestcenter,Eurosatory 2026 Catalog,B,New,"Radars, missiles, comms, électroniques pour systèmes anti-aériens.",When you need large restricted operation areas where only your own imagination sets the limit for what you can do. When you want to be in customer’s heaven a...,Air defense,UAV / drones; Weapons,,Review website and validate opportunity,
SAATI,http://www.saati.com/,Italie,APPIANO GENTILE (CO),,Eurosatory 2026 Catalog,D,New,Qualifier l'activité avant tout pitch ciblé.,To enrich,Other,,,No immediate action,
SABENA TECHNICS,https://www.sabenatechnics.com/,France,ORLY,,Eurosatory 2026 Catalog,A,New,"Composants, sous-systèmes, software, services pour primes C4ISR.","Learn more about Sabena technics A strategic partner We empower our most demanding clients—civilian, military, or governmental—to safely carry out their daily missions. Learn more Be at the heart of operations Joining Sabena technics means …",C4ISR,Land defense; Naval defense,,Contact sales team and qualify need,
SADEV Industries,http://www.sadev-industries.com/,France,SAINT-PROUANT,https://www.linkedin.com/company/sadev-industries/posts/?feedView=all,Eurosatory 2026 Catalog,B,New,"Composites, capteurs, comms, lancement pour primes spatiaux.","SADEV Industries - Specialist in the design, manufacturing, and assembly of high-precision gears and transmission systems for demanding sectors such as aeron...",Space / satellite,Optics / optronics; Simulation / training,,Review website and validate opportunity,
Safe-Tec A/S,https://safe-tec.dk/,Danemark,Rønnede,,Eurosatory 2026 Catalog,D,New,Qualifier l'activité avant tout pitch ciblé.,To enrich,Other,,,No immediate action,
SAFRAN,https://www.safran-electronics-defense.com/,France,PARIS CEDEX 15,https://www.linkedin.com/showcase/safran---defense,Eurosatory 2026 Catalog,D,New,Qualifier l'activité avant tout pitch ciblé.,To enrich,Other,,,No immediate action,
SAFRAN ELECTRONICS & DEFENSE,https://www.safran-electronics-defense.com/,France,PARIS CEDEX 15,https://www.linkedin.com/showcase/safran---defense,Eurosatory 2026 Catalog,D,New,Qualifier l'activité avant tout pitch ciblé.,To enrich,Other,,,No immediate action,
SAFRAN SA,https://www.safran-group.com/,France,MALAKOFF CEDEX,,Eurosatory 2026 Catalog,D,New,Qualifier l'activité avant tout pitch ciblé.,To enrich,Other,,,No immediate action,
SAFT SAS,http://www.saft.com/,France,LEVALLOIS-PERRET,https://www.linkedin.com/company/saft/about/,Eurosatory 2026 Catalog,D,New,Qualifier l'activité avant tout pitch ciblé.,To enrich,Other,,,No immediate action,
SAG New Technologies GmbH,,Autriche,Lend,,Eurosatory 2026 Catalog,D,New,Qualifier l'activité avant tout pitch ciblé.,To enrich,Other,,,No immediate action,
SAGAERT,https://www.sagaertplastique.com/,France,MONTREUIL-SOUS-BOIS,,Eurosatory 2026 Catalog,D,New,Qualifier l'activité avant tout pitch ciblé.,To enrich,Other,,,No immediate action,
SAGLAMTEK AVIATION AND DEFENCE CO,https://www.saglamtek.com/,Turquie,ANKARA,https://www.linkedin.com/company/77083579,Eurosatory 2026 Catalog,B,New,"Fournisseur de batteries, moteurs, optronique, RF, composites pour fabricants UAV.","Innovative Solutions for Aerospace and Defense SAĞLAMTEK delivers reliable RF systems, antennas, and electronic technologies tailored for mission-critical applications. We develop next-generation solutions in military-grade GNSS technology.…",UAV / drones,Naval defense; Cybersecurity,,Review website and validate opportunity,
SAHAR,http://sahar.fr/,France,PARIS,https://fr.linkedin.com/company/sahar-data,Eurosatory 2026 Catalog,B,New,"Threat intel, hardware appliances, cloud souverain, audits.","Sahar is a French technology company that develops OSINT software that integrates, analyzes, and visualizes data from a wide range of open sources within a s...",Cybersecurity,AI / data; Engineering services,,Review website and validate opportunity,
SAIB CONNECTIQUE,http://www.saib.fr/,France,LA TALAUDIERE,https://fr.linkedin.com/company/saib-connectique,Eurosatory 2026 Catalog,D,New,Qualifier l'activité avant tout pitch ciblé.,To enrich,Other,,,No immediate action,
"SailRay Optical Technology Co., Ltd",https://irmonster.com/,Chine,CHENGDU,,Eurosatory 2026 Catalog,B,New,"Front-ends RF, processeurs, mécanique de précision pour fabricants radars.","Our offerings include night vision devices, individual soldier gear, and border surveillance systems—helping law enforcement and security personnel maintain a tactical advantage in extreme environments and nighttime conditions to ensure the…",Radar / sensors,Naval defense; Homeland security,,Review website and validate opportunity,
SAINT GOBAIN CERAMICS,https://www.hexoloy.com/,États-Unis,"NIAGARA FALLS, NEW YORK",,Eurosatory 2026 Catalog,D,New,Qualifier l'activité avant tout pitch ciblé.,To enrich,Other,,,No immediate action,
SAINT-GOBAIN SULLY,http://www.saint-gobain-sully.com/,France,SULLY SUR LOIRE,,Eurosatory 2026 Catalog,D,New,Qualifier l'activité avant tout pitch ciblé.,To enrich,Other,,,No immediate action,
SAKO,http://www.sako.global/defence-and-law-enforcement,Finlande,RIIHIMAKI,,Eurosatory 2026 Catalog,A,New,"Verre spécial, détecteurs, mécanique de précision pour optronique.","​A world leading manufacturer of modern sniper rifles, like the TRG M10, and specialty ammunitions. SAKO is a trusted company for professional shooters - cre...",Optics / optronics,Naval defense; Homeland security,,Contact sales team and qualify need,
SALTECH AG,http://www.saltech.ch/,Suisse,DULLIKEN,,Eurosatory 2026 Catalog,B,New,"Vend des sous-systèmes / composants à un OEM construisant Ammunition, Logistics equipment.","saltech AG, based in Switzerland, stands for premium small-caliber ammunition and pyrotechnical devices manufactured to the highest standards. We understand ...",Weapons,Homeland security; Ammunition,,Review website and validate opportunity,
Salzgitter AG Defence,http://defence.salzgitter-ag.com/de/,Allemagne,ILSENBURG,,Eurosatory 2026 Catalog,D,New,Qualifier l'activité avant tout pitch ciblé.,"As a leading European steel and technology group, we are consolidating our security-related activities in Salzgitter AG Defence, making our comprehensive ste...",Other,,,No immediate action,
SAMEL- 90,http://www.samel90.com/,Bulgarie,SAMOKOV,,Eurosatory 2026 Catalog,B,New,"Amplis RF, processeurs signal, embarqué, antennes pour EW.","Samel-90 PLC has 62 years’ experience in development, manufacturing and trade of: Electronic products and equipment; Drone detection and jamming systems; Ant...",Electronic warfare,C4ISR; UAV / drones,,Review website and validate opportunity,
SAMETO,https://www.sameto.com/,France,DINAN,,Eurosatory 2026 Catalog,D,New,Qualifier l'activité avant tout pitch ciblé.,To enrich,Other,,,No immediate action,
SAMHYUN,,Corée du Sud,"Changwon-si, Gyeongsangnam-do",,Eurosatory 2026 Catalog,D,New,Qualifier l'activité avant tout pitch ciblé.,To enrich,Other,,,No immediate action,
"Samyang Chemical Co., Ltd.",http://samyangchem.com/en/,Corée du Sud,Seoul,,Eurosatory 2026 Catalog,D,New,Qualifier l'activité avant tout pitch ciblé.,"For the past 55 years since its founding in 1972, Samyang Chemical, guided by its motto of diligence, creativity, and harmony, has engaged not only in the ch...",Other,,,No immediate action,
SANDEEP METALCRAFT PVT. LTD.,https://www.sandeepmetalcraft.com/,Inde,NAGPUR,,Eurosatory 2026 Catalog,D,New,Qualifier l'activité avant tout pitch ciblé.,To enrich,Other,,,No immediate action,
SANITEC INDUSTRIE,http://www.sanitec.fr/,France,TOURS,,Eurosatory 2026 Catalog,D,New,"Outils CAD, simulation, certification pour bureau d'études.","SANITEC, a French expert in sanitary solutions for demanding environments, supports armed forces with robust equipment designed to meet operational constrain...",Engineering services,,,No immediate action,
"Sanlayan Group (Sanlayan Tech, Versabyte, Dexcel)",https://www.sanlayan.com/,Inde,BENGALURU,https://www.linkedin.com/company/sanlayan/,Eurosatory 2026 Catalog,A,New,"Amplis RF, processeurs signal, embarqué, antennes pour EW.","For the Nation. ​ Join our team to solve mission critical challenges at startup speed. EXPLORE CAREERS AT SANLAYAN Next OUR TRUSTED PARTNERS ACCELERATE WITH SANALAYAN Join the growing community of government, armed forces & advanced DRDO La…",Electronic warfare,Homeland security; Cybersecurity,,Contact sales team and qualify need,
Sanok Rubber Company S.A.,https://sanokrubber.com/,Pologne,Sanok,,Eurosatory 2026 Catalog,B,New,Canal de distribution / représentation pour notre portefeuille.,"Lider w produkcji wyrobów gumowych i gumowo-metalowych Sanok Rubber Company S.A. to europejski lider w produkcji nowoczesnych wyrobów gumowych, gumowo-metalowych i kompozytowych. Imię i nazwisko Email Wiadomość Wyrażam zgodę na przetwarzani…",Space / satellite,Logistics / MRO,,Review website and validate opportunity,
SANS Institute,http://www.sans.org/,Royaume-Uni,SWANSEA,https://www.linkedin.com/company/sans-institute,Eurosatory 2026 Catalog,A,New,"Threat intel, hardware appliances, cloud souverain, audits.","SANS Institute is the world’s most trusted name in cybersecurity training, having empowered more than 400,000 professionals since 1989. Our mission is to pro...",Cybersecurity,Homeland security; C4ISR,,Contact sales team and qualify need,
SAPA,https://www.sapa.es/home,Espagne,ANDOAIN,,Eurosatory 2026 Catalog,D,New,Qualifier l'activité avant tout pitch ciblé.,To enrich,Other,,,No immediate action,
SAPIEN X,http://sapienxai.com/,Maroc,CASABLANCA,,Eurosatory 2026 Catalog,B,New,"Fournisseur de batteries, moteurs, optronique, RF, composites pour fabricants UAV.","We generate synthetic training data and forecast security threats 12–36 months before they emerge. Built for defense contractors, surveillance companies, and government agencies worldwide.",UAV / drones,Homeland security; Radar / sensors,,Review website and validate opportunity,
SARCO OY,,Finlande,HELSINKI,,Eurosatory 2026 Catalog,D,New,Qualifier l'activité avant tout pitch ciblé.,To enrich,Other,,,No immediate action,
SAS,http://www.abeillon.com/,France,MONTREUIL,,Eurosatory 2026 Catalog,D,New,Qualifier l'activité avant tout pitch ciblé.,To enrich,Other,,,No immediate action,
SAS AIR MS,,France,VAUHALLAN,,Eurosatory 2026 Catalog,D,New,Qualifier l'activité avant tout pitch ciblé.,To enrich,Other,,,No immediate action,
SAS LT LOGTRANS,,France,PORT-SAINT-LOUIS-DU-RHONE,,Eurosatory 2026 Catalog,D,New,Qualifier l'activité avant tout pitch ciblé.,To enrich,Other,,,No immediate action,
Saskatchewan Ministry of Trade and Export Development,https://investsk.ca/,Canada,Regina,,Eurosatory 2026 Catalog,D,New,Qualifier l'activité avant tout pitch ciblé.,To enrich,Other,,,No immediate action,
SATURNE TECHNOLOGY,http://www.saturne-technology.com/,Luxembourg,CONTERN,,Eurosatory 2026 Catalog,D,New,Qualifier l'activité avant tout pitch ciblé.,To enrich,Other,,,No immediate action,
Satways LTD,https://www.satways.net/,Grèce,Irakleio Attica,,Eurosatory 2026 Catalog,B,New,"Capteurs, payloads optroniques, communications pour plateformes ISR.","The company is dedicated to develop integrated Geospatial command and control solutions for Security and Public Safety applications for police, coast guard, emergency medical service, civil protection and fire & rescue operations, critical …",Intelligence / ISR,Naval defense; Homeland security,,Review website and validate opportunity,
Saudi Chemical Company Limited,http://www.saudichemical.com/,Arabie saoudite,Riyadh,,Eurosatory 2026 Catalog,D,New,Qualifier l'activité avant tout pitch ciblé.,"Saudi Chemical Company Limited is the leading manufacturer of Civil and Military explosives, with more than four decades of success in the industry. The comp...",Dual-use technology,,,No immediate action,
SAVO DEFENCE NETWORK,https://www.savodefence.com/,Finlande,MIKKELI,,Eurosatory 2026 Catalog,A,New,"Fournisseur de batteries, moteurs, optronique, RF, composites pour fabricants UAV.","Savo... read more Savo Defence Network at Alihankinta 2025 – Look for the Savo Defence Sticker Aug 22, 2025 Meet our member companies at Alihankinta Subcontracting Fair The Savo Defence Network invites you to meet its member companies at th…",UAV / drones,Logistics / MRO; Industrial subcontracting,,Contact sales team and qualify need,
SAVOX COMMUNICATIONS LTD.,https://savox.com/,Finlande,ESPOO,,Eurosatory 2026 Catalog,D,New,Qualifier l'activité avant tout pitch ciblé.,To enrich,Other,,,No immediate action,
SAVOY TECHNOLOGY,,France,QUINCY VOISINS,,Eurosatory 2026 Catalog,D,New,Qualifier l'activité avant tout pitch ciblé.,To enrich,Other,,,No immediate action,
SAVRONIK ELEKTRONIK SAN. ve TIC A.S,http://www.savronik.com.tr/,Turquie,ANKARA,,Eurosatory 2026 Catalog,D,New,Qualifier l'activité avant tout pitch ciblé.,"Savronik was established in 1986 to develop indigenous and innovative solutions for Türkiye’s defence industry. The company provides technologies for air, la...",Other,,,No immediate action,
SAVUNMA SANAYİİ BAŞKANLIĞI (SSB),https://ssb.gov.tr/,Turquie,ANKARA,https://www.linkedin.com/company/savunma-sanayii-baskanligi/posts/?feedView=all,Eurosatory 2026 Catalog,B,New,"Vend des sous-systèmes / composants à un OEM construisant Radars, Robotics / UGV.",To enrich,Intelligence / ISR,Air defense; Naval defense,,Review website and validate opportunity,
SBG SYSTEMS,http://www.sbg-systems.com/,France,CARRIÈRES-SUR-SEINE,https://www.linkedin.com/company/sbgsystems,Eurosatory 2026 Catalog,D,New,Qualifier l'activité avant tout pitch ciblé.,To enrich,Other,,,No immediate action,
Scaleout,http://www.scaleoutsystems.com/,Suède,Uppsala,https://www.linkedin.com/company/scaleout-systems/https://,Eurosatory 2026 Catalog,B,New,"Capteurs, payloads optroniques, communications pour plateformes ISR.",Scaleout Edge Workshop · Join us in an online hands-on federated learning session → Dismiss,Intelligence / ISR,UAV / drones; Radar / sensors,,Review website and validate opportunity,
Scandex AG,http://www.scandex.de./,Allemagne,GOSLAR,,Eurosatory 2026 Catalog,D,New,Qualifier l'activité avant tout pitch ciblé.,To enrich,Other,,,No immediate action,
Scania CV AB,https://www.scania.com/,Suède,Södertälje,,Eurosatory 2026 Catalog,D,New,Qualifier l'activité avant tout pitch ciblé.,To enrich,Other,,,No immediate action,
Scania CV AB,https://www.scania.com/,Suède,Södertälje,,Eurosatory 2026 Catalog,D,New,Qualifier l'activité avant tout pitch ciblé.,To enrich,Other,,,No immediate action,
SCANIA FRANCE,http://www.scania.fr/,France,ANGERS,https://www.linkedin.com/company/scania-france,Eurosatory 2026 Catalog,D,New,Activité à qualifier — discovery call avant pitch précis.,"Scania is a global provider of transport solutions. Scania Public and Defense (SPAD), part of Scania France company, combines design office and prototyping w...",Other,,,No immediate action,
SCD,http://www.scd-infrared.com/,Israël,HAIFA,https://www.linkedin.com/company/scd,Eurosatory 2026 Catalog,A,New,"Capteurs, payloads optroniques, communications pour plateformes ISR.","SCD is a defense deep-tech leader in infrared sensing, with over 40 years of experience and hundreds of thousands of IR detectors deployed worldwide. As a ve...",Intelligence / ISR,Naval defense; Homeland security,,Contact sales team and qualify need,
Scepter Canada Inc.,https://scepter.com/products/military-products/military-ammunition-containers/,Canada,"SCARBOROUGH, ONTARIO",,Eurosatory 2026 Catalog,D,New,Qualifier l'activité avant tout pitch ciblé.,To enrich,Other,,,No immediate action,
Schaublin SA,http://www.schaublin.ch/,Suisse,Delémont,https://www.linkedin.com/company/schaublin-sa/,Eurosatory 2026 Catalog,C,New,"Outils CAD, simulation, certification pour bureau d'études.","Schaublin SA, a division of RBC Bearings, specialises in advanced bearing solutions for defense, aerospace, rail and industrial markets. With a highly skill...",Engineering services,Export / distribution,,Keep in watchlist,
Schenck RoTec GmbH,https://schenck-rotec.de/startseite.html,Allemagne,Darmstadt,,Eurosatory 2026 Catalog,B,New,"Threat intel, hardware appliances, cloud souverain, audits.",Es gelten möglicherweise andere Ansprechpartner und Produktangebote in . Vincent und die Grenadinen Saint Vincent and the Grenadines Venezuela Venezuela Amerikanische Jungferninseln U.S. Zum Produktfinder Manuell bediente Auswuchtmaschinen …,Cybersecurity,,,Review website and validate opportunity,
Schill Reglerteknik AB,,Suède,Kista,,Eurosatory 2026 Catalog,D,New,Qualifier l'activité avant tout pitch ciblé.,To enrich,Other,,,No immediate action,
SCHLEIFRING GMBH,http://www.schleifring.de/,Allemagne,FÜRSTENFELDBRUCK,https://www.linkedin.com/company/schleifring/,Eurosatory 2026 Catalog,A,New,"Radars, sonars, comms, armement, sustainment pour primes navals.",SCHLEIFRING develops and manufactures rotary transmission systems for a wide range of applications. All military slip rings were designed specifically for th...,Naval defense,C4ISR; Armored vehicles,,Contact sales team and qualify need,
SCHLIGLER SAS,https://www.schligler.fr/,France,VALENTIGNEY,,Eurosatory 2026 Catalog,D,New,Qualifier l'activité avant tout pitch ciblé.,To enrich,Other,,,No immediate action,
Schloetter Group,http://schloetter-group.com/,Allemagne,GEISLINGEN AN DER STEIGE,https://www.linkedin.com/company/schlötter-global/,Eurosatory 2026 Catalog,A,New,"Composants, sous-systèmes, software, services pour primes C4ISR.","Schlötter is a global leader in electroplating technology and surface finishing solutions. We leverage over a century of R&D expertise to provide innovative,...",C4ISR,Armored vehicles; Simulation / training,,Contact sales team and qualify need,
Schmidt & Bender,http://www.schmidt-bender.com/,Allemagne,BIEBERTAL/ FELLINGSHAUSSEN,,Eurosatory 2026 Catalog,C,New,Vend des sous-systèmes / composants à un OEM construisant Logistics equipment.,"Schmidt & Bender is a global leader in precision riflescopes and optoelectronic systems, setting benchmarks in technological excellence. Since 1957, the fami...",Other,,,Keep in watchlist,
Schmitz Cargobull,http://www.cargobull.com/,Allemagne,HORSTMAR,,Eurosatory 2026 Catalog,D,New,Qualifier l'activité avant tout pitch ciblé.,To enrich,Other,,,No immediate action,
SCHOELLER-BLECKMANN PRECISION TECHNOLOGY GMBH,http://sbot.co.at/,Autriche,TERNITZ,https://www.linkedin.com/company/sbo-ag/posts/?feedView=all,Eurosatory 2026 Catalog,C,New,Vend des sous-systèmes / composants à un OEM construisant Logistics equipment.,"We are headquartered in Austria, as a leading manufacturer of high-precision, highly complex metal components. We combine advanced steel expertise with techn...",Other,,,Keep in watchlist,
SCHRADER S.A.SS,https://www.schrader-pacific.fr/,France,Pontarlier,,Eurosatory 2026 Catalog,D,New,Qualifier l'activité avant tout pitch ciblé.,To enrich,Other,,,No immediate action,
SCHROTH SAFETY PRODUCTS.,http://www.schroth.com/,États-Unis,FORT LAUDERDALE,,Eurosatory 2026 Catalog,B,New,"Front-ends RF, processeurs, mécanique de précision pour fabricants radars.","You can find further information and setting options under ""Settings"" and in our data protection information. That is why our employees never stop working; they improve existing products and constantly develop new ones. WE SAVE LIVES WITH T…",Radar / sensors,Logistics / MRO; Export / distribution,,Review website and validate opportunity,
Schuberth GMBH,https://www.schuberth.com/,Allemagne,agdeburg,,Eurosatory 2026 Catalog,D,New,Qualifier l'activité avant tout pitch ciblé.,To enrich,Other,,,No immediate action,
Schunk Group,http://www.schunk-group.com/en,Allemagne,HEUCHELHEIM,https://www.linkedin.com/company/schunk-group,Eurosatory 2026 Catalog,A,New,"Textiles, composites, optronique, énergie pour kits soldat.","Schunk Technical Ceramics is one of the leading suppliers of high-performance ceramics for ballistic applications. With Qitin® Armor Ceramics, we combine thi...",Soldier systems,Naval defense; Cybersecurity,,Contact sales team and qualify need,
ScioTeq bv,https://www.scioteq.com/,Belgique,Kortrijk,,Eurosatory 2026 Catalog,D,New,Qualifier l'activité avant tout pitch ciblé.,To enrich,Other,,,No immediate action,
SCOPEX,http://www.scopex.fr/,France,PLOUGOUMELEN,https://fr.linkedin.com/company/scopex-sarl,Eurosatory 2026 Catalog,A,New,"Fournisseur de batteries, moteurs, optronique, RF, composites pour fabricants UAV.","For over 30 years, SCOPEX has been supplying equipment for the fight against improvised explosive devices and the clearance of areas; for tactical interventi...",UAV / drones,Homeland security; Intelligence / ISR,,Contact sales team and qualify need,
SCS,https://www.mankiewicz.com/,France,GUYANCOURT,,Eurosatory 2026 Catalog,D,New,Qualifier l'activité avant tout pitch ciblé.,To enrich,Other,,,No immediate action,
Scura,https://scura.ai/,Pays-Bas,GRONINGEN,,Eurosatory 2026 Catalog,C,New,Sub-system / payload pour OEM drones tactiques.,Scura Aerial Security Systems AERIAL SECURITY SYSTEMS UNCREWED SWARM HIGH MOBILITY SYSTEMS FOR NETWORKED DEPLOYMENT Counter UxV swarm systems Contact Scura Back to top Exit mobile version Set 'Module General Options' -> 'Advanced' -> 'jQuer…,UAV / drones,,,Keep in watchlist,
SCYTALYS S.A.,http://www.scytalys.com/,Grèce,"Neo Psychiko, Athens",,Eurosatory 2026 Catalog,A,New,"Amplis RF, processeurs signal, embarqué, antennes pour EW.","SCYTALYS, founded in 1993 in Greece, is a defense software development and systems integration company specializing in the design, development, installation,...",Electronic warfare,Naval defense; Cybersecurity,,Contact sales team and qualify need,
SealingTech,https://www.sealingtech.com/,États-Unis,COLUMBIA,,Eurosatory 2026 Catalog,D,New,Qualifier l'activité avant tout pitch ciblé.,To enrich,Other,,,No immediate action,
SEAT TEC FRANCE,http://www.seattec.com/,France,WOLFISHEIM,,Eurosatory 2026 Catalog,D,New,Qualifier l'activité avant tout pitch ciblé.,To enrich,Other,,,No immediate action,
"SEC TECHNOLOGIES, S.R.O.",http://www.sec-technologies.com/,Slovaquie,"LIPTOVSKY MIKULAS,",https://www.linkedin.com/company/sec-technologies,Eurosatory 2026 Catalog,B,New,Sub-system / payload pour OEM drones tactiques.,SEC Technologies is a game-changer in the world of long-range active stand-off detection technology. Our long-range active stand-off detector Falcon 4G offer...,UAV / drones,Intelligence / ISR; Radar / sensors,,Review website and validate opportunity,
SECAN,http://www.secan.aero/,France,GENNEVILLIERS,https://www.linkedin.com/company/secan-aero/posts/?feedView=all,Eurosatory 2026 Catalog,D,New,Qualifier l'activité avant tout pitch ciblé.,To enrich,Other,,,No immediate action,
Sectra Communications,http://communications.sectra.com/,Pays-Bas,THE HAGUE,https://www.linkedin.com/company/sectra/posts/?feedView=all,Eurosatory 2026 Catalog,A,New,Partenariat MDR / cloud souverain / co-bid sur tenders.,"More than ever, military and defense organizations depend on robust secure communication systems to share classified information confidently and efficiently....",Cybersecurity,Homeland security; Logistics / MRO,,Contact sales team and qualify need,
secunet Security Networks AG,https://www.secunet.com/,Allemagne,ESSEN,,Eurosatory 2026 Catalog,B,New,"Threat intel, hardware appliances, cloud souverain, audits.","Die secunet Security Networks AG, Deutschlands führendes Cybersecurity-Unternehmen und IT-Sicherheitspartner der Bundesrepublik Deutschland, hat heute den testierten Geschäftsbericht 2025 veröffentlicht und darin die vorläufigen Zahlen vom …",Cybersecurity,Homeland security; AI / data,,Review website and validate opportunity,
SECURITAS FRANCE,http://www.securitas.fr/,France,ISSY LES MOULINEAUX,https://www.linkedin.com/company/securitas-france/,Eurosatory 2026 Catalog,D,New,Qualifier l'activité avant tout pitch ciblé.,"Our security solutions integrate security services, remote services, electronic security, risk management, mobile security, training, and corporate reception...",Other,,,No immediate action,
SEERSTEMS ROBÓTICA Y SISTEMAS,https://seerstems.net/,Espagne,"Gijón, Asturias",,Eurosatory 2026 Catalog,D,New,Qualifier l'activité avant tout pitch ciblé.,To enrich,Other,,,No immediate action,
SEIBERSDORF LABOR GMBH,,Autriche,SEIBERSDORF,,Eurosatory 2026 Catalog,D,New,Qualifier l'activité avant tout pitch ciblé.,To enrich,Other,,,No immediate action,
"SEKO Government,Space & Defence",https://www.sekologistics.com/us/freight-forwarding/government-space-and-defense/,Pays-Bas,Rotterdam,,Eurosatory 2026 Catalog,D,New,Qualifier l'activité avant tout pitch ciblé.,To enrich,Other,,,No immediate action,
SEKPY,https://sekpy.gr/,Grèce,ATHENS,https://www.linkedin.com/company/sekpy/,Eurosatory 2026 Catalog,A,New,"Fournisseur de batteries, moteurs, optronique, RF, composites pour fabricants UAV.","In order to achieve this compliance, SEKPY has put in force the separate policy “QM - Q5 PERSONAL DATA SECURITY POLICY”. Compliance SEKPY respects human rights as defined by the UN Guiding Principles on Business and Human Rights. GENDER EQU…",UAV / drones,Cybersecurity; Ammunition,,Contact sales team and qualify need,
SELECTARC,http://selectarc.com/,France,GRANDVILLARS,https://www.linkedin.com/company/10083342/admin/dashboard/,Eurosatory 2026 Catalog,A,New,"Moteurs, composites, plaques balistiques, optronique, comms pour OEM blindés.","Selectarc, the French manufacturer of welding and brazing filler metals, contributes to the industrial sovereignty of land, naval and aeronautical defense pr...",Armored vehicles,Air defense; Naval defense,,Contact sales team and qualify need,
SELHA GROUP,http://www.selhagroup.com/,France,RENAZE,,Eurosatory 2026 Catalog,D,New,Qualifier l'activité avant tout pitch ciblé.,To enrich,Other,,,No immediate action,
"SELLIER & BELLOT, JSC",http://www.sellier-bellot.cz/,République tchèque,VLASIM,,Eurosatory 2026 Catalog,D,New,Qualifier l'activité avant tout pitch ciblé.,To enrich,Other,,,No immediate action,
Selva Électronique,https://www.selva.fr/fr/,France,VALLET,https://www.linkedin.com/company/selva-electronique/,Eurosatory 2026 Catalog,B,New,"Matières premières, outils coupants, services qualité pour sous-traitants.",Nous rejoindre fr en Conception & fabrication de cartes électroniques Accueil Services & Solutions Secteurs d’activité Société Actualités Contact Industrialisez sereinement vos cartes électroniques Notre bureau d'études vous accompagne de l…,Industrial subcontracting,Logistics / MRO; Engineering services,,Review website and validate opportunity,
SEMAWORLD,http://www.semaworld.com/,France,NANTERRE,,Eurosatory 2026 Catalog,B,New,Vend des sous-systèmes / composants à un OEM construisant NRBC / CBRN.,"SEMAWORLD, a global leader in counter-terrorism equipment, presents its latest innovations: EOD Bag, a secure transport device for explosive ordnance for EOD...",NRBC / CBRN,Homeland security; Ammunition,,Review website and validate opportunity,
SEMIP-CODECHAMP,https://www.position-sensor.com/fr,France,CHAMPAGNAT,,Eurosatory 2026 Catalog,D,New,Qualifier l'activité avant tout pitch ciblé.,To enrich,Other,,,No immediate action,
SEMPER INVICTA,https://www.semper-invicta.fr/,France,CHERBOURG,,Eurosatory 2026 Catalog,D,New,Qualifier l'activité avant tout pitch ciblé.,To enrich,Other,,,No immediate action,
Senhive BV,https://senhive.com/,Belgique,Hasselt,,Eurosatory 2026 Catalog,A,New,"Amplis RF, processeurs signal, embarqué, antennes pour EW.","Just because you don't see the drone threats doesn't mean they are not there! Our Solutions Airspace Security Customized drone detection and countermeasure solutions to meet your specific needs and budget. Learn more At Senhive, we believe …",Electronic warfare,Naval defense; Homeland security,,Contact sales team and qualify need,
Senop Oy,http://senop.fi/,Finlande,Lievestuore,https://fi.linkedin.com/company/senop,Eurosatory 2026 Catalog,D,New,Qualifier l'activité avant tout pitch ciblé.,"Senop is a trusted Finnish defence and security manufacturer that has been profiled as a top international situational awareness builder, combat capability m...",Other,,,No immediate action,
SENSOR TECH Inc.,http://www.isensor.co.kr/,Corée du Sud,DAEJEON,,Eurosatory 2026 Catalog,B,New,"Amplis RF, processeurs signal, embarqué, antennes pour EW.","SensorTech is a Korea-based, R&D-driven company specializing in gas and chemical detection solutions for defense and safety applications. Founded in 2000, th...",Electronic warfare,Radar / sensors,,Review website and validate opportunity,
SENSORMICRO,http://www.sensormicro.com/,Chine,WUHAN,https://www.linkedin.com/company/sensormicro/,Eurosatory 2026 Catalog,A,New,"Textiles, composites, optronique, énergie pour kits soldat.","It converts infrared radiation into electronic signals, which are then processed into thermal images.</p>"" } }, { ""@type"": ""Question"", ""name"": ""What can infrared cameras detect?"", ""acceptedAnswer"": { ""@type"": ""Answer"", ""text"": ""<p>Infrared …",Soldier systems,UAV / drones; Optics / optronics,,Contact sales team and qualify need,
Senssight,https://www.senssight.com/,France,les ulis,,Eurosatory 2026 Catalog,D,New,Qualifier l'activité avant tout pitch ciblé.,To enrich,Other,,,No immediate action,
SENTRY,https://www.sentryvideowalls.com/,France,Villejust,,Eurosatory 2026 Catalog,D,New,Qualifier l'activité avant tout pitch ciblé.,To enrich,Other,,,No immediate action,
Sentyiv B.V.,https://www.sentyiv.com/,Pays-Bas,Utrecht,,Eurosatory 2026 Catalog,D,New,Qualifier l'activité avant tout pitch ciblé.,To enrich,Other,,,No immediate action,
SEO Group,https://www.seogroup.fr/,France,Toulouse,,Eurosatory 2026 Catalog,D,New,Qualifier l'activité avant tout pitch ciblé.,To enrich,Other,,,No immediate action,
SEPSON,http://www.sepson.se/,Suède,VANSBRO,,Eurosatory 2026 Catalog,D,New,Qualifier l'activité avant tout pitch ciblé.,To enrich,Other,,,No immediate action,
Septentrio – part of Hexagon,http://www.septentrio.com/en,Belgique,Leuven,https://www.linkedin.com/company/septentrio/,Eurosatory 2026 Catalog,D,New,Activité à qualifier — discovery call avant pitch précis.,Septentrio designs and manufactures multi-frequency multi-constellation GPS/GNSS positioning technology for demanding applications. At the core of our receiv...,Other,,,No immediate action,
SERB Pharmaceuticals,http://serb.com/,France,PARIS,https://www.linkedin.com/company/serb-pharmaceuticals/,Eurosatory 2026 Catalog,D,New,Qualifier l'activité avant tout pitch ciblé.,SERB - A Trusted Partner In Medical Preparedness and Stockpiling Efforts Our Commitment With decades of experience delivering expert McM solutions and end-t...,Other,,,No immediate action,
SEREME,http://www.sereme.com/,France,BONDOUFLE,,Eurosatory 2026 Catalog,B,New,"Composites, capteurs, comms, lancement pour primes spatiaux.","Since 1976, SEREME designs and delivers vibrations and shock test solutions. Among recent achievements: Vertical Slip Tables allowing vibration/shock tests i...",Space / satellite,Engineering services,,Review website and validate opportunity,
SERODEM,https://www.serodem.fr/,France,SAINT-PIERRE-D ENTREMONT,,Eurosatory 2026 Catalog,D,New,Qualifier l'activité avant tout pitch ciblé.,To enrich,Other,,,No immediate action,
SES Space & Defence,https://www.ses.com/,Luxembourg,BETZDORF,,Eurosatory 2026 Catalog,D,New,Qualifier l'activité avant tout pitch ciblé.,To enrich,Other,,,No immediate action,
SESTAN BUSCH,http://www.sestan-busch.hr/,Croatie,PRELOG,,Eurosatory 2026 Catalog,D,New,Qualifier l'activité avant tout pitch ciblé.,Šestan-Busch is dedicated to protecting the lives and health of people exposed to violence and high-risk situations. While we cannot influence the causes of ...,Other,,,No immediate action,
SETOLITE LICHTTECHNIK GMBH,https://www.setolite.com/,Allemagne,HÜCKESWAGEN,https://www.linkedin.com/company/setolite-lichttechnik-gmbh/mycompany/,Eurosatory 2026 Catalog,A,New,"Vend des sous-systèmes / composants à un OEM construisant Vehicles, Optronics / Optics.",Your data protection settings SETOLITE uses cookies to ensure the proper functioning of the website and to carry out statistical analyses to optimise our website. We do NOT work with third-party providers to personalise content and advertis…,Optics / optronics,Simulation / training; Logistics / MRO,,Contact sales team and qualify need,
SEYNTEX,https://www.seyntex.com/,Belgique,AALTER,,Eurosatory 2026 Catalog,D,New,Qualifier l'activité avant tout pitch ciblé.,To enrich,Other,,,No immediate action,
SFC Energy AG,http://www.public-security.com/,Allemagne,BRUNNTHAL,,Eurosatory 2026 Catalog,D,New,Qualifier l'activité avant tout pitch ciblé.,To enrich,Other,,,No immediate action,
SFTE SPETSTECHNOEXPORT,,Ukraine,,,Eurosatory 2026 Catalog,D,New,Qualifier l'activité avant tout pitch ciblé.,To enrich,Other,,,No immediate action,
SHADOW NAUTICS d.o.o.,https://www.shadow-nautics.eu/,Croatie,Sibenik,,Eurosatory 2026 Catalog,B,New,"Usinage de précision, matériaux, optronique, composants munitions ITAR-friendly.","SHADOW NAUTICS - EXCELENCE AT SEA Custom vessels for defense, patrol, SAR, and leisure. SHADOW MILITARY 47 PATROL 47 SAR 47 YACHT 47 SHADOW PATROL 47 Inboard Tough and reliable, ready for long-range patrol missions with advanced engine, con…",Weapons,Naval defense; Logistics / MRO,,Review website and validate opportunity,
"Shanghai Brilliant Textile Co.,Ltd.",http://www.brilliant-tex.com/,Chine,SHANGHAI,https://www.linkedin.com/company/brilliant-tex,Eurosatory 2026 Catalog,C,New,Canal de distribution / représentation pour notre portefeuille.,"Brilliant-Tex has focused on technical protection fabric. Our main products are used in the military, police, workwear, outdoor and medical industries. Our f...",Soldier systems,Homeland security; Export / distribution,,Keep in watchlist,
"SHANGHAI CAREFUL TECHNOLOGY CO.,LTD",http://www.shanghaikaifu.com/,Chine,SHANGHAI,,Eurosatory 2026 Catalog,D,New,Qualifier l'activité avant tout pitch ciblé.,To enrich,Other,,,No immediate action,
"SHANGHAI H WIN NEW MATERIAL TECHNOLOGY CO., LTD.",,Chine,SHANGHAI,,Eurosatory 2026 Catalog,D,New,Qualifier l'activité avant tout pitch ciblé.,To enrich,Other,,,No immediate action,
Shark Robotics,http://www.shark-robotics.com/,France,LA ROCHELLE,https://www.linkedin.com/company/sharkrobotics,Eurosatory 2026 Catalog,A,New,"Fournisseur de RF, radars, optronique et embarqués pour stacks anti-drone.","Shark Robotics is a French company specialized in the design and manufacturing of ground robots dedicated to security and defense. Deployed worldwide, its ro...",Counter-UAV,UAV / drones; Logistics / MRO,,Contact sales team and qualify need,
SHENZHEN POWER-TIME TECHNOLOGY CO.LTD,http://www.milpowertime.com/,Chine,SHENZHEN,https://www.linkedin.com/company/milpowertime/,Eurosatory 2026 Catalog,B,New,"Front-ends RF, processeurs, mécanique de précision pour fabricants radars.","Shenzhen Power-Time Technology Co., Ltd is a professional manufacturer with over 20 years of experience, specializing in tactical communication equipment and...",Radar / sensors,Homeland security; Armored vehicles,,Review website and validate opportunity,
"SHENZHEN SKYFEND TECHNOLOGY CO.,LTD.",http://www.skyfend.com/,Chine,SHENZHEN,,Eurosatory 2026 Catalog,B,New,"Amplis RF, processeurs signal, embarqué, antennes pour EW.","SKYFEND Technology Co., Ltd., founded in 2020 and headquartered in Shenzhen, is dedicated to advancing the frontiers of counter-UAS technologies for low, slo...",Electronic warfare,Homeland security; UAV / drones,,Review website and validate opportunity,
Shield AI,http://shield.ai/,États-Unis,SAN DIEGO,https://www.youtube.com/@Shield_AI,Eurosatory 2026 Catalog,D,New,Vend des sous-systèmes / composants à un OEM construisant Software / Platforms.,"Founded in 2015, Shield AI is a venture-backed defense technology company developing autonomy software and aircraft. Its platform-agnostic Hivemind software ...",Other,,,No immediate action,
SHIELD by Alpinter,http://shieldtents.com/,Belgique,RONSE,https://www.linkedin.com/company/shieldbyalpinter,Eurosatory 2026 Catalog,B,New,"Pièces de rechange, calibration, certification pour acteurs MRO.","SHIELD is a Belgian company specialising in the design and supply of technical shelters and essential equipment for humanitarian operations, civil defence an...",Logistics / MRO,,,Review website and validate opportunity,
SHIFTERS AI INC.,http://www.shifters-ai.com/,États-Unis,"WASHINGTON,",https://www.linkedin.com/company/shifters-ai-robotics,Eurosatory 2026 Catalog,D,New,Qualifier l'activité avant tout pitch ciblé.,Shifters AI develops semi-autonomous unmanned ground platforms designed to support operations in complex and contested environments. Our systems combine mobi...,Other,,,No immediate action,
"Shin An Information & Communications Co., Ltd.",,Corée du Sud,"Gunpo-si, Gyeonggi-do",,Eurosatory 2026 Catalog,D,New,Qualifier l'activité avant tout pitch ciblé.,To enrich,Other,,,No immediate action,
SHIPYARD OF SPECIAL FACILITIES Ltd,https://www.brodosplit.hr/,Croatie,Bobovica,,Eurosatory 2026 Catalog,C,New,"Vend des sous-systèmes / composants à un OEM construisant Logistics equipment, Engines / propulsion.",Tko je kriv za kašnjenje radova na Širini? + + BRODOSPLIT 18.04.2026. Odbacujemo navode o kašnjenju radova kao… + + BRODOSPLIT 08.04.2026. Splitski škver kao dio filmskog SF spektakla + + BRODOSPLIT 31.03.2026.,Naval defense,Air defense,,Keep in watchlist,
ShiraTech-Knowtion,https://www.knowtion.de/,Allemagne,Karlsruhe,,Eurosatory 2026 Catalog,B,New,"Front-ends RF, processeurs, mécanique de précision pour fabricants radars.",Im Zuge der Fusion firmierten wir fortan unter dem Namen ShiraTech-Knowtion . Our Services Successful Projects 0 + Years of Experience 0 + Highly Skilled Engineers 0 + The Team Our Domain Experts Our Management Jana Mayer Expert Defence & A…,Radar / sensors,AI / data; Simulation / training,,Review website and validate opportunity,
ShootDrone,http://neant.fr/,France,BORDEAUX,,Eurosatory 2026 Catalog,C,New,Sub-system / payload pour OEM drones tactiques.,"ShootDrone®: The Ultimate Solution Against FPV Kamikaze Drones, Lancet. In the context of modern conflicts, FPV kamikaze drones represent a growing threat. ...",UAV / drones,,,Keep in watchlist,
SIA ARITEH,,Lettonie,MARUPE,,Eurosatory 2026 Catalog,D,New,Qualifier l'activité avant tout pitch ciblé.,To enrich,Other,,,No immediate action,
SIA ELECTRIFY,,Lettonie,RIGA,,Eurosatory 2026 Catalog,D,New,Qualifier l'activité avant tout pitch ciblé.,To enrich,Other,,,No immediate action,
SIAMIDIS SA,https://siamidis.eu/,Grèce,INOFITA,https://www.linkedin.com/company/siamidis-sa,Eurosatory 2026 Catalog,B,New,"Aramide, céramique, composites, certification balistique.",This is an example page. It&#8217;s different from a blog post because it will stay in one place and will show up in your site navigation (in most themes). Most people start with an About page that introduces them to potential site visitors…,Ballistic protection,Homeland security; Engineering services,,Review website and validate opportunity,
SIBAT ISRAEL MOD,http://www.sibat.mod.gov.il/,Israël,TEL AVIV,,Eurosatory 2026 Catalog,D,New,Qualifier l'activité avant tout pitch ciblé.,To enrich,Other,,,No immediate action,
SIDES,http://www.sides.fr/,France,ST NAZAIRE,,Eurosatory 2026 Catalog,D,New,Qualifier l'activité avant tout pitch ciblé.,To enrich,Other,,,No immediate action,
Sieć Badawcza Łukasiewicz – Przemysłowy Instytut Motoryzacji,https://pimot.lukasiewicz.gov.pl/,Pologne,Warsaw,,Eurosatory 2026 Catalog,C,New,"Vend des sous-systèmes / composants à un OEM construisant Logistics equipment, Communications networks.",Administrator danych osobowych Administratorem danych osobowych Użytkowników strony internetowej https://www.pimot.lukasiewicz.gov.pl/ jest Sieć Badawcza Łukasiewicz – Przemysłowy Instytut Motoryzacji (zw. dalej Łukasiewicz – PIMOT) z siedz…,C4ISR,,,Keep in watchlist,
siegmund,https://www.siegmund.com/,Allemagne,OBEROTTMARSHAUSEN,https://www.linkedin.com/company/berndsiegmundgmbh,Eurosatory 2026 Catalog,B,New,"Vend des sous-systèmes / composants à un OEM construisant Logistics equipment, Software / Platforms.",To enrich,Other,,,Review website and validate opportunity,
Siemens Digital Industries Software,https://www.siemens.com/en-us/,France,CHATILLON,,Eurosatory 2026 Catalog,D,New,Qualifier l'activité avant tout pitch ciblé.,To enrich,Other,,,No immediate action,
SIEPEL,https://www.siepel.com/,France,La Trinité-sur,,Eurosatory 2026 Catalog,D,New,Qualifier l'activité avant tout pitch ciblé.,To enrich,Other,,,No immediate action,
Sierra Olympia Technologies,https://sierraolympia.com/,États-Unis,Hood River,,Eurosatory 2026 Catalog,A,New,"Fournisseur de batteries, moteurs, optronique, RF, composites pour fabricants UAV.",Our long range systems are perfect for surveillance over expansive areas. LWIR PRODUCTS LWIR – Viento HD10 Mid-Wave (MWIR) Cooled mid-wave infrared(MWIR) cameras tailored for long-range security and surveillance to precision optical gas ima…,UAV / drones,Optics / optronics; Radar / sensors,,Contact sales team and qualify need,
SIG SAUER,http://www.sigsauer.com/,États-Unis,NEWINGTON,,Eurosatory 2026 Catalog,D,New,Qualifier l'activité avant tout pitch ciblé.,To enrich,Other,,,No immediate action,
Sightline Intelligence,http://sightlineintelligence.com/,États-Unis,Portland,,Eurosatory 2026 Catalog,B,New,"Capteurs, payloads optroniques, communications pour plateformes ISR.","Since 2007, Sightline Intelligence delivers field proven video processing at the edge for defense missions. Trusted by leading defense OEMs, our software ena...",Intelligence / ISR,Naval defense; Homeland security,,Review website and validate opportunity,
SIGNALGENERIX LIMITED,https://www.signalgenerix.com/,Cyprus,LIMASSOL,,Eurosatory 2026 Catalog,D,New,Qualifier l'activité avant tout pitch ciblé.,To enrich,Other,,,No immediate action,
Silicon Sensing Systems,https://www.siliconsensing.com/,Royaume-Uni,PLYMOUTH,,Eurosatory 2026 Catalog,D,New,Qualifier l'activité avant tout pitch ciblé.,To enrich,Other,,,No immediate action,
SILL OPTICS GMBH,http://www.silloptics.de/en/,Allemagne,,https://www.linkedin.com/company/sill-optics/,Eurosatory 2026 Catalog,D,New,Qualifier l'activité avant tout pitch ciblé.,To enrich,Other,,,No immediate action,
SILMOR,https://silmor.eu/en/,Lettonie,RĪGA,,Eurosatory 2026 Catalog,D,New,Qualifier l'activité avant tout pitch ciblé.,To enrich,Other,,,No immediate action,
SILTEC,http://www.siltec.pl/,Pologne,PRUSZKÓW,https://linkedin.com/company/siltec-sp.-z-o.o._2,Eurosatory 2026 Catalog,B,New,"Pièces de rechange, calibration, certification pour acteurs MRO.","SILTEC is a Polish technology company that supports defense, security, and telecommunications by providing advanced solutions designed for specific customer ...",Logistics / MRO,Homeland security,,Review website and validate opportunity,
Silvus Technologies Inc.,https://silvustechnologies.com/,États-Unis,LOS ANGELES,https://www.linkedin.com/company/silvus-technologies-inc./posts/?feedView=all,Eurosatory 2026 Catalog,A,New,"Amplis RF, processeurs signal, embarqué, antennes pour EW.",LEARN MORE FOR INDUSTRIES THAT CAN’T RISK FAILURE LAW ENFORCEMENT MILITARY UNMANNED SYSTEMS AIRBORNE ISR BROADCASTING MARITIME CONCEIVED IN THEORY. LEARN MORE UNPRECEDENTED PERFORMANCE IN CRITICAL CONDITIONS Outmaneuver tactical challenges …,Electronic warfare,Land defense; Naval defense,,Contact sales team and qualify need,
SIMA INNOVATION,http://www.simainnovation.com/,Danemark,AARSLEV,https://www.linkedin.com/company/sima-innovation/posts/?feedView=all&viewAsMember=true,Eurosatory 2026 Catalog,B,New,"Vend des sous-systèmes / composants à un OEM construisant Vehicles, Logistics equipment.","SIMA Innovation is the European Centre of Excellence for modular and motorized Ringmounts, and Softmounts, always aiming to improve the protection and securi...",Logistics / MRO,Homeland security,,Review website and validate opportunity,
SIMOL,http://www.simol.com/,Italie,CODISOTTO DI LUZZARA,https://it.linkedin.com/company/simol-spa,Eurosatory 2026 Catalog,C,New,Vend des sous-systèmes / composants à un OEM construisant Logistics equipment.,Simol products are designed to lift and stabilize in total safety. Their robust structure guarantees operational precision and maximum resistance even in ext...,Soldier systems,Logistics / MRO,,Keep in watchlist,
SIMTECH,https://www.simtech.be/,Belgique,TOURNAI,,Eurosatory 2026 Catalog,D,New,Qualifier l'activité avant tout pitch ciblé.,To enrich,Other,,,No immediate action,
Sine Engineering,http://www.sineeng.com/,Ukraine,LVIV,https://www.linkedin.com/company/sine-engineering/,Eurosatory 2026 Catalog,A,New,Vend une brique du chain detection-effector aux primes anti-drone.,Sine Engineering is a Ukrainian engineering company redefining how unmanned systems are managed. Its core focus is building a comprehensive ecosystem for mul...,Counter-UAV,UAV / drones; Electronic warfare,,Contact sales team and qualify need,
SİNERJİ YÜKSEK TEKNOLOJİ A.Ş.,http://www.sinerjitech.com/,Turquie,KIRIKKALE MERKEZ,https://www.linkedin.com/company/sinerjiyuksekteknoloji/,Eurosatory 2026 Catalog,C,New,"Vend des sous-systèmes / composants à un OEM construisant Vehicles, Weapons.","It manufactures medium-caliber (20×102, 20×110, 35 mm, 40×46, 40×53, 60 mm, 81 mm) and large-caliber (120, 122, 152, 155 mm) ammunition, mortar and artillery...",Armored vehicles,Weapons; Ammunition,,Keep in watchlist,
SINTRONES Technology Corp.,http://www.sintrones.com/,Taïwan,NEW TAIPEI CITY,https://www.linkedin.com/company/sintrones-technology-corp/,Eurosatory 2026 Catalog,A,New,"Composites, capteurs, comms, lancement pour primes spatiaux.","Founded in 2009, SINTRONES (TWSE 6680) is a global innovator in rugged industrial and Edge AI computing. Guided by a vision to power moving industries with r...",Space / satellite,Naval defense; Homeland security,,Contact sales team and qualify need,
SIOEN BALLISTICS,http://www.sioen.be/,Belgique,ARDOOIE,,Eurosatory 2026 Catalog,D,New,Qualifier l'activité avant tout pitch ciblé.,To enrich,Other,,,No immediate action,
"SISU AXLES, INC.",https://www.sisuaxles.com/,Finlande,HÄMEENLINNA,,Eurosatory 2026 Catalog,D,New,Qualifier l'activité avant tout pitch ciblé.,To enrich,Other,,,No immediate action,
SKB Cases,https://www.skbcases.com/,États-Unis,Orange,,Eurosatory 2026 Catalog,A,New,"Radars, sonars, comms, armement, sustainment pour primes navals.","SKB Cases: Built for the Trip, Not Just the Shelf Travel with confidence using sports equipment transport cases built for protection and convenience. SKB Cases has manufactured military-specification cases since 1977. The SKB Advantage: Sup…",Naval defense,Homeland security; UAV / drones,,Contact sales team and qualify need,
SKELETON TECHNOLOGIES,http://www.skeletontech.com/,Estonie,"LUBJA, HARJUMAA",,Eurosatory 2026 Catalog,D,New,Qualifier l'activité avant tout pitch ciblé.,To enrich,Other,,,No immediate action,
SKYCOPE C-UAS TECHNOLOGIES INC.,,Canada,BURNABY,,Eurosatory 2026 Catalog,D,New,Qualifier l'activité avant tout pitch ciblé.,To enrich,Other,,,No immediate action,
SKYDIO,https://www.skydio.com/,États-Unis,SAN MATEO,,Eurosatory 2026 Catalog,D,New,Qualifier l'activité avant tout pitch ciblé.,To enrich,Other,,,No immediate action,
SKYETON,https://skyeton.com/,Ukraine,KYIV,https://www.linkedin.com/company/skyeton/,Eurosatory 2026 Catalog,B,New,"Capteurs, payloads optroniques, communications pour plateformes ISR.","Skyeton is building an international company SKYETON Skyeton is a Ukrainian-born unmanned aerial systems manufacturer with a 20-year aviation legacy. Since the start of the russian full-scale invasion, we’ve been building a universal UAV pl…",Intelligence / ISR,Naval defense; Homeland security,,Review website and validate opportunity,
SkyFall,https://www.skyfall.ua/,Ukraine,KYIV,,Eurosatory 2026 Catalog,D,New,Qualifier l'activité avant tout pitch ciblé.,To enrich,Other,,,No immediate action,
Skyld,https://skyld.io/,France,RENNES,,Eurosatory 2026 Catalog,D,New,Qualifier l'activité avant tout pitch ciblé.,To enrich,Other,,,No immediate action,
SkyRadar,http://www.skyradar.com/,Luxembourg,Wasserbillig,https://www.linkedin.com/company/skyradar,Eurosatory 2026 Catalog,B,New,"Amplis RF, processeurs signal, embarqué, antennes pour EW.",Short &amp; Medium Range Radars for Training and Civil Aviation,Electronic warfare,Naval defense; Cybersecurity,,Review website and validate opportunity,
SKY-WATCH,http://sky-watch.com/,Danemark,STOVRING,https://www.linkedin.com/company/sky-watch/,Eurosatory 2026 Catalog,A,New,"Capteurs, payloads optroniques, communications pour plateformes ISR.","Sky-Watch A/S is a defence technology company delivering high readiness at the tactical edge. Our battle-proven, software-defined UAV ISR platforms provide d...",Intelligence / ISR,Naval defense; Homeland security,,Contact sales team and qualify need,
Sky-Watch,,Danemark,Valby,,Eurosatory 2026 Catalog,D,New,Qualifier l'activité avant tout pitch ciblé.,To enrich,Other,,,No immediate action,
SLM SOLUTIONS (FRANCE),https://www.nikon-slm-solutions.com/,France,STE-FOY-LÈS-LYON,,Eurosatory 2026 Catalog,D,New,Qualifier l'activité avant tout pitch ciblé.,To enrich,Other,,,No immediate action,
SMAG Mobile Antenna Masts GmbH,http://www.smag.de/,Allemagne,SALZGITTER,https://linkedin.com/company/smagmasts,Eurosatory 2026 Catalog,A,New,"Capteurs, payloads optroniques, communications pour plateformes ISR.",SMAG is the only global supplier of mobile antenna masts up to 40 m without guy wires. Our innovative mast systems are engineered to meet the highest militar...,Intelligence / ISR,Air defense; Naval defense,,Contact sales team and qualify need,
SMARTSHOOTER,http://www.smart-shooter.com/,Israël,KIBBUTZ YAGUR,https://www.linkedin.com/company/smart-shooter/?viewAsMember=true,Eurosatory 2026 Catalog,A,New,"Capteurs, payloads optroniques, communications pour plateformes ISR.","Smart Shooter develops intelligent fire control systems for small arms, boosting accuracy against static and moving targets on the ground and in the air, day...",Intelligence / ISR,Land defense; Air defense,,Contact sales team and qualify need,
SMPP LIMITED,http://www.smgroupindia.com/,Inde,NEW DELHI,https://www.linkedin.com/company/smppdefense/,Eurosatory 2026 Catalog,B,New,"Sous-systèmes, composites, certification pour primes terrestres.","CIN: U32909PB1985PLC006500 +91-11-43512784 contact@smgroupindia.com Quick Links About us Products Events Blog Career Contact SMPP LIMITED (formerly known as SMPP Private Limited) Registered Office Sunilaya, Railway Road, Sangrur 148 001, Pu…",Land defense,Homeland security; C4ISR,,Review website and validate opportunity,
SMS group,https://www.sms-group.com/,Allemagne,MÖNCHENGLADBACH,https://www.linkedin.com/company/sms_group/posts/?feedView=all,Eurosatory 2026 Catalog,B,New,"Pièces de rechange, calibration, certification pour acteurs MRO.","window.langCountries = {""au"":{""title"":""Australia"",""languages"":{""en"":{""title"":""English"",""locale"":""en_US.UTF-8"",""fullPath"":""https:\/\/www.sms-group.com\/en-au""}}},""at"":{""title",Logistics / MRO,Engineering services,,Review website and validate opportunity,
Smytec,https://www.smytec-ltd.com/,Royaume-Uni,LUBENHAM,www.linkedin.com/company/smytec-ltd,Eurosatory 2026 Catalog,B,New,"Capteurs, payloads optroniques, communications pour plateformes ISR.",To enrich,Intelligence / ISR,Homeland security; Ammunition,,Review website and validate opportunity,
SNDMECA INDUSTRIE,http://sndmeca.fr/,France,Soignolles en Brie,,Eurosatory 2026 Catalog,D,New,Qualifier l'activité avant tout pitch ciblé.,To enrich,Other,,,No immediate action,
SNECI,https://www.sneci.com/,France,LEVALLOIS PERRET,,Eurosatory 2026 Catalog,D,New,Qualifier l'activité avant tout pitch ciblé.,To enrich,Other,,,No immediate action,
Snigel,,Suède,Farsta,,Eurosatory 2026 Catalog,D,New,Qualifier l'activité avant tout pitch ciblé.,To enrich,Other,,,No immediate action,
SNOWPACK,https://snowpack.eu/fr/,France,ORSAY,https://www.linkedin.com/company/snowpack/,Eurosatory 2026 Catalog,A,New,"Amplis RF, processeurs signal, embarqué, antennes pour EW.","Frédéric Laurent Co-founder & CEO Aerospace Engineer with a master’s degree in Management, Frédéric spent more than 15 years in European lobbying & program management on digital, security and defense before inventing the Snowpack Technology…",Electronic warfare,Land defense; Air defense,,Contact sales team and qualify need,
SOAIRTECH,https://www.soairtech.fr/,France,CHATEAUROUX,,Eurosatory 2026 Catalog,D,New,Qualifier l'activité avant tout pitch ciblé.,To enrich,Other,,,No immediate action,
Sobelcomp,https://www.sobelcomp.be/,Belgique,Loncin,,Eurosatory 2026 Catalog,D,New,Qualifier l'activité avant tout pitch ciblé.,To enrich,Other,,,No immediate action,
"SOCAH HYDRAULIQUE, EDH, IDSYSTEM, LUCE HYDRO",https://www.socah-hydraulique.fr/,France,CHATEAUBOURG,https://www.linkedin.com/company/groupe-socah-hydraulique/,Eurosatory 2026 Catalog,C,New,"Pièces de rechange, calibration, certification pour acteurs MRO.","02 99 00 84 00 Recrutement Expédition 24/48h Se connecter à mon espace Qui sommes-nous ? Nos partenaires nous permettent de vous offrir des solutions hydrauliques fiables, performantes et adaptées à vos besoins. Les marques Luce Hydro et So…",Logistics / MRO,Naval defense,,Keep in watchlist,
SOC-E,http://www.soc-e.com/,Espagne,Bilbao,https://www.linkedin.com/company/soc-e,Eurosatory 2026 Catalog,B,New,"Threat intel, hardware appliances, cloud souverain, audits.","SOC-E is a world-leading technology provider specialized in advanced networking solutions, delivering cutting-edge products and services for critical sectors...",Cybersecurity,Naval defense; Dual-use technology,,Review website and validate opportunity,
SOCIETA' CONSORTILE A R.L.,http://www.iveco-otomelara.com/,Italie,ROMA,,Eurosatory 2026 Catalog,B,New,"Composants, sous-systèmes, software, services pour primes C4ISR.","The Iveco - Oto Melara Consortium signs the contract for the supply of 76 VBM PLUS for the Italian Army This morning, at the Cecchignola Military Compound, in the presence of the Italian Army and Iveco – Oto Melara Consortium (CIO) leaders,…",C4ISR,Land defense; Air defense,,Review website and validate opportunity,
SOCIÉTÉ D'ETUDES ET DE RÉALISATIONS THERMIQUES,http://www.sert.fr/,France,ROMANS-SUR-ISERE CEDEX,,Eurosatory 2026 Catalog,D,New,Qualifier l'activité avant tout pitch ciblé.,To enrich,Other,,,No immediate action,
Société Générale,https://particuliers.sg.fr/,France,Paris,,Eurosatory 2026 Catalog,D,New,Qualifier l'activité avant tout pitch ciblé.,To enrich,Other,,,No immediate action,
SOCITEC,https://www.socitec.com/,France,SARTROUVILLE,,Eurosatory 2026 Catalog,D,New,Qualifier l'activité avant tout pitch ciblé.,To enrich,Other,,,No immediate action,
SOFEMA,http://www.sofema-international.com/,France,LEVALLOIS PERRET,,Eurosatory 2026 Catalog,B,New,Vend des sous-systèmes / composants à un OEM construisant Vehicles.,"Présence internationale Sites logistiques Expertises Domaines d’activité Expertises métiers Partenaires et références Contact FR EN Domaines d’activité SOFEMA offre à ses clients une large gamme d’équipements et de rechanges, dans les domai…",Logistics / MRO,Naval defense,,Review website and validate opportunity,
SOFF Service AB,http://www.soff.se/,Suède,STOCKHOLM,,Eurosatory 2026 Catalog,D,New,Qualifier l'activité avant tout pitch ciblé.,To enrich,Other,,,No immediate action,
SOFFICO GMBH,http://www.soffico.de/,Allemagne,AUGSBURG,,Eurosatory 2026 Catalog,B,New,"Front-ends RF, processeurs, mécanique de précision pour fabricants radars.","soffico is a German, owner-managed software manufacturer and expert in secure data convergence. We focus on data convergence and strengthening interoperabili...",Radar / sensors,Ammunition; Logistics / MRO,,Review website and validate opportunity,
SOFRAME,http://www.soframe.com/,France,HANGENBIETEN,,Eurosatory 2026 Catalog,D,New,Qualifier l'activité avant tout pitch ciblé.,To enrich,Other,,,No immediate action,
SOFTCRYPTUM,http://softcryptum.com/,France,PARIS,https://www.linkedin.com/company/26792271/,Eurosatory 2026 Catalog,B,New,"Amplis RF, processeurs signal, embarqué, antennes pour EW.","Created in 2016, SoftCryptum is a specialised supplier of cyber tactical intelligence (EW) and counterintelligence solutions for the benefit of special units...",Electronic warfare,Homeland security; Cybersecurity,,Review website and validate opportunity,
SOGECLAIR,http://sogeclair.com/,France,BLAGNAC,https://www.linkedin.com/company/groupesogeclair/?originalSubdomain=fr,Eurosatory 2026 Catalog,A,New,"Composites, capteurs, comms, lancement pour primes spatiaux.","SOGECLAIR designs, develops, and manufactures high value-added industrial solutions. With over 60 years of experience, the Group supports its clients at ever...",Space / satellite,UAV / drones; AI / data,,Contact sales team and qualify need,
SOGITEC,https://www.sogitec.com/,France,SURESNES CEDEX,,Eurosatory 2026 Catalog,D,New,Qualifier l'activité avant tout pitch ciblé.,To enrich,Other,,,No immediate action,
Solarcore,https://solarcore.tech/,États-Unis,Portland,,Eurosatory 2026 Catalog,C,New,"Vend des sous-systèmes / composants à un OEM construisant Logistics equipment, Soldier equipment.",Learn More Aerogel Technology Find out how Solarcore® harnessed the power of NASA’s Aerogel Technology. Learn More Helly Hansen’s BiFrost Boot with Solarcore® Aerogel Insulation Wins reddot Design Award Solarcore® technology helps award-win…,Soldier systems,C4ISR; Logistics / MRO,,Keep in watchlist,
SOLARMTEX,http://www.solarmtex.com/,France,VIERZON,,Eurosatory 2026 Catalog,D,New,Qualifier l'activité avant tout pitch ciblé.,To enrich,Other,,,No immediate action,
SOLCERA,http://www.solcera.com/,France,EVREUX,https://www.linkedin.com/company/solcera/,Eurosatory 2026 Catalog,B,New,"Front-ends RF, processeurs, mécanique de précision pour fabricants radars.","As a strategic partner of the DITB (Defense Industrial and Technological Base), Solcera designs advanced ceramics and ceramic-to-metal assemblies. Our solut...",Radar / sensors,Ballistic protection; Optics / optronics,,Review website and validate opportunity,
Solstice,https://www.solstice.com/us/en,États-Unis,"MORRIS PLAINS, NJ",https://www.linkedin.com/company/solstice-advanced-materials/posts/?feedView=all,Eurosatory 2026 Catalog,D,New,Qualifier l'activité avant tout pitch ciblé.,"Access Denied You don't have permission to access ""http://www.solstice.com/us/en"" on this server. Reference #18.9ec44d17.1777363280.712299 https://errors.edgesuite.net/18.9ec44d17.1777363280.712299",Other,,,No immediate action,
SOLUTECH INDUSTRIES,https://www.solutech-industries.fr/,France,Roquemaure,,Eurosatory 2026 Catalog,D,New,Qualifier l'activité avant tout pitch ciblé.,To enrich,Other,,,No immediate action,
SOMEPIC,https://somepic-technologie.com/,France,BOUZINCOURT,,Eurosatory 2026 Catalog,D,New,Qualifier l'activité avant tout pitch ciblé.,To enrich,Other,,,No immediate action,
SOPEMEA,http://sopemea.apave.com/,France,VELIZY VILLACOUBLAY CEDEX,https://www.linkedin.com/company/apave/,Eurosatory 2026 Catalog,B,New,"Visuel, motion, haptique, IA pour fabricants de simulateurs.",Are you looking for cutting-edge expertise for the qualification of your equipment and systems? Our teams are qualified to work on all types of projects to ...,Simulation / training,Logistics / MRO; Export / distribution,,Review website and validate opportunity,
SOPRA STERIA,http://www.soprasteria.com/,France,PARIS,https://www.linkedin.com/company/soprasteria/,Eurosatory 2026 Catalog,A,New,"Amplis RF, processeurs signal, embarqué, antennes pour EW.","Sopra Steria, a major Tech player in Europe with 51,000 employees in nearly 30 countries, is recognised for its consulting, digital services and solutions. I...",Electronic warfare,Naval defense; Cybersecurity,,Contact sales team and qualify need,
SOPRIMA INDUSTRIE,http://www.soprima.com/,France,SAINT OUEN L'AUMONE,https://fr.linkedin.com/company/soprima-industrie,Eurosatory 2026 Catalog,C,New,"Front-ends RF, processeurs, mécanique de précision pour fabricants radars.",Soprima Industrie – Experts in pre-coating Soprima Industrie applies locking and sealing products to fasteners designed for demanding applications in the de...,Radar / sensors,,,Keep in watchlist,
Sored S.A.,https://sored-sa.com/,Suisse,La Chaux-de-Fonds,,Eurosatory 2026 Catalog,D,New,Qualifier l'activité avant tout pitch ciblé.,To enrich,Other,,,No immediate action,
Sotrad Water,https://www.sotradwater.be/,Belgique,Nivelles,,Eurosatory 2026 Catalog,D,New,Vend des sous-systèmes / composants à un OEM construisant Logistics equipment.,To enrich,Other,,,No immediate action,
SOUCY INTERNATIONAL INC. - DEFENSE DIVISION,http://www.soucy-defense.com/,Canada,DRUMMONDVILLE QC,https://www.linkedin.com/company/soucy-defense,Eurosatory 2026 Catalog,A,New,"Front-ends RF, processeurs, mécanique de précision pour fabricants radars.","Since 1988, Soucy Defense has been at the forefront of CRT innovation for military applications worldwide. Through continuous R&D and in-house manufacturing...",Radar / sensors,Land defense; Armored vehicles,,Contact sales team and qualify need,
Source Tactical Gear,https://www.sourcetacticalgear.net/,Israël,TIRAT A CARMEL,,Eurosatory 2026 Catalog,B,New,"Vend des sous-systèmes / composants à un OEM construisant Soldier equipment, Ballistic protection.",Hydration Packs with Cargo Hydration Packs Reservoirs Hydration Accessories View All Products Quick View WLPS Low Profile 3L Hydration System Read more Quick View WXP 3L Hydration System Read more Personal Protection The SOURCE Protective V…,Soldier systems,Land defense; Naval defense,,Review website and validate opportunity,
SP DEFENSE,https://www.honeywellsafety.com/,France,ROISSY CH DE GAULLE CEDEX,,Eurosatory 2026 Catalog,D,New,Qualifier l'activité avant tout pitch ciblé.,To enrich,Other,,,No immediate action,
Space Inventor,,Danemark,Aalborg,,Eurosatory 2026 Catalog,D,New,Qualifier l'activité avant tout pitch ciblé.,To enrich,Other,,,No immediate action,
SPACEBEL,https://www.spacebel.com/,Belgique,ANGLEUR,,Eurosatory 2026 Catalog,B,New,"Composites, capteurs, comms, lancement pour primes spatiaux.",EN FR About Us Who we are Our mission & values Associated corporations Memberships Achievements Sustainability Services & products Space Systems Flight Segment Ground Segment Clean Rooms Modelling & Simulation Small Satellite Systems Data I…,Space / satellite,Radar / sensors; Simulation / training,,Review website and validate opportunity,
SpaceForest,https://spaceforest.pl/,Pologne,GDYNIA,,Eurosatory 2026 Catalog,D,New,Qualifier l'activité avant tout pitch ciblé.,To enrich,Other,,,No immediate action,
SPAFAX,https://www.www.spafaxmirrors.com/,Royaume-Uni,BASINGSTOKE,,Eurosatory 2026 Catalog,D,New,Qualifier l'activité avant tout pitch ciblé.,To enrich,Other,,,No immediate action,
"Spanner SK, k.s.",,Slovaquie,Povazska Bystrica,,Eurosatory 2026 Catalog,D,New,Qualifier l'activité avant tout pitch ciblé.,To enrich,Other,,,No immediate action,
Spar-Tac d.o.o.,https://www.spar-tac.com/,Croatie,Ivanic Grad,,Eurosatory 2026 Catalog,B,New,"Textiles, composites, optronique, énergie pour kits soldat.",We develop and manufacture premium military equipment for professionals in the military and law enforcement industries. MILITARY POLICE TACTICAL SECURITY AND SAFETY DEMINING EMERGENCY MILITARY POLICE TACTICAL SECURITY DEMINING EMERGENCY Our…,Soldier systems,Naval defense; Homeland security,,Review website and validate opportunity,
SPECIALTY TECHNOLOGIES,http://www.wittenstein-motion-control.de/,Allemagne,IGERSHEIM,,Eurosatory 2026 Catalog,D,New,Qualifier l'activité avant tout pitch ciblé.,To enrich,Other,,,No immediate action,
SPEG PRONERGY,https://www.faar-pronergy.com/,France,VILLEBON SUR YVETTE,,Eurosatory 2026 Catalog,D,New,Qualifier l'activité avant tout pitch ciblé.,To enrich,Other,,,No immediate action,
SPETSTECHNOEXPORT,http://spetstechnoexport.com/,Ukraine,KYIV,,Eurosatory 2026 Catalog,D,New,Qualifier l'activité avant tout pitch ciblé.,"SpetsTechnoExport (STE) is a Ukrainian state-owned foreign trade enterprise under the Ministry of Defense, that specializes in the export and import of milit...",Other,,,No immediate action,
Sphere Defense,http://www.sphere-df.com/,Belgique,BRUSSELS,,Eurosatory 2026 Catalog,B,New,"Radars, missiles, comms, électroniques pour systèmes anti-aériens.","Modern conflict has evolved, but air defense has not. Sphere Defense bridges this gap with a European-engineered and built, AI-powered jet interceptor. We de...",Air defense,UAV / drones; Counter-UAV,,Review website and validate opportunity,
SPHEREA TEST ET SERVICES,http://www.spherea.com/,France,TOULOUSE CEDEX,,Eurosatory 2026 Catalog,D,New,Qualifier l'activité avant tout pitch ciblé.,To enrich,Other,,,No immediate action,
SPINNER,https://www.spinner-group.com/,Allemagne,MUNICH,,Eurosatory 2026 Catalog,D,New,Qualifier l'activité avant tout pitch ciblé.,To enrich,Other,,,No immediate action,
"SPIRIT SLOVENIA, BUSINESS DEVELOPMENT AGENCY",http://www.sloveniabusiness.eu/,Slovénie,LJUBLJANA,,Eurosatory 2026 Catalog,D,New,Qualifier l'activité avant tout pitch ciblé.,To enrich,Other,,,No immediate action,
SPIROTEC,http://www.spirotec.fr/,France,VALFF,https://www.linkedin.com/company/spirotec/?viewAsMember=true,Eurosatory 2026 Catalog,D,New,Qualifier l'activité avant tout pitch ciblé.,"SPIROTEC, a French expert in gear manufacturing and mechanical transmissions, puts more than 40 years of expertise at the service of your applications. Certi...",Other,,,No immediate action,
Splast Sp. z.o.o.,https://przetworstwo-tworzyw.splast.com.pl/,Pologne,Krosno,,Eurosatory 2026 Catalog,D,New,Qualifier l'activité avant tout pitch ciblé.,strona główna / mapa serwisu / polityka prywatności / pobierz / Unia Europejska / English O nas Produkcja Technologie Narzędziownia Jakość Strategia Praca Kontakt O nas Produkcja Technologie Narzędziownia Jakość Strategia Praca Kontakt O na…,Logistics / MRO,,,No immediate action,
SPLENDOR tekstil d.o.o.,https://splendor-tekstil.hr/,Croatie,Zagreb,,Eurosatory 2026 Catalog,C,New,Vend des sous-systèmes / composants à un OEM construisant Logistics equipment.,Kontaktirajte nas Splendor tekstil SPLENDOR tekstil d.o.o. je proizvođač vrhunske profesionalne odjeće. Vaš partner za proizvodnju vrhunske profesionalne odjeće Kontaktirajte nas Vodeći proizvođač odjeće za ekstremne uvjete Naša posvećenost…,C4ISR,Air defense; Naval defense,,Keep in watchlist,
SPRING,https://www.spring-group.fr/,France,BAULE,,Eurosatory 2026 Catalog,D,New,Qualifier l'activité avant tout pitch ciblé.,To enrich,Other,,,No immediate action,
"SRC, INC",http://www.srcinc.com/,États-Unis,NORTH SYRACUSE,https://www.linkedin.com/company/SRCdefense,Eurosatory 2026 Catalog,A,New,"Capteurs, payloads optroniques, communications pour plateformes ISR.","SRC, Inc. is redefining possible® for the challenges faced by America and our allies with over 65 years of expertise supporting warfighters with innovative r...",Intelligence / ISR,Land defense; Naval defense,,Contact sales team and qualify need,
SSAB / Armox protection plate,http://www.ssab.com/en/brands-and-products/armox,Suède,OXELÖSUND,https://www.linkedin.com/showcase/76883263/,Eurosatory 2026 Catalog,A,New,"Matériaux énergétiques, mécanique, packaging, certification.","Armox® protection steel is market leading in superior-quality armored steel. With the widest range of options, we address all types of threats for both civil...",Ammunition,Naval defense; Soldier systems,,Contact sales team and qualify need,
ST Connect GmbH,http://www.st-connect.de/,Allemagne,LEVERKUSEN,https://www.linkedin.com/company/st-connect-gmbh/?viewAsMember=true,Eurosatory 2026 Catalog,D,New,Qualifier l'activité avant tout pitch ciblé.,"ST Connect GmbH is your specialist for customised electromechanical components ""Made in Germany"". We develop and manufacture bespoke connectors, contacts and...",Other,,,No immediate action,
ST ENGINEERING,http://www.stengg.com/,Singapour,SINGAPORE,https://www.linkedin.com/company/st-engineering,Eurosatory 2026 Catalog,A,New,"Composants, sous-systèmes, software, services pour primes C4ISR.","ST Engineering is a global technology, defence and engineering group with a diverse portfolio of businesses across the aerospace, smart city, defence and pub...",C4ISR,Land defense; Naval defense,,Contact sales team and qualify need,
ST ENGINEERING IDIRECT,http://www.idirect.net/,Belgique,SINT-NIKLAAS,https://www.linkedin.com/company/st-engineering-idirect/,Eurosatory 2026 Catalog,C,New,Vend des sous-systèmes / composants à un OEM construisant Satellites / Space.,"ST Engineering iDirect's secure and resilient solutions redefine military and government satellite communications, trusted by 20 of 27 EU nations, 24 of 32 N...",Space / satellite,,,Keep in watchlist,
STACEM,http://www.stacem.fr/,France,GRAND CHAMP,,Eurosatory 2026 Catalog,D,New,Qualifier l'activité avant tout pitch ciblé.,To enrich,Other,,,No immediate action,
STAINLESS,http://www.stainless.eu/,France,Dannemarie-sur-Crète,https://fr.linkedin.com/company/stainless,Eurosatory 2026 Catalog,B,New,"Capteurs, payloads optroniques, communications pour plateformes ISR.","The STAINLESS Group specializes in the storage and distribution of high-performance alloys, with an international presence and major partnerships in metallur...",Intelligence / ISR,Naval defense; Armored vehicles,,Review website and validate opportunity,
Standard solutions group AB,,Suède,Sundsvall,,Eurosatory 2026 Catalog,D,New,Qualifier l'activité avant tout pitch ciblé.,To enrich,Other,,,No immediate action,
STAR PACK SA,https://www.star-pack.fr/,France,CERGY - POINTOISE CEDEX,,Eurosatory 2026 Catalog,D,New,Qualifier l'activité avant tout pitch ciblé.,To enrich,Other,,,No immediate action,
STARBURST SAS,,France,PARIS,,Eurosatory 2026 Catalog,D,New,Qualifier l'activité avant tout pitch ciblé.,To enrich,Other,,,No immediate action,
STARK,http://stark-defence.com/,Allemagne,BERLIN,https://www.linkedin.com/company/stark-defence/,Eurosatory 2026 Catalog,A,New,"Capteurs, payloads optroniques, communications pour plateformes ISR.",STARK is a European defence-tech company specialised in unmanned systems across multiple domains. Founded in 2024 in response to critical operational demands...,Intelligence / ISR,Naval defense; C4ISR,,Contact sales team and qualify need,
STARPLAST,https://vitalo.net/,France,LIMOGES - 87,,Eurosatory 2026 Catalog,D,New,Qualifier l'activité avant tout pitch ciblé.,To enrich,Other,,,No immediate action,
STARTER,http://www.starterwinches.com/,France,SAINT OUEN L'AUMONE,,Eurosatory 2026 Catalog,D,New,Qualifier l'activité avant tout pitch ciblé.,To enrich,Other,,,No immediate action,
Steel Products A/S,,Danemark,Horsens,,Eurosatory 2026 Catalog,D,New,Qualifier l'activité avant tout pitch ciblé.,To enrich,Other,,,No immediate action,
STEELE CONNECT,https://www.ultratech.fr/,France,LE CHESNAY,,Eurosatory 2026 Catalog,D,New,Qualifier l'activité avant tout pitch ciblé.,To enrich,Other,,,No immediate action,
Steeltec AG - Swiss Steel Group,https://swisssteel-group.com/,Suisse,Emmenbrücke,,Eurosatory 2026 Catalog,B,New,"Textiles, composites, optronique, énergie pour kits soldat.","Agriculture & Construction Automotive industry Aerospace Energy Toolmaking Oil, Gas & Mining Medical technology Mechanical engineering Additive Manufacturing Green Steel - for a sustainable future. Learn more Current result Newscenter Innov…",Soldier systems,Naval defense; Logistics / MRO,,Review website and validate opportunity,
steep GmbH,https://www.steep.de/,Allemagne,BONN,https://www.linkedin.com/company/steep-gmbh,Eurosatory 2026 Catalog,A,New,"Composites, capteurs, comms, lancement pour primes spatiaux.",To enrich,Space / satellite,Optics / optronics; Radar / sensors,,Contact sales team and qualify need,
Steinbach AG,http://www.steinbach-ag.de/,Allemagne,DETMOLD,,Eurosatory 2026 Catalog,D,New,Qualifier l'activité avant tout pitch ciblé.,To enrich,Other,,,No immediate action,
STEINER,http://www.steiner-defense.com/,Allemagne,BAYREUTH,,Eurosatory 2026 Catalog,B,New,Canal de distribution / représentation pour notre portefeuille.,"Steiner Optik, the worldwide reference for military binoculars, designs some of the best military sights and scopes. The Germany produced world class Optiks ...",Optics / optronics,Homeland security; Weapons,,Review website and validate opportunity,
Stellar Telecommunications Sarl,http://www.stellar.tc/,Luxembourg,Bertrange,https://www.linkedin.com/company/stellartc,Eurosatory 2026 Catalog,A,New,"Radars, sonars, comms, armement, sustainment pour primes navals.","Stellar offers resilient connectivity across networks by combining all cellular, Wi-Fi, satellite, and other IP links at packet level. We have developed the ...",Naval defense,UAV / drones; Radar / sensors,,Contact sales team and qualify need,
STEM S.R.L.,https://www.stem.it/,Italie,MEDESANO,https://urlsand.esvalabs.com/?u=https%3A%2F%2Fwww.linkedin.com%2Fcompany%2Fstem-ems%2F&e=2f59d014&h=7e9b1c16&f=y&p=y,Eurosatory 2026 Catalog,A,New,"Capteurs, payloads optroniques, communications pour plateformes ISR.",To enrich,Intelligence / ISR,Air defense; Naval defense,,Contact sales team and qualify need,
STEP (Saskatchewan Trade & Export Partnership),https://sasktrade.com/,Canada,Regina,,Eurosatory 2026 Catalog,A,New,"Composants, sous-systèmes, software, services pour primes C4ISR.","STEP will lead a trade mission to CANSEC 2026, delivering a structured walker program designed to connect STEP members directly with defence contractors, government services contractors, and end users pursuing government procurement opportu…",C4ISR,Air defense; Homeland security,,Contact sales team and qualify need,
STERELA,https://www.sterela-defense.fr/,France,PINS-JUSTARET,https://www.linkedin.com/company/sterela-defense/,Eurosatory 2026 Catalog,D,New,Qualifier l'activité avant tout pitch ciblé.,To enrich,Other,,,No immediate action,
STEVTISS,https://www.stevtiss.fr/,France,CHIRASSIMONT,,Eurosatory 2026 Catalog,D,New,Qualifier l'activité avant tout pitch ciblé.,To enrich,Other,,,No immediate action,
Steyr Arms GmbH,https://www.steyr-mannlicher.com/,Autriche,St. Peter in der Au,,Eurosatory 2026 Catalog,D,New,Qualifier l'activité avant tout pitch ciblé.,To enrich,Other,,,No immediate action,
STI GENLIS,http://www.sti-genlis.com/,France,GENLIS,https://www.linkedin.com/company/sti-genlis/?viewAsMember=true,Eurosatory 2026 Catalog,C,New,"Outils CAD, simulation, certification pour bureau d'études.","STI GENLIS specializes in the co-design and manufacturing of ELECTRICAL HARNESSES, ELECTRICAL PANELS, ELECTRICAL CABINETS in small and medium series. OUR LO...",Engineering services,Industrial subcontracting,,Keep in watchlist,
STI Steyr,http://sti-steyr.com/,Autriche,WALDNEUKIRCHEN,,Eurosatory 2026 Catalog,D,New,Qualifier l'activité avant tout pitch ciblé.,To enrich,Other,,,No immediate action,
STIRWELD,http://stirweld.com/,France,RENNES,https://www.linkedin.com/company/stirweld/,Eurosatory 2026 Catalog,B,New,"Radars, sonars, comms, armement, sustainment pour primes navals.",Are you looking for an innovative technology for aluminum welding or bimaterial assemblies? Is the economic competitiveness of welding an important criteria ...,Naval defense,Armored vehicles; Soldier systems,,Review website and validate opportunity,
STMB ROSSE,http://www.stmb-rosse.com/,France,LES AIX D'ANGILLON,https://www.linkedin.com/company/stmb-rosse/,Eurosatory 2026 Catalog,B,New,"Composites, capteurs, comms, lancement pour primes spatiaux.","STMB ROSSE vous accompagne dans vos projets d'usinage de précision avec réactivité, expertise et flexibilité – y compris en mode speed shop pour vos commandes urgentes. Conception du site : BHInternet Conditions générales d'achats STMB-ROSS…",Space / satellite,Radar / sensors; Simulation / training,,Review website and validate opportunity,
STOEGER,http://www.stoeger.com.tr/,Turquie,ISTANBUL,,Eurosatory 2026 Catalog,B,New,"Vend des sous-systèmes / composants à un OEM construisant Optronics / Optics, Soldier equipment.","Stoeger Silah Sanayi A.Ş, part of the Beretta Holding S.A., produces Stoeger branded, high value-for-money, pistols and shotguns in Istanbul, Turkey",Soldier systems,Weapons; Ammunition,,Review website and validate opportunity,
STRATASYS,https://www.stratasys.com/,Allemagne,RHEINMUENSTER,https://www.linkedin.com/company/stratasys/posts/,Eurosatory 2026 Catalog,B,New,"Fournisseur de batteries, moteurs, optronique, RF, composites pour fabricants UAV.",To enrich,UAV / drones,Cybersecurity; Armored vehicles,,Review website and validate opportunity,
STRATIFORME INDUSTRIES,http://www.stratiforme.fr/,France,BERSEE,,Eurosatory 2026 Catalog,D,New,Qualifier l'activité avant tout pitch ciblé.,To enrich,Other,,,No immediate action,
STREAMWIDE,http://www.streamwide.com/,France,PARIS,,Eurosatory 2026 Catalog,D,New,Qualifier l'activité avant tout pitch ciblé.,To enrich,Other,,,No immediate action,
STREIT GROUPE,http://www.groupe-streit.com/,France,PAYS DE CLERVAL,https://www.linkedin.com/company/streit-groupe,Eurosatory 2026 Catalog,B,New,"Matières premières, outils coupants, services qualité pour sous-traitants.","STREIT Groupe’s added value is its capacity to provide its customers with high quality, global solutions, starting from the initial conception through the production phase, right up to final delivery. Markets STREIT Groupe’s industrial know…",Industrial subcontracting,Naval defense; Logistics / MRO,,Review website and validate opportunity,
STRYX AI,http://stryx.ai/,France,PARIS,https://www.linkedin.com/company/stryx-ai/,Eurosatory 2026 Catalog,C,New,Vend une brique du chain detection-effector aux primes anti-drone.,"As drones become increasingly present in sensitive airspaces, the need for agile, affordable, and reliable countermeasures is more urgent than ever. STRYX AI...",Counter-UAV,UAV / drones; Radar / sensors,,Keep in watchlist,
STUDER INNOTEC,https://www.studer-innotec.com/,Suisse,SION,,Eurosatory 2026 Catalog,A,New,"Composites, capteurs, comms, lancement pour primes spatiaux.","A 3 phase 16 kVA inverter-charger with 2 built-in solar high voltage MPPT inputs with 8 + 8 KW. discover the next3 Swiss made Proudly designed, assembled, and tested in Switzerland, ensuring the highest standards of quality and reliability …",Space / satellite,Naval defense; Cybersecurity,,Contact sales team and qualify need,
STV GROUP A.S.,http://www.stvgroup.cz/,République tchèque,PRAGUE  - NUSLE,,Eurosatory 2026 Catalog,C,New,Sub-system / payload pour OEM drones tactiques.,"STV GROUP a.s. main activity is the production of small-, medium-, and large-calibre ammunition, including tank and artillery ammunition, plastic explosives,...",UAV / drones,Armored vehicles; Weapons,,Keep in watchlist,
SUADEO,http://suadeo.fr/,France,IVRY-SUR-SEINE,https://www.linkedin.com/company/suadeo-sas,Eurosatory 2026 Catalog,B,New,"Threat intel, hardware appliances, cloud souverain, audits.","Result of 21 years of R&D, Suadeo is a French sovereign Data & AI platform that unifies the entire data cycle to drive real-time critical operations. Already...",Cybersecurity,Land defense; Homeland security,,Review website and validate opportunity,
"SUBMERGE BALTIC, SIA",https://www.submergebaltic.com/,Lettonie,MĀRUPES NOVADS,,Eurosatory 2026 Catalog,D,New,Qualifier l'activité avant tout pitch ciblé.,To enrich,Other,,,No immediate action,
SUCHIER SAS,http://www.suchier.com/,France,CHOMERAC,,Eurosatory 2026 Catalog,D,New,Qualifier l'activité avant tout pitch ciblé.,To enrich,Other,,,No immediate action,
SUMA Aéro-Mécanique,https://suma-aero.com/,France,Albert,,Eurosatory 2026 Catalog,D,New,Qualifier l'activité avant tout pitch ciblé.,To enrich,Other,,,No immediate action,
SUMITOMO DRIVE TECHNOLOGIES,https://www.sumitomodrive.com/,France,SERRIS,www.linkedin.com/sumitomo-drive-technologies-france,Eurosatory 2026 Catalog,D,New,Qualifier l'activité avant tout pitch ciblé.,To enrich,Other,,,No immediate action,
Supacat,https://www.supacat.com/,Royaume-Uni,HONITON,,Eurosatory 2026 Catalog,D,New,Qualifier l'activité avant tout pitch ciblé.,To enrich,Other,,,No immediate action,
Suppliers From Bretagne,http://www.suppliers-from-bretagne.com/,France,CESSON-SEVIGNE,https://www.linkedin.com/company/bretagne-commerce-international,Eurosatory 2026 Catalog,A,New,"Matières premières, outils coupants, services qualité pour sous-traitants.","SUPPLIERS FROM BRETAGNE is a free marketplace for international buyers who are looking for products, services and suppliers based in Bretagne, France. Searc...",Industrial subcontracting,Naval defense; Cybersecurity,,Contact sales team and qualify need,
SUPRAMECA,,France,Signes,,Eurosatory 2026 Catalog,D,New,Qualifier l'activité avant tout pitch ciblé.,To enrich,Other,,,No immediate action,
Svekon,http://svekon.se/,Suède,Solna,https://www.linkedin.com/company/1827116,Eurosatory 2026 Catalog,B,New,"Vend des sous-systèmes / composants à un OEM construisant Vehicles, Software / Platforms.",Engineering Solutions for Defence and Security Svekon is an independent Swedish engineering company with over 40 years of experience supporting defence and c...,C4ISR,Land defense; Homeland security,,Review website and validate opportunity,
"SVOS, spol. s r.o.",http://www.armsvos.cz/,République tchèque,PRELOUC,,Eurosatory 2026 Catalog,D,New,Qualifier l'activité avant tout pitch ciblé.,To enrich,Other,,,No immediate action,
SWARM Biotactics,https://www.swarm-biotactics.com/,Allemagne,KASSEL,https://www.linkedin.com/company/swarm-biotactics/posts/?feedView=all,Eurosatory 2026 Catalog,B,New,"Fournisseur de batteries, moteurs, optronique, RF, composites pour fabricants UAV.",To enrich,UAV / drones,Homeland security; Cybersecurity,,Review website and validate opportunity,
Swarmer,http://www.getswarmer.com/,Estonie,TALLIN,https://www.linkedin.com/company/getswarmer/posts/?feedView=all,Eurosatory 2026 Catalog,B,New,"Capteurs, payloads optroniques, communications pour plateformes ISR.","Swarmer is a defense technology company focused on collaborative autonomy and intelligent swarming. The company develops autonomy, coordination and decision-...",Intelligence / ISR,Land defense; Naval defense,,Review website and validate opportunity,
SWARMLY LTD,https://www.swarmly.aero/,Cyprus,LIMASSOL,,Eurosatory 2026 Catalog,D,New,Qualifier l'activité avant tout pitch ciblé.,To enrich,Other,,,No immediate action,
SWAROVSKI OPTIK KG,http://www.swarovskioptik.com/,Autriche,ABSAM,https://www.linkedin.com/company/swarovski-optik/,Eurosatory 2026 Catalog,A,New,"Front-ends RF, processeurs, mécanique de précision pour fabricants radars.","SWAROVSKI OPTIK, headquartered in Absam, Austria, is part of the Swarovski group of companies. Founded in 1949, the Austrian company specializes in the devel...",Radar / sensors,Ammunition; Optics / optronics,,Contact sales team and qualify need,
Swebor Stål,https://www.swebor.se/,Suède,LULEÅ,,Eurosatory 2026 Catalog,D,New,Qualifier l'activité avant tout pitch ciblé.,To enrich,Other,,,No immediate action,
Sweden Ballistics AB,,Suède,Järfälla,,Eurosatory 2026 Catalog,D,New,Qualifier l'activité avant tout pitch ciblé.,To enrich,Other,,,No immediate action,
SWISS CAMOUTECH AG/SSZ Camouflage Technology AG,http://www.swisscamoutech.ch/,Suisse,ZUG,,Eurosatory 2026 Catalog,D,New,Qualifier l'activité avant tout pitch ciblé.,To enrich,Other,,,No immediate action,
SWISS P DEFENCE,http://www.swisspdefence.com/,Suisse,THUN,,Eurosatory 2026 Catalog,A,New,"Vend des sous-systèmes / composants à un OEM construisant Ammunition, Software / Platforms.","Precision, Power, Premium. The SWISS P family of rifle cartridges has been developed especially for snipers, sharpshooters and marksmen engaged in precision ...",Land defense,Homeland security; UAV / drones,,Contact sales team and qualify need,
SWISSto12,https://www.swissto12.com/,Suisse,RENENS,https://www.linkedin.com/company/swissto12-sa,Eurosatory 2026 Catalog,B,New,"Vend des sous-systèmes / composants à un OEM construisant Tactical radios, Logistics equipment.",He heads SWISSto12’s California office and holds a Master’s in Aerospace Engineering from Stanford. The journey Our team Join us Shaping the Future of Satcoms Pioneering a new era of Radio Frequency communications 3D Printing SWISSto12 hold…,Space / satellite,Communications; Logistics / MRO,,Review website and validate opportunity,
Sydor Technologies,http://sydortechnologies.com/,États-Unis,FAIRPORT,https://www.linkedin.com/company/sydor-technologies/?viewAsMember=true,Eurosatory 2026 Catalog,B,New,"Textiles, composites, optronique, énergie pour kits soldat.",Sydor Ballistic & Test Measurement provides complete ballistic testing and instrumentation systems worldwide – in over 65 countries today – designed to meet ...,Soldier systems,Optics / optronics; Radar / sensors,,Review website and validate opportunity,
SYMÉTRIE,http://symetrie.fr/en/,France,BOUILLARGUES,https://www.linkedin.com/company/symetrie,Eurosatory 2026 Catalog,A,New,"Composites, capteurs, comms, lancement pour primes spatiaux.","Symétrie, with 25 years of expertise in hexapods, designs high-precision, robust and reliable 6-DOF platforms for critical environments and applications. In...",Space / satellite,Naval defense; UAV / drones,,Contact sales team and qualify need,
Symlab AG,http://symlab.ch/,Suisse,Freienbach,,Eurosatory 2026 Catalog,B,New,"Fournisseur de batteries, moteurs, optronique, RF, composites pour fabricants UAV.","SYMLAB delivers modular and combat-proven solutions focused on advanced electronic protection. Through close collaboration with clients, we deliver tailored ...",UAV / drones,Optics / optronics; Communications,,Review website and validate opportunity,
SYSNAV,http://www.sysnav.fr/?lang=en,France,VERNON,https://www.linkedin.com/company/sysnav/,Eurosatory 2026 Catalog,B,New,"Composites, capteurs, comms, lancement pour primes spatiaux.","Sysnav is a French deep tech company specialized in geolocation and motion capture. Based in Vernon, it develops high-precision navigation solutions without ...",Space / satellite,Communications; Radar / sensors,,Review website and validate opportunity,
SYSTECON GROUP AB,http://www.systecongroup.com/gl,Suède,STOCKHOLM,https://www.linkedin.com/company/systecon-ab,Eurosatory 2026 Catalog,A,New,"Radars, sonars, comms, armement, sustainment pour primes navals.","Systecon is the global leader in analysis driven Life Cycle Management for defense. For over 50 years, Opus Suite has supported the majority of NATO defense ...",Naval defense,Logistics / MRO,,Contact sales team and qualify need,
SYSTEL Inc,http://www.systelusa.com/,États-Unis,SUGAR LAND,,Eurosatory 2026 Catalog,D,New,Qualifier l'activité avant tout pitch ciblé.,To enrich,Other,,,No immediate action,
Systematic A/S,https://systematic.com/int/,Danemark,AARHUS,https://www.linkedin.com/showcase/systematic-defence/,Eurosatory 2026 Catalog,B,New,"Sous-systèmes, composites, certification pour primes terrestres.",To enrich,Land defense,Naval defense; Homeland security,,Review website and validate opportunity,
SZCZĘŚNIAK Pojazdy Specjalne Sp. z o.o.,http://www.psszczesniak.pl/,Pologne,BIELSKO-BIALA,https://www.linkedin.com/company/szczesniak-special-vehicles-ltd-,Eurosatory 2026 Catalog,C,New,"Sous-systèmes, composites, certification pour primes terrestres.","SZCZĘŚNIAK Pojazdy Specjalne Sp. z o. o. is a private company established in 1992 and is a Polish special vehicle’s manufacturer for fire services, army, pol...",Land defense,Logistics / MRO,,Keep in watchlist,
Tacteris,https://www.tacteris.com/,Canada,CALGARY,,Eurosatory 2026 Catalog,D,New,Qualifier l'activité avant tout pitch ciblé.,To enrich,Other,,,No immediate action,
Tactical Avionix SIA,https://www.tacticalavionix.com/,Lettonie,Sigulda,,Eurosatory 2026 Catalog,D,New,Qualifier l'activité avant tout pitch ciblé.,To enrich,Other,,,No immediate action,
Tadaweb,https://www.tadaweb.com/,Luxembourg,Belvaux,,Eurosatory 2026 Catalog,D,New,Qualifier l'activité avant tout pitch ciblé.,To enrich,Other,,,No immediate action,
TAF Industries,http://taf-ua.com/en/,Ukraine,ODESSA,https://www.linkedin.com/company/tafindustriesua/,Eurosatory 2026 Catalog,A,New,"Capteurs, payloads optroniques, communications pour plateformes ISR.","TAF Industries One of the leaders of Ukraine’s Defense Tech sector, best known for its FPV drones line Kolibri, which has become the battlefield standard for...",Intelligence / ISR,Homeland security; UAV / drones,,Contact sales team and qualify need,
TAIHAN TEXTILE,http://www.thtc.co.kr/,Corée du Sud,SEOUL,,Eurosatory 2026 Catalog,B,New,"Vend des sous-systèmes / composants à un OEM construisant Communications networks, Soldier equipment.","Taihan Textile Co., Ltd., is a Korean textile finishing company founded in 1953. We specialize in dyeing, printing, functional finishing, coating, and lamina...",Soldier systems,Homeland security; Logistics / MRO,,Review website and validate opportunity,
Take Off Diffusion Ltd,https://northeagles.ch/,Suisse,La Neuveville,,Eurosatory 2026 Catalog,B,New,"Front-ends RF, processeurs, mécanique de précision pour fabricants radars.",Use Cases Gas Detection learn more Geolocation learn more Restricted area learn more SECURITY INCIDENT RESPONSE learn more EQUIPMENT MONITORING & DIAGNOSTICS learn more REMOTE MAINTENANCE learn more OUR Products H 2 S BEACON ORANGE The H 2 …,Radar / sensors,Logistics / MRO,,Review website and validate opportunity,
TAMILAN,https://www.tamilanthedrone.com/,Inde,CHENNAI,https://www.linkedin.com/in/krishnamurthy-murthy-49623767?lipi=urn%3Ali%3Apage%3Ad_flagship3_profile_view_base_contact_details%3BZ5tIfhs6Tbex35m6LZZ4iA%3D%3D,Eurosatory 2026 Catalog,B,New,Sub-system / payload pour OEM drones tactiques.,"Tamilan Drones, we are passionate about redefining the skies through innovation and precision we design high performance drones for industry.",UAV / drones,Homeland security; Optics / optronics,,Review website and validate opportunity,
Tampereen kaupunkiseudun elinkeino- ja kehitysyhtiö Business Tampere Oy,,Finlande,Tampere,,Eurosatory 2026 Catalog,D,New,Qualifier l'activité avant tout pitch ciblé.,To enrich,Other,,,No immediate action,
TARGI KIELCE SA,http://www.mspo.pl/,Pologne,KIELCE,,Eurosatory 2026 Catalog,D,New,Qualifier l'activité avant tout pitch ciblé.,To enrich,Other,,,No immediate action,
Tastitalia Srl,http://www.tastitalia.com/,Italie,CASTELFIDARDO,https://www.linkedin.com/company/tastitalia,Eurosatory 2026 Catalog,B,New,"Front-ends RF, processeurs, mécanique de précision pour fabricants radars.","Where efficiency and resistance must provide the greatest potentiality. Membrane switches on flexible circuit and polyamide, on rigid circuit (PCBAs), with p...",Radar / sensors,Naval defense; Armored vehicles,,Review website and validate opportunity,
TATRA,https://www.tatratrucks.com/,République tchèque,KOPŘIVNICE,,Eurosatory 2026 Catalog,D,New,Qualifier l'activité avant tout pitch ciblé.,To enrich,Other,,,No immediate action,
TATRA DEFENCE VEHICLE a.s.,https://tatradv.cz/,République tchèque,Praha 8,,Eurosatory 2026 Catalog,A,New,"Composants, sous-systèmes, software, services pour primes C4ISR.","Přejít k obsahu EN Kariéra Produkty Facebook-f Linkedin-in Instagram Kariéra Produkty Facebook-f Linkedin-in Instagram TATRA DEFENCE VEHICLE a.s. (TDV) je klíčovou společností značky TATRA DEFENCE, která se specializuje na vývoj, výrobu a m…",C4ISR,Land defense; Armored vehicles,,Contact sales team and qualify need,
Tattu,https://www.gensace.de/,Allemagne,KORSCHENBROICH,,Eurosatory 2026 Catalog,B,New,Sub-system / payload pour OEM drones tactiques.,"Tattu TA9000Pro charger ensures your safety while charging, specially designed for Tattu 12S-18S smart battery pack, with additional “ smart intelligence ” features to simplify operation and connectivity between charger and battery. TA7200P…",UAV / drones,Naval defense; Cybersecurity,,Review website and validate opportunity,
TAURUS,https://taurusarmas.com.br/,Brésil,SÃO LEOPOLDO,,Eurosatory 2026 Catalog,D,New,Qualifier l'activité avant tout pitch ciblé.,To enrich,Other,,,No immediate action,
TAWAZUN COUNCIL,https://www.tawazun.gov.ae/en/contact-us/,Émirats arabes unis,ABU DHABI,,Eurosatory 2026 Catalog,D,New,Qualifier l'activité avant tout pitch ciblé.,To enrich,Other,,,No immediate action,
TB OUTDOOR,http://tb-outdoor.com/,France,LA MONNERIE LE MONTEL,https://fr.linkedin.com/company/tarrerias-bonjean,Eurosatory 2026 Catalog,B,New,"Outils CAD, simulation, certification pour bureau d'études.","At TB, cutlery has been an integral part of the company's identity since 1648, the date on which the first written record of a cutler named Tarerias was regi...",Engineering services,,,Review website and validate opportunity,
TBO LOGISTICS S.L.,https://www.tbologistics.com/,Espagne,Zaragoza,,Eurosatory 2026 Catalog,D,New,Qualifier l'activité avant tout pitch ciblé.,"404 Not Found The resource requested could not be found on this server! Proudly powered by LiteSpeed Web Server Please be advised that LiteSpeed Technologies Inc. is not a web hosting company and, as such, has no control over content found …",Other,,,No immediate action,
TBT Tiefbohrtechnik,http://www.tbt.de/,Allemagne,DETTINGEN ERMS,https://www.linkedin.com/company/tbt-tiefbohrtechnik/posts/?feedView=all,Eurosatory 2026 Catalog,C,New,"Pièces de rechange, calibration, certification pour acteurs MRO.","TBT Tiefbohrtechnik GmbH + Co is a leading international specialist in deep-hole drilling technology, based in Dettingen an der Erms, Germany. Founded in 196...",Logistics / MRO,,,Keep in watchlist,
TDM SAS,https://www.tdm-ing.com/,France,MERIGNAC,,Eurosatory 2026 Catalog,D,New,Qualifier l'activité avant tout pitch ciblé.,To enrich,Other,,,No immediate action,
TDW GmbH,http://www.tdw-warhead-systems.com/,Allemagne,SCHROBENHAUSEN,https://www.linkedin.com/company/tdw-gmbh/?viewAsMember=true,Eurosatory 2026 Catalog,B,New,"Vend des sous-systèmes / composants à un OEM construisant Ammunition, Logistics equipment.","TDW, a wholly owned subsidiary of MBDA Germany, is experienced in the design and manufacture of warheads and warhead systems including the associated fuzes a...",Ammunition,,,Review website and validate opportunity,
TE Connectivity,http://www.te.com/defense,France,PONTOISE,https://www.linkedin.com/company/te-connectivity,Eurosatory 2026 Catalog,A,New,"Capteurs, payloads optroniques, communications pour plateformes ISR.","TE Connectivity is a global industrial technology leader creating a safer, sustainable, productive, and connected future. As a trusted innovation partner, ou...",Intelligence / ISR,Air defense; Naval defense,,Contact sales team and qualify need,
TEAL DRONES,,États-Unis,SOUTH SALT LAKE,,Eurosatory 2026 Catalog,D,New,Qualifier l'activité avant tout pitch ciblé.,To enrich,Other,,,No immediate action,
TEAM 31,https://www.team31-agon.com/,France,Toulouse,,Eurosatory 2026 Catalog,D,New,Qualifier l'activité avant tout pitch ciblé.,To enrich,Other,,,No immediate action,
Team Group Inc.,http://industrial.teamgroupinc.com/en/,Taïwan,New Taipei City,https://www.linkedin.com/showcase/teamgroup-industrial/,Eurosatory 2026 Catalog,B,New,"Front-ends RF, processeurs, mécanique de précision pour fabricants radars.","TEAMGROUP Industrial, headquartered in Taipei, is a global leader in industrial memory and storage solutions. With over 25 years of R&D expertise, we deliver...",Radar / sensors,Optics / optronics,,Review website and validate opportunity,
TEAM WENDY,https://www.teamwendy.com/,États-Unis,"CLEVELAND, OHIO",,Eurosatory 2026 Catalog,D,New,Qualifier l'activité avant tout pitch ciblé.,To enrich,Other,,,No immediate action,
TECHCI RHÔNE-ALPES,http://www.techci.fr/,France,SAINT GENIX SUR GUIERS,https://www.linkedin.com/company/techci-rh%C3%B4ne-alpes/,Eurosatory 2026 Catalog,D,New,Qualifier l'activité avant tout pitch ciblé.,To enrich,Other,,,No immediate action,
TECHMETA WELDING,https://techmeta-engineering.com/,France,Epagny Metz-Tessy,,Eurosatory 2026 Catalog,D,New,Qualifier l'activité avant tout pitch ciblé.,To enrich,Other,,,No immediate action,
TECHNAMM,http://www.technamm.fr/,France,LAMBESC,https://www.linkedin.com/company/technamm/?viewAsMember=true,Eurosatory 2026 Catalog,B,New,"Capteurs, payloads optroniques, communications pour plateformes ISR.","Technamm designs, develops, and integrates custom tactical and logistical vehicles that meet the requirements of the armed forces and civil security. With ex...",Intelligence / ISR,Radar / sensors; Logistics / MRO,,Review website and validate opportunity,
TECHNIC EXPORT,http://www.technicexport.com/,France,PARIS,https://www.linkedin.com/company/technic-export75009/posts/?feedView=all&viewAsMember=true,Eurosatory 2026 Catalog,C,New,"Pièces de rechange, calibration, certification pour acteurs MRO.","TECHNIC EXPORT specializes in the design and supply of autonomous and modular “TEX” mobile units, tailored to the needs of the defense, security and civil pr...",Logistics / MRO,,,Keep in watchlist,
TECHTERA,https://www.techtera.org/,France,ECULLY,,Eurosatory 2026 Catalog,D,New,Qualifier l'activité avant tout pitch ciblé.,To enrich,Other,,,No immediate action,
TECHWAY,https://www.techway.com/,France,VILLEBON-SUR-YVETTE,,Eurosatory 2026 Catalog,D,New,Qualifier l'activité avant tout pitch ciblé.,To enrich,Other,,,No immediate action,
TECNOBIT - GRUPO OESÍA,http://www.tecnobit.es/,Espagne,RIVAS VACIAMADRID,,Eurosatory 2026 Catalog,D,New,Qualifier l'activité avant tout pitch ciblé.,Incapsula incident ID: 969000310805169303-292111570656888809,Other,,,No immediate action,
TECSUP,http://www.tecsup.fr/,France,ALLONZIER-LA-CAILLE,,Eurosatory 2026 Catalog,C,New,"Fournisseur de batteries, moteurs, optronique, RF, composites pour fabricants UAV.","Depuis 1985, TecSup conçoit et fabrique , en petites et moyennes séries, des solutions innovantes d'énergie et d'éclairage autonomes, fixes ou mobiles, standards ou sur mesure, pour des puissances de 30 à 3000 W. Présentation de l’entrepris…",UAV / drones,Engineering services,,Keep in watchlist,
Tectonic-3d,http://www.tectonic-3d.com/,Pays-Bas,EINDHOVEN,,Eurosatory 2026 Catalog,B,New,"Sous-systèmes, composites, certification pour primes terrestres.","Tectonic-3D is redefining the future of materials innovation. With over 75 years of combined expertise in polymers and advanced manufacturing, our team pione...",Land defense,Naval defense; UAV / drones,,Review website and validate opportunity,
TEDAE,http://www.tedae.org/,Espagne,MADRID,https://www.linkedin.com/company/tedae/,Eurosatory 2026 Catalog,B,New,"Fournisseur de batteries, moteurs, optronique, RF, composites pour fabricants UAV.","The Spanish Association of Defence, Security, Aeronautics and Space Technology Companies brings together 130 companies covering the entire value chain of the...",UAV / drones,Naval defense; Cybersecurity,,Review website and validate opportunity,
TEGMA,https://www.tegma.fr/,France,LIMOGES,,Eurosatory 2026 Catalog,D,New,Qualifier l'activité avant tout pitch ciblé.,To enrich,Other,,,No immediate action,
TEHNICKI REMONT BRATUNAC,https://www.trb.ba/,Bosnia and Herzegovina,BRATUNAC,,Eurosatory 2026 Catalog,D,New,Qualifier l'activité avant tout pitch ciblé.,To enrich,Other,,,No immediate action,
Teijin Aramid,http://www.teijinaramid.com/,Allemagne,WUPPERTAL,,Eurosatory 2026 Catalog,D,New,Qualifier l'activité avant tout pitch ciblé.,To enrich,Other,,,No immediate action,
TEK CAN,https://www.aksarunflat.com.tr/,Turquie,ANKARA,,Eurosatory 2026 Catalog,D,New,Qualifier l'activité avant tout pitch ciblé.,To enrich,Other,,,No immediate action,
TEK MILITARY SEATING LTD,,Royaume-Uni,KENT,,Eurosatory 2026 Catalog,D,New,Qualifier l'activité avant tout pitch ciblé.,To enrich,Other,,,No immediate action,
TEKEVER,https://www.tekever.com/,France,TOULOUSE,,Eurosatory 2026 Catalog,D,New,Qualifier l'activité avant tout pitch ciblé.,To enrich,Other,,,No immediate action,
Teknologisk Institut,,Danemark,Taastrup,,Eurosatory 2026 Catalog,D,New,Qualifier l'activité avant tout pitch ciblé.,To enrich,Other,,,No immediate action,
TELEDYNE E2V SEMICONDUCTORS,https://semiconductors.teledyne-e2v.com/,France,SAINTE EGREVE,https://www.linkedin.com/company/e2vteledyne,Eurosatory 2026 Catalog,D,New,Qualifier l'activité avant tout pitch ciblé.,To enrich,Other,,,No immediate action,
Teledyne FLIR Defense,http://defense.flir.com/,États-Unis,"WILSONVILLE, OR",https://www.linkedin.com/company/teledyne-flir,Eurosatory 2026 Catalog,C,New,"Front-ends RF, processeurs, mécanique de précision pour fabricants radars.","Teledyne FLIR Defense is a world leader in the design, manufacture, and marketing of sensor systems that enhance perception and awareness. Teledyne FLIR empo...",Radar / sensors,,,Keep in watchlist,
TELEDYNE FLIR OEM,http://www.oem.flir.com/,États-Unis,Goleta,,Eurosatory 2026 Catalog,D,New,Vend des sous-systèmes / composants à un OEM construisant leur build line.,To enrich,Other,,,No immediate action,
Teledyne Qioptiq,http://www.teledyne-ade.com/companies/qioptiq,Royaume-Uni,St. Asaph,https://www.linkedin.com/company/qioptiq_3/,Eurosatory 2026 Catalog,B,New,"Amplis RF, processeurs signal, embarqué, antennes pour EW.",Avionic Displays: We are a leading designer and manufacturer of Head-Up Display (HUD) Optics and Helmet-Mounted Display (HMD) Optics for military and civil ...,Electronic warfare,Soldier systems; Optics / optronics,,Review website and validate opportunity,
Telegrafia a.s.,,Slovaquie,Kosice,,Eurosatory 2026 Catalog,D,New,Qualifier l'activité avant tout pitch ciblé.,To enrich,Other,,,No immediate action,
Teleplan Globe,https://www.teleplanglobe.no/,Norvège,LYSAKER,,Eurosatory 2026 Catalog,D,New,Qualifier l'activité avant tout pitch ciblé.,To enrich,Other,,,No immediate action,
TELESPAZIO FRANCE,https://www.telespazio.fr/fr/home,France,TOULOUSE,,Eurosatory 2026 Catalog,D,New,Qualifier l'activité avant tout pitch ciblé.,To enrich,Other,,,No immediate action,
TELTRONIC,http://www.teltronic.es/,Espagne,ZARAGOZA,https://www.linkedin.com/company/teltronic/?originalSubdomain=es,Eurosatory 2026 Catalog,D,New,Qualifier l'activité avant tout pitch ciblé.,"Teltronic designs, manufactures and deploys comprehensive mission-critical communication solutions for public safety, defence, transport and critical infrast...",Other,,,No immediate action,
TEPAS AS,http://www.tepas.com/,Turquie,IZMIR,,Eurosatory 2026 Catalog,D,New,Qualifier l'activité avant tout pitch ciblé.,To enrich,Other,,,No immediate action,
Terra Drone Corporation,http://terra-drone.net/global/,Japon,TOKYO,,Eurosatory 2026 Catalog,A,New,"Fournisseur de batteries, moteurs, optronique, RF, composites pour fabricants UAV.","Terra Drone Corporation: Leading Global Drone Innovation and Defense Solutions Terra Drone, founded in 2016 in Japan, is a top provider of industrial drone s...",UAV / drones,Naval defense; Armored vehicles,,Contact sales team and qualify need,
TETHYS,http://www.tethys-sas.fr/,France,SIGNES,https://www.linkedin.com/company/tethys-sas/about/,Eurosatory 2026 Catalog,D,New,Qualifier l'activité avant tout pitch ciblé.,To enrich,Other,,,No immediate action,
TETMET,https://www.tetmet.net/,France,PUTEAUX,,Eurosatory 2026 Catalog,D,New,Qualifier l'activité avant tout pitch ciblé.,To enrich,Other,,,No immediate action,
TEXELIS DEFENSE,http://www.texelis.com/,France,LIMOGES CEDEX 1,,Eurosatory 2026 Catalog,D,New,Qualifier l'activité avant tout pitch ciblé.,To enrich,Other,,,No immediate action,
TEXINOV,https://www.texinov.com/,France,Saint-Didier-De-La-Tour,,Eurosatory 2026 Catalog,D,New,Qualifier l'activité avant tout pitch ciblé.,To enrich,Other,,,No immediate action,
TEXPART TECHNOLOGIES,http://www.texpart-technologies.com/,France,LISSES,https://www.linkedin.com/company/texpart-technologies/,Eurosatory 2026 Catalog,D,New,Activité à qualifier — discovery call avant pitch précis.,Notre qualité reconnue La qualité de Texpart Technologies est reconnue par nos clients au travers d'une multitude de secteurs d’activités. S’inscrire Texpart Technologies Le Groupe TEXALLIANCE est un groupe industriel familial intervenant d…,Other,,,No immediate action,
TEXTRON SYSTEMS,https://www.textronsystems.com/,États-Unis,Hunt Valley,,Eurosatory 2026 Catalog,D,New,Qualifier l'activité avant tout pitch ciblé.,To enrich,Other,,,No immediate action,
THALES,http://www.thalesgroup.com/,France,VÉLIZY-VILLACOUBLAY,,Eurosatory 2026 Catalog,D,New,Qualifier l'activité avant tout pitch ciblé.,"Thales is a global leader in advanced technologies for the Defence, Aerospace, and Cyber & Digital sectors. Its portfolio of innovative products and services...",Other,,,No immediate action,
THALES BELGIUM,http://www.thalesgroup.com/,Belgique,TUBIZE,,Eurosatory 2026 Catalog,D,New,Qualifier l'activité avant tout pitch ciblé.,To enrich,Other,,,No immediate action,
THALES NORWAY AS,http://thalesgroup.com/,Norvège,OSLO,,Eurosatory 2026 Catalog,D,New,Qualifier l'activité avant tout pitch ciblé.,To enrich,Other,,,No immediate action,
Thales SIX GTS France,https://www.thalesgroup.com/,France,Vélizy-Villacoublay,,Eurosatory 2026 Catalog,D,New,Qualifier l'activité avant tout pitch ciblé.,To enrich,Other,,,No immediate action,
"The Kinetic Group, Inc.",http://www.thekineticgroup.com/,États-Unis,Anoka,,Eurosatory 2026 Catalog,B,New,"Vend des sous-systèmes / composants à un OEM construisant Ammunition, Logistics equipment.","At The Kinetic Group, we engineer and manufacture the most accurate and reliable small caliber ammunition in the world. Our ammunition is built in America an...",Weapons,Homeland security; Ammunition,,Review website and validate opportunity,
THE PLACE BY CCI 18,https://www.linkedin.com/company/the-place-by-cci-18/,France,BOURGES,,Eurosatory 2026 Catalog,D,New,Qualifier l'activité avant tout pitch ciblé.,To enrich,Other,,,No immediate action,
THE ROTATION LINK,https://www.everaxis.com/,France,LE PLESSIS ROBINSON,,Eurosatory 2026 Catalog,D,New,Qualifier l'activité avant tout pitch ciblé.,To enrich,Other,,,No immediate action,
THEON SENSORS S.A.,http://www.theon.com/,Grèce,"KOROPI, ATHENS",https://gr.linkedin.com/company/theon-international,Eurosatory 2026 Catalog,A,New,"Sous-systèmes, composites, certification pour primes terrestres.","THEON SENSORS, part of THEON GROUP, Vis a leading developer and manufacturer of customizable night vision, thermal imaging systems & Electro-Optical ISR syst...",Land defense,Naval defense; Intelligence / ISR,,Contact sales team and qualify need,
Thermobile Industries,http://www.thermobile.com/,Pays-Bas,BREDA,,Eurosatory 2026 Catalog,D,New,Qualifier l'activité avant tout pitch ciblé.,To enrich,Other,,,No immediate action,
THERMOTEKNIX,http://www.thermoteknix.com/,Royaume-Uni,CAMBRIDGE,https://www.linkedin.com/company/thermoteknix-systems-ltd,Eurosatory 2026 Catalog,A,New,"Textiles, composites, optronique, énergie pour kits soldat.","Thermoteknix design and manufacture advanced thermal imaging, night vision and fusion systems, with the latest developments focussing on ground-breaking Augm...",Soldier systems,Ammunition; Optics / optronics,,Contact sales team and qualify need,
THREOD SYSTEMS,http://www.threod.com/,Estonie,VIIMSI,,Eurosatory 2026 Catalog,D,New,Qualifier l'activité avant tout pitch ciblé.,To enrich,Other,,,No immediate action,
thyssenkrupp Supply Chain Solutions,http://www.thyssenkrupp-supply-chain-solutions.com/en/home,France,MAUREPAS CEDEX,https://www.linkedin.com/company/thyssenkrupp-aerospace,Eurosatory 2026 Catalog,B,New,"Vend des sous-systèmes / composants à un OEM construisant Vehicles, Communications networks.","thyssenkrupp Supply Chain Solutions is the strategic long-term partner that strengthens, adds stability and secures defense supply chains for OEMs and manufa...",Logistics / MRO,,,Review website and validate opportunity,
TI.SYSTEMS,http://www.ti.systems/,Allemagne,NEUSS,,Eurosatory 2026 Catalog,D,New,Qualifier l'activité avant tout pitch ciblé.,To enrich,Other,,,No immediate action,
TIAG Industries,http://www.tiag-containers.com/,France,VERSAILLES,https://www.linkedin.com/company/tiag-industries/,Eurosatory 2026 Catalog,B,New,"Vend des sous-systèmes / composants à un OEM construisant Vehicles, Weapons.","Design and manufacturing of ammunition and drone containers for defense applications. TIAG Industries develops standard and custom solutions for the storage,...",Land defense,UAV / drones; Armored vehicles,,Review website and validate opportunity,
Tiami Networks,https://www.tiaminetworks.com/,États-Unis,SACRAMENTO,https://www.linkedin.com/company/tiami-networks/,Eurosatory 2026 Catalog,B,New,"Capteurs, payloads optroniques, communications pour plateformes ISR.",To enrich,Intelligence / ISR,Homeland security; Cybersecurity,,Review website and validate opportunity,
Tibidabo Defence & Security,http://www.tibidaboscientific.com/,Royaume-Uni,MADISON,https://www.linkedin.com/company/tibidabo-scientific-industries/?viewAsMember=true,Eurosatory 2026 Catalog,A,New,"Capteurs, payloads optroniques, communications pour plateformes ISR.","At Tibidabo Defence + Security, we deliver advanced imaging, sensing, and detection technologies trusted by defence, security, and intelligence organisations...",Intelligence / ISR,Air defense; Naval defense,,Contact sales team and qualify need,
TICRA FOND,,Danemark,København K,,Eurosatory 2026 Catalog,D,New,Qualifier l'activité avant tout pitch ciblé.,To enrich,Other,,,No immediate action,
TIMONEY,http://www.timoneygroup.com/,Irlande,NAVAN,,Eurosatory 2026 Catalog,B,New,"Vend des sous-systèmes / composants à un OEM construisant Vehicles, Logistics equipment.","Tailored Solution for your Vehicle Through prototype simulation and testing, Timoney develops innovative solutions aimed at enhancing vehicle design and performance. We do this using Timoney’s Tough axle products, rigorously tested for qual…",Simulation / training,Logistics / MRO; Engineering services,,Review website and validate opportunity,
TITAN DEFENSE,http://www.titan-defense.com/,France,ARNAS,,Eurosatory 2026 Catalog,D,New,Qualifier l'activité avant tout pitch ciblé.,To enrich,Other,,,No immediate action,
TITAN DEFENSE,,France,,,Eurosatory 2026 Catalog,D,New,Qualifier l'activité avant tout pitch ciblé.,To enrich,Other,,,No immediate action,
Titomic,https://www.titomic.com/,Pays-Bas,HEERENVEEN,,Eurosatory 2026 Catalog,D,New,Qualifier l'activité avant tout pitch ciblé.,To enrich,Other,,,No immediate action,
TIVOLY,http://tivoly.com/,France,BOURGES,https://www.linkedin.com/company/tivolygroup/,Eurosatory 2026 Catalog,D,New,Qualifier l'activité avant tout pitch ciblé.,To enrich,Other,,,No immediate action,
TK Engineering Oy,https://tke.fi/,Finlande,Vaasa,,Eurosatory 2026 Catalog,B,New,"Threat intel, hardware appliances, cloud souverain, audits.","With years of experience in solving complex technological challenges, we partner with defence organizations to enhance their capabilities, ensuring robust and secure communication systems across a wide range of military applications. We are…",Cybersecurity,Naval defense; Radar / sensors,,Review website and validate opportunity,
"TNO DEFENCE, SAFETY & SECURITY",http://www.tno.nl/en/safe/,Pays-Bas,DEN HAAG,,Eurosatory 2026 Catalog,B,New,"Amplis RF, processeurs signal, embarqué, antennes pour EW.",Protecting what is dear to us and ensuring people can live together in freedom and safety. That's what we stand for. Therefore we develop strategic knowledge...,Electronic warfare,Naval defense; Cybersecurity,,Review website and validate opportunity,
TOAD – Innovation Digger,https://www.toad.fr/,France,PLUGUFFAN,https://www.linkedin.com/company/toadinnovationdigger/,Eurosatory 2026 Catalog,D,New,Qualifier l'activité avant tout pitch ciblé.,To enrich,Other,,,No immediate action,
TÔLERIE JANNIN-CARNET (TJC),https://www.tjc.fr/,France,FRAGNES-LA-LOYERE,,Eurosatory 2026 Catalog,D,New,Qualifier l'activité avant tout pitch ciblé.,To enrich,Other,,,No immediate action,
TOMER,https://www.tomer-rs.co.il/,Israël,TEL AVIV,,Eurosatory 2026 Catalog,D,New,Qualifier l'activité avant tout pitch ciblé.,To enrich,Other,,,No immediate action,
Tomorrow.io,https://www.tomorrow.io/,États-Unis,"BOSTON, MA",https://www.linkedin.com/company/tomorrow-io/posts/?feedView=all,Eurosatory 2026 Catalog,B,New,"Radars, sonars, comms, armement, sustainment pour primes navals.",To enrich,Naval defense,UAV / drones; Ammunition,,Review website and validate opportunity,
TONBO IMAGING INDIA LIMITED,http://www.tonboimaging.com/,Inde,BENGALURU,https://in.linkedin.com/company/tonbo-imaging,Eurosatory 2026 Catalog,A,New,"Capteurs, payloads optroniques, communications pour plateformes ISR.","Tonbo Imaging India Ltd is a pioneer in imaging and vision systems for defense, intelligence, and industrial sectors. Founded in 2009, this global leader off...",Intelligence / ISR,Land defense; Air defense,,Contact sales team and qualify need,
Touchwaves,https://www.touchwaves.io/,Pays-Bas,EINDHOVEN,https://www.linkedin.com/company/touchwaves/,Eurosatory 2026 Catalog,A,New,"Capteurs, payloads optroniques, communications pour plateformes ISR.",To enrich,Intelligence / ISR,Air defense; Naval defense,,Contact sales team and qualify need,
Tour Equipement,https://www.tourequipement.fr/,France,Ferrières,,Eurosatory 2026 Catalog,D,New,Qualifier l'activité avant tout pitch ciblé.,To enrich,Other,,,No immediate action,
TOUTABRI,https://richel-group.fr/,France,EYGALIERES,https://www.linkedin.com/company/richel-group/,Eurosatory 2026 Catalog,C,New,"Textiles, composites, optronique, énergie pour kits soldat.",Du 21 au 23… Lire la suite Actualités Voir tout Richel Group partenaire de Forindustrie : susciter des vocations et valoriser l’industrie française et ses opportunités. Nous travaillons avec implication pour apporter des solutions performan…,Soldier systems,Logistics / MRO; Engineering services,,Keep in watchlist,
Toutenkamion Group,http://www.toutenkamion-group.com/,France,LADON,,Eurosatory 2026 Catalog,D,New,Qualifier l'activité avant tout pitch ciblé.,To enrich,Other,,,No immediate action,
TPL Systèmes,https://www.tplsystemes.com/,France,SARLAT LA CANÉDA,https://www.linkedin.com/company/806769/,Eurosatory 2026 Catalog,D,New,Qualifier l'activité avant tout pitch ciblé.,To enrich,Other,,,No immediate action,
TPU,https://www.tpu.ua/,Ukraine,KYIV,,Eurosatory 2026 Catalog,D,New,Qualifier l'activité avant tout pitch ciblé.,To enrich,Other,,,No immediate action,
TR Equipement,http://www.tr-equipement.com/,France,ECOUFLANT,https://fr.linkedin.com/company/tr-equipement,Eurosatory 2026 Catalog,A,New,"Verre spécial, détecteurs, mécanique de précision pour optronique.","Since 1997, TR Equipement has been your trusted reference for high-quality tactical gear, made in the USA or Europe. Ballistic vests, tactical clothing, hols...",Optics / optronics,Land defense; Homeland security,,Contact sales team and qualify need,
TRAAK,https://www.traak.tech/,France,MAISONS LAFFITTE,,Eurosatory 2026 Catalog,D,New,Qualifier l'activité avant tout pitch ciblé.,To enrich,Other,,,No immediate action,
TRAAM S.R.O.,http://www.traam.cz/,République tchèque,PRELOUC,,Eurosatory 2026 Catalog,C,New,"Vend des sous-systèmes / composants à un OEM construisant Vehicles, Soldier equipment.",TRAAM s.r.o. is a leading manufacturer of high-resistant ballistic glass for a wide range of applications. Our products provide security protection to milita...,Armored vehicles,Soldier systems; Logistics / MRO,,Keep in watchlist,
TRA-C industrie,http://www.tra-c.com/,France,VINDRY-SUR-TURDINE,https://www.linkedin.com/company/tra-c-industrie/,Eurosatory 2026 Catalog,B,New,"Matières premières, outils coupants, services qualité pour sous-traitants.","TRA-C industrie is an equipment manufacturer, recognised in France and in Europe, and an expert in metalworking. We support our clients throughout the design...",Industrial subcontracting,Logistics / MRO; Engineering services,,Review website and validate opportunity,
Trade Estonia/Defence Estonia,https://tradewithestonia.com/,Estonie,TALLINN,,Eurosatory 2026 Catalog,D,New,Qualifier l'activité avant tout pitch ciblé.,To enrich,Other,,,No immediate action,
TRANSATEL,http://www.transatel.com/,France,COURBEVOIE,https://www.linkedin.com/company/transatel/,Eurosatory 2026 Catalog,D,New,Qualifier l'activité avant tout pitch ciblé.,"Transatel (an NTT company) is a global cellular connectivity solutions provider. Pioneer of M2M connectivity, Transatel simplifies worldwide IoT deployments ...",Other,,,No immediate action,
TRANSMOBIL,http://transmobile.eu/,Bulgarie,SOFIA,,Eurosatory 2026 Catalog,B,New,"Vend des sous-systèmes / composants à un OEM construisant Vehicles, Weapons.","Transmobile Ltd. was founded back in 1994, with its focus being the production and trade of defense-related products. Our main fields of operation worldwide ...",Armored vehicles,Weapons; Ammunition,,Review website and validate opportunity,
TRAX TRAILERS,https://www.trax-trailers.com/,Luxembourg,FOETZ,,Eurosatory 2026 Catalog,D,New,Qualifier l'activité avant tout pitch ciblé.,To enrich,Other,,,No immediate action,
TRELLEBORG CLERMONT-FERRAND SAS,https://www.trelleborg.com/,France,CLERMONT FERRAND CEDEX 2,,Eurosatory 2026 Catalog,D,New,Qualifier l'activité avant tout pitch ciblé.,To enrich,Other,,,No immediate action,
TRELLISWARE TECHNOLOGIES,,États-Unis,SAN DIEGO,,Eurosatory 2026 Catalog,D,New,Qualifier l'activité avant tout pitch ciblé.,To enrich,Other,,,No immediate action,
TRIARII INTERNATIONAL CONSULTING GROUP LLC,http://www.triarii-international.com/,États-Unis,STAFFORD,https://www.linkedin.com/company/triarii-international-consulting-group-llc/posts/?feedView=all,Eurosatory 2026 Catalog,A,New,"Capteurs, payloads optroniques, communications pour plateformes ISR.","At Triarii, we don't just provide services; we empower you with a comprehensive suite of cutting-edge solutions tailored for today’s dynamic landscape. Explo...",Intelligence / ISR,Naval defense; Homeland security,,Contact sales team and qualify need,
"TRIJICON, INC.",https://www.trijicon.com/,États-Unis,STAFFORD,,Eurosatory 2026 Catalog,D,New,Qualifier l'activité avant tout pitch ciblé.,To enrich,Other,,,No immediate action,
Tril strong d.o.o.,https://tril-strong.hr/,Croatie,Ilok,,Eurosatory 2026 Catalog,D,New,Activité à qualifier — discovery call avant pitch précis.,O NAMA USLUGE KONTAKT LOKACIJA ENGLISH 70+ Više od 70 vrhunski obučenih ljudi za izradu svih proizvoda iz našeg asortimana. OPREMA Kontinuirano ulaganje u najnovije CNC strojeve pomoću kojih možemo ispuniti sve Vaše potrebe. 100% U potpunos…,Other,,,No immediate action,
Trimark Europe Limited,http://www.trimarkcorp.com/,Royaume-Uni,LEICESTERSHIRE,https://www.linkedin.com/company/2130328/admin/dashboard/,Eurosatory 2026 Catalog,B,New,"Moteurs, composites, plaques balistiques, optronique, comms pour OEM blindés.","TriMark is one of the worlds leading innovators, designer's, and manufacturers of quality hardware products including a wide range of handles latches, strike...",Armored vehicles,Naval defense; Export / distribution,,Review website and validate opportunity,
Triplecut A/S,,Danemark,Vejle,,Eurosatory 2026 Catalog,D,New,Qualifier l'activité avant tout pitch ciblé.,To enrich,Other,,,No immediate action,
TRON FUTURE TECH INC,http://www.tronfuture.com/,Taïwan,HSINCHU,https://www.linkedin.com/company/tronfuturetech/,Eurosatory 2026 Catalog,A,New,"Amplis RF, processeurs signal, embarqué, antennes pour EW.","Tron Future Tech utilize cutting-edge AESA radar & algorithm to provide solutions for AI-based, fully-automated C-UAS & satellite communication and sensing, ...",Electronic warfare,Land defense; Homeland security,,Contact sales team and qualify need,
TRONICO,https://www.tronico-alcen.com/,France,SAINT PHILIBERT DE BOUAINE,https://www.linkedin.com/company/71464,Eurosatory 2026 Catalog,D,New,Qualifier l'activité avant tout pitch ciblé.,To enrich,Other,,,No immediate action,
TRYAME,http://www.tryame.com/,France,PARIS,,Eurosatory 2026 Catalog,D,New,Qualifier l'activité avant tout pitch ciblé.,To enrich,Other,,,No immediate action,
TSD TECHNOLOGY AND SECURITY DEVELOPMENTS,https://www.tsdinternational.com/,Espagne,Herencia (Ciudad Real),,Eurosatory 2026 Catalog,D,New,Qualifier l'activité avant tout pitch ciblé.,To enrich,Other,,,No immediate action,
TSS INTERNATIONAL BV,https://www.tssh.com/,Pays-Bas,BARENDRECHT,,Eurosatory 2026 Catalog,D,New,Qualifier l'activité avant tout pitch ciblé.,To enrich,Other,,,No immediate action,
TUALCOM,http://www.tualcom.com/,Turquie,"CANKAYA, ANKARA",https://www.linkedin.com/company/tualcom/,Eurosatory 2026 Catalog,B,New,"Amplis RF, processeurs signal, embarqué, antennes pour EW.","TUALCOM operates in the fields of communication and RF technologies. In addition to providing fast, customized and state-of-the art solutions with our indige...",Electronic warfare,Counter-UAV; Radar / sensors,,Review website and validate opportunity,
TULEAP,http://www.tuleap.com/,France,SAINT ALBAN LEYSSE,https://www.linkedin.com/company/tuleap/,Eurosatory 2026 Catalog,D,New,Qualifier l'activité avant tout pitch ciblé.,To enrich,Other,,,No immediate action,
Tulip Tech,https://www.tulip.tech/,Pays-Bas,'S-HERTOGENBOSCH,https://www.linkedin.com/company/tulip-tech,Eurosatory 2026 Catalog,A,New,Sub-system / payload pour OEM drones tactiques.,"With innovation at our core, we engineer battery solutions that extend drone flight 30% to 100%, all proudly made in Europe.",UAV / drones,Cybersecurity; Intelligence / ISR,,Contact sales team and qualify need,
TUPACK EM2,http://www.tkdefense.eu/,France,ANCENIS CEDEX,,Eurosatory 2026 Catalog,D,New,Qualifier l'activité avant tout pitch ciblé.,To enrich,Other,,,No immediate action,
Tutus,http://tutus.se/,Suède,Danderyd,https://linkedin.com/company/tutus-data,Eurosatory 2026 Catalog,C,New,"Outils SOC/SIEM, brique de sécurité défensive pour vendeur cyber.",We offer advanced comprehensive solutions with encryption products and services for organizations that take their security seriously.,Cybersecurity,,,Keep in watchlist,
TWG,http://www.team-twg.com/,États-Unis,JENKS,,Eurosatory 2026 Catalog,D,New,Qualifier l'activité avant tout pitch ciblé.,To enrich,Other,,,No immediate action,
TWI GLOBAL,https://www.twiglobal.com/,États-Unis,LAS VEGAS,,Eurosatory 2026 Catalog,D,New,Qualifier l'activité avant tout pitch ciblé.,To enrich,Other,,,No immediate action,
TwinswHeel,https://www.twinswheel.fr/,France,FONTANES,,Eurosatory 2026 Catalog,D,New,Qualifier l'activité avant tout pitch ciblé.,To enrich,Other,,,No immediate action,
TWK,https://twk.de/,Allemagne,DÜSSELDORF,www.linkedin.com/company/twk-elektronik,Eurosatory 2026 Catalog,D,New,Vend des sous-systèmes / composants à un OEM construisant Logistics equipment.,To enrich,Other,,,No immediate action,
"TYR TACTICAL, LLC",http://www.tyrtactical.com/,États-Unis,PEORIA,,Eurosatory 2026 Catalog,D,New,Qualifier l'activité avant tout pitch ciblé.,To enrich,Other,,,No immediate action,
Tyron Runflat,http://www.tyron.com/,Royaume-Uni,LOUGHBOROUGH,,Eurosatory 2026 Catalog,D,New,Qualifier l'activité avant tout pitch ciblé.,To enrich,Other,,,No immediate action,
Tyto Robotics,https://www.tytorobotics.com/,Canada,GATINEAU,https://www.linkedin.com/company/tytorobotics/,Eurosatory 2026 Catalog,D,New,Qualifier l'activité avant tout pitch ciblé.,To enrich,Other,,,No immediate action,
U.S. Ordnance,http://www.usord.com/,États-Unis,MCCARRAN,,Eurosatory 2026 Catalog,B,New,"Vend des sous-systèmes / composants à un OEM construisant Weapons, Naval systems.","For more than 25 years, U.S. Ordnance has specialized in military machine guns, all of which we design, develop, manufacture, and test with precision and sup...",Land defense,Naval defense; Homeland security,,Review website and validate opportunity,
UAB BROLIS SEMICONDUCTORS,https://brolis-defence.com/,Lituanie,VILNIUS,,Eurosatory 2026 Catalog,D,New,Qualifier l'activité avant tout pitch ciblé.,To enrich,Other,,,No immediate action,
UDINFO,http://www.udinfo-tech.com/,Taïwan,LA PALMA,https://www.linkedin.com/company/udinfocorp,Eurosatory 2026 Catalog,C,New,Vend des sous-systèmes / composants à un OEM construisant Embedded systems.,UDinfo is a professional engineering team to provide encryption storage solutions in DOD industry. The whole team is specially focusing on high-performance c...,Engineering services,,,Keep in watchlist,
UKR ARMO TECH,https://www.ukrarmo.tech/,Ukraine,KYIV,,Eurosatory 2026 Catalog,B,New,"Vend des sous-systèmes / composants à un OEM construisant Logistics equipment, Vehicles.","Mine protection MRAP vehicles by UKR ARMO TECH have a V-shaped lower body to dissipate blast energy and special seats with shock absorption against explosive loads. In contrast, wheel arch fire protection is a critical requirement for the s…",Land defense,Air defense; UAV / drones,,Review website and validate opportunity,
UKRAINIAN COUNCIL OF DEFENCE INDUSTRY,http://ucdi.org.ua/en/,Ukraine,KYIV,https://www.linkedin.com/company/ukrainian-council-of-defence-industry/,Eurosatory 2026 Catalog,B,New,Sub-system / payload pour OEM drones tactiques.,"Ukrainian Council of Defence Industry (UCDI) is a platform uniting Ukraine’s leading private defense manufacturers to drive innovation, strengthen security, ...",UAV / drones,Export / distribution,,Review website and validate opportunity,
ULBRICHTS GMBH,http://www.ulbrichts.com/,Autriche,Rüstörf,https://www.linkedin.com/company/ulbrichts/,Eurosatory 2026 Catalog,B,New,"Vend des sous-systèmes / composants à un OEM construisant Logistics equipment, Soldier equipment.","ULBRICHTS Protection, a division of ULBRICHTS GmbH, develops and manufactures ballistic helmets made of Polytanium. The company's international customer base...",Ammunition,Land defense; Homeland security,,Review website and validate opportunity,
Ultra I&C,https://www.ultra-ic.com/,Royaume-Uni,Middlesex,,Eurosatory 2026 Catalog,A,New,"Capteurs, payloads optroniques, communications pour plateformes ISR.","Ultra I&C delivers resilient tactical communications, encryption and mission optimization technologies that keep missions moving. Resilient comms, anywhere Security without slowdowns Latest news & insights NEWS Ultra I&C selected to provide…",Intelligence / ISR,Land defense; Naval defense,,Contact sales team and qualify need,
UNAC,http://www.unac.fr/,France,VERGEZE,https://www.linkedin.com/company/unac-france/,Eurosatory 2026 Catalog,D,New,Qualifier l'activité avant tout pitch ciblé.,//<![CDATA[ if (typeof(Sys) === 'undefined') throw new Error('ASP.NET Ajax client-side framework failed to load.'); //]]> UNAC DEFENSE,Other,,,No immediate action,
"Unfazed, SIA",https://foffindustries.com/,Lettonie,Riga,,Eurosatory 2026 Catalog,D,New,Qualifier l'activité avant tout pitch ciblé.,To enrich,Other,,,No immediate action,
Unikie Oy,http://unikie.com/,Finlande,Tampere,https://www.linkedin.com/company/unikie/,Eurosatory 2026 Catalog,B,New,"Amplis RF, processeurs signal, embarqué, antennes pour EW.",Unikie is a global software engineering and innovation company that specializes in physical AI. We infuse real-time intelligence and autonomous capabilities ...,Electronic warfare,Cybersecurity; UAV / drones,,Review website and validate opportunity,
Unis Ginex d.d. Gorazde,http://www.unisginex.com/,Bosnia and Herzegovina,Gorazde,,Eurosatory 2026 Catalog,D,New,Qualifier l'activité avant tout pitch ciblé.,"UNIS ""GINEX""d.d.Gorazde is company for production and trade of chemicals, igniting and initiating means with over 60 years of experience. We export our prod...",Other,,,No immediate action,
Unistring Tech Solutions,https://www.unistring.com/,Inde,HYDERABAD,,Eurosatory 2026 Catalog,D,New,Qualifier l'activité avant tout pitch ciblé.,To enrich,Other,,,No immediate action,
United Group for Investment and Trade,https://www.united-git.com/,Égypte,ALEXANDRIE,,Eurosatory 2026 Catalog,C,New,Canal de distribution / représentation pour notre portefeuille.,Who We Are We “ United Group for Investment and Trade ” are one of the leading companies in the field of investment and trading activities in Egypt. U.G.I.T UNITED GROUP FOR INVESTMENT & TRADE English ▼ English العربية Home About Us Service…,Soldier systems,Homeland security; Ballistic protection,,Keep in watchlist,
UNITED MILITARY SERVICES,http://www.ums.as/,Danemark,REGSTRUP,https://www.linkedin.com/company/united-military-services-a-s/?viewAsMember=true,Eurosatory 2026 Catalog,B,New,"Vend des sous-systèmes / composants à un OEM construisant Vehicles, Logistics equipment.",United Military Services A/S (UMS) provides global logistic support and specializes in sourcing spare parts and components for military wheeled and tracked v...,Armored vehicles,Homeland security; Weapons,,Review website and validate opportunity,
Université PSL -Pôle PSL Innovation,http://psl.eu/innovation/relations-entreprises,France,PARIS CEDEX 06,https://www.linkedin.com/school/universit%C3%A9-psl/,Eurosatory 2026 Catalog,C,New,"Capteurs, payloads optroniques, communications pour plateformes ISR.","The PSL Innovation Hub brings together PSL University, as the leader, CNRS, INRIA, INSERM, and Agoranov. Its main missions are to maximize the impact of rese...",Intelligence / ISR,Soldier systems; Logistics / MRO,,Keep in watchlist,
Unmanned Defense Systems,http://www.udefenses.com/,Lituanie,Vilnius,https://www.linkedin.com/company/udefenses/,Eurosatory 2026 Catalog,A,New,"Capteurs, payloads optroniques, communications pour plateformes ISR.","UDS is a full kill chain ecosystem provider by integrating its ISATR platform FORECASTER (Endurance 4.5h, MTOW 7kg), loitering munitions platform AVENGER 5 (...",Intelligence / ISR,Naval defense; Homeland security,,Contact sales team and qualify need,
Unseenlabs,http://unseenlabs.com/,France,CESSON-SEVIGNE,https://www.linkedin.com/company/unseenlabs/,Eurosatory 2026 Catalog,B,New,"Capteurs, payloads optroniques, communications pour plateformes ISR.",Unseenlabs is a global leader in space-based radio frequency (RF) detection. Its proprietary satellite constellation delivers RF data to support maritime sur...,Intelligence / ISR,Naval defense; Radar / sensors,,Review website and validate opportunity,
UP LIFTING,http://www.uplifting.es/,Espagne,HUESCA,https://www.linkedin.com/company/91593635,Eurosatory 2026 Catalog,B,New,"Pièces de rechange, calibration, certification pour acteurs MRO.",UPLIFTING VERTICAL S.A. designs and manufactures in Europe with 100% in-house production deployable lifting equipment to support troops and war materiel from...,Logistics / MRO,,,Review website and validate opportunity,
UPLIFT360 EUROPE S.A.R.L.,https://www.uplift360.tech/,Luxembourg,Esch-sur-Alzette,,Eurosatory 2026 Catalog,D,New,Qualifier l'activité avant tout pitch ciblé.,To enrich,Other,,,No immediate action,
"URC Systems, spol. s r.o.",https://www.urc-systems.cz/en/,République tchèque,DRŽOVICE,,Eurosatory 2026 Catalog,A,New,"Capteurs, payloads optroniques, communications pour plateformes ISR.","Our products have been battle-proven in real combat missions and are actively used by multiple NATO armed forces . Our extensive product portfolio includes man-portable, vehicular, and stationary solutions for radio jamming, radio reconnais…",Intelligence / ISR,Land defense; Homeland security,,Contact sales team and qualify need,
UROVESA URO VEHICULOS ESPECIALES SA,http://www.urovesa.com/,Espagne,SANTIAGO DE COMPOSTELA (LA CORUNA),,Eurosatory 2026 Catalog,D,New,Qualifier l'activité avant tout pitch ciblé.,To enrich,Other,,,No immediate action,
UTAC,http://www.utac.com/,France,LINAS,https://www.linkedin.com/company/utaccompany/mycompany/,Eurosatory 2026 Catalog,A,New,"Capteurs, payloads optroniques, communications pour plateformes ISR.","As a traditional player in land mobility, UTAC has developed services, based on its expertise and its test centers, for players in the defense and security s...",Intelligence / ISR,Cybersecurity; Radar / sensors,,Contact sales team and qualify need,
UTILIS SAS,http://www.utilis-international.com/,France,ENNERY,,Eurosatory 2026 Catalog,D,New,Qualifier l'activité avant tout pitch ciblé.,To enrich,Other,,,No immediate action,
UTM LTD,https://www.utmworldwide.com/,Royaume-Uni,MILDENHALL,,Eurosatory 2026 Catalog,A,New,"Textiles, composites, optronique, énergie pour kits soldat.","Utilizing the NLTA systems provides a return on our investment and increases the chances our troops return from combat alive and well. ~ Sergeant Major of the Army, retired The implementation of your products (UTMs/Safety Gear) have lifted …",Soldier systems,Land defense; Naval defense,,Contact sales team and qualify need,
UTS Systems,https://www.uts-systems.com/,États-Unis,Fairfield,,Eurosatory 2026 Catalog,D,New,Qualifier l'activité avant tout pitch ciblé.,To enrich,Other,,,No immediate action,
UXV TECHNOLOGIES APS,https://www.uxvtechnologies.com/,Danemark,ISHØJ,,Eurosatory 2026 Catalog,D,New,Qualifier l'activité avant tout pitch ciblé.,To enrich,Other,,,No immediate action,
V.S.E. Vehicle Systems Engineering,http://www.v-s-e.com/,Pays-Bas,VEENENDAAL,https://www.linkedin.com/company/v-s-e-vehicle-systems-engineering-b-v-/,Eurosatory 2026 Catalog,A,New,"Front-ends RF, processeurs, mécanique de précision pour fabricants radars.","VSE is a specialist in military vehicle performance, delivering advanced rear axle steering and hydraulic suspension systems built for extreme conditions. Wi...",Radar / sensors,Homeland security; Armored vehicles,,Contact sales team and qualify need,
VALLON GMBH,http://www.vallon.de/,Allemagne,ENINGEN,,Eurosatory 2026 Catalog,D,New,Qualifier l'activité avant tout pitch ciblé.,To enrich,Other,,,No immediate action,
VAN HALTEREN TECHNOLOGIES,http://www.vanhalteren.com/,Pays-Bas,BUNSCHOTEN,https://www.linkedin.com/company/van-halteren-technologies/,Eurosatory 2026 Catalog,B,New,"Moteurs, composites, plaques balistiques, optronique, comms pour OEM blindés.","Van Halteren Technologies is a family-owned Dutch company founded in 1969. It operates in various industries, including defense, naval/marine, offshore/marit...",Armored vehicles,Land defense; Naval defense,,Review website and validate opportunity,
VÅPENSMIA,http://vapensmia.no/,Norvège,DOKKA,,Eurosatory 2026 Catalog,D,New,Qualifier l'activité avant tout pitch ciblé.,To enrich,Other,,,No immediate action,
Variene AI,https://variene.ai/,Grèce,Athens,,Eurosatory 2026 Catalog,B,New,"Capteurs, payloads optroniques, communications pour plateformes ISR.","Variene AI delivers deployable computer vision for autonomous platforms operating in real-world, constrained environments. Explore Use Cases Our Philosophy Trusted & Validated By ""Backed by leading defense technology investors and validated…",Intelligence / ISR,Naval defense; UAV / drones,,Review website and validate opportunity,
Vatn Systems,http://www.vatnsystems.com/,États-Unis,Bristol,,Eurosatory 2026 Catalog,B,New,"Capteurs, payloads optroniques, communications pour plateformes ISR.","Vatn Systems builds affordable autonomous underwater vehicles that act in cooperative swarms, enabling a multitude of new use cases. At the core of Vatn's R&...",Intelligence / ISR,Naval defense; C4ISR,,Review website and validate opportunity,
VBI - INSPIRE PROTECTION,https://www.inspire-protection.fr/,France,POUILLY SOUS CHARLIEU,,Eurosatory 2026 Catalog,D,New,Qualifier l'activité avant tout pitch ciblé.,To enrich,Other,,,No immediate action,
VectorNav Technologies,https://vectornav.com/,États-Unis,DALLAS,https://www.linkedin.com/company/vectornav-technologies,Eurosatory 2026 Catalog,B,New,"Composites, capteurs, comms, lancement pour primes spatiaux.",VectorNav Technologies is the leading innovator and manufacturer of embedded navigation solutions.,Space / satellite,Naval defense; UAV / drones,,Review website and validate opportunity,
VEER-O-METALS PRIVATE LIMITED,https://www.veerometals.com/,Inde,Bengaluru,,Eurosatory 2026 Catalog,D,New,Qualifier l'activité avant tout pitch ciblé.,To enrich,Other,,,No immediate action,
VEGA HOLSTER SRL,http://www.vegaholster.com/,Italie,CALCINAIA (PISA),,Eurosatory 2026 Catalog,A,New,Canal de distribution / représentation pour notre portefeuille.,"Vega Holster is a leading international manufacturer of professional holsters and tactical equipment. We specialize in high-performance holsters, duty belts,...",Optics / optronics,Homeland security; Weapons,,Contact sales team and qualify need,
VEGVISIR,http://www.vegvisir.ee/,Estonie,Tallinn,https://www.linkedin.com/company/vegvisirar/,Eurosatory 2026 Catalog,B,New,"Capteurs, payloads optroniques, communications pour plateformes ISR.","Vegvisir creates the mixed-reality operational interface for modern warfare—connecting humans, vehicles, and autonomous systems into a shared digital battles...",Intelligence / ISR,Land defense; C4ISR,,Review website and validate opportunity,
Vello Elektro,https://www.vello.nl/,Pays-Bas,DUIVEN,https://www.linkedin.com/company/42420996/,Eurosatory 2026 Catalog,C,New,"Vend des sous-systèmes / composants à un OEM construisant Energy / batteries, Vehicles.",To enrich,Export / distribution,,,Keep in watchlist,
VENTURETEC ROTATING SYSTEMS GMBH,http://venturetec.de/defense,Allemagne,KAUFBEUREN,https://de.linkedin.com/company/venturetec-rotating-systems-gmbh,Eurosatory 2026 Catalog,A,New,"Capteurs, payloads optroniques, communications pour plateformes ISR.",Venturetec Rotating Systems is a leading provider of customized slip ring and rotary joint solutions for demanding military power and data transmission appli...,Intelligence / ISR,Air defense; Naval defense,,Contact sales team and qualify need,
Veptos,http://www.veptos.com/,États-Unis,New Boston,,Eurosatory 2026 Catalog,B,New,"Fournisseur de batteries, moteurs, optronique, RF, composites pour fabricants UAV.","Veptos modernizes legacy military vehicles into mission-ready platforms for today’s battlefield. We specialize in the refurbishment, reset, and modernization...",UAV / drones,Land defense; C4ISR,,Review website and validate opportunity,
Vericut,http://vericut.fr/,France,Rueil-Malmaison,,Eurosatory 2026 Catalog,B,New,Activité à qualifier — discovery call avant pitch précis.,"Simulation and high quality CNC service. For over 35 years, CNC manufacturers have chosen Vericut software to make their lives easier. Our cutting-edge CNC s...",Other,,,Review website and validate opportunity,
VEROT,https://www.verot.com/,Espagne,"Logrezana, Asturias",,Eurosatory 2026 Catalog,D,New,Qualifier l'activité avant tout pitch ciblé.,To enrich,Other,,,No immediate action,
VEX Hungarian Defense and Space Export Agency,http://www.vexhungary.com/,Hongrie,BUDAPEST,https://www.linkedin.com/company/vex-hungary/,Eurosatory 2026 Catalog,D,New,Qualifier l'activité avant tout pitch ciblé.,Core Activities: Facilitate the international sale of products from Hungarian defence and space joint ventures. Assist in conducting and preparing intergover...,Other,,,No immediate action,
VF VENIERI SPA,http://www.vf-venieri.com/,Italie,LUGO,https://www.linkedin.com/company/vf-venieri-spa,Eurosatory 2026 Catalog,B,New,"Radars, sonars, comms, armement, sustainment pour primes navals.","Technology and Power, Customized for Every Mission Since 1948, Venieri has been a leader in earthmoving machinery. With decades of experience supporting the...",Naval defense,Land defense; Logistics / MRO,,Review website and validate opportunity,
V-great International Limited,http://www.v-great.com/,Chine,BEIJING,,Eurosatory 2026 Catalog,D,New,Qualifier l'activité avant tout pitch ciblé.,To enrich,Other,,,No immediate action,
VIC TEC,,Lettonie,RIGA,,Eurosatory 2026 Catalog,D,New,Qualifier l'activité avant tout pitch ciblé.,To enrich,Other,,,No immediate action,
VICTORINOX,http://www.victorinox.com/,Suisse,IBACH-SCHWYZ,,Eurosatory 2026 Catalog,A,New,Canal de distribution / représentation pour notre portefeuille.,The inventors and producers of the Original Swiss Army Knives. Suppliers to Armed Forces all over the globe since 1884.,C4ISR,Land defense; Naval defense,,Contact sales team and qualify need,
Viking Lighting - INGENJÖRSFIRMA TEKNOPROD AKTIEBOLAG,http://www.vikinglighting.com/,Suède,TABY,,Eurosatory 2026 Catalog,A,New,"Front-ends RF, processeurs, mécanique de précision pour fabricants radars.","The VIKING Lighting products generate luminous flux ranging from 3,000 to 35,000 lm, depending on the type. The product range includes durable luminaires wit...",Radar / sensors,Land defense; Homeland security,,Contact sales team and qualify need,
VINCORION,https://www.vincorion.com/,Allemagne,WEDEL,https://www.linkedin.com/company/vincorion/,Eurosatory 2026 Catalog,A,New,"Threat intel, hardware appliances, cloud souverain, audits.","VINCORION entwickelt einsatzkritische Energie- und Antriebssysteme für Verteidigungs- und Sicherheitsanwendungen weltweit. Der VINCORION Lifecycle Support verbindet ganzheitliches Systemverständnis, strukturierte Prozesse und technische Exp…",Cybersecurity,Air defense; Radar / sensors,,Contact sales team and qualify need,
VIPULSE TEKNOLOJI A.Ş.,http://www.vipulsetech.com/,Turquie,ANKARA,https://linkedin.com/company/vipulse-kft,Eurosatory 2026 Catalog,B,New,"Radars, sonars, comms, armement, sustainment pour primes navals.","Vipulse Technology is an integrated manufacturing partner, delivering high-reliability PCBA, wire harness, and electromechanical assembly solutions for defen...",Naval defense,UAV / drones; Radar / sensors,,Review website and validate opportunity,
VIRGINIA ECONOMIC DEVELOPMENT PARTNERSHIP,http://www.vedp.org/industry/aerospace,États-Unis,RICHMOND,,Eurosatory 2026 Catalog,D,New,Qualifier l'activité avant tout pitch ciblé.,"With a thriving industrial and innovation ecosystem, a top-ranked business climate, and a highly skilled workforce, Virginia is an outstanding choice for aer...",Other,,,No immediate action,
VIRTUAL REALITY MEDIA,http://www.vrm.sk/,Slovaquie,TRENCIN,,Eurosatory 2026 Catalog,A,New,"Capteurs, payloads optroniques, communications pour plateformes ISR.","Read more Ambassadors of Sweden and United Kingdom Visited Virtual Reality Media in Support of Slovakia’s CV90 Programme Trenčín, Slovakia – 17 February 2026 – H.E. VRM: Experts in Military Land Simulation Virtual Reality Media, a.s. (VRM) …",Intelligence / ISR,Land defense; Air defense,,Contact sales team and qualify need,
VIRTUALWARE,https://www.virtualwareco.com/,Espagne,Basauri,,Eurosatory 2026 Catalog,A,New,"Threat intel, hardware appliances, cloud souverain, audits.","About Virtualware 22 Apr Corporate Virtualware obtains ENS certification in Spain, strengthening its position as a technology provider for Public Administrations. Virtualware has obtained the Esquema Nacional de Seguridad (ENS) certificatio…",Cybersecurity,Simulation / training; Logistics / MRO,,Contact sales team and qualify need,
VISION ENGINEERING LTD,https://visioneng.fr/,France,LE PLESSIS PATÉ,https://www.linkedin.com/company/vision-engineering-france/?viewAsMember=true,Eurosatory 2026 Catalog,A,New,"Visuel, motion, haptique, IA pour fabricants de simulateurs.",To enrich,Simulation / training,Industrial subcontracting; Export / distribution,,Contact sales team and qualify need,
VITABRI,http://www.vitabri.com/,France,BESANCON,https://fr.linkedin.com/company/vitabri,Eurosatory 2026 Catalog,D,New,Qualifier l'activité avant tout pitch ciblé.,To enrich,Other,,,No immediate action,
VITEC,http://www.vitec.com/,France,CHATILLON,https://www.linkedin.com/company/vitec-multimedia/,Eurosatory 2026 Catalog,A,New,"Vend des sous-systèmes / composants à un OEM construisant Software / Platforms, Logistics equipment.","VITEC is a leading worldwide end-to-end video streaming solutions provider for broadcast, military and government, enterprise, sports and entertainment.",Intelligence / ISR,Land defense; Naval defense,,Contact sales team and qualify need,
VITZROCELL,https://www.vitzrocell.com/,Corée du Sud,SEOUL,,Eurosatory 2026 Catalog,D,New,Qualifier l'activité avant tout pitch ciblé.,To enrich,Other,,,No immediate action,
VIZGARD LTD,,Royaume-Uni,LONDON,,Eurosatory 2026 Catalog,D,New,Qualifier l'activité avant tout pitch ciblé.,To enrich,Other,,,No immediate action,
VLM Robotics,https://www.vlm-robotics.fr/,France,LE BARP,,Eurosatory 2026 Catalog,B,New,"GPUs, cloud, data annotation, hardening cyber pour plateforme IA.",To enrich,AI / data,Intelligence / ISR; Radar / sensors,,Review website and validate opportunity,
"VMV, spol. s r. o.",http://www.vmv.cz/en/,République tchèque,Jihlava,https://www.linkedin.com/company/vmv-spol.-s-r.-o./,Eurosatory 2026 Catalog,B,New,"Composants, sous-systèmes, software, services pour primes C4ISR.","CNC milling, CNC turning, Five-axis machining, and grinding. From one-off parts to mid-volume batches - production from customer drawings, including heat and...",C4ISR,Engineering services,,Review website and validate opportunity,
VODEA,http://www.vodea.com/,France,LABEGE,https://www.linkedin.com/company/vodea,Eurosatory 2026 Catalog,A,New,"Capteurs, payloads optroniques, communications pour plateformes ISR.","For over 20 years, VODEA designs (electronics, software and packaging), assembles, qualifies and delivers with MCO/SLI, embedded image processing and AI comp...",Intelligence / ISR,Naval defense; Homeland security,,Contact sales team and qualify need,
Volkswagen Commercial Vehicles,http://www.vwvu.fr/,France,VILLERS-COTTER,https://www.linkedin.com/company/volkswagen-v%C3%A9hicules-utilitaires/?viewAsMember=true,Eurosatory 2026 Catalog,D,New,Qualifier l'activité avant tout pitch ciblé.,To enrich,Other,,,No immediate action,
VOLT TECH,https://voltteknoloji.com.tr/,Turquie,İZMİR,,Eurosatory 2026 Catalog,D,New,Qualifier l'activité avant tout pitch ciblé.,To enrich,Other,,,No immediate action,
VOLUM-E,http://www.volum-e.com/,France,BLANGY SUR BRESLE,https://www.linkedin.com/company/mmbvolum-e/,Eurosatory 2026 Catalog,B,New,"Composites, capteurs, comms, lancement pour primes spatiaux.","VOLUM-e relies on over 50 years of experience in the manufacturing of high-performance technical parts, from individual units to series, for demanding sector...",Space / satellite,Engineering services,,Review website and validate opportunity,
VOLVO DEFENSE AB,http://www.volvodefense.com/,Suède,GÖTEBORG,,Eurosatory 2026 Catalog,D,New,Qualifier l'activité avant tout pitch ciblé.,To enrich,Other,,,No immediate action,
VR CARS,https://www.vrcars.eu/,Lettonie,RĪGA,,Eurosatory 2026 Catalog,D,New,Qualifier l'activité avant tout pitch ciblé.,To enrich,Other,,,No immediate action,
VR FLEETCARE,https://www.vrfleetcare.com/en/,Finlande,HELSINKI,,Eurosatory 2026 Catalog,B,New,"Moteurs, composites, plaques balistiques, optronique, comms pour OEM blindés.",January 2026 News and press releases Domestic fleet production strengthens the security of supply - VR FleetCare and UPM concluded a significant wagon deal The rail fleet maintenance company and wagon manufacturer VR FleetCare and UPM Fores…,Armored vehicles,Logistics / MRO,,Review website and validate opportunity,
VTT Technical Research Centre of Finland Ltd,http://www.vttresearch.com/en,Finlande,Espoo,https://fi.linkedin.com/company/vtt,Eurosatory 2026 Catalog,B,New,"Capteurs, payloads optroniques, communications pour plateformes ISR.","VTT, the National Lab of Finland, develops reliable, efficient, and advanced technological solutions for the Defence Industry in Finland, Europe, and beyond....",Intelligence / ISR,Naval defense; Cybersecurity,,Review website and validate opportunity,
VZDUCHOTECHNIK S.R.O.,http://www.firbach.com/,République tchèque,CHRASTAVA,,Eurosatory 2026 Catalog,B,New,"Vend des sous-systèmes / composants à un OEM construisant Logistics equipment, Ammunition.","Vzduchotechnik s.r.o. is a Czech manufacturer specializing in the production of air-handling systems and CBRN filters. Since the 1950’s to the present, it ha...",Ammunition,Naval defense; NRBC / CBRN,,Review website and validate opportunity,
W&E PLATT PTY LTD,https://www.plattmounts.com/,Australie,INGLEBURN,,Eurosatory 2026 Catalog,D,New,Qualifier l'activité avant tout pitch ciblé.,To enrich,Other,,,No immediate action,
W. L. Gore & Associes S.A.R.L.,http://www.gore.com/,France,PARIS,https://www.linkedin.com/company/gore-aerospace-defense-products,Eurosatory 2026 Catalog,D,New,Qualifier l'activité avant tout pitch ciblé.,To enrich,Other,,,No immediate action,
W5 Solutions,http://w5solutions.com/,Suède,Nacka Strand,https://linkedin.com/company/w5-solution-ab/,Eurosatory 2026 Catalog,B,New,"Front-ends RF, processeurs, mécanique de précision pour fabricants radars.","W5 Solutions is a Nordic provider of integrated defence technology, delivering field-proven systems across power, training, shelters and system integration f...",Radar / sensors,Homeland security; Armored vehicles,,Review website and validate opportunity,
Walaris GmbH,http://www.walaris.com/,Allemagne,Nürnberg,,Eurosatory 2026 Catalog,B,New,"Fournisseur de RF, radars, optronique et embarqués pour stacks anti-drone.",Walaris is a signal processing and sensor fusion software company that uses hardened artificial intelligence to fuse and process real-time data from sensor a...,Counter-UAV,UAV / drones; Optics / optronics,,Review website and validate opportunity,
WALTER FRANCE,http://www.walter-tools.com/fr-fr?utm_source=Exhibition&utm_medium=referal&utm_campaign=2026-WFR-walter-eurosatory-website,France,SOULTZ-SOUS-FORETS,https://www.linkedin.com/company/waltertools,Eurosatory 2026 Catalog,D,New,Activité à qualifier — discovery call avant pitch précis.,Walter is one of the world's leading manufacturers of cutting tools for metal machining.,Other,,,No immediate action,
WarBird Protection Group,http://www.warbirdpro.com/,États-Unis,Kallaska,,Eurosatory 2026 Catalog,B,New,"Vend des sous-systèmes / composants à un OEM construisant Ballistic protection, Logistics equipment.",Warbird Protection Group is a premier manufacturer of end-to-end ballistic solutions. We leverage cutting-edge manufacturing to engineer high-performance bal...,Soldier systems,Homeland security; Weapons,,Review website and validate opportunity,
WARIN,http://www.warindt.com/,Émirats arabes unis,HONGKONG,,Eurosatory 2026 Catalog,B,New,"Fournisseur de batteries, moteurs, optronique, RF, composites pour fabricants UAV.","Founded in 1996, Warin is committed to the development and production of high-density materials and components, with a particular focus on high performance m...",UAV / drones,Air defense; Ammunition,,Review website and validate opportunity,
WARYME,http://www.waryme.com/,France,CESSON-SEVIGNE,https://www.linkedin.com/company/waryme,Eurosatory 2026 Catalog,D,New,Qualifier l'activité avant tout pitch ciblé.,To enrich,Other,,,No immediate action,
WAVELENGTH OPTO-ELECTRONIC (S) PTE. LTD.,http://www.wavelength-oe.com/,Singapour,SINGAPORE,https://www.linkedin.com/company/woe-sg/,Eurosatory 2026 Catalog,A,New,"Fournisseur de batteries, moteurs, optronique, RF, composites pour fabricants UAV.","We’re your go-to optical designer and precision optics manufacturer for a broad range of applications, including laser processing, medical laser treatment, s...",UAV / drones,Optics / optronics; Radar / sensors,,Contact sales team and qualify need,
Wayren,https://wayren.ee/,Estonie,TALLINN,,Eurosatory 2026 Catalog,B,New,"Vend des sous-systèmes / composants à un OEM construisant Software / Platforms, Communications networks.","Technical Specifications I/O Bluetooth, USB, Ethernet, 2x RS-232 and analogue combined ports Power delivery 81Wh rechargeable battery, up to one month of charge Enclosure Aluminium with IP67 protection Dimensions 13 x 10 x 5cm Weight 915g C…",C4ISR,Cybersecurity; UAV / drones,,Review website and validate opportunity,
WB GROUP,http://www.wbgroup.pl/,Pologne,OZAROW MAZOWIECKI,,Eurosatory 2026 Catalog,D,New,Qualifier l'activité avant tout pitch ciblé.,To enrich,Other,,,No immediate action,
WEARIN',http://wearin.tech/,Suisse,VAUD,https://ch.linkedin.com/company/wearin,Eurosatory 2026 Catalog,A,New,"Threat intel, hardware appliances, cloud souverain, audits.","Wearin’ is an intelligent IoT platform that generates real-time insights by capturing in-mission data from connected situational, physiological and/or enviro...",Cybersecurity,Homeland security; Radar / sensors,,Contact sales team and qualify need,
WEARTRONIC by Nicomatic,https://www.weartronic.com/,France,BONS EN CHABLAIS,,Eurosatory 2026 Catalog,D,New,Qualifier l'activité avant tout pitch ciblé.,To enrich,Other,,,No immediate action,
Webasto,http://www.webasto.com/,Allemagne,STOCKDORF,https://www.linkedin.com/company/webasto,Eurosatory 2026 Catalog,A,New,"Vend des sous-systèmes / composants à un OEM construisant Vehicles, Energy / batteries.","As a global innovative systems partner to the mobility industry, Webasto is one of the 100 largest suppliers to the automotive sector worldwide. In developme...",Export / distribution,,,Contact sales team and qualify need,
WEBER RESCUE SYSTEMS,http://www.weber-rescue.com/,Allemagne,GÜGLINGEN,https://www.linkedin.com/showcase/weberrescue/,Eurosatory 2026 Catalog,D,New,Qualifier l'activité avant tout pitch ciblé.,"WEBER RESCUE SYSTEMS is a leading international manufacturer of high-quality hydraulic and pneumatic rescue systems. Its solutions are used by fire services,...",Other,,,No immediate action,
WEGSol ApS,,Danemark,Glostrup,,Eurosatory 2026 Catalog,D,New,Qualifier l'activité avant tout pitch ciblé.,To enrich,Other,,,No immediate action,
WEIBEL SCIENTIFIC A/S,http://www.weibel.dk/,Danemark,ALLEROD,,Eurosatory 2026 Catalog,B,New,"Radars, missiles, comms, électroniques pour systèmes anti-aériens.","Weibel Scientific develops, manufactures, and sells the world’s most advanced Doppler radars. Since 1977, Weibel has delivered more than 5,500 radars to cust...",Air defense,UAV / drones; Counter-UAV,,Review website and validate opportunity,
WEICON,https://www.weicon.de/,Allemagne,MÜNSTER,,Eurosatory 2026 Catalog,C,New,Vend des sous-systèmes / composants à un OEM construisant Logistics equipment.,Jetzt kaufen WEICON TOOLS Aktion im April: LED Work Light gratis Gratis LED Work Light beim Kauf einer WEICON TOOLS Abisolierzange. Zum Klebstoff-Finder Sie sind auf der Suche nach dem passenden WEICON Produkt? Zum Produktfinder WEICON What…,Naval defense,,,Keep in watchlist,
WEILBURGER Coatings GmbH,https://www.weilburger.com/,Allemagne,WEILBURG,www.linkedin.com/company/weilburger,Eurosatory 2026 Catalog,C,New,Vend des sous-systèmes / composants à un OEM construisant Software / Platforms.,"Cookies Um eine optimale Funktionalität zu gewährleisten, werden auf dieser Website Cookies eingesetzt. Einzelheiten zu den verwendeten Cookies finden Sie in der folgenden Aufzählung oder in der Datenschutzerklärung. Weitere Informationen i…",Other,,,Keep in watchlist,
Weiss Technik GmbH,http://www.weissdefence.com/en,Allemagne,REISKIRCHEN,https://de.linkedin.com/company/weisstechnik-international,Eurosatory 2026 Catalog,C,New,Vend des sous-systèmes / composants à un OEM construisant Logistics equipment.,"As part of the Schunk Group Weiss Technik solutions are deployed around the world in research, development, production and quality assurance of numerous prod...",Simulation / training,Logistics / MRO,,Keep in watchlist,
WELDALOY PRODUCTS CO.,http://www.weldaloy.com/,États-Unis,WARREN,,Eurosatory 2026 Catalog,D,New,Qualifier l'activité avant tout pitch ciblé.,To enrich,Other,,,No immediate action,
WELKIT,http://welkit.com/,France,MONTROUGE,https://www.linkedin.com/company/welkit/,Eurosatory 2026 Catalog,D,New,Qualifier l'activité avant tout pitch ciblé.,To enrich,Other,,,No immediate action,
WELP HOLDING GMBH,http://www.welp-group.com/,Allemagne,WILKAU-HASSLAU,https://www.linkedin.com/company/80490648/a,Eurosatory 2026 Catalog,B,New,"Fournisseur de RF, radars, optronique et embarqués pour stacks anti-drone.","We provide bullet-proof vehicles and solutions designed to save lives. Manufactured to the highest standard, tested under the most rigorous conditions and ce...",Counter-UAV,Homeland security; UAV / drones,,Review website and validate opportunity,
WEO Corporation Pte Ltd,https://www.weocorp.com/,Singapour,SINGAPORE,,Eurosatory 2026 Catalog,D,New,Qualifier l'activité avant tout pitch ciblé.,To enrich,Other,,,No immediate action,
WESCOM DEFENCE,http://www.wescomdefence.com/,Royaume-Uni,DRAYCOTT,https://www.linkedin.com/company/wescomgroup,Eurosatory 2026 Catalog,A,New,"Capteurs, payloads optroniques, communications pour plateformes ISR.","Wescom Defence operates across the UK, Germany, Australia and Spain. A trusted global provider of pyrotechnics, explosive and chemical detection, multispectr...",Intelligence / ISR,Land defense; Naval defense,,Contact sales team and qualify need,
WEST ELETTRIC SRL,https://www.westelettric.com/,Italie,MASSAROSA,https://www.linkedin.com/company/24641741,Eurosatory 2026 Catalog,D,New,Qualifier l'activité avant tout pitch ciblé.,To enrich,Other,,,No immediate action,
WF Maschinenbau,https://www.wf-maschinenbau.com/,Allemagne,SENDENHORST,,Eurosatory 2026 Catalog,C,New,"Vend des sous-systèmes / composants à un OEM construisant Logistics equipment, Engines / propulsion.","WF Maschinenbau Unsere Maschinen – made in Germany Wir bauen Metalldrückmaschinen ua. für Stahl- und Aluminiumräder , Felgenringe , Starterkränze, Riemenscheiben und Drehschwingungsdämpfer, Radschüsseln aus Stahl, div. Durch unsere intensiv…",Other,,,Keep in watchlist,
WFL MILLTURN TECHNOLOGIES GMBH & CO. KG,http://www.wfl.at/,Autriche,LINZ,,Eurosatory 2026 Catalog,C,New,"Vend des sous-systèmes / composants à un OEM construisant Software / Platforms, Robotics / UGV.",KG Wahringerstraße 36 4030 Linz Austria Service-Hotline: Telefon: +43 732 6913 - 5000 Mail: hotline(at)wfl.at Bestellungen und Ersatzteilversorgung Mail: spares(at)wfl.at Allgemeine Anfrage Telefon: +43 732 6913 - 0 Mail: office(at)wfl.at K…,Simulation / training,,,Keep in watchlist,
"WidePlus International Co,. Ltd.",http://wideplustex.com/,Taïwan,NEW TAIPEI CITY,https://www.linkedin.com/company/103684014/admin/page-posts/published/,Eurosatory 2026 Catalog,C,New,Vend des sous-systèmes / composants à un OEM construisant Logistics equipment.,"WidePlus is a vertical fabric mill that focuses on functional synthetic woven fabric, based in Taoyuan, Taiwan, we have 500 weaving looms, 30 dye machines, a...",Homeland security,,,Keep in watchlist,
Wieland Austria,http://www.wieland.com/de/wieland-austria,Autriche,AMSTETTEN,https://www.linkedin.com/company/wielandgroup/?originalSubdomain=de,Eurosatory 2026 Catalog,A,New,"Front-ends RF, processeurs, mécanique de précision pour fabricants radars.",Die Wieland Austria Ges.m.b.H mit Standorten in Amstetten und Enzesfeld wurde als Werk zur Erzeugung von Rohren aus Kupfer gegründet. Wieland Austria gehört seit 1999 zur Wieland Gruppe und ist heute europaweit einer der modernsten Halbfabr…,Radar / sensors,Naval defense; Armored vehicles,,Contact sales team and qualify need,
Wihuri Aviation AB,,Suède,Stockholm,,Eurosatory 2026 Catalog,D,New,Qualifier l'activité avant tout pitch ciblé.,To enrich,Other,,,No immediate action,
WILD GMBH,http://www.wild.at/,Autriche,VÖLKERMARKT,https://www.linkedin.com/company/wild-gruppe,Eurosatory 2026 Catalog,C,New,"Pièces de rechange, calibration, certification pour acteurs MRO.","WILD does not offer its own products or brands; instead, WILD works exclusively on behalf of customers. Our ambition is to be the most trusted partner for ...",Logistics / MRO,,,Keep in watchlist,
WILDSTEER,http://www.wildsteer.com/,France,ROCHE LA MOLIERE,,Eurosatory 2026 Catalog,D,New,Qualifier l'activité avant tout pitch ciblé.,To enrich,Other,,,No immediate action,
Wiley X,https://www.wileyx.eu/,Danemark,VEMB,https://www.linkedin.com/company/wiley-x-emea-llc/mycompany/verification/,Eurosatory 2026 Catalog,B,New,Canal de distribution / représentation pour notre portefeuille.,"Experience protection and visual performance like never before with Wiley X eyewear and sunglasses. Founded by US veteran Myles Freeman Sr., Wiley X has established the gold standard for protective eyewear. Whether you're navigating rugged …",Optics / optronics,Homeland security; Export / distribution,,Review website and validate opportunity,
WILL-BURT,http://www.willburt.com/,États-Unis,ORRVILLE,,Eurosatory 2026 Catalog,D,New,Qualifier l'activité avant tout pitch ciblé.,To enrich,Other,,,No immediate action,
WILLIAMSON ELECTRONIQUE,,France,BOUGUENAIS CEDEX,,Eurosatory 2026 Catalog,D,New,Qualifier l'activité avant tout pitch ciblé.,To enrich,Other,,,No immediate action,
"WINCHES, CAPSTANS AND WINCH SYSTEMS",http://www.rotzler.com/,Allemagne,STEINEN,https://www.linkedin.com/company/rotzler-group,Eurosatory 2026 Catalog,B,New,"Vend des sous-systèmes / composants à un OEM construisant Vehicles, Logistics equipment.","ROTZLER is the leading manufacturer of hydraulic winches and winch systems for lifting and pulling applications. Since more than 100 years, we are focusing o...",Naval defense,Logistics / MRO,,Review website and validate opportunity,
Winchester Ammunition,http://winchestermilitary.com/,États-Unis,Clayton,,Eurosatory 2026 Catalog,B,New,Canal de distribution / représentation pour notre portefeuille.,"Olin Winchester (Winchester) is the world leader in the development and production of advanced, high performance small caliber ammunition. Winchester, produc...",Weapons,Land defense; Homeland security,,Review website and validate opportunity,
Windracers,http://www.windracers.com/,Royaume-Uni,MIDDLESEX,https://www.linkedin.com/company/windracers,Eurosatory 2026 Catalog,B,New,"Capteurs, payloads optroniques, communications pour plateformes ISR.","Windracers, a British civil and defence drone company, engineers, manufactures and operates Windracers ULTRA, the world’s most accomplished dual-use heavy-li...",Intelligence / ISR,Naval defense; UAV / drones,,Review website and validate opportunity,
Winkelmann MSR Technology,https://www.winkelmann-flowforming.com/,Allemagne,AHLEN,,Eurosatory 2026 Catalog,D,New,Qualifier l'activité avant tout pitch ciblé.,To enrich,Other,,,No immediate action,
Winse Power,https://winsepower.com/,Finlande,Tampere,,Eurosatory 2026 Catalog,C,New,"Verre spécial, détecteurs, mécanique de précision pour optronique.",Home Solutions Technology About Contact Innovative light-based ENERGY solutions Winse Power offers turnkey solutions for innovative light-based energy systems. Get to know us. → Winse Power is part of the European Space Agency Business Incu…,Optics / optronics,,,Keep in watchlist,
WireTech,http://www.wiretech.kz/,Kazakhstan,ASTANA,,Eurosatory 2026 Catalog,D,New,Vend des sous-systèmes / composants à un OEM construisant Vehicles.,WireTech is an Astana-based engineering and manufacturing company delivering high-performance electrical and electronic systems for vehicles and industry. Wi...,Other,,,No immediate action,
WIRETRONIC AB,,Suède,VÄNERSBORG,,Eurosatory 2026 Catalog,D,New,Qualifier l'activité avant tout pitch ciblé.,To enrich,Other,,,No immediate action,
WISELED APS,http://www.wiseled.com/,Danemark,GILLELEJE,,Eurosatory 2026 Catalog,D,New,Qualifier l'activité avant tout pitch ciblé.,To enrich,Other,,,No immediate action,
Witzig & Frank / Pfiffner,https://www.ffg-ea.com/,Allemagne,Offenburg,,Eurosatory 2026 Catalog,D,New,Vend des sous-systèmes / composants à un OEM construisant Software / Platforms.,"Namhafte Hersteller und Zulieferer aus der Automobil- und Nutzfahrzeugindustrie, der Luft- und Raumfahrt, dem Maschinenbau, der Metallverarbeitung, der Schienenverkehrstechnik, der Energietechnik und der Schwerindustrie setzen auf FFG Produ…",Other,,,No immediate action,
Wolf Advanced Technology,http://wolf.ca/,Canada,AURORA,https://www.linkedin.com/company/wolf-at/,Eurosatory 2026 Catalog,B,New,"Matières premières, outils coupants, services qualité pour sous-traitants.","Wolf Advanced Technology (WOLF) delivers rugged, high-performance embedded computing, AI, and video processing solutions for aerospace and defense. Leveragin...",Industrial subcontracting,Dual-use technology; Export / distribution,,Review website and validate opportunity,
Work-Out,https://www.workout.sport/,Belgique,HASSELT,https://www.linkedin.com/company/workoutsport/,Eurosatory 2026 Catalog,B,New,"Textiles, composites, optronique, énergie pour kits soldat.",To enrich,Soldier systems,,,Review website and validate opportunity,
Workswell s.r.o.,https://www.workswell.eu/,République tchèque,Praha 6,,Eurosatory 2026 Catalog,A,New,"Fournisseur de batteries, moteurs, optronique, RF, composites pour fabricants UAV.","With a strong emphasis on in-house R&D and modular platform design, Workswell delivers high-sensitivity, high-resolution thermal cores ideal for UAVs, UGVs, monoculars, binoculars, and fixed security or industrial monitoring systems. By com…",UAV / drones,Land defense; Naval defense,,Contact sales team and qualify need,
World Defense Show,https://www.worlddefnseshow.com/,Arabie saoudite,RIYADH,https://www.linkedin.com/company/worlddefenseshow,Eurosatory 2026 Catalog,D,New,Qualifier l'activité avant tout pitch ciblé.,To enrich,Other,,,No immediate action,
World Fuel,http://world-fuel.com/government,États-Unis,Tampa,,Eurosatory 2026 Catalog,B,New,"Moteurs, composites, plaques balistiques, optronique, comms pour OEM blindés.","World Fuel Government Solutions addresses the unique needs of its clients by providing an integrated platform to optimize fuel and energy supply, logistics, ...",Armored vehicles,Naval defense; Logistics / MRO,,Review website and validate opportunity,
WWW.KRYPTUS.COM.BR,https://kryptus.com/,Brésil,CAMPINAS,,Eurosatory 2026 Catalog,D,New,Qualifier l'activité avant tout pitch ciblé.,To enrich,Other,,,No immediate action,
"X-BEAM TECH CO.,LTD",http://www.xbeamtech.co.kr/,Corée du Sud,Seoul,https://www.linkedin.com/company/xbeamtech/posts/?feedView=all,Eurosatory 2026 Catalog,B,New,"Radars, sonars, comms, armement, sustainment pour primes navals.","Expanded Beam technology uses a lens system to expand, collimate, and refocus the optical signal from the transmitting fiber into the receiving fiber without...",Naval defense,UAV / drones; Ammunition,,Review website and validate opportunity,
XMOBOTS AEROESPACIAL E DEFESA,http://www.xmobots.com/,Brésil,SAO CARLOS - SP,,Eurosatory 2026 Catalog,D,New,Qualifier l'activité avant tout pitch ciblé.,To enrich,Other,,,No immediate action,
XR COMMAND,http://xr-command.at/,Autriche,SALZBURG,https://www.linkedin.com/showcase/xr-command/,Eurosatory 2026 Catalog,D,New,Qualifier l'activité avant tout pitch ciblé.,"Master complex environments with XR COMMAND, the XR-first C2IS. By exploiting the human vision system, we provide a 3D understanding of the mission that tra...",Other,,,No immediate action,
XR Training (XRT),http://www.xrt.io/,États-Unis,"ORLANDO, FLORIDA",https://www.linkedin.com/company/xr-training-us/,Eurosatory 2026 Catalog,B,New,"Radars, sonars, comms, armement, sustainment pour primes navals.","XRT specializes in developing custom, end-to-end XR training and simulation applications for the defense sector. These custom solutions address the urgent ...",Naval defense,Land defense; Radar / sensors,,Review website and validate opportunity,
XUBI GROUP,http://www.xubi.com/,Espagne,AZKOITIA,,Eurosatory 2026 Catalog,D,New,Qualifier l'activité avant tout pitch ciblé.,To enrich,Other,,,No immediate action,
YAKUPOGLU TEKSTIL VE DERI SANAYI TICARET A.S.,https://www.ydsgroup.com.tr/,Turquie,ANKARA,www.linkedin.com/company/yakupo-lu-deri-sanayi,Eurosatory 2026 Catalog,B,New,Vend des sous-systèmes / composants à un OEM construisant Optronics / Optics.,Yakupoğlu company was founded in 1927 as a small entrepreneur and today has grown rapidly.Ankara Esenboga Airport Road on the second plant of the company for...,Optics / optronics,Homeland security,,Review website and validate opportunity,
YEONHAB PRECISION CO LTD,https://www.yeonhab.co.kr/,Corée du Sud,CHOONGCHUNGNAM-DO,,Eurosatory 2026 Catalog,D,New,Qualifier l'activité avant tout pitch ciblé.,To enrich,Other,,,No immediate action,
"YF PROTECTOR CO.,LTD",http://www.yfarmor.com/,Chine,HANGZHOU,,Eurosatory 2026 Catalog,D,New,Qualifier l'activité avant tout pitch ciblé.,"YF is the high-tech enterprise which dedicate in developing and manufacturing the bulletproof and anti riot equipment ,YF strats the all the production from ...",Other,,,No immediate action,
"YOUNG POONG ELECTRONICS CO., LTD",http://ypelec.co.kr/index_en.php,Corée du Sud,Gyeonggi-do,,Eurosatory 2026 Catalog,D,New,Qualifier l'activité avant tout pitch ciblé.,"Young Poong Electronics pioneers advanced defense tech, expanding from drive control to ultra-precision systems for land, maritime, aerospace, and space. Rec...",Naval defense,,,No immediate action,
YSS - Yilmaz Makina,http://yilmazdefense.com/,Turquie,ISTANBUL,,Eurosatory 2026 Catalog,C,New,"Matériaux énergétiques, mécanique, packaging, certification.",Yılmaz Defence Industry specializes in the design and manufacture of turnkey small-caliber ammunition production solutions. Supported by strong engineering e...,Ammunition,C4ISR; Logistics / MRO,,Keep in watchlist,
"YUAN High-Tech Development Co., Ltd.",http://www.yuan.com.tw/,Taïwan,TAIPEI,https://www.linkedin.com/company/yuan-high-tech/posts/,Eurosatory 2026 Catalog,D,New,Qualifier l'activité avant tout pitch ciblé.,"YUAN High-Tech (GTSM: 5474), founded in 1990, has 30+ years in video and audio technologies. A global leader in image capture modules, YUAN serves security, ...",Other,,,No immediate action,
YUGOIMPORT-SDPR,http://www.yugoimport.com/,Serbie,BELGRADE,,Eurosatory 2026 Catalog,D,New,Qualifier l'activité avant tout pitch ciblé.,To enrich,Other,,,No immediate action,
ZARGES,https://www.zarges.com/fr/,France,ALTORF,https://www.linkedin.com/company/zarges-logistic-france/?viewAsMember=true,Eurosatory 2026 Catalog,B,New,"Fournisseur de batteries, moteurs, optronique, RF, composites pour fabricants UAV.","Pour les personnes travaillant dans l'industrie, les soins de santé, le rail, l'air ou l'artisanat : ZARGES offre la solution idéale pour chaque tâche. En savoir plus Durabilité Emploi Actualités 28/10/2025 ZARGES expose au Milipol Paris 20…",UAV / drones,Naval defense; Homeland security,,Review website and validate opportunity,
"ZDAS, A.S.",http://www.zdas.cz/,République tchèque,Zdar nad Sazavou,,Eurosatory 2026 Catalog,D,New,Qualifier l'activité avant tout pitch ciblé.,To enrich,Other,,,No immediate action,
ZEBRA PROTECTION,http://www.zebraprotection.com/,Afrique du Sud,WESTMEAD,,Eurosatory 2026 Catalog,D,New,Qualifier l'activité avant tout pitch ciblé.,To enrich,Other,,,No immediate action,
ZEKATRONIC,,France,BEAUCOUZE,,Eurosatory 2026 Catalog,D,New,Qualifier l'activité avant tout pitch ciblé.,To enrich,Other,,,No immediate action,
ZENITH AEROTECHNICS,https://zenith-aerotechnics.com/,France,MARIGNANE,,Eurosatory 2026 Catalog,D,New,Qualifier l'activité avant tout pitch ciblé.,To enrich,Other,,,No immediate action,
ZERO COMPROMISE OPTIC GMBH,https://www.zcompoptic.com/,Autriche,MARGARETHEN AM MOOS,,Eurosatory 2026 Catalog,D,New,Qualifier l'activité avant tout pitch ciblé.,To enrich,Other,,,No immediate action,
ZEVETA AMMUNITION A.S.,,République tchèque,BOJKOVICE,,Eurosatory 2026 Catalog,D,New,Qualifier l'activité avant tout pitch ciblé.,To enrich,Other,,,No immediate action,
ZF Friedrichshafen AG,https://www.zf.com/,Allemagne,FRIEDRICHSHAFEN,,Eurosatory 2026 Catalog,D,New,Qualifier l'activité avant tout pitch ciblé.,To enrich,Other,,,No immediate action,
ZFOAM,http://www.zfoam.com/,Espagne,Alfajarín - Zaragoza,https://linkedin.com/company/zfoam/,Eurosatory 2026 Catalog,B,New,"Vend des sous-systèmes / composants à un OEM construisant Logistics equipment, Communications networks.","Technical foams and high-tech insulations are engineered materials designed to offer a wide range of characteristics, such as flexibility, durability, shock ...",Logistics / MRO,,,Review website and validate opportunity,
"ZHEJIANG JICHENG ADVANCED CERAMICS CO.,LTD",http://www.jcccn.cn/,Chine,ZHEJIANG,,Eurosatory 2026 Catalog,C,New,Vend des sous-systèmes / composants à un OEM construisant Ballistic protection.,"We were founded in 2007 and own 3 larger production bases, offering full cycle products from raw powder to sintered ceramics to finish armour plates. Deliver...",Ballistic protection,,,Keep in watchlist,
"ZHEJIANG LIGHT-TOUGH COMPOSITE MATERIALS CO.,LTD.",http://www.lctm.com.cn/,Chine,ZHEJIANG PROVINCE,,Eurosatory 2026 Catalog,D,New,Qualifier l'activité avant tout pitch ciblé.,To enrich,Other,,,No immediate action,
ZHENDRE,http://www.zhendre.com/,France,VILLENAVE D ORNON,,Eurosatory 2026 Catalog,D,New,Qualifier l'activité avant tout pitch ciblé.,To enrich,Other,,,No immediate action,
ZSE TECHNOLOGY NV,https://zse.be/,Belgique,SINT-TRUIDEN,,Eurosatory 2026 Catalog,D,New,Qualifier l'activité avant tout pitch ciblé.,To enrich,Other,,,No immediate action,
ZSR,http://www.zsr.com.tr/,Turquie,BALIKESIR,https://www.linkedin.com/company/zsrmuhimmat,Eurosatory 2026 Catalog,B,New,"Vend des sous-systèmes / composants à un OEM construisant Logistics equipment, Software / Platforms.",ZSR is one of Türkiye’s leading manufacturers of high-quality small arms ammunition for the defense industry. Producing NATO-standard ammunition including ...,C4ISR,Weapons; Ammunition,,Review website and validate opportunity,
"ZTS - SPECIAL, a.s.",http://www.ztsspecial.sk/,Slovaquie,DUBNICA NAD VAHOM,,Eurosatory 2026 Catalog,D,New,Vend des sous-systèmes / composants à un OEM construisant Vehicles.,"Závod bol vybudovaný ako polo podzemná prevádzka a systematicky bol dobudovávaný ako uzavretý technologický cyklus od výroby polotovarov, mechanického opracovania, výroby špeciálneho náradia až po skúšky hotových delostreleckých systémov. P…",Other,,,No immediate action,
ZYRONE DYNAMICS,https://www.zyrone.com/,Turquie,ANKARA,https://www.linkedin.com/company/zyronedynamics/,Eurosatory 2026 Catalog,B,New,"Fournisseur de batteries, moteurs, optronique, RF, composites pour fabricants UAV.","At Zyrone Dynamics, our mission is to design and manufacture next-generation UAV platforms that meet the evolving needs of defense, industrial, and commercial sectors. By combining advanced engineering with modular, customizable systems, we…",UAV / drones,Radar / sensors; Logistics / MRO,,Review website and validate opportunity,
ООО “Electronic autonomous solutions”,https://eascompany.uz/en/,Uzbekistan,ТАШКЕНТ,https://www.linkedin.com/posts/azizbek-ubaydullaev-4a3467389_eas-dronedetection-security-activity-7385974691049603072-LW-L/?utm_source=social_share_send&utm_medium=member_desktop_web&rcm=ACoAAF-kV_sBkN5Kgc4zhMJZGEqd2rouTQ3aI5E,Eurosatory 2026 Catalog,A,New,"Amplis RF, processeurs signal, embarqué, antennes pour EW.",To enrich,Electronic warfare,Land defense; Homeland security,,Contact sales team and qualify need,
